borough,neighborhood,building_class_category,tax_class_as_of_final_roll,block,lot,building_class_as_of_final,address,apartment_number,zip_code,residential_units,commercial_units,total_units,land_square_feet,gross_square_feet,year_built,tax_class_at_time_of_sale,building_class_at_time_of,sale_price,sale_date,latitude,longitude,community_board,council_district,bin,bbl,census_tract_2020,nta,sale_year,sale_month,is_arms_length_sale,property_type
Manhattan,LITTLE ITALY,13 CONDOS - ELEVATOR APARTMENTS,2,478,1010,R4,"354 BROOME STREET, 2A",2A,10013.0,1.0,,1.0,,,,2,R4,773870,2023-01-01,40.71983,-73.995141,102.0,1.0,1007129.0,1004787501.0,41.0,MN0201,2023,1,True,CONDOS - ELEVATOR APARTMENTS
Manhattan,GREENWICH VILLAGE-CENTRAL,10 COOPS - ELEVATOR APARTMENTS,2,523,38,D4,"88 BLEECKER STREET, 3B",,10012.0,,,,,,1961.0,2,D4,300000,2023-01-02,40.726824,-73.996461,102.0,2.0,1008236.0,1005230038.0,5501.0,MN0202,2023,1,True,COOPS - ELEVATOR APARTMENTS
Queens,BELLE HARBOR,01 ONE FAMILY DWELLINGS,1,16263,62,A1,440 BEACH 141 STREET,,11694.0,1.0,0.0,1.0,4000.0,2646.0,1940.0,1,A1,1075000,2023-01-02,40.575322,-73.859431,414.0,32.0,4305797.0,4162630062.0,922.0,QN1403,2023,1,True,ONE FAMILY DWELLINGS
Queens,GLENDALE,01 ONE FAMILY DWELLINGS,1,3676,29,S1,65-03 MYRTLE AVENUE,,11385.0,1.0,1.0,2.0,2148.0,1800.0,1915.0,1,S1,800000,2023-01-02,40.701174,-73.89007,405.0,30.0,4089270.0,4036760029.0,577.0,QN0503,2023,1,True,ONE FAMILY DWELLINGS
Bronx,BAYCHESTER,02 TWO FAMILY DWELLINGS,1,4921,180,B2,3684 PALMER AVENUE,,10466.0,2.0,0.0,2.0,3495.0,2200.0,1997.0,1,B2,850000,2023-01-03,40.884843,-73.838387,212.0,12.0,2112965.0,2049210180.0,48401.0,BX1202,2023,1,True,TWO FAMILY DWELLINGS
Bronx,BRONXDALE,03 THREE FAMILY DWELLINGS,1,4434,59,C0,2515 HOLLAND AVENUE,,10467.0,3.0,0.0,3.0,2500.0,2520.0,1920.0,1,C0,829800,2023-01-03,40.863707,-73.865474,211.0,13.0,2051374.0,2044340059.0,330.0,BX1104,2023,1,True,THREE FAMILY DWELLINGS
Bronx,PARKCHESTER,10 COOPS - ELEVATOR APARTMENTS,2,3931,6,D4,"1922 MCGRAW AVENUE, 3I",,10462.0,,,,,,1929.0,2,D4,155000,2023-01-03,40.834624,-73.860672,209.0,18.0,2028896.0,2039310006.0,222.0,BX0904,2023,1,True,COOPS - ELEVATOR APARTMENTS
Bronx,MORRISANIA/LONGWOOD,02 TWO FAMILY DWELLINGS,1,2612,65,B1,583 EAST 168TH STREET,,10456.0,2.0,0.0,2.0,2155.0,3496.0,2007.0,1,B1,875000,2023-01-03,40.830508,-73.904101,203.0,17.0,2117518.0,2026120065.0,149.0,BX0301,2023,1,True,TWO FAMILY DWELLINGS
Bronx,RIVERDALE,03 THREE FAMILY DWELLINGS,1,5857,357,C0,5783 MOSHOLU AVE,,10471.0,3.0,0.0,3.0,2750.0,2106.0,1920.0,1,C0,995000,2023-01-03,40.905421,-73.897694,208.0,11.0,2084942.0,2058570357.0,345.0,BX0803,2023,1,True,THREE FAMILY DWELLINGS
Bronx,SOUNDVIEW,03 THREE FAMILY DWELLINGS,1,3741,60,C0,1141 WARD AVENUE,,10472.0,3.0,0.0,3.0,2500.0,3480.0,1940.0,1,C0,800000,2023-01-03,40.827383,-73.876994,209.0,18.0,2023909.0,2037410060.0,5002.0,BX0901,2023,1,True,THREE FAMILY DWELLINGS
Brooklyn,BATH BEACH,02 TWO FAMILY DWELLINGS,1,6358,46,B1,38 BAY 8TH STREET,,11228.0,2.0,0.0,2.0,2320.0,2160.0,1930.0,1,B1,1450000,2023-01-03,40.611082,-74.011068,311.0,50.0,3166058.0,3063580046.0,170.0,BK1102,2023,1,True,TWO FAMILY DWELLINGS
Brooklyn,BATH BEACH,09 COOPS - WALKUP APARTMENTS,2,6485,3,C6,"1515 INDEPENDENCE AVENUE, 2B",,11228.0,,,,,,1950.0,2,C6,415000,2023-01-03,40.604052,-74.016523,311.0,50.0,3343974.0,3064850003.0,168.0,BK1102,2023,1,True,COOPS - WALKUP APARTMENTS
Brooklyn,BEDFORD STUYVESANT,03 THREE FAMILY DWELLINGS,1,1864,46,C0,427 HERKIMER ST,,11213.0,3.0,0.0,3.0,2000.0,2421.0,2005.0,1,C0,500000,2023-01-03,40.67909,-73.939395,303.0,36.0,3392773.0,3018640046.0,271.0,BK0302,2023,1,True,THREE FAMILY DWELLINGS
Brooklyn,BEDFORD STUYVESANT,04 TAX CLASS 1 CONDOS,1C,1996,1301,R6,"67 JEFFERSON AVENUE, 1",1,11216.0,1.0,,1.0,,,1899.0,1,R6,56297,2023-01-03,40.682751,-73.95474,303.0,36.0,3057354.0,3019967504.0,227.0,BK0301,2023,1,True,TAX CLASS 1 CONDOS
Brooklyn,BENSONHURST,02 TWO FAMILY DWELLINGS,1,6159,50,B2,6920 17TH AVENUE,,11204.0,2.0,0.0,2.0,4000.0,1911.0,1930.0,1,B2,1600000,2023-01-03,40.618073,-73.995015,311.0,43.0,3156652.0,3061590050.0,262.0,BK1101,2023,1,True,TWO FAMILY DWELLINGS
Brooklyn,BENSONHURST,03 THREE FAMILY DWELLINGS,1,6341,35,C0,1572 85TH STREET,,11228.0,3.0,0.0,3.0,4000.0,2226.0,1920.0,1,C0,1900000,2023-01-03,40.611118,-74.007427,311.0,47.0,3336424.0,3063410035.0,172.0,BK1102,2023,1,True,THREE FAMILY DWELLINGS
Brooklyn,BENSONHURST,02 TWO FAMILY DWELLINGS,1,5776,12,B1,1418 68TH STREET,,11219.0,2.0,0.0,2.0,1707.0,1934.0,1920.0,1,B1,600000,2023-01-03,40.622481,-74.000584,311.0,43.0,3143270.0,3057760012.0,190.0,BK1101,2023,1,True,TWO FAMILY DWELLINGS
Brooklyn,BOROUGH PARK,22 STORE BUILDINGS,4,5648,14,K4,5005 NEW UTRECHT AVENUE,,11219.0,1.0,1.0,2.0,1353.0,4050.0,1930.0,4,K4,1900000,2023-01-03,40.63561,-73.994859,312.0,44.0,3138032.0,3056480014.0,220.0,BK1202,2023,1,True,STORE BUILDINGS
Brooklyn,BOROUGH PARK,15 CONDOS - 2-10 UNIT RESIDENTIAL,2C,742,1106,R1,"867 45TH STREET, 3B",3B,11220.0,1.0,,1.0,,,2014.0,2,R1,445000,2023-01-03,40.643095,-73.99942,312.0,38.0,3422146.0,3007427502.0,9402.0,BK1201,2023,1,True,CONDOS - 2-10 UNIT RESIDENTIAL
Brooklyn,BOROUGH PARK,22 STORE BUILDINGS,4,5648,15,K4,5001 NEW UTRECHT AVENUE,,11219.0,2.0,1.0,3.0,2590.0,5040.0,1930.0,4,K4,1900000,2023-01-03,40.635632,-73.994855,312.0,44.0,3138033.0,3056480015.0,220.0,BK1202,2023,1,True,STORE BUILDINGS
Brooklyn,BROWNSVILLE,02 TWO FAMILY DWELLINGS,1,3780,24,B2,442 BLAKE AVENUE,,11212.0,2.0,0.0,2.0,1750.0,1890.0,2005.0,1,B2,830000,2023-01-03,40.666642,-73.902801,316.0,42.0,3388920.0,3037800024.0,910.0,BK1602,2023,1,True,TWO FAMILY DWELLINGS
Brooklyn,COBBLE HILL-WEST,04 TAX CLASS 1 CONDOS,1A,352,1010,R3,"40 CARROLL STREET, 49-G",49-G,11231.0,1.0,,1.0,,,,1,R3,35775,2023-01-03,40.683256,-74.004431,306.0,39.0,3392195.0,3003527501.0,51.0,BK0601,2023,1,True,TAX CLASS 1 CONDOS
Brooklyn,CYPRESS HILLS,02 TWO FAMILY DWELLINGS,1,3910,39,B3,48 ESSEX STREET,,11208.0,2.0,0.0,2.0,2000.0,1582.0,1910.0,1,B3,999999,2023-01-03,40.683494,-73.883638,305.0,37.0,3086602.0,3039100039.0,117202.0,BK0501,2023,1,True,TWO FAMILY DWELLINGS
Brooklyn,DOWNTOWN-FULTON MALL,11 SPECIAL CONDO BILLING LOTS,2,149,1102,RR,"138 WILLOUGHBY STREET, 58B",RESI,11201.0,458.0,0.0,458.0,21474.0,472115.0,2017.0,2,RR,2032371,2023-01-03,40.692069,-73.983135,302.0,33.0,3396962.0,3001497502.0,1502.0,BK0202,2023,1,True,SPECIAL CONDO BILLING LOTS
Brooklyn,DYKER HEIGHTS,01 ONE FAMILY DWELLINGS,1,6222,61,A9,1337 76TH STREET,,11228.0,1.0,0.0,1.0,2283.0,1478.0,1920.0,1,A9,865000,2023-01-03,40.619165,-74.00715,310.0,38.0,3160035.0,3062220061.0,198.0,BK1002,2023,1,True,ONE FAMILY DWELLINGS
Brooklyn,GRAVESEND,02 TWO FAMILY DWELLINGS,1,6902,14,B9,93 BAY 47TH STREET,,11214.0,2.0,0.0,2.0,3010.0,2804.0,1930.0,1,B9,1199800,2023-01-03,40.589683,-73.986214,313.0,47.0,3186957.0,3069020014.0,306.0,BK1301,2023,1,True,TWO FAMILY DWELLINGS
Brooklyn,MADISON,02 TWO FAMILY DWELLINGS,1,6797,41,B2,1772 EAST 15TH STREET,,11229.0,2.0,0.0,2.0,2500.0,2304.0,1925.0,1,B2,945000,2023-01-03,40.606699,-73.957903,315.0,48.0,3182930.0,3067970041.0,554.0,BK1501,2023,1,True,TWO FAMILY DWELLINGS
Brooklyn,OCEAN HILL,02 TWO FAMILY DWELLINGS,1,1509,18,B9,448 BAINBRIDGE STREET,,11233.0,2.0,0.0,2.0,1942.0,2622.0,1899.0,1,B9,910000,2023-01-03,40.682358,-73.918891,303.0,41.0,3040836.0,3015090018.0,379.0,BK0302,2023,1,True,TWO FAMILY DWELLINGS
Brooklyn,OCEAN PARKWAY-SOUTH,02 TWO FAMILY DWELLINGS,1,7177,24,B1,2354 EAST 2ND STREET,,11223.0,2.0,0.0,2.0,2000.0,2880.0,1920.0,1,B1,1200000,2023-01-03,40.591793,-73.968581,315.0,44.0,3194622.0,3071770024.0,388.0,BK1501,2023,1,True,TWO FAMILY DWELLINGS
Brooklyn,PARK SLOPE,09 COOPS - WALKUP APARTMENTS,2,982,25,C6,"404 3RD STREET, C4",,11215.0,,,,,,1931.0,2,C6,757000,2023-01-03,40.672196,-73.982062,306.0,39.0,3021079.0,3009820025.0,135.0,BK0602,2023,1,True,COOPS - WALKUP APARTMENTS
Brooklyn,OCEAN PARKWAY-SOUTH,07 RENTALS - WALKUP APARTMENTS,2,6683,57,C1,1955 E 7 STREET,,11223.0,24.0,0.0,24.0,9640.0,23200.0,1929.0,2,C1,3000000,2023-01-03,40.603158,-73.965075,315.0,44.0,3178751.0,3066830057.0,418.0,BK1501,2023,1,True,RENTALS - WALKUP APARTMENTS
Brooklyn,OLD MILL BASIN,04 TAX CLASS 1 CONDOS,1A,8493,1001,R3,"5312 AVENUE O, 1",1,11234.0,1.0,,1.0,,,2010.0,1,R3,400000,2023-01-03,40.616799,-73.923494,318.0,46.0,3411335.0,3084937501.0,682.0,BK1801,2023,1,True,TAX CLASS 1 CONDOS
Brooklyn,OLD MILL BASIN,02 TWO FAMILY DWELLINGS,1,7878,12,S2,1597 EAST 53RD STREET,,11234.0,2.0,1.0,3.0,2000.0,1920.0,1910.0,1,S2,610000,2023-01-03,40.619744,-73.924028,318.0,46.0,3220105.0,3078780012.0,680.0,BK1801,2023,1,True,TWO FAMILY DWELLINGS
Brooklyn,PARK SLOPE,10 COOPS - ELEVATOR APARTMENTS,2,1080,35,D4,"300 8TH AVE, 2D",,11215.0,,,,,,1920.0,2,D4,330000,2023-01-03,40.669288,-73.976284,306.0,39.0,3025434.0,3010800035.0,155.0,BK0602,2023,1,True,COOPS - ELEVATOR APARTMENTS
Brooklyn,SHEEPSHEAD BAY,02 TWO FAMILY DWELLINGS,1,7479,41,B3,3041 VOORHIES AVENUE,,11235.0,2.0,0.0,2.0,2000.0,1280.0,1930.0,1,B3,738000,2023-01-03,40.587813,-73.934872,315.0,46.0,3205693.0,3074790041.0,598.0,BK1503,2023,1,True,TWO FAMILY DWELLINGS
Brooklyn,WILLIAMSBURG-EAST,07 RENTALS - WALKUP APARTMENTS,2B,3052,35,C4,"127 MONTROSE AVENUE, 6",,11206.0,6.0,1.0,7.0,2500.0,5200.0,1920.0,2,C4,1250000,2023-01-03,40.707238,-73.9443,301.0,34.0,3071130.0,3030520035.0,505.0,BK0104,2023,1,True,RENTALS - WALKUP APARTMENTS
Brooklyn,WILLIAMSBURG-EAST,31 COMMERCIAL VACANT LAND,4,2269,3,V1,66 GERRY STREET,,11206.0,0.0,0.0,0.0,10000.0,0.0,,4,V1,5000000,2023-01-03,40.701467,-73.94742,301.0,33.0,3000000.0,3022690003.0,507.0,BK0103,2023,1,True,COMMERCIAL VACANT LAND
Manhattan,FASHION,45 CONDO HOTELS,4,830,1204,RH,"35 WEST 28TH STREET, PH40C",PH40C,10001.0,,1.0,1.0,,,2018.0,4,RH,3497243,2023-01-03,40.745512,-73.989242,105.0,3.0,1090462.0,1008307503.0,76.0,MN0501,2023,1,True,CONDO HOTELS
Manhattan,GREENWICH VILLAGE-CENTRAL,10 COOPS - ELEVATOR APARTMENTS,2,551,1,D4,"2 FIFTH AVENUE, 3O",,10011.0,,,,,,1952.0,2,D4,1520000,2023-01-03,40.731921,-73.996608,102.0,2.0,1008850.0,1005510001.0,63.0,MN0202,2023,1,True,COOPS - ELEVATOR APARTMENTS
Manhattan,MIDTOWN EAST,10 COOPS - ELEVATOR APARTMENTS,2,1325,24,D4,"251 EAST 51ST STREET, 17C",,10022.0,,,,,,1960.0,2,D4,1375000,2023-01-03,40.75598,-73.969171,106.0,4.0,1038472.0,1013250024.0,98.0,MN0604,2023,1,True,COOPS - ELEVATOR APARTMENTS
Manhattan,MIDTOWN WEST,13 CONDOS - ELEVATOR APARTMENTS,2,1049,1138,R4,"25 COLUMBUS CIRCLE, STPH8",STPH8,10019.0,1.0,,1.0,,,,2,R4,40000000,2023-01-03,40.767939,-73.98326,104.0,6.0,1026318.0,1010497501.0,145.0,MN0701,2023,1,True,CONDOS - ELEVATOR APARTMENTS
Manhattan,MIDTOWN WEST,46 CONDO STORE BUILDINGS,4,1048,1703,RK,353 WEST 57TH STREET,,10019.0,,1.0,1.0,,,,4,RK,10163750,2023-01-03,40.767349,-73.98435,104.0,6.0,1026317.0,1010487502.0,139.0,MN0402,2023,1,True,CONDO STORE BUILDINGS
Manhattan,MURRAY HILL,10 COOPS - ELEVATOR APARTMENTS,2,913,28,D4,"251 EAST 32ND STREET, 7G",,10016.0,,,,,,1964.0,2,D4,400000,2023-01-03,40.743644,-73.977142,106.0,4.0,1020092.0,1009130028.0,7002.0,MN0603,2023,1,True,COOPS - ELEVATOR APARTMENTS
Manhattan,UPPER EAST SIDE (79-96),10 COOPS - ELEVATOR APARTMENTS,2,1565,29,D4,"444 EAST 86TH STREET, 24G",,10028.0,,,,,,1973.0,2,D4,1450000,2023-01-03,40.776185,-73.947751,108.0,5.0,1050543.0,1015650029.0,14401.0,MN0803,2023,1,True,COOPS - ELEVATOR APARTMENTS
Manhattan,UPPER EAST SIDE (79-96),10 COOPS - ELEVATOR APARTMENTS,2,1542,19,D4,"340 EAST 80TH STREET, 17K",,10075.0,,,,,,1961.0,2,D4,550000,2023-01-03,40.77333,-73.952945,108.0,5.0,1049251.0,1015420019.0,138.0,MN0803,2023,1,True,COOPS - ELEVATOR APARTMENTS
Manhattan,UPPER EAST SIDE (79-96),10 COOPS - ELEVATOR APARTMENTS,2,1570,12,D4,"417 EAST 90TH STREET, 1F",,10128.0,,,,,,1985.0,2,D4,400000,2023-01-03,40.779192,-73.946908,108.0,5.0,1050730.0,1015700012.0,152.0,MN0803,2023,1,True,COOPS - ELEVATOR APARTMENTS
Manhattan,UPPER WEST SIDE (59-79),10 COOPS - ELEVATOR APARTMENTS,2,1138,1,D4,"165 WEST 66TH STREET, 12T",,10023.0,,,,,,1962.0,2,D4,995000,2023-01-03,40.774614,-73.983941,107.0,6.0,1028837.0,1011380001.0,15302.0,MN0701,2023,1,True,COOPS - ELEVATOR APARTMENTS
Manhattan,UPPER WEST SIDE (59-79),10 COOPS - ELEVATOR APARTMENTS,2C,1126,60,D4,"52 WEST 74TH STREET, 7",,10023.0,,,,,,1910.0,2,D4,930000,2023-01-03,40.77814,-73.976462,107.0,6.0,1028687.0,1011260060.0,157.0,MN0701,2023,1,True,COOPS - ELEVATOR APARTMENTS
Manhattan,UPPER WEST SIDE (79-96),09 COOPS - WALKUP APARTMENTS,2C,1211,12,C6,"155 WEST 80TH STREET, 5F",,10024.0,,,,,,1910.0,2,C6,590000,2023-01-03,40.783399,-73.976778,107.0,6.0,1031959.0,1012110012.0,165.0,MN0702,2023,1,True,COOPS - WALKUP APARTMENTS
Manhattan,WASHINGTON HEIGHTS UPPER,10 COOPS - ELEVATOR APARTMENTS,2,2171,12,D4,"37 NAGLE AVENUE, 6A",,10040.0,,,,,,1951.0,2,D4,290000,2023-01-03,40.859741,-73.929762,112.0,10.0,1079931.0,1021710012.0,283.0,MN1202,2023,1,True,COOPS - ELEVATOR APARTMENTS
Manhattan,WASHINGTON HEIGHTS UPPER,10 COOPS - ELEVATOR APARTMENTS,2,2179,10,D4,"180 CABRINI BOULEVARD, 91",,10033.0,,,,,,1939.0,2,D4,699000,2023-01-03,40.853867,-73.939268,112.0,10.0,1079988.0,1021790010.0,275.0,MN1202,2023,1,True,COOPS - ELEVATOR APARTMENTS
Staten Island,CASTLETON CORNERS,02 TWO FAMILY DWELLINGS,1,377,401,B2,167 CHANDLER AVENUE,,10314.0,2.0,0.0,2.0,3500.0,2475.0,1925.0,1,B2,782500,2023-01-03,40.614117,-74.128833,501.0,50.0,5010911.0,5003770401.0,151.0,SI0105,2023,1,True,TWO FAMILY DWELLINGS
Staten Island,DONGAN HILLS,02 TWO FAMILY DWELLINGS,1,3189,14,B2,55 TACOMA STREET,,10304.0,2.0,0.0,2.0,4000.0,2112.0,2022.0,1,B2,992794,2023-01-03,40.598882,-74.089675,502.0,50.0,5175187.0,5031890014.0,9601.0,SI0201,2023,1,True,TWO FAMILY DWELLINGS
Staten Island,GREAT KILLS,01 ONE FAMILY DWELLINGS,1,5215,41,A5,25 SCARSDALE STREET,,10308.0,1.0,0.0,1.0,2430.0,1216.0,1960.0,1,A5,550000,2023-01-03,40.548189,-74.151498,503.0,51.0,5066257.0,5052150041.0,15601.0,SI0302,2023,1,True,ONE FAMILY DWELLINGS
Staten Island,GREAT KILLS,04 TAX CLASS 1 CONDOS,1A,5275,1008,R3,"31G RUSSELL STREET, G",G,10308.0,1.0,,1.0,,,1985.0,1,R3,281447,2023-01-03,40.541151,-74.148168,503.0,51.0,5067559.0,5052757501.0,15601.0,SI0302,2023,1,True,TAX CLASS 1 CONDOS
Staten Island,PORT IVORY,02 TWO FAMILY DWELLINGS,1,1263,111,B9,72 SOUTH AVENUE,,10303.0,2.0,0.0,2.0,2075.0,1080.0,2003.0,1,B9,904590,2023-01-03,40.638298,-74.166107,501.0,49.0,5133970.0,5012630111.0,31902.0,SI0107,2023,1,True,TWO FAMILY DWELLINGS
Staten Island,ROSSVILLE-RICHMOND VALLEY,02 TWO FAMILY DWELLINGS,1,7577,47,B2,25 TORRICE LOOP,,10309.0,2.0,0.0,2.0,6756.0,4143.0,2021.0,1,B2,1315000,2023-01-03,40.521563,-74.231553,503.0,51.0,5164330.0,5075770047.0,22602.0,SI0305,2023,1,True,TWO FAMILY DWELLINGS
Staten Island,TRAVIS,02 TWO FAMILY DWELLINGS,1,2642,60,B9,141 ALBERTA AVENUE,,10314.0,2.0,0.0,2.0,3000.0,1536.0,2000.0,1,B9,720000,2023-01-03,40.588338,-74.188446,502.0,50.0,5133036.0,5026420060.0,29102.0,SI0204,2023,1,True,TWO FAMILY DWELLINGS
Staten Island,SUNNYSIDE,21 OFFICE BUILDINGS,4,653,16,O8,1326 CLOVE ROAD,,10301.0,1.0,2.0,3.0,4160.0,3600.0,1991.0,4,O8,750000,2023-01-03,40.614937,-74.102379,501.0,49.0,5016505.0,5006530016.0,16901.0,SI0105,2023,1,True,OFFICE BUILDINGS
Staten Island,WILLOWBROOK,01 ONE FAMILY DWELLINGS,1,780,31,A5,312 KELL AVE,,10314.0,1.0,0.0,1.0,3212.0,1570.0,1975.0,1,A5,720000,2023-01-03,40.605261,-74.134931,502.0,50.0,5020006.0,5007800031.0,18902.0,SI0203,2023,1,True,ONE FAMILY DWELLINGS
Queens,ASTORIA,01 ONE FAMILY DWELLINGS,1,698,36,A1,28-40 43RD STREET,,11103.0,1.0,0.0,1.0,2492.0,1880.0,1954.0,1,A1,1031000,2023-01-03,40.76408,-73.911539,401.0,22.0,4012069.0,4006980036.0,147.0,QN0104,2023,1,True,ONE FAMILY DWELLINGS
Queens,BAYSIDE,01 ONE FAMILY DWELLINGS,1,6054,55,A1,29-40 214TH STREET,,11360.0,1.0,0.0,1.0,5767.0,2360.0,1925.0,1,A1,1398888,2023-01-03,40.774844,-73.77408,411.0,19.0,4134698.0,4060540055.0,1093.0,QN1102,2023,1,True,ONE FAMILY DWELLINGS
Queens,CORONA,02 TWO FAMILY DWELLINGS,1,1966,75,B3,58-03 WALDRON STREET,,11368.0,2.0,0.0,2.0,2500.0,1634.0,1910.0,1,B3,1450000,2023-01-03,40.739191,-73.852539,404.0,21.0,4048356.0,4019660075.0,43701.0,QN0402,2023,1,True,TWO FAMILY DWELLINGS
Queens,EAST ELMHURST,02 TWO FAMILY DWELLINGS,1,1664,53,B2,2737 CURTIS STREET,,11369.0,2.0,0.0,2.0,4000.0,2475.0,1925.0,1,B2,1350000,2023-01-03,40.764623,-73.865327,403.0,21.0,4041454.0,4016640053.0,371.0,QN0302,2023,1,True,TWO FAMILY DWELLINGS
Queens,ELMHURST,13 CONDOS - ELEVATOR APARTMENTS,2,1352,1028,R4,"70-65 QUEENS BOULEVARD, 5A",5A,11377.0,1.0,,1.0,,,2021.0,2,R4,491790,2023-01-03,40.73955,-73.892042,402.0,26.0,4032013.0,4013527501.0,485.0,QN0401,2023,1,True,CONDOS - ELEVATOR APARTMENTS
Queens,ELMHURST,13 CONDOS - ELEVATOR APARTMENTS,2,1352,1037,R4,"70-65 QUEENS BOULEVARD, 5J",5J,11377.0,1.0,,1.0,,,2021.0,2,R4,466440,2023-01-03,40.73955,-73.892042,402.0,26.0,4032013.0,4013527501.0,485.0,QN0401,2023,1,True,CONDOS - ELEVATOR APARTMENTS
Queens,FLUSHING-NORTH,01 ONE FAMILY DWELLINGS,1,5235,17,A1,152-06 33RD AVENUE,,11354.0,1.0,0.0,1.0,2525.0,1488.0,1935.0,1,A1,988500,2023-01-03,40.768682,-73.812192,407.0,20.0,4118269.0,4052350017.0,1155.0,QN0704,2023,1,True,ONE FAMILY DWELLINGS
Queens,FLUSHING-NORTH,10 COOPS - ELEVATOR APARTMENTS,2,5028,7,D4,"38-15 149TH STREET, 1A",,11354.0,,,,,,1955.0,2,D4,307000,2023-01-03,40.764067,-73.816746,407.0,20.0,4113975.0,4050280007.0,1157.0,QN0704,2023,1,True,COOPS - ELEVATOR APARTMENTS
Queens,FLUSHING-NORTH,01 ONE FAMILY DWELLINGS,1,5652,30,A2,196-07 WEEKS LANE,,11365.0,1.0,0.0,1.0,4144.0,1040.0,1950.0,1,A2,940000,2023-01-03,40.748504,-73.781633,411.0,20.0,4127712.0,4056520030.0,1429.0,QN1101,2023,1,True,ONE FAMILY DWELLINGS
Queens,FLUSHING-NORTH,11 SPECIAL CONDO BILLING LOTS,2,4972,1640,RR,"133-36 37TH AVENUE, 6L",6L,11354.0,1.0,0.0,1.0,85137.0,499.0,2016.0,2,RR,722057,2023-01-03,40.760612,-73.833642,407.0,20.0,4597144.0,4049727505.0,871.0,QN0707,2023,1,True,SPECIAL CONDO BILLING LOTS
Queens,FLUSHING-NORTH,13 CONDOS - ELEVATOR APARTMENTS,2,5181,1014,R4,"42-47 UNION STREET, 6B",6B,11355.0,1.0,,1.0,,,2005.0,2,R4,600000,2023-01-03,40.756992,-73.824378,407.0,20.0,4534924.0,4051817501.0,857.0,QN0707,2023,1,True,CONDOS - ELEVATOR APARTMENTS
Queens,FLUSHING-NORTH,13 CONDOS - ELEVATOR APARTMENTS,2,5181,1253,R4,"41-62 BOWNE STREET, 9A",9A,11355.0,1.0,,1.0,,,2019.0,2,R4,731104,2023-01-03,40.757918,-73.823,407.0,20.0,4618566.0,4051817503.0,857.0,QN0707,2023,1,True,CONDOS - ELEVATOR APARTMENTS
Queens,FLUSHING-SOUTH,01 ONE FAMILY DWELLINGS,1,6962,46,A5,70-20 175TH STREET,,11365.0,1.0,0.0,1.0,1800.0,1683.0,1940.0,1,A5,865000,2023-01-03,40.730734,-73.795059,408.0,24.0,4150616.0,4069620046.0,1247.0,QN0802,2023,1,True,ONE FAMILY DWELLINGS
Queens,FOREST HILLS,01 ONE FAMILY DWELLINGS,1,2229,16,A3,110-20 69TH AVE,,11375.0,1.0,0.0,1.0,5000.0,2394.0,1935.0,1,A3,1900000,2023-01-03,40.725737,-73.842885,406.0,29.0,4052474.0,4022290016.0,75702.0,QN0602,2023,1,True,ONE FAMILY DWELLINGS
Queens,FLUSHING-SOUTH,09 COOPS - WALKUP APARTMENTS,2,6485,3,C6,"68-41 138TH STREET, A",,11367.0,,,,,,1950.0,2,C6,335000,2023-01-03,40.730525,-73.828384,408.0,24.0,4450218.0,4064850003.0,809.0,QN0801,2023,1,True,COOPS - WALKUP APARTMENTS
Queens,FOREST HILLS,13 CONDOS - ELEVATOR APARTMENTS,2,2264,1313,R4,"75-58 113 ST, 7",7,11375.0,1.0,,1.0,,,,2,R4,485000,2023-01-03,40.718312,-73.834931,406.0,29.0,4052750.0,4022647502.0,75701.0,QN0602,2023,1,True,CONDOS - ELEVATOR APARTMENTS
Queens,FRESH MEADOWS,01 ONE FAMILY DWELLINGS,1,7169,36,A1,73-24 182ND STREET,,11366.0,1.0,0.0,1.0,4230.0,1841.0,1940.0,1,A1,1350000,2023-01-03,40.731122,-73.788116,408.0,24.0,4153988.0,4071690036.0,1339.0,QN0803,2023,1,True,ONE FAMILY DWELLINGS
Queens,GLEN OAKS,10 COOPS - ELEVATOR APARTMENTS,2,8489,1,D4,"270-10 GRAND CENTRAL PKWY., 32H",,11005.0,,,,,,1972.0,2,D4,515000,2023-01-03,40.759289,-73.713493,413.0,23.0,4456885.0,4084890001.0,155101.0,QN1301,2023,1,True,COOPS - ELEVATOR APARTMENTS
Queens,HOWARD BEACH,10 COOPS - ELEVATOR APARTMENTS,2,11431,36,D4,"151-20 88 STREET, 6E",,11414.0,,,,,,1963.0,2,D4,185000,2023-01-03,40.668265,-73.847278,410.0,32.0,4434844.0,4114310036.0,6201.0,QN1003,2023,1,True,COOPS - ELEVATOR APARTMENTS
Queens,LITTLE NECK,01 ONE FAMILY DWELLINGS,1,8254,54,A3,54-27 252ND STREET,,11362.0,1.0,0.0,1.0,4000.0,2050.0,1960.0,1,A3,1130000,2023-01-03,40.763902,-73.728772,411.0,19.0,4171487.0,4082540054.0,150702.0,QN1103,2023,1,True,ONE FAMILY DWELLINGS
Queens,LONG ISLAND CITY,02 TWO FAMILY DWELLINGS,1,360,26,B2,37-14 11TH STREET,,11101.0,2.0,0.0,2.0,4292.0,2000.0,1905.0,1,B2,1300000,2023-01-03,40.759425,-73.941032,401.0,26.0,4004387.0,4003600026.0,85.0,QN0105,2023,1,True,TWO FAMILY DWELLINGS
Queens,OAKLAND GARDENS,09 COOPS - WALKUP APARTMENTS,2,7670,2,C6,"67-03A 223RD PLACE, 67-03",,11364.0,,,,,,1949.0,2,C6,385000,2023-01-03,40.745383,-73.753298,411.0,23.0,4456875.0,4076700002.0,1377.0,QN1104,2023,1,True,COOPS - WALKUP APARTMENTS
Queens,MIDDLE VILLAGE,01 ONE FAMILY DWELLINGS,1,3019,14,A5,64-67 82ND PLACE,,11379.0,1.0,0.0,1.0,1975.0,1358.0,1940.0,1,A5,680000,2023-01-03,40.718893,-73.870953,405.0,30.0,4070199.0,4030190014.0,677.0,QN0504,2023,1,True,ONE FAMILY DWELLINGS
Queens,OAKLAND GARDENS,10 COOPS - ELEVATOR APARTMENTS,2,7732,150,D4,"211-01 75TH AVENUE, 4P",,11364.0,,,,,,1952.0,2,D4,200000,2023-01-03,40.737684,-73.761154,411.0,23.0,4444452.0,4077320150.0,129103.0,QN1104,2023,1,True,COOPS - ELEVATOR APARTMENTS
Queens,REGO PARK,10 COOPS - ELEVATOR APARTMENTS,2,3170,1,D4,"100-11 67TH ROAD, 204",,11375.0,,,,,,1950.0,2,D4,342500,2023-01-03,40.725592,-73.853381,406.0,29.0,4075121.0,4031700001.0,71306.0,QN0602,2023,1,True,COOPS - ELEVATOR APARTMENTS
Queens,RIDGEWOOD,02 TWO FAMILY DWELLINGS,1,3556,56,B1,1114 CYPRESS AVENUE,,11385.0,2.0,0.0,2.0,2500.0,2250.0,1910.0,1,B1,1062000,2023-01-03,40.695951,-73.899566,405.0,34.0,4085817.0,4035560056.0,559.0,QN0502,2023,1,True,TWO FAMILY DWELLINGS
Queens,SOUTH JAMAICA,01 ONE FAMILY DWELLINGS,1,10230,9,A1,171-18 104TH AVENUE,,11433.0,1.0,0.0,1.0,2400.0,1248.0,1920.0,1,A1,680000,2023-01-03,40.702549,-73.786349,412.0,27.0,4217924.0,4102300009.0,440.0,QN1202,2023,1,True,ONE FAMILY DWELLINGS
Queens,SOUTH OZONE PARK,02 TWO FAMILY DWELLINGS,1,11646,52,S2,114-21 LEFFERTS BOULEVARD,,11420.0,2.0,1.0,3.0,2000.0,2640.0,1925.0,1,S2,710000,2023-01-03,40.678241,-73.820237,410.0,28.0,4251283.0,4116460052.0,166.0,QN1001,2023,1,True,TWO FAMILY DWELLINGS
Queens,SOUTH OZONE PARK,01 ONE FAMILY DWELLINGS,1,11708,27,A1,115-23 115TH STREET,,11420.0,1.0,0.0,1.0,2400.0,1264.0,1930.0,1,A1,715000,2023-01-03,40.676439,-73.822921,410.0,28.0,4253365.0,4117080027.0,840.0,QN1001,2023,1,True,ONE FAMILY DWELLINGS
Bronx,BEDFORD PARK/NORWOOD,10 COOPS - ELEVATOR APARTMENTS,2,3343,260,D4,"3400 WAYNE AVENUE, B42",,10467.0,,,,,,1928.0,2,D4,125000,2023-01-04,40.879594,-73.877961,207.0,11.0,2018226.0,2033430260.0,421.0,BX0703,2023,1,True,COOPS - ELEVATOR APARTMENTS
Bronx,COUNTRY CLUB,04 TAX CLASS 1 CONDOS,1A,5417,1023,R3,"1402 OUTLOOK AVENUE, 1",1,10465.0,1.0,,1.0,,,2002.0,1,R3,560000,2023-01-04,40.844344,-73.814248,210.0,13.0,2119412.0,2054177502.0,27402.0,BX1003,2023,1,True,TAX CLASS 1 CONDOS
Bronx,CITY ISLAND,02 TWO FAMILY DWELLINGS,1,5626,217,B3,105 PELL PLACE,,10464.0,2.0,0.0,2.0,2438.0,1582.0,1960.0,1,B3,650000,2023-01-04,40.842378,-73.785325,210.0,13.0,2081888.0,2056260217.0,51601.0,BX1003,2023,1,True,TWO FAMILY DWELLINGS
Bronx,MORRIS PARK/VAN NEST,02 TWO FAMILY DWELLINGS,1,4266,21,B1,1950 BOGART AVE,,10462.0,2.0,0.0,2.0,2500.0,3100.0,1930.0,1,B1,995000,2023-01-04,40.85031,-73.860184,211.0,13.0,2048213.0,2042660021.0,246.0,BX1102,2023,1,True,TWO FAMILY DWELLINGS
Bronx,MORRISANIA/LONGWOOD,03 THREE FAMILY DWELLINGS,1,2624,17,C0,662 EAGLE AVENUE,,10455.0,3.0,0.0,3.0,1898.0,3153.0,1901.0,1,C0,200000,2023-01-04,40.817173,-73.910496,201.0,17.0,2004438.0,2026240017.0,75.0,BX0102,2023,1,True,THREE FAMILY DWELLINGS
Bronx,PELHAM PARKWAY NORTH,01 ONE FAMILY DWELLINGS,1,4468,54,A2,2557 WILSON AVE,,10469.0,1.0,0.0,1.0,2500.0,997.0,1940.0,1,A2,525000,2023-01-04,40.863726,-73.849147,211.0,13.0,2052511.0,2044680054.0,316.0,BX1103,2023,1,True,ONE FAMILY DWELLINGS
Bronx,PELHAM PARKWAY SOUTH,10 COOPS - ELEVATOR APARTMENTS,2,4319,30,D4,"2199 HOLLAND AVENUE, 1C",,10462.0,,,,,,1930.0,2,D4,129000,2023-01-04,40.856338,-73.865705,211.0,13.0,2049407.0,2043190030.0,22403.0,BX1101,2023,1,True,COOPS - ELEVATOR APARTMENTS
Bronx,PELHAM GARDENS,02 TWO FAMILY DWELLINGS,1,4409,46,B1,2327 DELANOY AVENUE,,10469.0,2.0,0.0,2.0,4900.0,2460.0,1975.0,1,B1,900000,2023-01-04,40.859448,-73.834363,211.0,13.0,2051138.0,2044090046.0,310.0,BX1103,2023,1,True,TWO FAMILY DWELLINGS
Bronx,SOUNDVIEW,02 TWO FAMILY DWELLINGS,1,3520,27,B1,544 COMMONWEALTH AVE,,10473.0,2.0,0.0,2.0,2500.0,3040.0,1935.0,1,B1,780000,2023-01-04,40.815638,-73.864472,209.0,18.0,2021335.0,2035200027.0,2002.0,BX0902,2023,1,True,TWO FAMILY DWELLINGS
Bronx,RIVERDALE,13 CONDOS - ELEVATOR APARTMENTS,2,5923,1077,R4,"4455 DOUGLAS AVENUE, 8C",8C,10471.0,1.0,,1.0,,,,2,R4,650000,2023-01-04,40.887775,-73.916882,208.0,11.0,2096857.0,2059237501.0,309.0,BX0803,2023,1,True,CONDOS - ELEVATOR APARTMENTS
Bronx,THROGS NECK,01 ONE FAMILY DWELLINGS,1,5527,45,A1,4400 LOCUST POINT DRIVE,,10465.0,1.0,0.0,1.0,2500.0,1764.0,1915.0,1,A1,570000,2023-01-04,40.816626,-73.800181,210.0,13.0,2079232.0,2055270045.0,118.0,BX1002,2023,1,True,ONE FAMILY DWELLINGS
Brooklyn,BATH BEACH,02 TWO FAMILY DWELLINGS,1,6460,52,B3,266 BAY 10TH STREET,,11228.0,2.0,0.0,2.0,3840.0,1860.0,1965.0,1,B3,1550000,2023-01-04,40.605482,-74.014485,311.0,50.0,3169143.0,3064600052.0,168.0,BK1102,2023,1,True,TWO FAMILY DWELLINGS
Brooklyn,BAY RIDGE,01 ONE FAMILY DWELLINGS,1,5905,55,A5,105 73RD STREET,,11209.0,1.0,0.0,1.0,1431.0,1456.0,1925.0,1,A5,990000,2023-01-04,40.634375,-74.033684,310.0,47.0,3147254.0,3059050055.0,38.0,BK1001,2023,1,True,ONE FAMILY DWELLINGS
Brooklyn,BAY RIDGE,44 CONDO PARKING,4,6120,1229,RG,"9511 SHORE ROAD, P25",P25,11209.0,,1.0,1.0,,,1957.0,4,RG,710000,2023-01-04,40.616371,-74.038267,310.0,47.0,3155701.0,3061207502.0,54.0,BK1001,2023,1,True,CONDO PARKING
Brooklyn,BAY RIDGE,26 OTHER HOTELS,4,6103,61,H6,315 93RD STREET,,11209.0,0.0,1.0,1.0,6300.0,17880.0,1926.0,4,H6,6500000,2023-01-04,40.618516,-74.032336,310.0,47.0,3155132.0,3061030061.0,58.0,BK1001,2023,1,True,OTHER HOTELS
Brooklyn,BEDFORD STUYVESANT,02 TWO FAMILY DWELLINGS,1,1624,78,B3,527 QUINCY STREET,,11221.0,2.0,0.0,2.0,1667.0,2800.0,1899.0,1,B3,990000,2023-01-04,40.688403,-73.9382,303.0,36.0,3044258.0,3016240078.0,279.0,BK0302,2023,1,True,TWO FAMILY DWELLINGS
Brooklyn,BEDFORD STUYVESANT,02 TWO FAMILY DWELLINGS,1,1615,24,B3,300 VAN BUREN STREET,,11221.0,2.0,0.0,2.0,1783.0,2247.0,1899.0,1,B3,1200000,2023-01-04,40.690995,-73.935049,303.0,36.0,3043771.0,3016150024.0,291.0,BK0302,2023,1,True,TWO FAMILY DWELLINGS
Brooklyn,BEDFORD STUYVESANT,15 CONDOS - 2-10 UNIT RESIDENTIAL,2C,1802,1401,R1,"206 LEXINGTON AVE, 1",1,11216.0,1.0,,1.0,,,1899.0,2,R1,953623,2023-01-04,40.687383,-73.953417,303.0,36.0,3050566.0,3018027504.0,243.0,BK0301,2023,1,True,CONDOS - 2-10 UNIT RESIDENTIAL
Brooklyn,BEDFORD STUYVESANT,13 CONDOS - ELEVATOR APARTMENTS,2,1762,1561,R4,"192 SPENCER STREET, 2A",2A,11205.0,1.0,,1.0,,,2008.0,2,R4,939000,2023-01-04,40.692467,-73.954766,303.0,33.0,3396747.0,3017627505.0,241.0,BK0301,2023,1,True,CONDOS - ELEVATOR APARTMENTS
Brooklyn,BEDFORD STUYVESANT,15 CONDOS - 2-10 UNIT RESIDENTIAL,2C,1657,1003,R1,"714 JEFFERSON AVENUE, 2B",2B,11221.0,1.0,,1.0,,,2021.0,2,R1,625000,2023-01-04,40.685737,-73.928644,303.0,36.0,3045866.0,3016570018.0,383.0,BK0302,2023,1,True,CONDOS - 2-10 UNIT RESIDENTIAL
Brooklyn,BEDFORD STUYVESANT,12 CONDOS - WALKUP APARTMENTS,2,1686,1016,R2,"153 CHAUNCEY STREET, 4D",4D,11233.0,1.0,,1.0,,,1910.0,2,R2,495000,2023-01-04,40.680394,-73.929561,303.0,36.0,3047824.0,3016867501.0,297.0,BK0302,2023,1,True,CONDOS - WALKUP APARTMENTS
Brooklyn,BENSONHURST,02 TWO FAMILY DWELLINGS,1,6162,8,B2,6907 19TH AVENUE,,11204.0,2.0,0.0,2.0,2500.0,3000.0,1915.0,1,B2,1460000,2023-01-04,40.61546,-73.990538,311.0,43.0,3156790.0,3061620008.0,258.0,BK1101,2023,1,True,TWO FAMILY DWELLINGS
Brooklyn,BENSONHURST,07 RENTALS - WALKUP APARTMENTS,2,5578,48,C1,1965 BAY RIDGE AVENUE,,11204.0,27.0,0.0,27.0,8000.0,23680.0,1931.0,2,C1,4500000,2023-01-04,40.614771,-73.98909,311.0,43.0,3135049.0,3055780048.0,258.0,BK1101,2023,1,True,RENTALS - WALKUP APARTMENTS
Brooklyn,BOROUGH PARK,29 COMMERCIAL GARAGES,4,5464,72,G7,4919 20TH AVENUE,,11204.0,0.0,1.0,1.0,7256.0,0.0,1980.0,4,G7,3100000,2023-01-04,40.625685,-73.976469,312.0,44.0,3407682.0,3054640072.0,46202.0,BK1204,2023,1,True,COMMERCIAL GARAGES
Brooklyn,BOROUGH PARK,14 RENTALS - 4-10 UNIT,2A,5297,39,S4,4006 14 AVENUE,,11218.0,4.0,1.0,5.0,1755.0,3822.0,1931.0,2,S4,1400000,2023-01-04,40.638631,-73.984791,312.0,39.0,3123257.0,3052970039.0,230.0,BK1202,2023,1,True,RENTALS - 4-10 UNIT
Brooklyn,BUSHWICK,44 CONDO PARKING,4,3375,1024,RG,"511 EVERGREEN AVENUE, P2",P2,11221.0,,1.0,1.0,,,2019.0,4,RG,544000,2023-01-04,40.690535,-73.915902,304.0,37.0,3429458.0,3033757501.0,415.0,BK0402,2023,1,True,CONDO PARKING
Brooklyn,CROWN HEIGHTS,01 ONE FAMILY DWELLINGS,1,1213,70,A4,1113 BERGEN STREET,,11216.0,1.0,0.0,1.0,2000.0,3024.0,1910.0,1,A4,2700000,2023-01-04,40.676043,-73.948792,308.0,36.0,3030392.0,3012130070.0,315.0,BK0802,2023,1,True,ONE FAMILY DWELLINGS
Brooklyn,DOWNTOWN-FULTON FERRY,13 CONDOS - ELEVATOR APARTMENTS,2,51,1219,R4,"98 FRONT STREET, 9B",9B,11201.0,1.0,,1.0,,,2018.0,2,R4,2150000,2023-01-04,40.702491,-73.988874,302.0,33.0,3346567.0,3000517502.0,21.0,BK0202,2023,1,True,CONDOS - ELEVATOR APARTMENTS
Brooklyn,EAST NEW YORK,02 TWO FAMILY DWELLINGS,1,4281,42,B2,610 PINE STREET,,11208.0,2.0,0.0,2.0,2000.0,2496.0,1975.0,1,B2,875000,2023-01-04,40.670419,-73.869735,305.0,42.0,3096018.0,3042810042.0,120801.0,BK0505,2023,1,True,TWO FAMILY DWELLINGS
Brooklyn,FLATBUSH-EAST,01 ONE FAMILY DWELLINGS,1,7745,59,A9,964 EAST 42ND STREET,,11210.0,1.0,0.0,1.0,2000.0,1438.0,1930.0,1,A9,660000,2023-01-04,40.631414,-73.935958,318.0,45.0,3214037.0,3077450059.0,726.0,BK1801,2023,1,True,ONE FAMILY DWELLINGS
Manhattan,FLATIRON,10 COOPS - ELEVATOR APARTMENTS,2,842,7,D4,"7 EAST 14TH STREET, 409",,10003.0,,,,,,1965.0,2,D4,1120075,2023-02-22,40.735859,-73.993245,105.0,2.0,1016062.0,1008420007.0,52.0,MN0501,2023,2,True,COOPS - ELEVATOR APARTMENTS
Manhattan,GRAMERCY,13 CONDOS - ELEVATOR APARTMENTS,2,898,1096,R4,"305 SECOND AVENUE, 515",515,10003.0,1.0,,1.0,,,,2,R4,2125000,2023-02-22,40.734593,-73.983311,106.0,2.0,1069344.0,1008987501.0,48.0,MN0602,2023,2,True,CONDOS - ELEVATOR APARTMENTS
Manhattan,GREENWICH VILLAGE-CENTRAL,17 CONDO COOPS,2,544,1102,R9,"443 LAFAYETTE STREET, 9B",,10003.0,,,,,,,2,R9,3075000,2023-02-22,40.729511,-73.991723,102.0,2.0,1087152.0,1005447502.0,57.0,MN0202,2023,2,True,CONDO COOPS
Manhattan,GREENWICH VILLAGE-CENTRAL,10 COOPS - ELEVATOR APARTMENTS,2,551,1,D4,"2 FIFTH AVENUE, 20N",,10011.0,,,,,,1952.0,2,D4,3225000,2023-02-22,40.731921,-73.996608,102.0,2.0,1008850.0,1005510001.0,63.0,MN0202,2023,2,True,COOPS - ELEVATOR APARTMENTS
Manhattan,HARLEM-CENTRAL,32 HOSPITAL AND HEALTH FACILITIES,4,2050,24,I5,321 CONVENT AVENUE,,10031.0,0.0,1.0,1.0,2000.0,3681.0,1910.0,4,I5,685000,2023-02-22,40.823492,-73.947057,109.0,9.0,1060935.0,1020500024.0,227.0,MN0903,2023,2,True,HOSPITAL AND HEALTH FACILITIES
Manhattan,KIPS BAY,13 CONDOS - ELEVATOR APARTMENTS,2,968,1298,R4,"630 1ST AVENUE, 23G",23G,10016.0,1.0,,1.0,,,1984.0,2,R4,760000,2023-02-22,40.745156,-73.9725,106.0,4.0,1022060.0,1009687501.0,8601.0,MN0603,2023,2,True,CONDOS - ELEVATOR APARTMENTS
Manhattan,INWOOD,10 COOPS - ELEVATOR APARTMENTS,2,2243,306,D4,"95 PARK TERRACE EAST, 4E",,10034.0,,,,,,1925.0,2,D4,320000,2023-02-22,40.871297,-73.915449,112.0,10.0,1065024.0,1022430306.0,307.0,MN1203,2023,2,True,COOPS - ELEVATOR APARTMENTS
Manhattan,LOWER EAST SIDE,10 COOPS - ELEVATOR APARTMENTS,2,321,1,D4,"570 GRAND STREET, H1006",,10002.0,,,,,,1955.0,2,D4,620000,2023-02-22,40.713724,-73.979136,103.0,1.0,1083419.0,1003210001.0,1001.0,MN0302,2023,2,True,COOPS - ELEVATOR APARTMENTS
Manhattan,KIPS BAY,13 CONDOS - ELEVATOR APARTMENTS,2,969,1178,R4,"415 EAST 37TH STREET, 19M",19M,10016.0,1.0,,1.0,,,1988.0,2,R4,700000,2023-02-22,40.745564,-73.971822,106.0,4.0,1076168.0,1009697501.0,8601.0,MN0603,2023,2,True,CONDOS - ELEVATOR APARTMENTS
Manhattan,MURRAY HILL,13 CONDOS - ELEVATOR APARTMENTS,2,860,1541,R4,"15 EAST 30TH STREET, 43D",43D,10016.0,1.0,,1.0,,,2017.0,2,R4,4665250,2023-02-22,40.745496,-73.985366,105.0,2.0,1090479.0,1008607505.0,74.0,MN0501,2023,2,True,CONDOS - ELEVATOR APARTMENTS
Manhattan,MURRAY HILL,13 CONDOS - ELEVATOR APARTMENTS,2,914,1012,R4,"501 3RD AVENUE, 5D",5D,10016.0,1.0,,1.0,,,2020.0,2,R4,747396,2023-02-22,40.745505,-73.978271,106.0,4.0,1091631.0,1009147501.0,7002.0,MN0603,2023,2,True,CONDOS - ELEVATOR APARTMENTS
Manhattan,TRIBECA,08 RENTALS - ELEVATOR APARTMENTS,2,16,180,D8,"20 RIVER TERRACE, 10K",,10282.0,293.0,1.0,294.0,16653.0,356786.0,2002.0,2,D8,1455000,2023-02-22,40.716942,-74.016298,101.0,1.0,1086174.0,1000160180.0,31703.0,MN0101,2023,2,True,RENTALS - ELEVATOR APARTMENTS
Manhattan,TRIBECA,13 CONDOS - ELEVATOR APARTMENTS,2,142,1255,R4,"200 CHAMBERS STREET, 14F",14F,10007.0,1.0,,1.0,,,2005.0,2,R4,1530000,2023-02-22,40.716863,-74.012207,101.0,1.0,1087716.0,1001427502.0,21.0,MN0102,2023,2,True,CONDOS - ELEVATOR APARTMENTS
Manhattan,UPPER EAST SIDE (59-79),10 COOPS - ELEVATOR APARTMENTS,2,1411,53,D4,"150 EAST 77 STREET, 7E",,10075.0,,,,,,1959.0,2,D4,1775000,2023-02-22,40.773403,-73.959314,108.0,4.0,1043180.0,1014110053.0,128.0,MN0802,2023,2,True,COOPS - ELEVATOR APARTMENTS
Manhattan,UPPER EAST SIDE (59-79),10 COOPS - ELEVATOR APARTMENTS,2,1458,5,D4,"405 EAST 63RD STREET, 11B",,10065.0,,,,,,1957.0,2,D4,405000,2023-02-22,40.761996,-73.959844,108.0,5.0,1045380.0,1014580005.0,10602.0,MN0801,2023,2,True,COOPS - ELEVATOR APARTMENTS
Manhattan,UPPER EAST SIDE (59-79),10 COOPS - ELEVATOR APARTMENTS,2,1388,56,D4,"20 EAST 74TH STREET, 7E",,10021.0,,,,,,1947.0,2,D4,1525000,2023-02-22,40.773279,-73.964925,108.0,4.0,1041515.0,1013880056.0,130.0,MN0802,2023,2,True,COOPS - ELEVATOR APARTMENTS
Manhattan,UPPER EAST SIDE (79-96),09 COOPS - WALKUP APARTMENTS,2,1535,5,C6,"203 EAST 89TH STREET, 4B",,10128.0,,,,,,1964.0,2,C6,290000,2023-02-22,40.780606,-73.952204,108.0,5.0,1048877.0,1015350005.0,15401.0,MN0803,2023,2,True,COOPS - WALKUP APARTMENTS
Manhattan,UPPER EAST SIDE (79-96),10 COOPS - ELEVATOR APARTMENTS,2,1497,28,D4,"45 EAST 85TH STREET, 2A",,10028.0,,,,,,1925.0,2,D4,2989000,2023-02-22,40.779969,-73.958797,108.0,4.0,1046832.0,1014970028.0,15001.0,MN0802,2023,2,True,COOPS - ELEVATOR APARTMENTS
Manhattan,UPPER EAST SIDE (79-96),10 COOPS - ELEVATOR APARTMENTS,2,1515,8,D4,"115 EAST 86TH STREET, 93",,10028.0,,,,,,1928.0,2,D4,835000,2023-02-22,40.779891,-73.956494,108.0,4.0,1047953.0,1015150008.0,14802.0,MN0802,2023,2,True,COOPS - ELEVATOR APARTMENTS
Manhattan,UPPER EAST SIDE (79-96),10 COOPS - ELEVATOR APARTMENTS,2,1554,23,D4,"333 EAST 91ST STREET, 4A",,10128.0,,,,,,2007.0,2,D4,1235000,2023-02-22,40.780692,-73.948521,108.0,5.0,1087665.0,1015540023.0,15402.0,MN0803,2023,2,True,COOPS - ELEVATOR APARTMENTS
Manhattan,UPPER EAST SIDE (79-96),10 COOPS - ELEVATOR APARTMENTS,2,1555,23,D4,"340 E 93RD STREET, 19A",,10128.0,,,,,,1980.0,2,D4,500000,2023-02-22,40.781501,-73.946592,108.0,5.0,1078668.0,1015550023.0,15402.0,MN0803,2023,2,True,COOPS - ELEVATOR APARTMENTS
Manhattan,UPPER EAST SIDE (79-96),13 CONDOS - ELEVATOR APARTMENTS,2,1536,1090,R4,"1601 3RD AVENUE, 10H",10H,10128.0,1.0,,1.0,,,,2,R4,1360000,2023-02-22,40.781476,-73.952044,108.0,5.0,1086170.0,1015367501.0,15401.0,MN0803,2023,2,True,CONDOS - ELEVATOR APARTMENTS
Manhattan,UPPER WEST SIDE (59-79),10 COOPS - ELEVATOR APARTMENTS,2,1125,24,D4,"15 WEST 72ND STREET, 23R",,10023.0,,,,,,1964.0,2,D4,2425000,2023-02-22,40.77671,-73.977102,107.0,6.0,1028636.0,1011250024.0,157.0,MN0701,2023,2,True,COOPS - ELEVATOR APARTMENTS
Manhattan,UPPER WEST SIDE (59-79),13 CONDOS - ELEVATOR APARTMENTS,2,1131,1047,R4,"2 COLUMBUS AVENUE, 12C",12C,10023.0,1.0,,1.0,,,,2,R4,1999995,2023-02-22,40.769476,-73.985122,107.0,6.0,1085729.0,1011317501.0,145.0,MN0701,2023,2,True,CONDOS - ELEVATOR APARTMENTS
Manhattan,UPPER WEST SIDE (59-79),17 CONDO COOPS,2,1158,1405,R9,"170 WEST END AVENUE, 27H",,10023.0,,,,,,1965.0,2,R9,770000,2023-02-22,40.776775,-73.984565,107.0,6.0,1070721.0,1011587505.0,15501.0,MN0701,2023,2,True,CONDO COOPS
Manhattan,UPPER WEST SIDE (79-96),10 COOPS - ELEVATOR APARTMENTS,2,1207,6,D4,"57 WEST 93RD STREET, 4E",,10025.0,,,,,,1926.0,2,D4,575000,2023-02-22,40.790401,-73.967639,107.0,6.0,1031641.0,1012070006.0,177.0,MN0702,2023,2,True,COOPS - ELEVATOR APARTMENTS
Manhattan,UPPER WEST SIDE (96-116),10 COOPS - ELEVATOR APARTMENTS,2,1894,36,D4,"611 WEST 111 STREET, 66",,10025.0,,,,,,1900.0,2,D4,1480000,2023-02-22,40.805113,-73.96688,109.0,7.0,1085324.0,1018940036.0,199.0,MN0901,2023,2,True,COOPS - ELEVATOR APARTMENTS
Manhattan,UPPER WEST SIDE (96-116),10 COOPS - ELEVATOR APARTMENTS,2,1893,32,D4,"370 RIVERSIDE DRIVE, 1D",,10025.0,,,,,,1922.0,2,D4,945000,2023-02-22,40.804136,-73.968235,107.0,7.0,1057312.0,1018930032.0,195.0,MN0703,2023,2,True,COOPS - ELEVATOR APARTMENTS
Staten Island,BULLS HEAD,04 TAX CLASS 1 CONDOS,1A,1548,2006,R3,"61 JENNIFER PLACE, 3B",3B,10314.0,1.0,,1.0,,,1998.0,1,R3,387500,2023-02-22,40.611073,-74.157947,502.0,50.0,5127118.0,5015487502.0,29104.0,SI0204,2023,2,True,TAX CLASS 1 CONDOS
Staten Island,CONCORD,01 ONE FAMILY DWELLINGS,1,560,63,A1,94 LAUREL AVENUE,,10304.0,1.0,0.0,1.0,3050.0,1024.0,1935.0,1,A1,361415,2023-02-22,40.61963,-74.082377,501.0,49.0,5014297.0,5005600063.0,29.0,SI0102,2023,2,True,ONE FAMILY DWELLINGS
Staten Island,CASTLETON CORNERS,01 ONE FAMILY DWELLINGS,1,376,173,A1,139 MARGARETTA COURT,,10314.0,1.0,0.0,1.0,4000.0,1184.0,1930.0,1,A1,572000,2023-02-22,40.617654,-74.130223,501.0,50.0,5010747.0,5003760173.0,151.0,SI0105,2023,2,True,ONE FAMILY DWELLINGS
Staten Island,DONGAN HILLS-COLONY,01 ONE FAMILY DWELLINGS,1,848,17,A1,1071 RICHMOND ROAD,,10304.0,1.0,0.0,1.0,5150.0,2697.0,2022.0,1,A1,1272813,2023-02-22,40.600831,-74.092642,502.0,50.0,5174871.0,5008480017.0,17702.0,SI0203,2023,2,True,ONE FAMILY DWELLINGS
Staten Island,GRANT CITY,01 ONE FAMILY DWELLINGS,1,3554,117,A5,35 ADAMS AVENUE,,10306.0,1.0,0.0,1.0,1425.0,1536.0,1987.0,1,A5,310000,2023-02-22,40.584264,-74.105554,502.0,50.0,5091357.0,5035540117.0,11402.0,SI0202,2023,2,True,ONE FAMILY DWELLINGS
Staten Island,GREAT KILLS,01 ONE FAMILY DWELLINGS,1,5494,312,A5,441 BARLOW AVENUE,,10308.0,1.0,0.0,1.0,2632.0,1332.0,1970.0,1,A5,617000,2023-02-22,40.557806,-74.162744,503.0,51.0,5073167.0,5054940312.0,14607.0,SI0302,2023,2,True,ONE FAMILY DWELLINGS
Staten Island,GREAT KILLS,01 ONE FAMILY DWELLINGS,1,5489,327,A5,39 MIDDLE LOOP ROAD,,10308.0,1.0,0.0,1.0,2860.0,1152.0,1970.0,1,A5,600000,2023-02-22,40.554241,-74.161998,503.0,51.0,5072784.0,5054890327.0,14607.0,SI0302,2023,2,True,ONE FAMILY DWELLINGS
Staten Island,HUGUENOT,01 ONE FAMILY DWELLINGS,1,6832,4,A5,284 ELLSWORTH AVENUE,,10312.0,1.0,0.0,1.0,3000.0,1946.0,1955.0,1,A5,655000,2023-02-22,40.536595,-74.196838,503.0,51.0,5083526.0,5068320004.0,20804.0,SI0304,2023,2,True,ONE FAMILY DWELLINGS
Staten Island,NEW BRIGHTON,01 ONE FAMILY DWELLINGS,1,49,74,A1,108 CRESCENT AVENUE,,10301.0,1.0,0.0,1.0,3400.0,1286.0,1905.0,1,A1,410000,2023-02-22,40.642953,-74.085432,501.0,49.0,5001109.0,5000490074.0,9.0,SI0101,2023,2,True,ONE FAMILY DWELLINGS
Staten Island,MARINERS HARBOR,04 TAX CLASS 1 CONDOS,1A,1222,1050,R3,"219 MAPLE PARKWAY, 170",170,10303.0,1.0,,1.0,,,1989.0,1,R3,185000,2023-02-22,40.627848,-74.156592,501.0,49.0,5114593.0,5012227501.0,231.0,SI0107,2023,2,True,TAX CLASS 1 CONDOS
Staten Island,NEW BRIGHTON,03 THREE FAMILY DWELLINGS,1,106,53,C0,32 PINE STREET,,10301.0,3.0,0.0,3.0,3750.0,3111.0,2003.0,1,C0,750000,2023-02-22,40.636391,-74.087863,501.0,49.0,5147235.0,5001060053.0,75.0,SI0104,2023,2,True,THREE FAMILY DWELLINGS
Staten Island,MARINERS HARBOR,07 RENTALS - WALKUP APARTMENTS,2A,1226,51,C3,104 UNION AVENUE,,10303.0,4.0,0.0,4.0,6540.0,3256.0,1931.0,2,C3,650000,2023-02-22,40.634216,-74.158099,501.0,49.0,5027738.0,5012260051.0,223.0,SI0107,2023,2,True,RENTALS - WALKUP APARTMENTS
Staten Island,NEW SPRINGVILLE,01 ONE FAMILY DWELLINGS,1,2445,11,A5,30 LOTT LANE,,10314.0,1.0,0.0,1.0,2520.0,2016.0,1997.0,1,A5,525000,2023-02-22,40.57563,-74.163381,502.0,51.0,5126028.0,5024450011.0,27702.0,SI0204,2023,2,True,ONE FAMILY DWELLINGS
Staten Island,NEW DORP-HEIGHTS,01 ONE FAMILY DWELLINGS,1,4310,10,A5,81 EBONY STREET,,10306.0,1.0,0.0,1.0,2185.0,1024.0,1974.0,1,A5,650000,2023-02-22,40.57353,-74.125818,503.0,50.0,5058946.0,5043100010.0,138.0,SI0301,2023,2,True,ONE FAMILY DWELLINGS
Staten Island,PRINCES BAY,01 ONE FAMILY DWELLINGS,1,6662,10,A1,38 PURDY PLACE,,10309.0,1.0,0.0,1.0,3848.0,2207.0,2021.0,1,A1,804418,2023-02-22,40.512968,-74.195365,503.0,51.0,5169833.0,5066620010.0,198.0,SI0304,2023,2,True,ONE FAMILY DWELLINGS
Staten Island,NEW SPRINGVILLE,13 CONDOS - ELEVATOR APARTMENTS,2,2450,2071,R4,"11 WINDHAM LOOP, 3FF",3FF,10314.0,1.0,,1.0,,,1979.0,2,R4,350000,2023-02-22,40.578131,-74.162851,502.0,51.0,5112323.0,5024507509.0,27702.0,SI0204,2023,2,True,CONDOS - ELEVATOR APARTMENTS
Staten Island,ROSSVILLE-PORT MOBIL,29 COMMERCIAL GARAGES,4,7206,309,G7,221 INDUSTRIAL LOOP,,10309.0,0.0,0.0,0.0,15830.0,0.0,,4,G7,1100000,2023-02-22,40.550453,-74.231121,503.0,51.0,5151679.0,5072060309.0,22602.0,SI0305,2023,2,True,COMMERCIAL GARAGES
Staten Island,WEST NEW BRIGHTON,02 TWO FAMILY DWELLINGS,1,211,69,B2,58 ROE STREET,,10310.0,2.0,0.0,2.0,6018.0,1044.0,1930.0,1,B2,526999,2023-02-22,40.632578,-74.121775,501.0,49.0,5005653.0,5002110069.0,13302.0,SI0106,2023,2,True,TWO FAMILY DWELLINGS
Staten Island,WILLOWBROOK,01 ONE FAMILY DWELLINGS,1,780,30,A5,314 KELL AVENUE,,10314.0,1.0,0.0,1.0,3434.0,1570.0,1975.0,1,A5,730000,2023-02-22,40.605217,-74.134935,502.0,50.0,5020005.0,5007800030.0,18902.0,SI0203,2023,2,True,ONE FAMILY DWELLINGS
Staten Island,WOODROW,01 ONE FAMILY DWELLINGS,1,7106,229,A5,119 LORRAINE LOOP,,10309.0,1.0,0.0,1.0,1310.0,1435.0,1990.0,1,A5,530000,2023-02-22,40.545306,-74.220323,503.0,51.0,5115888.0,5071060229.0,22601.0,SI0304,2023,2,True,ONE FAMILY DWELLINGS
Queens,ASTORIA,01 ONE FAMILY DWELLINGS,1,876,87,A5,21-12 23RD AVENUE,,11105.0,1.0,0.0,1.0,2060.0,1314.0,1930.0,1,A5,1190000,2023-02-22,40.778341,-73.918517,401.0,22.0,4019390.0,4008760087.0,97.0,QN0101,2023,2,True,ONE FAMILY DWELLINGS
Queens,ARVERNE,41 TAX CLASS 4 - OTHER,4,16065,75,Z9,72-58 ELIZABETH AVENUE,,11692.0,0.0,1.0,1.0,21850.0,0.0,1930.0,4,Z9,1579500,2023-02-22,40.595307,-73.80197,414.0,31.0,4303210.0,4160650075.0,954.0,QN1402,2023,2,True,TAX CLASS 4 - OTHER
Queens,ASTORIA,03 THREE FAMILY DWELLINGS,1,772,30,C0,20-17 46TH STREET,,11105.0,3.0,0.0,3.0,2142.0,2383.0,1959.0,1,C0,1240000,2023-02-22,40.773539,-73.898529,401.0,22.0,4014731.0,4007720030.0,12301.0,QN0101,2023,2,True,THREE FAMILY DWELLINGS
Queens,ARVERNE,01 ONE FAMILY DWELLINGS,1,16047,45,A1,69-30 ALMEDA AVENUE,,11692.0,1.0,0.0,1.0,2000.0,2176.0,1920.0,1,A1,525000,2023-02-22,40.596858,-73.798955,414.0,31.0,4303000.0,4160470045.0,954.0,QN1402,2023,2,True,ONE FAMILY DWELLINGS
Queens,BAYSIDE,02 TWO FAMILY DWELLINGS,1,5860,50,B2,15-47 208TH STREET,,11360.0,2.0,0.0,2.0,3255.0,2332.0,1975.0,1,B2,1410000,2023-02-22,40.783975,-73.785041,407.0,19.0,4130817.0,4058600050.0,99705.0,QN0703,2023,2,True,TWO FAMILY DWELLINGS
Queens,BREEZY POINT,01 ONE FAMILY DWELLINGS,1D,16350,300,A8,"6 CLINTON WALK, 446",,11697.0,,,,,,1938.0,1,A8,505000,2023-02-22,40.56125,-73.92341,414.0,32.0,4464732.0,4163500300.0,91603.0,QN1403,2023,2,True,ONE FAMILY DWELLINGS
Queens,CAMBRIA HEIGHTS,01 ONE FAMILY DWELLINGS,1,12782,56,A2,119-02 223RD STREET,,11411.0,1.0,0.0,1.0,3900.0,1313.0,1945.0,1,A2,690000,2023-02-22,40.690781,-73.739372,413.0,27.0,4275518.0,4127820056.0,610.0,QN1304,2023,2,True,ONE FAMILY DWELLINGS
Queens,CAMBRIA HEIGHTS,01 ONE FAMILY DWELLINGS,1,12797,20,A2,119-38 238TH STREET,,11411.0,1.0,0.0,1.0,4000.0,875.0,1950.0,1,A2,390390,2023-02-22,40.686014,-73.726717,413.0,27.0,4275902.0,4127970020.0,614.0,QN1304,2023,2,True,ONE FAMILY DWELLINGS
Queens,FAR ROCKAWAY,10 COOPS - ELEVATOR APARTMENTS,2,15555,18,D4,"1040 NEILSON STREET, 5G",,11691.0,,,,,,1960.0,2,D4,145000,2023-02-22,40.603853,-73.747836,414.0,31.0,4298198.0,4155550018.0,103202.0,QN1401,2023,2,True,COOPS - ELEVATOR APARTMENTS
Queens,FLUSHING-NORTH,10 COOPS - ELEVATOR APARTMENTS,2,4312,10,D4,"28-08 141ST STREET, 4B",,11357.0,,,,,,1952.0,2,D4,420000,2023-02-22,40.773405,-73.827866,407.0,20.0,4449845.0,4043120010.0,88903.0,QN0704,2023,2,True,COOPS - ELEVATOR APARTMENTS
Queens,FLUSHING-NORTH,10 COOPS - ELEVATOR APARTMENTS,2,5123,51,D4,"134-33 BLOSSOM AVENUE, 3E",,11355.0,,,,,,1952.0,2,D4,438000,2023-02-22,40.752873,-73.828572,407.0,20.0,4115412.0,4051230051.0,79702.0,QN0707,2023,2,True,COOPS - ELEVATOR APARTMENTS
Queens,FLUSHING-NORTH,13 CONDOS - ELEVATOR APARTMENTS,2,5044,1579,R4,"41-25 KISSENA BLVD., 3EE",3EE,11355.0,1.0,,1.0,,,1960.0,2,R4,400000,2023-02-22,40.758124,-73.828847,407.0,20.0,4309526.0,4050447501.0,853.0,QN0707,2023,2,True,CONDOS - ELEVATOR APARTMENTS
Queens,FLUSHING-NORTH,13 CONDOS - ELEVATOR APARTMENTS,2,5105,1502,R4,"133-26 AVERY AVENUE, BB",BB,11355.0,1.0,,1.0,,,2008.0,2,R4,357942,2023-02-22,40.752972,-73.830604,407.0,20.0,4596071.0,4051057506.0,79702.0,QN0707,2023,2,True,CONDOS - ELEVATOR APARTMENTS
Queens,FLUSHING-NORTH,10 COOPS - ELEVATOR APARTMENTS,2,5137,11,D4,"4255 COLDEN STREET, 10B",,11355.0,,,,,,1962.0,2,D4,360000,2023-02-22,40.753415,-73.825943,407.0,20.0,4115899.0,4051370011.0,79701.0,QN0707,2023,2,True,COOPS - ELEVATOR APARTMENTS
Queens,FLUSHING-NORTH,10 COOPS - ELEVATOR APARTMENTS,2,5137,11,D4,"42-55 COLDEN STREET, 2C",,11355.0,,,,,,1962.0,2,D4,390000,2023-02-22,40.753415,-73.825943,407.0,20.0,4115899.0,4051370011.0,79701.0,QN0707,2023,2,True,COOPS - ELEVATOR APARTMENTS
Queens,FLUSHING-SOUTH,01 ONE FAMILY DWELLINGS,1,6579,52,A5,136-30 72ND AVENUE,,11367.0,1.0,0.0,1.0,2700.0,1520.0,1940.0,1,A5,945000,2023-02-22,40.725266,-73.826601,408.0,24.0,4142291.0,4065790052.0,77902.0,QN0801,2023,2,True,ONE FAMILY DWELLINGS
Queens,FOREST HILLS,02 TWO FAMILY DWELLINGS,1,2167,55,B1,108-23 63RD ROAD,,11375.0,2.0,0.0,2.0,2200.0,1818.0,1940.0,1,B1,960500,2023-02-22,40.734562,-73.849443,406.0,24.0,4051560.0,4021670055.0,745.0,QN0602,2023,2,True,TWO FAMILY DWELLINGS
Queens,FRESH MEADOWS,01 ONE FAMILY DWELLINGS,1,7206,64,A1,75-19 189TH STREET,,11366.0,1.0,0.0,1.0,4300.0,1196.0,1940.0,1,A1,700000,2023-02-22,40.73095,-73.780943,408.0,23.0,4155105.0,4072060064.0,1333.0,QN0803,2023,2,True,ONE FAMILY DWELLINGS
Queens,FRESH MEADOWS,02 TWO FAMILY DWELLINGS,1,7215,54,B3,75-65 198TH STREET,,11366.0,2.0,0.0,2.0,3805.0,2205.0,1950.0,1,B3,880000,2023-02-22,40.732314,-73.772712,408.0,23.0,4155403.0,4072150054.0,1333.0,QN0803,2023,2,True,TWO FAMILY DWELLINGS
Queens,FOREST HILLS,10 COOPS - ELEVATOR APARTMENTS,2,2219,1,D4,"69-09 108TH STREET, 511",,11375.0,,,,,,1939.0,2,D4,315000,2023-02-22,40.724714,-73.845363,406.0,29.0,4052270.0,4022190001.0,739.0,QN0602,2023,2,True,COOPS - ELEVATOR APARTMENTS
Queens,FOREST HILLS,10 COOPS - ELEVATOR APARTMENTS,2,3334,58,D4,"75-40 AUSTIN STREET, 3EL",,11375.0,,,,,,1940.0,2,D4,198000,2023-02-22,40.716614,-73.837817,406.0,29.0,4079585.0,4033340058.0,76901.0,QN0602,2023,2,True,COOPS - ELEVATOR APARTMENTS
Queens,FOREST HILLS,13 CONDOS - ELEVATOR APARTMENTS,2,3258,1030,R4,"109-20 QUEENS BOULEVARD, 3I",3I,11375.0,1.0,,1.0,,,1929.0,2,R4,425000,2023-02-22,40.720245,-73.841282,406.0,29.0,4078025.0,4032587501.0,737.0,QN0602,2023,2,True,CONDOS - ELEVATOR APARTMENTS
Queens,FOREST HILLS,10 COOPS - ELEVATOR APARTMENTS,2,2266,100,D4,"76-26 113TH STREET, 2D",,11375.0,,,,,,1960.0,2,D4,164000,2023-02-22,40.717459,-73.833648,406.0,29.0,4052786.0,4022660100.0,75701.0,QN0602,2023,2,True,COOPS - ELEVATOR APARTMENTS
Queens,HOLLIS,01 ONE FAMILY DWELLINGS,1,10841,14,A5,99-02 195TH STREET,,11423.0,1.0,0.0,1.0,1400.0,1280.0,1940.0,1,A5,460000,2023-02-22,40.710325,-73.764292,412.0,27.0,4231796.0,4108410014.0,50201.0,QN1206,2023,2,True,ONE FAMILY DWELLINGS
Queens,HOLLIS,02 TWO FAMILY DWELLINGS,1,10375,6,B3,188-04 104TH AVENUE,,11412.0,2.0,0.0,2.0,6000.0,1930.0,1925.0,1,B3,790000,2023-02-22,40.706031,-73.76895,412.0,27.0,4220952.0,4103750006.0,404.0,QN1205,2023,2,True,TWO FAMILY DWELLINGS
Queens,HOLLISWOOD,09 COOPS - WALKUP APARTMENTS,2,10524,1,C6,"196-35 DUNTON AVENUE, 2A",,11423.0,,,,,,1950.0,2,C6,208000,2023-02-22,40.719193,-73.766635,408.0,23.0,4460557.0,4105240001.0,47801.0,QN0804,2023,2,True,COOPS - WALKUP APARTMENTS
Queens,HOWARD BEACH,10 COOPS - ELEVATOR APARTMENTS,2,11434,50,D4,"88-25 155 AVENUE, 6H",,11414.0,,,,,,1960.0,2,D4,195000,2023-02-22,40.66584,-73.846692,410.0,32.0,4434855.0,4114340050.0,6201.0,QN1003,2023,2,True,COOPS - ELEVATOR APARTMENTS
Queens,JACKSON HEIGHTS,10 COOPS - ELEVATOR APARTMENTS,2,1268,13,D4,"34-24 82ND STREET, 6M",,11372.0,,,,,,1937.0,2,D4,269000,2023-02-22,40.753075,-73.884927,403.0,25.0,4029197.0,4012680013.0,283.0,QN0301,2023,2,True,COOPS - ELEVATOR APARTMENTS
Queens,JACKSON HEIGHTS,12 CONDOS - WALKUP APARTMENTS,2,947,1119,R2,"19-71 78TH STREET, 1",1,11370.0,1.0,,1.0,,,,2,R2,385000,2023-02-22,40.771647,-73.892062,401.0,22.0,4444596.0,4009477501.0,317.0,QN0101,2023,2,True,CONDOS - WALKUP APARTMENTS
Queens,LITTLE NECK,01 ONE FAMILY DWELLINGS,1,8145,61,A1,254-21 40TH AVENUE,,11363.0,1.0,0.0,1.0,5329.0,2292.0,1925.0,1,A1,999999,2023-02-22,40.774278,-73.739926,411.0,19.0,4169657.0,4081450061.0,1479.0,QN1103,2023,2,True,ONE FAMILY DWELLINGS
Queens,LONG ISLAND CITY,13 CONDOS - ELEVATOR APARTMENTS,2,424,1109,R4,"24-16 QUEENS PLAZA SOUTH, PHD",PHD,11101.0,1.0,,1.0,,,1925.0,2,R4,825000,2023-02-22,40.750694,-73.94104,402.0,26.0,4005063.0,4004247501.0,1903.0,QN0201,2023,2,True,CONDOS - ELEVATOR APARTMENTS
Queens,NEPONSIT,01 ONE FAMILY DWELLINGS,1,16306,13,A2,3-45 BEACH 149 STREET,,11694.0,1.0,0.0,1.0,5000.0,975.0,1935.0,1,A2,845000,2023-02-22,40.571486,-73.865346,414.0,32.0,4306842.0,4163060013.0,922.0,QN1403,2023,2,True,ONE FAMILY DWELLINGS
Queens,OAKLAND GARDENS,09 COOPS - WALKUP APARTMENTS,2,7739,3,C6,"219-59 74TH AVE, 422A1",,11364.0,,,,,,1952.0,2,C6,323000,2023-02-22,40.740238,-73.755143,411.0,23.0,4596793.0,4077390003.0,129104.0,QN1104,2023,2,True,COOPS - WALKUP APARTMENTS
Queens,OZONE PARK,01 ONE FAMILY DWELLINGS,1,11515,41,A1,135-31 96TH STREET,,11417.0,1.0,0.0,1.0,2675.0,2020.0,1925.0,1,A1,700000,2023-02-22,40.673783,-73.840549,410.0,32.0,4248517.0,4115150041.0,88.0,QN1002,2023,2,True,ONE FAMILY DWELLINGS
Queens,RIDGEWOOD,44 CONDO PARKING,4,3554,1143,RG,"16-71 SUMMERFIELD STREET, P4",P4,11385.0,,1.0,1.0,,,2020.0,4,RG,546500,2023-02-22,40.696029,-73.901214,405.0,34.0,4085758.0,4035547502.0,559.0,QN0502,2023,2,True,CONDO PARKING
Queens,SOUTH JAMAICA,01 ONE FAMILY DWELLINGS,1,10185,136,A1,164-16 109 DRIVE,,11433.0,1.0,0.0,1.0,2500.0,1140.0,1920.0,1,A1,650000,2023-02-22,40.694724,-73.786861,412.0,27.0,4216775.0,4101850136.0,258.0,QN1202,2023,2,True,ONE FAMILY DWELLINGS
Queens,SO. JAMAICA-BAISLEY PARK,01 ONE FAMILY DWELLINGS,1,12204,259,A9,154-09 118TH AVENUE,,11434.0,1.0,0.0,1.0,1325.0,730.0,1920.0,1,A9,360000,2023-02-22,40.681212,-73.788408,412.0,28.0,4264905.0,4122040259.0,28801.0,QN1203,2023,2,True,ONE FAMILY DWELLINGS
Queens,SOUTH OZONE PARK,01 ONE FAMILY DWELLINGS,1,11701,26,A1,120-18 135TH STREET,,11420.0,1.0,0.0,1.0,2088.0,980.0,1925.0,1,A1,595000,2023-02-22,40.675406,-73.80364,410.0,28.0,4253224.0,4117010026.0,180.0,QN1001,2023,2,True,ONE FAMILY DWELLINGS
Queens,ST. ALBANS,01 ONE FAMILY DWELLINGS,1,12617,38,A5,117-15 196TH STREET,,11412.0,1.0,0.0,1.0,5100.0,1056.0,1960.0,1,A5,605000,2023-02-22,40.69293,-73.755775,412.0,27.0,4271742.0,4126170038.0,394.0,QN1205,2023,2,True,ONE FAMILY DWELLINGS
Queens,ST. ALBANS,01 ONE FAMILY DWELLINGS,1,10946,183,A1,110-05 205TH STREET,,11412.0,1.0,0.0,1.0,3000.0,1240.0,1920.0,1,A1,550000,2023-02-22,40.705796,-73.752294,412.0,27.0,4234368.0,4109460183.0,510.0,QN1206,2023,2,True,ONE FAMILY DWELLINGS
Queens,SPRINGFIELD GARDENS,02 TWO FAMILY DWELLINGS,1,12309,66,B2,137-21 161ST STREET,,11434.0,2.0,0.0,2.0,3075.0,2772.0,1970.0,1,B2,375000,2023-02-22,40.671273,-73.775216,412.0,28.0,4266760.0,4123090066.0,294.0,QN1204,2023,2,True,TWO FAMILY DWELLINGS
Queens,WHITESTONE,01 ONE FAMILY DWELLINGS,1,4457,57,A0,145-77 9TH AVENUE,,11357.0,1.0,0.0,1.0,4880.0,1368.0,1945.0,1,A0,425000,2023-02-22,40.7916,-73.822181,407.0,19.0,4101519.0,4044570057.0,973.0,QN0702,2023,2,True,ONE FAMILY DWELLINGS
Queens,SUNNYSIDE,10 COOPS - ELEVATOR APARTMENTS,2,177,1,D4,"48-35 43RD STREET, 1B",,11377.0,,,,,,1931.0,2,D4,325000,2023-02-22,40.738521,-73.922463,402.0,26.0,4430642.0,4001770001.0,18501.0,QN0202,2023,2,True,COOPS - ELEVATOR APARTMENTS
Queens,WOODHAVEN,01 ONE FAMILY DWELLINGS,1,8989,134,A1,93-24 91ST AVENUE,,11421.0,1.0,0.0,1.0,2125.0,1344.0,1920.0,1,A1,695000,2023-02-22,40.689976,-73.849558,409.0,32.0,4186469.0,4089890134.0,20.0,QN0905,2023,2,True,ONE FAMILY DWELLINGS
Queens,WOODHAVEN,02 TWO FAMILY DWELLINGS,1,8942,46,B3,74-25 93RD AVE,,11421.0,2.0,0.0,2.0,1700.0,1214.0,1920.0,1,B3,750000,2023-02-22,40.684446,-73.865655,409.0,32.0,4184596.0,4089420046.0,6.0,QN0905,2023,2,True,TWO FAMILY DWELLINGS
Queens,WOODSIDE,10 COOPS - ELEVATOR APARTMENTS,2,1238,25,D4,"52-30 39TH DRIVE, 7S",,11377.0,,,,,,1963.0,2,D4,399000,2023-02-22,40.747172,-73.91107,402.0,26.0,4431299.0,4012380025.0,251.0,QN0203,2023,2,True,COOPS - ELEVATOR APARTMENTS
Queens,WHITESTONE,12 CONDOS - WALKUP APARTMENTS,2,4516,1045,R2,"150-31 12TH AVENUE, 223",223,11357.0,1.0,,1.0,,,2006.0,2,R2,518888,2023-02-22,40.790933,-73.813732,407.0,19.0,4534593.0,4045167501.0,981.0,QN0702,2023,2,True,CONDOS - WALKUP APARTMENTS
Bronx,BEDFORD PARK/NORWOOD,03 THREE FAMILY DWELLINGS,1,3311,117,C0,190 EAST 205 STREET,,10458.0,3.0,0.0,3.0,2859.0,2695.0,1910.0,1,C0,910000,2023-02-23,40.874995,-73.88451,207.0,11.0,2017354.0,2033110117.0,413.0,BX0702,2023,2,True,THREE FAMILY DWELLINGS
Bronx,BAYCHESTER,02 TWO FAMILY DWELLINGS,1,4958,38,B3,2082 STRANG AVENUE,,10466.0,2.0,0.0,2.0,2500.0,1600.0,1930.0,1,B3,900000,2023-02-23,40.890814,-73.839613,212.0,12.0,2066716.0,2049580038.0,426.0,BX1202,2023,2,True,TWO FAMILY DWELLINGS
Bronx,FORDHAM,02 TWO FAMILY DWELLINGS,1,3144,31,B1,2111 TIEBOUT AVE,,10457.0,2.0,0.0,2.0,2903.0,3520.0,1910.0,1,B1,850000,2023-02-23,40.853139,-73.898711,205.0,15.0,2013363.0,2031440031.0,379.0,BX0502,2023,2,True,TWO FAMILY DWELLINGS
Bronx,MORRIS PARK/VAN NEST,10 COOPS - ELEVATOR APARTMENTS,2,4289,50,D4,"760 BRADY AVENUE, 420",,10462.0,,,,,,1932.0,2,D4,170000,2023-02-23,40.852352,-73.865019,211.0,13.0,2048801.0,2042890050.0,22404.0,BX1101,2023,2,True,COOPS - ELEVATOR APARTMENTS
Bronx,MORRISANIA/LONGWOOD,09 COOPS - WALKUP APARTMENTS,2,2683,100,C6,"1021 AVENUE ST. JOHN, 4A",,10455.0,,,,,,1925.0,2,C6,75000,2023-02-23,40.813137,-73.901546,202.0,17.0,2005092.0,2026830100.0,83.0,BX0202,2023,2,True,COOPS - WALKUP APARTMENTS
Bronx,RIVERDALE,01 ONE FAMILY DWELLINGS,1,5730,837,A1,2711 NETHERLAND AVENUE,,10463.0,1.0,0.0,1.0,4025.0,1800.0,1945.0,1,A1,830000,2023-02-23,40.87989,-73.914187,208.0,11.0,2091868.0,2057300837.0,29302.0,BX0803,2023,2,True,ONE FAMILY DWELLINGS
Bronx,PELHAM PARKWAY SOUTH,01 ONE FAMILY DWELLINGS,1,4278,63,A1,1239 PAWNEE PLACE,,10461.0,1.0,0.0,1.0,5000.0,2035.0,1940.0,1,A1,830000,2023-02-23,40.854872,-73.849572,211.0,13.0,2048746.0,2042780063.0,288.0,BX1102,2023,2,True,ONE FAMILY DWELLINGS
Bronx,PELHAM PARKWAY NORTH,02 TWO FAMILY DWELLINGS,1,4455,39,B1,2455 ESPLANADE,,10469.0,2.0,0.0,2.0,9000.0,2052.0,1960.0,1,B1,750000,2023-02-23,40.862659,-73.852262,211.0,13.0,2051992.0,2044550039.0,326.0,BX1103,2023,2,True,TWO FAMILY DWELLINGS
Bronx,RIVERDALE,10 COOPS - ELEVATOR APARTMENTS,2,5724,685,D4,"601 KAPPOCK STREET, 4H",,10463.0,,,,,,1960.0,2,D4,377000,2023-02-23,40.878912,-73.916684,208.0,11.0,2083258.0,2057240685.0,29302.0,BX0803,2023,2,True,COOPS - ELEVATOR APARTMENTS
Bronx,RIVERDALE,01 ONE FAMILY DWELLINGS,1,5909,123,A5,"595 WEST 239 STREET, A1",,10463.0,1.0,0.0,1.0,2204.0,1600.0,1991.0,1,A5,1055000,2023-02-23,40.889584,-73.910829,208.0,11.0,2000000.0,2059090110.0,30701.0,BX0803,2023,2,True,ONE FAMILY DWELLINGS
Bronx,WESTCHESTER,02 TWO FAMILY DWELLINGS,1,4000,63,B2,1607 OVERING STREET,,10461.0,2.0,0.0,2.0,2400.0,2064.0,1920.0,1,B2,755000,2023-02-23,40.842013,-73.847226,210.0,18.0,2042346.0,2040000063.0,200.0,BX1001,2023,2,True,TWO FAMILY DWELLINGS
Brooklyn,BATH BEACH,13 CONDOS - ELEVATOR APARTMENTS,2,6375,1008,R4,"16 BAY 25TH STREET, 3B",3B,11214.0,1.0,,1.0,,,2018.0,2,R4,738000,2023-02-23,40.603707,-73.997998,311.0,43.0,3166903.0,3063757501.0,288.0,BK1101,2023,2,True,CONDOS - ELEVATOR APARTMENTS
Brooklyn,BAY RIDGE,01 ONE FAMILY DWELLINGS,1,6104,30,A1,50 93RD STREET,,11209.0,1.0,0.0,1.0,3000.0,1456.0,1925.0,1,A1,1450000,2023-02-23,40.618896,-74.03843,310.0,47.0,3155143.0,3061040030.0,5202.0,BK1001,2023,2,True,ONE FAMILY DWELLINGS
Brooklyn,BAY RIDGE,01 ONE FAMILY DWELLINGS,1,5881,35,A5,31 MACKAY PLACE,,11209.0,1.0,0.0,1.0,1130.0,1296.0,1925.0,1,A5,910000,2023-02-23,40.636958,-74.034921,310.0,47.0,3146082.0,3058810035.0,34.0,BK1001,2023,2,True,ONE FAMILY DWELLINGS
Brooklyn,BAY RIDGE,10 COOPS - ELEVATOR APARTMENTS,2,5885,103,D4,"7002 RIDGE BLVD., A7",,11209.0,,,,,,1931.0,2,D4,200000,2023-02-23,40.63576,-74.028997,310.0,47.0,3146308.0,3058850103.0,36.0,BK1001,2023,2,True,COOPS - ELEVATOR APARTMENTS
Brooklyn,BEDFORD STUYVESANT,02 TWO FAMILY DWELLINGS,1,1813,87,B3,211 MONROE ST,,11216.0,2.0,0.0,2.0,2000.0,3200.0,1899.0,1,B3,1150000,2023-02-23,40.685559,-73.949852,303.0,36.0,3051156.0,3018130087.0,251.0,BK0301,2023,2,True,TWO FAMILY DWELLINGS
Brooklyn,BAY RIDGE,09 COOPS - WALKUP APARTMENTS,2C,6064,11,C6,"330 89TH STREET, 3F",,11209.0,,,,,,1986.0,2,C6,200000,2023-02-23,40.621124,-74.030932,310.0,47.0,3253451.0,3060640011.0,60.0,BK1001,2023,2,True,COOPS - WALKUP APARTMENTS
Brooklyn,BAY RIDGE,07 RENTALS - WALKUP APARTMENTS,2A,5988,15,C2,318 80TH STREET,,11209.0,6.0,0.0,6.0,2187.0,4920.0,1931.0,2,C2,1420000,2023-02-23,40.627646,-74.028521,310.0,47.0,3151268.0,3059880015.0,64.0,BK1001,2023,2,True,RENTALS - WALKUP APARTMENTS
Brooklyn,BEDFORD STUYVESANT,15 CONDOS - 2-10 UNIT RESIDENTIAL,2C,1913,1802,R1,"154 SKILLMAN ST, 2",2,11205.0,1.0,,1.0,,,2002.0,2,R1,542900,2023-02-23,40.693698,-73.956947,303.0,33.0,3348670.0,3019137511.0,235.0,BK0301,2023,2,True,CONDOS - 2-10 UNIT RESIDENTIAL
Brooklyn,BOROUGH PARK,03 THREE FAMILY DWELLINGS,1,5629,64,C0,1333 48TH STREET,,11219.0,3.0,0.0,3.0,2003.0,2480.0,1931.0,1,C0,2450000,2023-02-23,40.635088,-73.990697,312.0,44.0,3137258.0,3056290064.0,234.0,BK1202,2023,2,True,THREE FAMILY DWELLINGS
Brooklyn,BOROUGH PARK,02 TWO FAMILY DWELLINGS,1,5689,32,B2,1160 56TH STREET,,11219.0,2.0,0.0,2.0,2583.0,2604.0,1925.0,1,B2,1700000,2023-02-23,40.632988,-73.99933,312.0,44.0,3140021.0,3056890032.0,216.0,BK1202,2023,2,True,TWO FAMILY DWELLINGS
Brooklyn,BOROUGH PARK,15 CONDOS - 2-10 UNIT RESIDENTIAL,2C,5366,1203,R1,"1568 38TH STREET, 3",3,11218.0,1.0,,1.0,,,1930.0,2,R1,900000,2023-02-23,40.637823,-73.980151,312.0,39.0,3125856.0,3053667503.0,228.0,BK1202,2023,2,True,CONDOS - 2-10 UNIT RESIDENTIAL
Brooklyn,BOROUGH PARK,13 CONDOS - ELEVATOR APARTMENTS,2,5714,1204,R4,"818 60TH STREET, 3A",3A,11220.0,1.0,,1.0,,,2016.0,2,R4,575311,2023-02-23,40.635118,-74.008953,312.0,43.0,3420622.0,3057147503.0,118.0,BK0703,2023,2,True,CONDOS - ELEVATOR APARTMENTS
Brooklyn,BRIGHTON BEACH,10 COOPS - ELEVATOR APARTMENTS,2,7260,28,D4,"2727 OCEAN PKWY, A23",,11235.0,,,,,,1956.0,2,D4,280000,2023-02-23,40.582809,-73.967034,313.0,48.0,3196299.0,3072600028.0,366.0,BK1303,2023,2,True,COOPS - ELEVATOR APARTMENTS
Brooklyn,BROOKLYN HEIGHTS,10 COOPS - ELEVATOR APARTMENTS,2,238,65,D4,"40 CLINTON STREET, 6E",,11201.0,,,,,,1964.0,2,D4,510000,2023-02-23,40.695374,-73.9919,302.0,33.0,3001936.0,3002380065.0,502.0,BK0201,2023,2,True,COOPS - ELEVATOR APARTMENTS
Brooklyn,BUSHWICK,15 CONDOS - 2-10 UNIT RESIDENTIAL,2C,3296,1102,R1,"1160 GREENE AVENUE, 2A",2A,11221.0,1.0,,1.0,,,2021.0,2,R1,539673,2023-02-23,40.694533,-73.922962,304.0,37.0,3075355.0,3032967502.0,419.0,BK0402,2023,2,True,CONDOS - 2-10 UNIT RESIDENTIAL
Brooklyn,BUSHWICK,12 CONDOS - WALKUP APARTMENTS,2C,3387,1106,R1,"1066 JEFFERSON AVENUE, 3A",3A,11221.0,1.0,,1.0,,,2020.0,2,R2,335000,2023-02-23,40.687829,-73.916656,304.0,37.0,3428998.0,3033877502.0,397.0,BK0402,2023,2,True,CONDOS - WALKUP APARTMENTS
Brooklyn,BUSHWICK,12 CONDOS - WALKUP APARTMENTS,2C,3387,1111,R1,"1066 JEFFERSON AVENUE, S1",S1,11221.0,1.0,,1.0,,,2020.0,2,R2,538000,2023-02-23,40.687829,-73.916656,304.0,37.0,3428998.0,3033877502.0,397.0,BK0402,2023,2,True,CONDOS - WALKUP APARTMENTS
Brooklyn,BUSHWICK,15 CONDOS - 2-10 UNIT RESIDENTIAL,2C,3232,1101,R1,"1273 DEKALB AVENUE, 1",1,11221.0,1.0,,1.0,,,2017.0,2,R1,815000,2023-02-23,40.697012,-73.926414,304.0,34.0,3425769.0,3032327502.0,423.0,BK0401,2023,2,True,CONDOS - 2-10 UNIT RESIDENTIAL
Brooklyn,CARROLL GARDENS,07 RENTALS - WALKUP APARTMENTS,2A,356,37,C3,99 1 PLACE,,11231.0,4.0,0.0,4.0,1600.0,2700.0,1900.0,2,C3,2900000,2023-02-23,40.680446,-73.997318,306.0,39.0,3004975.0,3003560037.0,65.0,BK0601,2023,2,True,RENTALS - WALKUP APARTMENTS
Brooklyn,CLINTON HILL,10 COOPS - ELEVATOR APARTMENTS,2,1944,4,D4,"345 CLINTON AVENUE, 6A",,11238.0,,,,,,1946.0,2,D4,675000,2023-02-23,40.687542,-73.967689,302.0,35.0,3321875.0,3019440004.0,197.0,BK0204,2023,2,True,COOPS - ELEVATOR APARTMENTS
Brooklyn,CROWN HEIGHTS,37 RELIGIOUS FACILITIES,4,1390,30,M9,1344 LINCOLN PLACE,,11213.0,0.0,2.0,2.0,1620.0,1332.0,1920.0,4,M9,877500,2023-02-23,40.669792,-73.932157,308.0,35.0,3037331.0,3013900030.0,35101.0,BK0802,2023,2,True,RELIGIOUS FACILITIES
Brooklyn,CROWN HEIGHTS,15 CONDOS - 2-10 UNIT RESIDENTIAL,2C,1273,1102,R1,"1015A PRESIDENT STREET, 1R",1R,11225.0,1.0,,1.0,,,1920.0,2,R1,882984,2023-02-23,40.668729,-73.957713,309.0,35.0,3033152.0,3012737502.0,325.0,BK0901,2023,2,True,CONDOS - 2-10 UNIT RESIDENTIAL
Brooklyn,CROWN HEIGHTS,12 CONDOS - WALKUP APARTMENTS,2,1254,1208,R2,"764 ST JOHNS PLACE, 3C",3C,11216.0,1.0,,1.0,,,1910.0,2,R2,515000,2023-02-23,40.671765,-73.952786,308.0,35.0,3032221.0,3012547503.0,31702.0,BK0802,2023,2,True,CONDOS - WALKUP APARTMENTS
Brooklyn,CROWN HEIGHTS,33 EDUCATIONAL FACILITIES,4,1390,129,W2,1342 LINCOLN PLACE,,11213.0,0.0,2.0,2.0,1620.0,1332.0,1920.0,4,W2,877500,2023-02-23,40.669795,-73.932204,308.0,35.0,3037345.0,3013900129.0,35101.0,BK0802,2023,2,True,EDUCATIONAL FACILITIES
Brooklyn,CROWN HEIGHTS,12 CONDOS - WALKUP APARTMENTS,2,1254,1211,R2,"764 ST JOHNS PLACE, 4B",4B,11216.0,1.0,,1.0,,,1910.0,2,R2,500000,2023-02-23,40.671765,-73.952786,308.0,35.0,3032221.0,3012547503.0,31702.0,BK0802,2023,2,True,CONDOS - WALKUP APARTMENTS
Brooklyn,DOWNTOWN-FULTON MALL,10 COOPS - ELEVATOR APARTMENTS,2,271,47,D4,"96 SCHERMERHORN STREET, 11B",,11201.0,,,,,,1928.0,2,D4,700000,2023-02-23,40.690488,-73.990174,302.0,33.0,3002707.0,3002710047.0,9.0,BK0201,2023,2,True,COOPS - ELEVATOR APARTMENTS
Brooklyn,DOWNTOWN-FULTON MALL,11 SPECIAL CONDO BILLING LOTS,2,149,1102,RR,"138 WILLOUGHBY STREET, 28A",RESI,11201.0,458.0,0.0,458.0,21474.0,472115.0,2017.0,2,RR,1923539,2023-02-23,40.692069,-73.983135,302.0,33.0,3396962.0,3001497502.0,1502.0,BK0202,2023,2,True,SPECIAL CONDO BILLING LOTS
Brooklyn,EAST NEW YORK,02 TWO FAMILY DWELLINGS,1,3967,30,B2,236 ASHFORD STREET,,11207.0,2.0,0.0,2.0,2250.0,2171.0,1901.0,1,B2,461370,2023-02-23,40.676752,-73.88587,305.0,37.0,3088344.0,3039670030.0,1170.0,BK0501,2023,2,True,TWO FAMILY DWELLINGS
Brooklyn,FLATBUSH-CENTRAL,10 COOPS - ELEVATOR APARTMENTS,2,5197,40,D4,"570 WESTMINSTER ROAD, 2F",,11230.0,,,,,,1935.0,2,D4,285000,2023-02-23,40.634792,-73.966064,314.0,40.0,3120093.0,3051970040.0,526.0,BK1402,2023,2,True,COOPS - ELEVATOR APARTMENTS
Brooklyn,FLATBUSH-EAST,10 COOPS - ELEVATOR APARTMENTS,2,4905,1,D4,"3400 SNYDER AVE, 5D",,11203.0,,,,,,1956.0,2,D4,180000,2023-02-23,40.649161,-73.945368,317.0,45.0,3110167.0,3049050001.0,856.0,BK1701,2023,2,True,COOPS - ELEVATOR APARTMENTS
Brooklyn,FORT GREENE,12 CONDOS - WALKUP APARTMENTS,2,2073,1006,R2,"159 CARLTON AVENUE, 2B",2B,11205.0,1.0,,1.0,,,1987.0,2,R2,1705000,2023-02-23,40.692797,-73.97276,302.0,35.0,3251652.0,3020737501.0,183.0,BK0203,2023,2,True,CONDOS - WALKUP APARTMENTS
Brooklyn,MADISON,10 COOPS - ELEVATOR APARTMENTS,2,6796,26,D4,"1750 EAST 14TH ST, 2A",,11229.0,,,,,,1961.0,2,D4,117500,2023-02-23,40.606925,-73.958893,315.0,48.0,3182894.0,3067960026.0,554.0,BK1501,2023,2,True,COOPS - ELEVATOR APARTMENTS
Brooklyn,MADISON,01 ONE FAMILY DWELLINGS,1,7318,60,A9,2053 EAST 13TH STREET,,11229.0,1.0,0.0,1.0,2000.0,1316.0,1920.0,1,A9,1400000,2023-02-23,40.599709,-73.958448,315.0,48.0,3198044.0,3073180060.0,582.0,BK1501,2023,2,True,ONE FAMILY DWELLINGS
Brooklyn,MARINE PARK,01 ONE FAMILY DWELLINGS,1,8507,52,A1,1930 COLEMAN STREET,,11234.0,1.0,0.0,1.0,3000.0,1192.0,1925.0,1,A1,817000,2023-02-23,40.613108,-73.928912,318.0,46.0,3240472.0,3085070052.0,652.0,BK1802,2023,2,True,ONE FAMILY DWELLINGS
Brooklyn,MILL BASIN,02 TWO FAMILY DWELLINGS,1,8640,27,B1,2423 EAST 65TH STREET,,11234.0,2.0,0.0,2.0,5000.0,3624.0,1960.0,1,B1,737500,2023-02-23,40.611226,-73.907628,318.0,46.0,3243656.0,3086400027.0,70201.0,BK1802,2023,2,True,TWO FAMILY DWELLINGS
Brooklyn,OCEAN PARKWAY-NORTH,10 COOPS - ELEVATOR APARTMENTS,2,6568,33,D4,"1360 OCEAN PARKWAY, 12B",,11230.0,,,,,,1964.0,2,D4,325000,2023-02-23,40.615623,-73.968858,312.0,44.0,3172890.0,3065680033.0,444.0,BK1204,2023,2,True,COOPS - ELEVATOR APARTMENTS
Brooklyn,OCEAN PARKWAY-NORTH,10 COOPS - ELEVATOR APARTMENTS,2,5389,41,D4,"488 OCEAN PARKWAY, 3C",,11218.0,,,,,,1958.0,2,D4,415000,2023-02-23,40.636707,-73.972855,312.0,39.0,3126787.0,3053890041.0,490.0,BK1203,2023,2,True,COOPS - ELEVATOR APARTMENTS
Brooklyn,OCEAN PARKWAY-NORTH,10 COOPS - ELEVATOR APARTMENTS,2,6568,33,D4,"1360 OCEAN PKWY, 4F",,11230.0,,,,,,1964.0,2,D4,315000,2023-02-23,40.615623,-73.968858,312.0,44.0,3172890.0,3065680033.0,444.0,BK1204,2023,2,True,COOPS - ELEVATOR APARTMENTS
Brooklyn,SHEEPSHEAD BAY,37 RELIGIOUS FACILITIES,4,7399,26,M1,2348 EAST 15TH STREET,,11229.0,0.0,1.0,1.0,2000.0,1280.0,1930.0,4,M1,910000,2023-05-30,40.593298,-73.955369,315.0,48.0,3201838.0,3073990026.0,586.0,BK1503,2023,5,True,RELIGIOUS FACILITIES
Manhattan,CHELSEA,13 CONDOS - ELEVATOR APARTMENTS,2,723,1001,R4,"263 NINTH AVENUE, 1A",1A,10001.0,1.0,,1.0,,,,2,R4,1525000,2023-05-30,40.748178,-74.000112,104.0,3.0,1012826.0,1007237501.0,93.0,MN0401,2023,5,True,CONDOS - ELEVATOR APARTMENTS
Manhattan,CHELSEA,09 COOPS - WALKUP APARTMENTS,2,746,71,C6,"354 WEST 23RD ST., 2C",,10011.0,,,,,,1900.0,2,C6,405000,2023-05-30,40.74593,-74.000014,104.0,3.0,1013371.0,1007460071.0,93.0,MN0401,2023,5,True,COOPS - WALKUP APARTMENTS
Manhattan,CHINATOWN,07 RENTALS - WALKUP APARTMENTS,2,200,22,C7,73 MOTT STREET,,10013.0,16.0,2.0,18.0,2278.0,11112.0,1915.0,2,C7,3558888,2023-05-30,40.716279,-73.998106,103.0,1.0,1002395.0,1002000022.0,2902.0,MN0301,2023,5,True,RENTALS - WALKUP APARTMENTS
Manhattan,FASHION,45 CONDO HOTELS,4,830,1214,RH,"35 WEST 28TH STREET, PH43A",PH43A,10001.0,,1.0,1.0,,,2018.0,4,RH,8235256,2023-05-30,40.745512,-73.989242,105.0,3.0,1090462.0,1008307503.0,76.0,MN0501,2023,5,True,CONDO HOTELS
Manhattan,FASHION,10 COOPS - ELEVATOR APARTMENTS,2,804,8,D0,"151 WEST 28TH STREET, 7W",,10001.0,,,,,,1922.0,2,D0,1995000,2023-05-30,40.746655,-73.991952,105.0,3.0,1015098.0,1008040008.0,95.0,MN0501,2023,5,True,COOPS - ELEVATOR APARTMENTS
Manhattan,CLINTON,17 CONDO COOPS,2,1071,1401,R9,"529 WEST 42ND STREET, 5E",,10036.0,,,,,,,2,R9,800000,2023-05-30,40.760244,-73.996917,104.0,3.0,1082441.0,1010717502.0,12901.0,MN0402,2023,5,True,CONDO COOPS
Manhattan,FINANCIAL,13 CONDOS - ELEVATOR APARTMENTS,2,23,1236,R4,"1 WALL STREET, 1514",1514,10005.0,1.0,,1.0,,,,2,R4,1288282,2023-05-30,40.707278,-74.01191,101.0,1.0,1000815.0,1000237501.0,7.0,MN0101,2023,5,True,CONDOS - ELEVATOR APARTMENTS
Manhattan,EAST VILLAGE,13 CONDOS - ELEVATOR APARTMENTS,2,446,1203,R4,"75 FIRST AVENUE, 3B",3B,10003.0,1.0,,1.0,,,2017.0,2,R4,1122825,2023-05-30,40.725541,-73.986795,103.0,2.0,1088693.0,1004467503.0,38.0,MN0303,2023,5,True,CONDOS - ELEVATOR APARTMENTS
Manhattan,FINANCIAL,13 CONDOS - ELEVATOR APARTMENTS,2,25,1128,R4,"25 BROAD STREET, J010",J010,10004.0,1.0,,1.0,,,1900.0,2,R4,1370000,2023-05-30,40.706114,-74.01126,101.0,1.0,1000824.0,1000257502.0,9.0,MN0101,2023,5,True,CONDOS - ELEVATOR APARTMENTS
Manhattan,FINANCIAL,13 CONDOS - ELEVATOR APARTMENTS,2,23,1065,R4,"1 WALL STREET, 808",808,10005.0,1.0,,1.0,,,1930.0,2,R4,1090946,2023-05-30,40.707278,-74.01191,101.0,1.0,1000815.0,1000237501.0,7.0,MN0101,2023,5,True,CONDOS - ELEVATOR APARTMENTS
Manhattan,GRAMERCY,10 COOPS - ELEVATOR APARTMENTS,2,906,24,D4,"245 EAST 25TH STREET, 5F",,10010.0,,,,,,1964.0,2,D4,750000,2023-05-30,40.739684,-73.981167,106.0,2.0,1019831.0,1009060024.0,66.0,MN0603,2023,5,True,COOPS - ELEVATOR APARTMENTS
Manhattan,FINANCIAL,13 CONDOS - ELEVATOR APARTMENTS,2,44,1079,R4,"20 PINE STREET, 809",809,10005.0,1.0,,1.0,,,1928.0,2,R4,472546,2023-05-30,40.707555,-74.009962,101.0,1.0,1001022.0,1000447501.0,7.0,MN0101,2023,5,True,CONDOS - ELEVATOR APARTMENTS
Manhattan,GREENWICH VILLAGE-CENTRAL,10 COOPS - ELEVATOR APARTMENTS,2,551,1,D4,"2 FIFTH AVENUE, 12PQ",,10011.0,,,,,,1952.0,2,D4,4375000,2023-05-30,40.731921,-73.996608,102.0,2.0,1008850.0,1005510001.0,63.0,MN0202,2023,5,True,COOPS - ELEVATOR APARTMENTS
Manhattan,GREENWICH VILLAGE-CENTRAL,13 CONDOS - ELEVATOR APARTMENTS,2,521,1606,R4,"40 BLEECKER ST, 2E",2E,10012.0,1.0,,1.0,,,2018.0,2,R4,2130000,2023-05-30,40.725731,-73.99409,102.0,2.0,1008181.0,1005217506.0,5502.0,MN0202,2023,5,True,CONDOS - ELEVATOR APARTMENTS
Manhattan,GREENWICH VILLAGE-CENTRAL,13 CONDOS - ELEVATOR APARTMENTS,2,567,1027,R4,"25 5 AVENUE, 4E",4E,10003.0,1.0,,1.0,,,1921.0,2,R4,2150000,2023-05-30,40.733016,-73.995782,102.0,2.0,1009224.0,1005677501.0,59.0,MN0202,2023,5,True,CONDOS - ELEVATOR APARTMENTS
Manhattan,HARLEM-CENTRAL,13 CONDOS - ELEVATOR APARTMENTS,2,1599,1080,R4,"1400 5 AVENUE, 3G",3G,10026.0,1.0,,1.0,,,2003.0,2,R4,800000,2023-05-30,40.800159,-73.94684,110.0,9.0,1086518.0,1015997501.0,190.0,MN1001,2023,5,True,CONDOS - ELEVATOR APARTMENTS
Manhattan,LOWER EAST SIDE,10 COOPS - ELEVATOR APARTMENTS,2,331,1,D4,"504B GRAND STREET, B64",,10002.0,,,,,,1929.0,2,D4,615000,2023-05-30,40.714672,-73.982328,103.0,1.0,1004064.0,1003310001.0,12.0,MN0302,2023,5,True,COOPS - ELEVATOR APARTMENTS
Manhattan,MIDTOWN EAST,10 COOPS - ELEVATOR APARTMENTS,2,1346,49,D4,"300 EAST 54TH ST, 29A",,10022.0,,,,,,1977.0,2,D4,692000,2023-05-30,40.757225,-73.966352,106.0,4.0,1039846.0,1013460049.0,98.0,MN0604,2023,5,True,COOPS - ELEVATOR APARTMENTS
Manhattan,MANHATTAN VALLEY,13 CONDOS - ELEVATOR APARTMENTS,2,1838,1004,R4,"420 CENTRAL PARK WEST, 1D",1D,10025.0,1.0,,1.0,,,1941.0,2,R4,500000,2023-05-30,40.795584,-73.961836,107.0,7.0,1055411.0,1018387501.0,189.0,MN0703,2023,5,True,CONDOS - ELEVATOR APARTMENTS
Manhattan,MANHATTAN VALLEY,13 CONDOS - ELEVATOR APARTMENTS,2,1845,1137,R4,"300 CATHEDRAL PARKWAY, 15G",15G,10026.0,1.0,,1.0,,,1989.0,2,R4,615000,2023-05-30,40.800862,-73.958961,107.0,7.0,1076522.0,1018457501.0,193.0,MN0703,2023,5,True,CONDOS - ELEVATOR APARTMENTS
Manhattan,MIDTOWN EAST,10 COOPS - ELEVATOR APARTMENTS,2,1365,20,D4,"60 SUTTON PLACE SOUTH, 4-HN",,10022.0,,,,,,1951.0,2,D4,600000,2023-05-30,40.755286,-73.962231,106.0,4.0,1040160.0,1013650020.0,8603.0,MN0604,2023,5,True,COOPS - ELEVATOR APARTMENTS
Manhattan,MIDTOWN WEST,43 CONDO OFFICE BUILDINGS,4,1259,1056,RB,"36 WEST 44TH STREET, 1216",1216,10036.0,,1.0,1.0,,,1922.0,4,RB,3608131,2023-05-30,40.755316,-73.981227,105.0,4.0,1034205.0,1012597501.0,96.0,MN0502,2023,5,True,CONDO OFFICE BUILDINGS
Manhattan,MURRAY HILL,10 COOPS - ELEVATOR APARTMENTS,2,864,35,D4,"10 PARK AVENUE, 15DE",,10016.0,,,,,,1932.0,2,D4,1750000,2023-05-30,40.747339,-73.981165,106.0,4.0,1017105.0,1008640035.0,74.0,MN0501,2023,5,True,COOPS - ELEVATOR APARTMENTS
Manhattan,MURRAY HILL,10 COOPS - ELEVATOR APARTMENTS,2,915,38,D4,"240 EAST 35TH STREET, 11J",,10016.0,,,,,,1955.0,2,D4,605000,2023-05-30,40.745818,-73.9763,106.0,4.0,1020163.0,1009150038.0,78.0,MN0603,2023,5,True,COOPS - ELEVATOR APARTMENTS
Manhattan,MURRAY HILL,10 COOPS - ELEVATOR APARTMENTS,2,889,15,D4,"139 EAST 33RD STREET, PHG/H",,10016.0,,,,,,1957.0,2,D4,1150000,2023-05-30,40.745838,-73.980436,105.0,4.0,1018492.0,1008890015.0,72.0,MN0603,2023,5,True,COOPS - ELEVATOR APARTMENTS
Manhattan,MURRAY HILL,13 CONDOS - ELEVATOR APARTMENTS,2,892,1307,R4,"45 PARK AVENUE, 303",303,10016.0,1.0,,1.0,,,2006.0,2,R4,2025000,2023-05-30,40.74878,-73.980092,106.0,4.0,1087674.0,1008927503.0,80.0,MN0603,2023,5,True,CONDOS - ELEVATOR APARTMENTS
Manhattan,MURRAY HILL,13 CONDOS - ELEVATOR APARTMENTS,2,858,1411,R4,"30 EAST 29TH STREET, 38C",38C,10016.0,1.0,,1.0,,,2018.0,2,R4,4355295,2023-05-30,40.744485,-73.984926,105.0,2.0,1091575.0,1008587504.0,74.0,MN0501,2023,5,True,CONDOS - ELEVATOR APARTMENTS
Manhattan,MIDTOWN WEST,13 CONDOS - ELEVATOR APARTMENTS,2,1272,1217,R4,"730 FIFTH AVENUE, 19B",19B,10019.0,1.0,,1.0,,,1921.0,2,R4,22145967,2023-05-30,40.762635,-73.974222,105.0,4.0,1035053.0,1012727503.0,11201.0,MN0502,2023,5,True,CONDOS - ELEVATOR APARTMENTS
Manhattan,TRIBECA,13 CONDOS - ELEVATOR APARTMENTS,2,16,5655,R4,"333 RECTOR PLACE, 604",604,10280.0,1.0,,1.0,,,1985.0,2,R4,2995000,2023-05-30,40.709448,-74.017252,101.0,1.0,1000055.0,1000167518.0,31704.0,MN0101,2023,5,True,CONDOS - ELEVATOR APARTMENTS
Manhattan,UPPER EAST SIDE (59-79),02 TWO FAMILY DWELLINGS,1,1433,19,B3,255 EAST 78TH STREET,,10075.0,2.0,0.0,2.0,1413.0,2730.0,1899.0,1,B3,3300000,2023-05-30,40.7731,-73.956588,108.0,5.0,1044172.0,1014330019.0,134.0,MN0801,2023,5,True,TWO FAMILY DWELLINGS
Manhattan,UPPER EAST SIDE (59-79),10 COOPS - ELEVATOR APARTMENTS,2,1424,6,D4,"205 EAST 69TH STREET, 4C",,10021.0,,,,,,1929.0,2,D4,1700000,2023-05-30,40.767514,-73.961285,108.0,5.0,1043905.0,1014240006.0,12602.0,MN0801,2023,5,True,COOPS - ELEVATOR APARTMENTS
Manhattan,UPPER EAST SIDE (59-79),10 COOPS - ELEVATOR APARTMENTS,2,1388,56,D4,"20 EAST 74TH STREET, 14A",,10021.0,,,,,,1947.0,2,D4,2000000,2023-05-30,40.773279,-73.964925,108.0,4.0,1041515.0,1013880056.0,130.0,MN0802,2023,5,True,COOPS - ELEVATOR APARTMENTS
Manhattan,UPPER EAST SIDE (59-79),10 COOPS - ELEVATOR APARTMENTS,2,1411,23,D4,"155 EAST 76 STREET, 2C",,10021.0,,,,,,1959.0,2,D4,525000,2023-05-30,40.772813,-73.959831,108.0,4.0,1043174.0,1014110023.0,128.0,MN0802,2023,5,True,COOPS - ELEVATOR APARTMENTS
Manhattan,UPPER EAST SIDE (79-96),01 ONE FAMILY DWELLINGS,1,1520,61,A9,128 EAST 92ND STREET,,10128.0,1.0,0.0,1.0,1510.0,3300.0,1901.0,1,A9,5750000,2023-05-30,40.783532,-73.95335,108.0,5.0,1048317.0,1015200061.0,15801.0,MN0802,2023,5,True,ONE FAMILY DWELLINGS
Manhattan,UPPER EAST SIDE (59-79),17 CONDO COOPS,2,1445,1002,R9,"300 EAST 71ST STREET, 7F",,10021.0,,,,,,1960.0,2,R9,475000,2023-05-30,40.767963,-73.958512,108.0,5.0,1044853.0,1014457501.0,12601.0,MN0801,2023,5,True,CONDO COOPS
Manhattan,UPPER EAST SIDE (59-79),13 CONDOS - ELEVATOR APARTMENTS,2,1451,1088,R4,"300 EAST 77TH STREET, 29B",29B,10075.0,1.0,,1.0,,,,2,R4,4850000,2023-05-30,40.771865,-73.955665,108.0,5.0,1045192.0,1014517501.0,134.0,MN0801,2023,5,True,CONDOS - ELEVATOR APARTMENTS
Manhattan,UPPER WEST SIDE (59-79),10 COOPS - ELEVATOR APARTMENTS,2,1125,2,D4,"49 WEST 72ND STREET, 15C",,10023.0,,,,,,1930.0,2,D4,600000,2023-05-30,40.777086,-73.978004,107.0,6.0,1028632.0,1011250002.0,157.0,MN0701,2023,5,True,COOPS - ELEVATOR APARTMENTS
Manhattan,UPPER WEST SIDE (59-79),10 COOPS - ELEVATOR APARTMENTS,2,1129,45,D4,"20 WEST 77TH STREET, 3A",,10024.0,,,,,,1926.0,2,D4,2637500,2023-05-30,40.779852,-73.974497,107.0,6.0,1028818.0,1011290045.0,161.0,MN0702,2023,5,True,COOPS - ELEVATOR APARTMENTS
Manhattan,UPPER WEST SIDE (59-79),10 COOPS - ELEVATOR APARTMENTS,2,1124,42,D4,"12 WEST 72 STREET, 7G",,10023.0,,,,,,1927.0,2,D4,420000,2023-05-30,40.7766,-73.976889,107.0,6.0,1028619.0,1011240042.0,157.0,MN0701,2023,5,True,COOPS - ELEVATOR APARTMENTS
Manhattan,UPPER EAST SIDE (79-96),13 CONDOS - ELEVATOR APARTMENTS,2,1577,1161,R4,"520 EAST 81ST STREET, PHA",PHA,10028.0,1.0,,1.0,,,,2,R4,1420000,2023-05-30,40.772224,-73.948357,108.0,5.0,1050880.0,1015777501.0,13602.0,MN0803,2023,5,True,CONDOS - ELEVATOR APARTMENTS
Manhattan,UPPER WEST SIDE (59-79),13 CONDOS - ELEVATOR APARTMENTS,2,1163,1057,R4,"211 WEST 71ST STREET, 16C",16C,10023.0,1.0,,1.0,,,1985.0,2,R4,1750000,2023-05-30,40.778158,-73.982651,107.0,6.0,1030444.0,1011637501.0,159.0,MN0701,2023,5,True,CONDOS - ELEVATOR APARTMENTS
Manhattan,UPPER WEST SIDE (79-96),09 COOPS - WALKUP APARTMENTS,2C,1239,38,C6,"204 WEST 92ND ST., 3R",,10025.0,,,,,,1910.0,2,C6,971000,2023-05-30,40.791621,-73.97255,107.0,6.0,1033596.0,1012390038.0,179.0,MN0702,2023,5,True,COOPS - WALKUP APARTMENTS
Manhattan,UPPER WEST SIDE (59-79),17 CONDO COOPS,2,1186,1039,R9,"393 WEST END AVENUE, 7D",,10024.0,,,,,,1927.0,2,R9,3320938,2023-05-30,40.784133,-73.981335,107.0,6.0,1031127.0,1011867501.0,167.0,MN0702,2023,5,True,CONDO COOPS
Manhattan,UPPER WEST SIDE (96-116),13 CONDOS - ELEVATOR APARTMENTS,2,1882,1179,R4,"545 WEST 110TH STREET, 8A",8A,10025.0,1.0,,1.0,,,2005.0,2,R4,2673500,2023-05-30,40.803996,-73.966274,109.0,7.0,1088200.0,1018827502.0,199.0,MN0901,2023,5,True,CONDOS - ELEVATOR APARTMENTS
Manhattan,UPPER WEST SIDE (79-96),10 COOPS - ELEVATOR APARTMENTS,2,1250,67,D4,"175 RIVERSIDE DRIVE, 11L",,10024.0,,,,,,1926.0,2,D4,685000,2023-05-30,40.791949,-73.978176,107.0,6.0,1085105.0,1012500067.0,175.0,MN0702,2023,5,True,COOPS - ELEVATOR APARTMENTS
Staten Island,BULLS HEAD,01 ONE FAMILY DWELLINGS,1,1670,542,A5,116 BIRCH ROAD,,10303.0,1.0,0.0,1.0,2850.0,1440.0,1975.0,1,A5,400000,2023-05-30,40.624445,-74.166066,501.0,49.0,5033408.0,5016700542.0,30302.0,SI0107,2023,5,True,ONE FAMILY DWELLINGS
Staten Island,ARROCHAR,01 ONE FAMILY DWELLINGS,1,3108,17,A2,129 SAND LANE,,10305.0,1.0,0.0,1.0,4000.0,740.0,1940.0,1,A2,360000,2023-05-30,40.596346,-74.070217,502.0,50.0,5045652.0,5031080017.0,74.0,SI0201,2023,5,True,ONE FAMILY DWELLINGS
Manhattan,WASHINGTON HEIGHTS UPPER,10 COOPS - ELEVATOR APARTMENTS,2,2179,258,D4,"17 CHITTENDEN AVENUE, 3A",,10033.0,,,,,,1939.0,2,D4,635000,2023-05-30,40.85525,-73.939093,112.0,10.0,1064363.0,1021790258.0,275.0,MN1202,2023,5,True,COOPS - ELEVATOR APARTMENTS
Staten Island,ARDEN HEIGHTS,04 TAX CLASS 1 CONDOS,1A,6017,1087,R3,"225 ROLLING HILL GREEN, 98",,10312.0,1.0,,1.0,,,1979.0,1,R3,600000,2023-05-30,40.551318,-74.193855,503.0,51.0,5118991.0,5060177501.0,17014.0,SI0303,2023,5,True,TAX CLASS 1 CONDOS
Staten Island,ANNADALE,01 ONE FAMILY DWELLINGS,1,6456,21,A1,440 PHILIP AVENUE,,10312.0,1.0,0.0,1.0,7200.0,3800.0,1996.0,1,A1,1362000,2023-05-30,40.525051,-74.174452,503.0,51.0,5154192.0,5064560021.0,176.0,SI0304,2023,5,True,ONE FAMILY DWELLINGS
Staten Island,CASTLETON CORNERS,02 TWO FAMILY DWELLINGS,1,365,39,B2,15 CONSTANT AVENUE,,10314.0,2.0,0.0,2.0,3040.0,2075.0,1925.0,1,B2,350000,2023-05-30,40.619225,-74.12411,501.0,50.0,5010163.0,5003650039.0,151.0,SI0105,2023,5,True,TWO FAMILY DWELLINGS
Staten Island,ELTINGVILLE,02 TWO FAMILY DWELLINGS,1,5600,78,B2,577 LAMOKA AVENUE,,10312.0,2.0,0.0,2.0,4000.0,2400.0,1975.0,1,B2,949800,2023-05-30,40.548012,-74.170485,503.0,51.0,5074153.0,5056000078.0,17011.0,SI0302,2023,5,True,TWO FAMILY DWELLINGS
Staten Island,GRANT CITY,13 CONDOS - ELEVATOR APARTMENTS,2,3543,1001,R4,"175 ZOE STREET, 1A",1A,10305.0,1.0,,1.0,,,1986.0,2,R4,1250000,2023-05-30,40.584504,-74.100979,502.0,50.0,5091251.0,5035437501.0,11401.0,SI0201,2023,5,True,CONDOS - ELEVATOR APARTMENTS
Staten Island,GREAT KILLS-BAY TERRACE,09 COOPS - WALKUP APARTMENTS,2,5090,35,C6,"18 BAY TERRACE, 1B",,10306.0,,,,,,1977.0,2,C6,184000,2023-05-30,40.55658,-74.138406,503.0,51.0,5109758.0,5050900035.0,13203.0,SI0302,2023,5,True,COOPS - WALKUP APARTMENTS
Staten Island,MANOR HEIGHTS,01 ONE FAMILY DWELLINGS,1,690,324,A1,113 MELHORN ROAD,,10314.0,1.0,0.0,1.0,4150.0,3128.0,1955.0,1,A1,999000,2023-05-30,40.609288,-74.114302,502.0,50.0,5017306.0,5006900324.0,17701.0,SI0203,2023,5,True,ONE FAMILY DWELLINGS
Staten Island,NEW BRIGHTON,10 COOPS - ELEVATOR APARTMENTS,2,3,1,D4,"350 RICHMOND TERRACE, 1S",,10301.0,,,,,,1960.0,2,D4,450000,2023-05-30,40.648311,-74.084801,501.0,49.0,5000009.0,5000030001.0,7.0,SI0101,2023,5,True,COOPS - ELEVATOR APARTMENTS
Staten Island,MIDLAND BEACH,01 ONE FAMILY DWELLINGS,1,3891,7,A5,378 COLONY AVENUE,,10306.0,1.0,0.0,1.0,2000.0,1200.0,2005.0,1,A5,676000,2023-05-30,40.569616,-74.094924,502.0,50.0,5055194.0,5038910007.0,11203.0,SI0202,2023,5,True,ONE FAMILY DWELLINGS
Staten Island,MANOR HEIGHTS,01 ONE FAMILY DWELLINGS,1,753,4,A9,19 QUEEN STREET,,10314.0,1.0,0.0,1.0,3000.0,1584.0,1970.0,1,A9,710000,2023-05-30,40.603001,-74.121444,502.0,50.0,5019266.0,5007530004.0,18704.0,SI0203,2023,5,True,ONE FAMILY DWELLINGS
Staten Island,NEW SPRINGVILLE,01 ONE FAMILY DWELLINGS,1,2015,296,A5,1195C ROCKLAND AVENUE,,10314.0,1.0,0.0,1.0,1470.0,1690.0,1990.0,1,A5,550000,2023-05-30,40.593765,-74.157366,502.0,51.0,5101791.0,5020150296.0,27301.0,SI0204,2023,5,True,ONE FAMILY DWELLINGS
Staten Island,NEW SPRINGVILLE,01 ONE FAMILY DWELLINGS,1,2445,19,A5,42 LOTT LANE,,10314.0,1.0,0.0,1.0,2520.0,2016.0,1997.0,1,A5,702000,2023-05-30,40.575432,-74.163536,502.0,51.0,5126032.0,5024450019.0,27702.0,SI0204,2023,5,True,ONE FAMILY DWELLINGS
Staten Island,ROSEBANK,01 ONE FAMILY DWELLINGS,1,2982,9,A5,360 HYLAN BOULEVARD,,10305.0,1.0,0.0,1.0,1540.0,1825.0,1993.0,1,A5,552000,2023-05-30,40.61034,-74.073491,501.0,49.0,5113326.0,5029820009.0,2001.0,SI0103,2023,5,True,ONE FAMILY DWELLINGS
Staten Island,SOUTH BEACH,01 ONE FAMILY DWELLINGS,1,3411,172,A5,69 MC LAUGHLIN STREET,,10305.0,1.0,0.0,1.0,1725.0,1380.0,2004.0,1,A5,631250,2023-05-30,40.589957,-74.073,502.0,50.0,5142167.0,5034110172.0,7002.0,SI0201,2023,5,True,ONE FAMILY DWELLINGS
Staten Island,ROSEBANK,01 ONE FAMILY DWELLINGS,1,2993,63,A1,362 VIRGINIA AVENUE,,10305.0,1.0,0.0,1.0,4000.0,2198.0,1965.0,1,A1,920000,2023-05-30,40.609346,-74.077336,501.0,49.0,5044228.0,5029930063.0,36.0,SI0103,2023,5,True,ONE FAMILY DWELLINGS
Staten Island,TODT HILL,01 ONE FAMILY DWELLINGS,1,878,287,A3,47 ANNFIELD COURT,,10304.0,1.0,0.0,1.0,10507.0,6800.0,1995.0,1,A3,1800000,2023-05-30,40.600701,-74.106657,502.0,50.0,5131493.0,5008780287.0,17701.0,SI0203,2023,5,True,ONE FAMILY DWELLINGS
Queens,ASTORIA,10 COOPS - ELEVATOR APARTMENTS,2,709,28,D4,"44-14 NEWTOWN ROAD, 4S",,11103.0,,,,,,1930.0,2,D4,360000,2023-05-30,40.759172,-73.914155,401.0,22.0,4012495.0,4007090028.0,153.0,QN0104,2023,5,True,COOPS - ELEVATOR APARTMENTS
Staten Island,WOODROW,02 TWO FAMILY DWELLINGS,1,7267,207,B9,18 HEMLOCK LANE,,10309.0,2.0,0.0,2.0,3801.0,2704.0,1996.0,1,B9,830000,2023-05-30,40.538104,-74.221422,503.0,51.0,5124739.0,5072670207.0,22601.0,SI0304,2023,5,True,TWO FAMILY DWELLINGS
Queens,BAYSIDE,10 COOPS - ELEVATOR APARTMENTS,2,5878,3,D4,"18-50 211TH STREET, 6F",,11360.0,,,,,,1961.0,2,D4,299800,2023-05-30,40.780364,-73.78112,407.0,19.0,4443730.0,4058780003.0,99704.0,QN0703,2023,5,True,COOPS - ELEVATOR APARTMENTS
Queens,BAYSIDE,02 TWO FAMILY DWELLINGS,1,7360,50,B3,48-11 201ST STREET,,11364.0,2.0,0.0,2.0,4450.0,1202.0,1950.0,1,B3,1165000,2023-05-30,40.751915,-73.77873,411.0,20.0,4158023.0,4073600050.0,145102.0,QN1101,2023,5,True,TWO FAMILY DWELLINGS
Queens,BAYSIDE,01 ONE FAMILY DWELLINGS,1,7424,11,A1,53-26 BELL BOULEVARD,,11364.0,1.0,0.0,1.0,4200.0,2000.0,1935.0,1,A1,1133000,2023-05-30,40.751921,-73.763698,411.0,23.0,4159715.0,4074240011.0,1399.0,QN1102,2023,5,True,ONE FAMILY DWELLINGS
Queens,BELLEROSE,02 TWO FAMILY DWELLINGS,1,7977,7,B3,88-43 238TH STREET,,11426.0,2.0,0.0,2.0,3000.0,1600.0,1930.0,1,B3,875000,2023-05-30,40.729445,-73.729039,413.0,23.0,4167201.0,4079770007.0,1621.0,QN1302,2023,5,True,TWO FAMILY DWELLINGS
Queens,CORONA,10 COOPS - ELEVATOR APARTMENTS,2,1907,1,D4,"55-25 98TH STREET, 1A",,11368.0,,,,,,1964.0,2,D4,218000,2023-05-30,40.738833,-73.862756,404.0,21.0,4431634.0,4019070001.0,44302.0,QN0402,2023,5,True,COOPS - ELEVATOR APARTMENTS
Queens,COLLEGE POINT,02 TWO FAMILY DWELLINGS,1,3948,9,B2,124-16 5TH AVENUE,,11356.0,2.0,0.0,2.0,2500.0,1800.0,2018.0,1,B2,1130000,2023-05-30,40.792572,-73.843306,407.0,19.0,4617155.0,4039480009.0,939.0,QN0701,2023,5,True,TWO FAMILY DWELLINGS
Queens,CORONA,10 COOPS - ELEVATOR APARTMENTS,2,1949,106,D4,"58-03 CALLOWAY STREET, 4N",,11368.0,,,,,,1968.0,2,D4,195000,2023-05-30,40.738059,-73.858286,404.0,21.0,4047930.0,4019490106.0,43702.0,QN0402,2023,5,True,COOPS - ELEVATOR APARTMENTS
Queens,FAR ROCKAWAY,02 TWO FAMILY DWELLINGS,1,15785,26,B3,25-07 BEACH CHANNEL DRIVE,,11691.0,2.0,0.0,2.0,3237.0,1125.0,1945.0,1,B3,580000,2023-05-30,40.600434,-73.762358,414.0,31.0,4301342.0,4157850026.0,100803.0,QN1401,2023,5,True,TWO FAMILY DWELLINGS
Queens,FAR ROCKAWAY,01 ONE FAMILY DWELLINGS,1,15575,151,A2,6-01 ELVIRA AVENUE,,11691.0,1.0,0.0,1.0,11357.0,2196.0,1960.0,1,A2,2000000,2023-05-30,40.603692,-73.739716,414.0,31.0,4298532.0,4155750151.0,101002.0,QN1401,2023,5,True,ONE FAMILY DWELLINGS
Queens,FLUSHING-NORTH,01 ONE FAMILY DWELLINGS,1,5365,24,A1,189-08 42ND AVENUE,,11358.0,1.0,0.0,1.0,5000.0,1804.0,1930.0,1,A1,1220000,2023-05-30,40.759239,-73.792145,411.0,19.0,4121039.0,4053650024.0,1175.0,QN0704,2023,5,True,ONE FAMILY DWELLINGS
Queens,FLUSHING-NORTH,13 CONDOS - ELEVATOR APARTMENTS,2,5066,2241,R4,"131-03 40TH ROAD, PH2K",PH2K,11354.0,1.0,,1.0,,,2016.0,2,R4,960000,2023-05-30,40.755898,-73.836119,407.0,20.0,4616038.0,4050667506.0,871.0,QN0707,2023,5,True,CONDOS - ELEVATOR APARTMENTS
Queens,FLUSHING-NORTH,13 CONDOS - ELEVATOR APARTMENTS,2,5121,1145,R4,"133-38 SANFORD AVENUE, 11B",11B,11355.0,1.0,,1.0,,,2004.0,2,R4,960000,2023-05-30,40.75589,-73.830423,407.0,20.0,4115369.0,4051217501.0,84902.0,QN0707,2023,5,True,CONDOS - ELEVATOR APARTMENTS
Queens,FLUSHING-NORTH,13 CONDOS - ELEVATOR APARTMENTS,2,5039,2317,R4,"132-27 41ST ROAD, 4D",4D,11355.0,1.0,,1.0,,,2021.0,2,R4,672045,2023-05-30,40.755852,-73.832715,407.0,20.0,4619102.0,4050397512.0,84902.0,QN0707,2023,5,True,CONDOS - ELEVATOR APARTMENTS
Queens,FLUSHING-NORTH,11 SPECIAL CONDO BILLING LOTS,2,4972,1725,RR,"133-36 37TH AVENUE, PH1 J",PH1 J,11354.0,1.0,0.0,1.0,85137.0,736.0,2016.0,2,RR,937958,2023-05-30,40.760612,-73.833642,407.0,20.0,4597144.0,4049727505.0,871.0,QN0707,2023,5,True,SPECIAL CONDO BILLING LOTS
Queens,FLUSHING-NORTH,13 CONDOS - ELEVATOR APARTMENTS,2,5076,1085,R4,"131-11 FOWLER AVENUE, 8F",8F,11355.0,1.0,,1.0,,,2017.0,2,R4,656771,2023-05-30,40.751834,-73.832978,407.0,20.0,4619556.0,4050767501.0,84901.0,QN0707,2023,5,True,CONDOS - ELEVATOR APARTMENTS
Queens,FLUSHING-NORTH,10 COOPS - ELEVATOR APARTMENTS,2,5122,29,D4,"134-54 MAPLE AVENUE, 6F",,11355.0,,,,,,1962.0,2,D4,390000,2023-05-30,40.75487,-73.829668,407.0,20.0,4115400.0,4051220029.0,853.0,QN0707,2023,5,True,COOPS - ELEVATOR APARTMENTS
Queens,FLUSHING-NORTH,13 CONDOS - ELEVATOR APARTMENTS,2,5039,1916,R4,"132-35 41 ROAD, 3E",3E,11355.0,1.0,,1.0,,,2008.0,2,R4,460000,2023-05-30,40.755906,-73.832599,407.0,20.0,4539423.0,4050397509.0,84902.0,QN0707,2023,5,True,CONDOS - ELEVATOR APARTMENTS
Queens,FLUSHING-NORTH,28 COMMERCIAL CONDOS,4,5039,2307,R5,"132-27 41ST ROAD, 2C",2C,11355.0,,1.0,1.0,,,2021.0,4,R5,925165,2023-05-30,40.755852,-73.832715,407.0,20.0,4619102.0,4050397512.0,84902.0,QN0707,2023,5,True,COMMERCIAL CONDOS
Queens,FLUSHING-NORTH,43 CONDO OFFICE BUILDINGS,4,4972,1214,RB,"37-12 PRINCE STREET, 5D",5D,11354.0,,1.0,1.0,,,2016.0,4,RB,2871045,2023-05-30,40.760559,-73.83284,407.0,20.0,4618203.0,4049727502.0,871.0,QN0707,2023,5,True,CONDO OFFICE BUILDINGS
Queens,FLUSHING-SOUTH,10 COOPS - ELEVATOR APARTMENTS,2,6690,16,D4,"149-05 79TH AVE, 425",,11367.0,,,,,,1955.0,2,D4,235000,2023-05-30,40.719741,-73.814158,408.0,24.0,4144768.0,4066900016.0,77904.0,QN0801,2023,5,True,COOPS - ELEVATOR APARTMENTS
Queens,FLUSHING-SOUTH,10 COOPS - ELEVATOR APARTMENTS,2,6690,16,D4,"149-05 79TH AVE, 226",,11367.0,,,,,,1955.0,2,D4,210000,2023-05-30,40.719741,-73.814158,408.0,24.0,4144768.0,4066900016.0,77904.0,QN0801,2023,5,True,COOPS - ELEVATOR APARTMENTS
Queens,FOREST HILLS,01 ONE FAMILY DWELLINGS,1,3194,38,A1,90-07 69TH AVENUE,,11375.0,1.0,0.0,1.0,2600.0,1280.0,1920.0,1,A1,1120000,2023-05-30,40.713077,-73.854592,406.0,29.0,4076077.0,4031940038.0,707.0,QN0602,2023,5,True,ONE FAMILY DWELLINGS
Queens,FRESH MEADOWS,09 COOPS - WALKUP APARTMENTS,2,7117,51,C6,"196-21 69TH AVENUE, 1",,11365.0,,,,,,1952.0,2,C6,212000,2023-05-30,40.737345,-73.776509,408.0,23.0,4444108.0,4071170051.0,134702.0,QN0803,2023,5,True,COOPS - WALKUP APARTMENTS
Queens,HOLLIS,01 ONE FAMILY DWELLINGS,1,10918,30,A5,208-11 HOLLIS AVENUE,,11429.0,1.0,0.0,1.0,2718.0,1831.0,1945.0,1,A5,700000,2023-05-30,40.707985,-73.749289,413.0,27.0,4233664.0,4109180030.0,512.0,QN1303,2023,5,True,ONE FAMILY DWELLINGS
Queens,GLENDALE,01 ONE FAMILY DWELLINGS,1,3723,36,A1,78-42 65TH STREET,,11385.0,1.0,0.0,1.0,2300.0,1296.0,1920.0,1,A1,820000,2023-05-30,40.697094,-73.888753,405.0,30.0,4090960.0,4037230036.0,567.0,QN0503,2023,5,True,ONE FAMILY DWELLINGS
Queens,GLENDALE,01 ONE FAMILY DWELLINGS,1,3862,37,A1,81-17 88TH STREET,,11385.0,1.0,0.0,1.0,2600.0,1496.0,1930.0,1,A1,830000,2023-05-30,40.703624,-73.859243,405.0,32.0,4094555.0,4038620037.0,639.0,QN0503,2023,5,True,ONE FAMILY DWELLINGS
Queens,JACKSON HEIGHTS,02 TWO FAMILY DWELLINGS,1,1049,17,B1,25-18 73 STREET,,11370.0,2.0,0.0,2.0,2200.0,1731.0,1955.0,1,B1,878000,2023-05-30,40.761881,-73.895045,403.0,25.0,4023010.0,4010490017.0,30905.0,QN0301,2023,5,True,TWO FAMILY DWELLINGS
Queens,HOWARD BEACH,13 CONDOS - ELEVATOR APARTMENTS,2,11417,3404,R4,"149-30 88TH STREET, 4D",4D,11414.0,1.0,,1.0,,,1969.0,2,R4,390000,2023-05-30,40.669654,-73.847369,410.0,32.0,4446826.0,4114177502.0,6201.0,QN1003,2023,5,True,CONDOS - ELEVATOR APARTMENTS
Queens,JACKSON HEIGHTS,10 COOPS - ELEVATOR APARTMENTS,2,1421,1,D4,"91-08 32 AVENUE, 410",,11369.0,,,,,,1952.0,2,D4,232000,2023-05-30,40.758576,-73.87719,403.0,25.0,4431380.0,4014210001.0,351.0,QN0301,2023,5,True,COOPS - ELEVATOR APARTMENTS
Queens,JAMAICA ESTATES,43 CONDO OFFICE BUILDINGS,4,9937,1008,RB,"178-36 WEXFORD TERRACE, 2E",2E,11432.0,,1.0,1.0,,,2005.0,4,RB,800000,2023-05-30,40.713508,-73.784561,408.0,24.0,4534092.0,4099377501.0,466.0,QN0804,2023,5,True,CONDO OFFICE BUILDINGS
Queens,JAMAICA ESTATES,01 ONE FAMILY DWELLINGS,1,7245,56,A1,182-59 RADNOR ROAD,,11432.0,1.0,0.0,1.0,8320.0,2080.0,1935.0,1,A1,1450000,2023-05-30,40.721704,-73.783243,408.0,24.0,4155886.0,4072450056.0,1277.0,QN0804,2023,5,True,ONE FAMILY DWELLINGS
Queens,JAMAICA BAY,41 TAX CLASS 4 - OTHER,4,15315,1,Z9,64 WEST 10TH ROAD,,11693.0,0.0,0.0,0.0,5786.0,0.0,,4,Z9,320000,2023-05-30,40.606073,-73.822434,414.0,32.0,4542773.0,4153150001.0,107201.0,QN1403,2023,5,True,TAX CLASS 4 - OTHER
Queens,LONG ISLAND CITY,10 COOPS - ELEVATOR APARTMENTS,2,18,1,D4,"474 48TH AVENUE, 11E",,11109.0,,,,,,1996.0,2,D4,520000,2023-05-30,40.74458,-73.956448,402.0,26.0,4000019.0,4000180001.0,101.0,QN0201,2023,5,True,COOPS - ELEVATOR APARTMENTS
Queens,LONG ISLAND CITY,13 CONDOS - ELEVATOR APARTMENTS,2,437,1806,R4,"23-15 44TH DRIVE, 5810",5810,11101.0,1.0,,1.0,,,2018.0,2,R4,1864629,2023-05-30,40.747575,-73.94454,402.0,26.0,4005166.0,4004377502.0,1903.0,QN0201,2023,5,True,CONDOS - ELEVATOR APARTMENTS
Queens,LONG ISLAND CITY,13 CONDOS - ELEVATOR APARTMENTS,2,437,1835,R4,"23-15 44TH DRIVE, 6103",6103,11101.0,1.0,,1.0,,,2018.0,2,R4,1245992,2023-05-30,40.747575,-73.94454,402.0,26.0,4005166.0,4004377502.0,1903.0,QN0201,2023,5,True,CONDOS - ELEVATOR APARTMENTS
Queens,MIDDLE VILLAGE,02 TWO FAMILY DWELLINGS,1,2986,2,B3,63-12 77TH STREET,,11379.0,2.0,0.0,2.0,1800.0,1188.0,1950.0,1,B3,870000,2023-05-30,40.719067,-73.878886,405.0,30.0,4069055.0,4029860002.0,661.0,QN0504,2023,5,True,TWO FAMILY DWELLINGS
Queens,OZONE PARK,02 TWO FAMILY DWELLINGS,1,11357,11,B3,133-12 78 STREET,,11414.0,2.0,0.0,2.0,4037.0,1340.0,1910.0,1,B3,180000,2023-05-30,40.672705,-73.857888,410.0,32.0,4245394.0,4113570011.0,6202.0,QN1003,2023,5,True,TWO FAMILY DWELLINGS
Queens,QUEENS VILLAGE,01 ONE FAMILY DWELLINGS,1,10615,32,A1,93-41 214TH STREET,,11428.0,1.0,0.0,1.0,2750.0,1152.0,1920.0,1,A1,700000,2023-05-30,40.718854,-73.745218,413.0,23.0,4226536.0,4106150032.0,542.0,QN1303,2023,5,True,ONE FAMILY DWELLINGS
Queens,OZONE PARK,02 TWO FAMILY DWELLINGS,1,9003,8,B2,95-06 77 ST,,11416.0,2.0,0.0,2.0,2142.0,1808.0,1915.0,1,B2,420000,2023-05-30,40.682723,-73.861826,409.0,32.0,4186962.0,4090030008.0,36.0,QN0904,2023,5,True,TWO FAMILY DWELLINGS
Queens,OZONE PARK,01 ONE FAMILY DWELLINGS,1,9149,57,A1,10543 86 ST,,11417.0,1.0,0.0,1.0,2500.0,1088.0,1920.0,1,A1,460000,2023-05-30,40.679179,-73.852236,410.0,32.0,4190427.0,4091490057.0,54.0,QN1002,2023,5,True,ONE FAMILY DWELLINGS
Queens,OAKLAND GARDENS,10 COOPS - ELEVATOR APARTMENTS,2,7748,500,D4,"213-06 75TH AVE, 5L",,11364.0,,,,,,1965.0,2,D4,225000,2023-05-30,40.738313,-73.758791,411.0,23.0,4453146.0,4077480500.0,129103.0,QN1104,2023,5,True,COOPS - ELEVATOR APARTMENTS
Queens,QUEENS VILLAGE,01 ONE FAMILY DWELLINGS,1,10616,68,A1,93-15 214TH PLACE,,11428.0,1.0,0.0,1.0,2350.0,1216.0,1920.0,1,A1,668000,2023-05-30,40.719393,-73.744419,413.0,23.0,4226601.0,4106160068.0,542.0,QN1303,2023,5,True,ONE FAMILY DWELLINGS
Queens,REGO PARK,02 TWO FAMILY DWELLINGS,1,3141,18,B3,85-18 66TH ROAD,,11374.0,2.0,0.0,2.0,1900.0,1446.0,1931.0,1,B3,788000,2023-05-30,40.718032,-73.862286,406.0,30.0,4074111.0,4031410018.0,703.0,QN0601,2023,5,True,TWO FAMILY DWELLINGS
Queens,REGO PARK,10 COOPS - ELEVATOR APARTMENTS,2,2112,1,D4,"63-61 99TH STREET, F12",,11374.0,,,,,,1947.0,2,D4,345000,2023-05-30,40.731428,-73.856486,406.0,29.0,4050656.0,4021120001.0,721.0,QN0602,2023,5,True,COOPS - ELEVATOR APARTMENTS
Queens,RICHMOND HILL,02 TWO FAMILY DWELLINGS,1,9428,16,B3,101-24 111TH STREET,,11419.0,2.0,0.0,2.0,2100.0,1876.0,1915.0,1,B3,940000,2023-05-30,40.68771,-73.832587,409.0,29.0,4198745.0,4094280016.0,110.0,QN0903,2023,5,True,TWO FAMILY DWELLINGS
Queens,REGO PARK,17 CONDO COOPS,2,2111,1002,R9,"99-40 63RD ROAD, RU1",,11374.0,,,,,,1952.0,2,R9,245000,2023-05-30,40.732701,-73.855599,406.0,24.0,4432011.0,4021117501.0,721.0,QN0602,2023,5,True,CONDO COOPS
Queens,RICHMOND HILL,02 TWO FAMILY DWELLINGS,1,9531,68,B2,104-29 108 STREET,,11419.0,2.0,0.0,2.0,2370.0,1952.0,1920.0,1,B2,820000,2023-05-30,40.682845,-73.83336,410.0,28.0,4202324.0,4095310068.0,96.0,QN1001,2023,5,True,TWO FAMILY DWELLINGS
Queens,REGO PARK,17 CONDO COOPS,2,2111,1002,R9,"99-60 63RD ROAD, 14A",,11374.0,,,,,,1952.0,2,R9,170000,2023-05-30,40.732774,-73.85505,406.0,24.0,4440232.0,4021117501.0,721.0,QN0602,2023,5,True,CONDO COOPS
Queens,ROSEDALE,01 ONE FAMILY DWELLINGS,1,12867,3,A2,240-31 128TH ROAD,,11422.0,1.0,0.0,1.0,4000.0,1094.0,1955.0,1,A2,445000,2023-05-30,40.681008,-73.726889,413.0,31.0,4276940.0,4128670003.0,61602.0,QN1307,2023,5,True,ONE FAMILY DWELLINGS
Queens,ROSEDALE,01 ONE FAMILY DWELLINGS,1,13672,9,A1,257-08 148TH AVENUE,,11422.0,1.0,0.0,1.0,5500.0,1488.0,1930.0,1,A1,475000,2023-05-30,40.655056,-73.731583,413.0,31.0,4290563.0,4136720009.0,66402.0,QN1307,2023,5,True,ONE FAMILY DWELLINGS
Queens,SOUTH JAMAICA,01 ONE FAMILY DWELLINGS,1,12147,1,A2,109-47 156TH STREET,,11433.0,1.0,0.0,1.0,2500.0,628.0,1915.0,1,A2,720000,2023-05-30,40.692073,-73.794597,412.0,28.0,4263287.0,4121470001.0,260.0,QN1202,2023,5,True,ONE FAMILY DWELLINGS
Queens,SO. JAMAICA-BAISLEY PARK,02 TWO FAMILY DWELLINGS,1,12224,23,B2,155-34 116TH AVENUE,,11434.0,2.0,0.0,2.0,4242.0,2250.0,1960.0,1,B2,1200000,2023-05-30,40.68416,-73.788816,412.0,28.0,4265465.0,4122240023.0,274.0,QN1203,2023,5,True,TWO FAMILY DWELLINGS
Queens,SOUTH OZONE PARK,01 ONE FAMILY DWELLINGS,1,11780,134,A1,131-22 135TH PLACE,,11420.0,1.0,0.0,1.0,2100.0,812.0,1920.0,1,A1,435000,2023-05-30,40.670247,-73.802664,410.0,28.0,4255901.0,4117800134.0,814.0,QN1001,2023,5,True,ONE FAMILY DWELLINGS
Queens,SOUTH OZONE PARK,01 ONE FAMILY DWELLINGS,1,11749,81,A1,118-64 128TH STREET,,11420.0,1.0,0.0,1.0,3000.0,1064.0,1920.0,1,A1,555000,2023-05-30,40.673479,-73.810304,410.0,28.0,4254807.0,4117490081.0,840.0,QN1001,2023,5,True,ONE FAMILY DWELLINGS
Queens,SUNNYSIDE,10 COOPS - ELEVATOR APARTMENTS,2,178,25,D4,"48-02 43RD STREET, 3A",,11377.0,,,,,,1937.0,2,D4,510000,2023-05-30,40.739465,-73.922293,402.0,26.0,4430646.0,4001780025.0,18501.0,QN0202,2023,5,True,COOPS - ELEVATOR APARTMENTS
Queens,SUNNYSIDE,13 CONDOS - ELEVATOR APARTMENTS,2,159,1050,R4,"41-21 42ND STREET, 4J",4J,11104.0,1.0,,1.0,,,,2,R4,386000,2023-05-30,40.746727,-73.921768,402.0,26.0,4001783.0,4001597501.0,18102.0,QN0202,2023,5,True,CONDOS - ELEVATOR APARTMENTS
Queens,WOODSIDE,13 CONDOS - ELEVATOR APARTMENTS,2,1134,1022,R4,"56-02 31ST AVENUE, 2H",2H,11377.0,1.0,,1.0,,,2019.0,2,R4,560038,2023-05-30,40.757178,-73.905495,401.0,25.0,4025257.0,0.0,297.0,QN0104,2023,5,True,CONDOS - ELEVATOR APARTMENTS
Bronx,BAYCHESTER,02 TWO FAMILY DWELLINGS,1,4764,6,B3,1620 BURKE AVENUE,,10469.0,2.0,0.0,2.0,3830.0,1584.0,1930.0,1,B3,920000,2023-05-31,40.872683,-73.842057,212.0,12.0,2061843.0,2047640006.0,358.0,BX1202,2023,5,True,TWO FAMILY DWELLINGS
Bronx,BELMONT,02 TWO FAMILY DWELLINGS,1,3104,50,B1,2427 PROSPECT AVENUE,,10458.0,2.0,0.0,2.0,1765.0,2208.0,1910.0,1,B1,855000,2023-05-31,40.854476,-73.882305,206.0,15.0,2012890.0,2031040050.0,393.0,BX0603,2023,5,True,TWO FAMILY DWELLINGS
Bronx,BEDFORD PARK/NORWOOD,09 COOPS - WALKUP APARTMENTS,2,3347,43,C6,"3281 HULL AVE, 10",,10467.0,,,,,,1924.0,2,C6,112000,2023-05-31,40.876228,-73.874879,207.0,11.0,2018362.0,2033470043.0,42902.0,BX0703,2023,5,True,COOPS - WALKUP APARTMENTS
Bronx,BELMONT,02 TWO FAMILY DWELLINGS,1,3104,82,B1,2425 PROSPECT AVENUE,,10458.0,2.0,0.0,2.0,1765.0,2208.0,1901.0,1,B1,999000,2023-05-31,40.854454,-73.882316,206.0,15.0,2012899.0,2031040082.0,393.0,BX0603,2023,5,True,TWO FAMILY DWELLINGS
Bronx,BRONXDALE,03 THREE FAMILY DWELLINGS,1,4512,42,C0,2747 BARNES AVENUE,,10467.0,3.0,0.0,3.0,2500.0,2480.0,1925.0,1,C0,745000,2023-05-31,40.866233,-73.863509,211.0,13.0,2053726.0,2045120042.0,340.0,BX1104,2023,5,True,THREE FAMILY DWELLINGS
Bronx,EAST TREMONT,01 ONE FAMILY DWELLINGS,1,3070,17,A5,610 EAST 181 STREET,,10457.0,1.0,0.0,1.0,2186.0,1352.0,1901.0,1,A5,308000,2023-05-31,40.850269,-73.890597,206.0,15.0,2012033.0,2030700017.0,373.0,BX0602,2023,5,True,ONE FAMILY DWELLINGS
Bronx,FORDHAM,03 THREE FAMILY DWELLINGS,1,3171,28,C0,2267 CRESTON AVENUE,,10453.0,3.0,0.0,3.0,2400.0,3018.0,1901.0,1,C0,799000,2023-05-31,40.857154,-73.901315,205.0,14.0,2013871.0,2031710028.0,23704.0,BX0503,2023,5,True,THREE FAMILY DWELLINGS
Bronx,BRONXDALE,02 TWO FAMILY DWELLINGS,1,4557,47,B1,2941 LACONIA AVENUE,,10469.0,2.0,0.0,2.0,2500.0,1546.0,1955.0,1,B1,705000,2023-05-31,40.868471,-73.855691,211.0,12.0,2055081.0,2045570047.0,344.0,BX1103,2023,5,True,TWO FAMILY DWELLINGS
Bronx,CASTLE HILL/UNIONPORT,01 ONE FAMILY DWELLINGS,1,3613,50,A1,2240 HOMER AVENUE,,10473.0,1.0,0.0,1.0,2500.0,1674.0,1915.0,1,A1,665000,2023-05-31,40.822026,-73.847359,209.0,18.0,2022431.0,2036130050.0,90.0,BX0903,2023,5,True,ONE FAMILY DWELLINGS
Bronx,KINGSBRIDGE HTS/UNIV HTS,01 ONE FAMILY DWELLINGS,1,3221,58,A1,153 WEST 179 STREET,,10453.0,1.0,0.0,1.0,3961.0,2926.0,1910.0,1,A1,900000,2023-05-31,40.85544,-73.913597,205.0,14.0,2014886.0,2032210058.0,24502.0,BX0501,2023,5,True,ONE FAMILY DWELLINGS
Bronx,PARKCHESTER,13 CONDOS - ELEVATOR APARTMENTS,2,3938,2460,R4,"1460 PARKCHESTER ROAD, 1E",1E,10462.0,1.0,,1.0,,,,2,R4,185000,2023-05-31,40.836506,-73.859519,209.0,18.0,2096647.0,2039387501.0,212.0,BX0904,2023,5,True,CONDOS - ELEVATOR APARTMENTS
Bronx,MORRIS PARK/VAN NEST,03 THREE FAMILY DWELLINGS,1,4116,26,C0,1191 VAN NEST AVENUE,,10461.0,3.0,0.0,3.0,2500.0,2790.0,1930.0,1,C0,650000,2023-05-31,40.849825,-73.84813,211.0,13.0,2045239.0,2041160026.0,286.0,BX1102,2023,5,True,THREE FAMILY DWELLINGS
Bronx,MORRIS PARK/VAN NEST,01 ONE FAMILY DWELLINGS,1,4100,36,A1,1059 PIERCE AVENUE,,10461.0,1.0,0.0,1.0,2500.0,1309.0,1910.0,1,A1,700000,2023-05-31,40.845864,-73.851753,211.0,13.0,2044719.0,2041000036.0,254.0,BX1102,2023,5,True,ONE FAMILY DWELLINGS
Bronx,PARKCHESTER,13 CONDOS - ELEVATOR APARTMENTS,2,3944,1682,R4,"1598 UNIONPORT ROAD, 4D",4D,10462.0,1.0,,1.0,,,,2,R4,164500,2023-05-31,40.841036,-73.863289,209.0,18.0,2096687.0,2039447501.0,21001.0,BX0904,2023,5,True,CONDOS - ELEVATOR APARTMENTS
Bronx,PELHAM PARKWAY NORTH,01 ONE FAMILY DWELLINGS,1,4441,19,A5,2534 MATTHEWS AVENUE,,10467.0,1.0,0.0,1.0,2300.0,1998.0,1955.0,1,A5,500000,2023-05-31,40.863734,-73.862625,211.0,13.0,2051541.0,2044410019.0,328.0,BX1104,2023,5,True,ONE FAMILY DWELLINGS
Bronx,PARKCHESTER,13 CONDOS - ELEVATOR APARTMENTS,2,3944,4738,R4,"11 METROPOLITAN OVAL, 3A",3A,10462.0,1.0,,1.0,,,,2,R4,175000,2023-05-31,40.838831,-73.860067,209.0,18.0,2096778.0,2039447501.0,21001.0,BX0904,2023,5,True,CONDOS - ELEVATOR APARTMENTS
Bronx,PELHAM GARDENS,02 TWO FAMILY DWELLINGS,1,4479,19,B3,2426 WOODHULL AVENUE,,10469.0,2.0,0.0,2.0,2500.0,1617.0,1955.0,1,B3,699900,2023-05-31,40.861498,-73.841795,211.0,13.0,2052951.0,2044790019.0,312.0,BX1103,2023,5,True,TWO FAMILY DWELLINGS
Bronx,RIVERDALE,10 COOPS - ELEVATOR APARTMENTS,2,5912,91,D4,"4901 HENRY HUDSON PARKWAY, 7J",,10471.0,,,,,,1961.0,2,D4,420000,2023-05-31,40.896859,-73.908262,208.0,11.0,2085823.0,2059120091.0,30701.0,BX0803,2023,5,True,COOPS - ELEVATOR APARTMENTS
Bronx,RIVERDALE,10 COOPS - ELEVATOR APARTMENTS,2,5796,107,D4,"525 WEST 236TH STREET, 2G",,10463.0,,,,,,1956.0,2,D4,120000,2023-05-31,40.886475,-73.907481,208.0,11.0,2084165.0,2057960107.0,295.0,BX0803,2023,5,True,COOPS - ELEVATOR APARTMENTS
Bronx,RIVERDALE,02 TWO FAMILY DWELLINGS,1,5860,257,B1,5821 FIELDSTON ROAD,,10471.0,2.0,0.0,2.0,1971.0,2033.0,1950.0,1,B1,850000,2023-05-31,40.905844,-73.900631,208.0,11.0,2085048.0,2058600257.0,337.0,BX0803,2023,5,True,TWO FAMILY DWELLINGS
Bronx,THROGS NECK,01 ONE FAMILY DWELLINGS,1,5419,85,A1,2919 GREENE PLACE,,10465.0,1.0,0.0,1.0,2935.0,1224.0,1930.0,1,A1,450000,2023-05-31,40.831878,-73.826731,210.0,13.0,2076422.0,2054190085.0,164.0,BX1002,2023,5,True,ONE FAMILY DWELLINGS
Bronx,SOUNDVIEW,02 TWO FAMILY DWELLINGS,1,3743,70,B1,1129 STRATFORD AVENUE,,10472.0,2.0,0.0,2.0,1980.0,2040.0,1950.0,1,B1,820000,2023-05-31,40.827598,-73.875136,209.0,18.0,2023995.0,2037430070.0,48.0,BX0901,2023,5,True,TWO FAMILY DWELLINGS
Bronx,WILLIAMSBRIDGE,02 TWO FAMILY DWELLINGS,1,4691,14,B1,939 EAST 220 STREET,,10469.0,2.0,0.0,2.0,1970.0,1912.0,1940.0,1,B1,640000,2023-05-31,40.882112,-73.855589,212.0,12.0,2059104.0,2046910014.0,398.0,BX1201,2023,5,True,TWO FAMILY DWELLINGS
Bronx,WOODLAWN,01 ONE FAMILY DWELLINGS,1,3392,58,A1,425 EAST 238 STREET,,10470.0,1.0,0.0,1.0,2500.0,1743.0,1910.0,1,A1,750000,2023-05-31,40.899985,-73.864351,212.0,11.0,2019678.0,2033920058.0,45102.0,BX1203,2023,5,True,ONE FAMILY DWELLINGS
Bronx,WAKEFIELD,07 RENTALS - WALKUP APARTMENTS,2A,5113,40,C2,720 PENFIELD ST,,10470.0,6.0,0.0,6.0,2504.0,4800.0,1929.0,2,C2,875000,2023-05-31,40.904882,-73.849068,212.0,11.0,2071874.0,2051130040.0,442.0,BX1203,2023,5,True,RENTALS - WALKUP APARTMENTS
Bronx,WILLIAMSBRIDGE,02 TWO FAMILY DWELLINGS,1,4698,30,B1,1012 EAST 216 ST,,10469.0,2.0,0.0,2.0,2500.0,1630.0,1950.0,1,B1,332121,2023-05-31,40.878667,-73.855173,212.0,12.0,2059440.0,2046980030.0,388.0,BX1201,2023,5,True,TWO FAMILY DWELLINGS
Brooklyn,BAY RIDGE,01 ONE FAMILY DWELLINGS,1,6049,51,A1,359 88TH STREET,,11209.0,1.0,0.0,1.0,2450.0,1200.0,1920.0,1,A1,725000,2023-05-31,40.62161,-74.029758,310.0,47.0,3153731.0,3060490051.0,60.0,BK1001,2023,5,True,ONE FAMILY DWELLINGS
Brooklyn,BEDFORD STUYVESANT,02 TWO FAMILY DWELLINGS,1,1756,68,B1,167A VERNON AVENUE,,11206.0,2.0,0.0,2.0,1875.0,2532.0,1899.0,1,B1,1750000,2023-05-31,40.695095,-73.945161,303.0,36.0,3048690.0,3017560068.0,25901.0,BK0301,2023,5,True,TWO FAMILY DWELLINGS
Brooklyn,BAY RIDGE,22 STORE BUILDINGS,4,6009,7,K4,8209 5TH AVE,,11209.0,1.0,1.0,2.0,1948.0,2500.0,1921.0,4,K4,1350000,2023-05-31,40.624167,-74.024802,310.0,47.0,3152159.0,3060090007.0,142.0,BK1001,2023,5,True,STORE BUILDINGS
Brooklyn,BAY RIDGE,10 COOPS - ELEVATOR APARTMENTS,2,5859,15,D4,"6801 SHORE ROAD, 2T",,11220.0,,,,,,1952.0,2,D4,350000,2023-05-31,40.63962,-74.035636,310.0,47.0,3144936.0,3058590015.0,34.0,BK1001,2023,5,True,COOPS - ELEVATOR APARTMENTS
Brooklyn,BEDFORD STUYVESANT,02 TWO FAMILY DWELLINGS,1,1589,14,B3,348 VERNON AVENUE,,11206.0,2.0,0.0,2.0,1750.0,2364.0,1899.0,1,B3,1999999,2023-05-31,40.696021,-73.936941,303.0,36.0,3042937.0,3015890014.0,287.0,BK0302,2023,5,True,TWO FAMILY DWELLINGS
Brooklyn,BEDFORD STUYVESANT,15 CONDOS - 2-10 UNIT RESIDENTIAL,2C,1662,1201,R1,"627 HALSEY STREET, 1",1,11233.0,1.0,,1.0,,,2019.0,2,R1,883994,2023-05-31,40.684394,-73.927401,303.0,36.0,3429495.0,3016627502.0,383.0,BK0302,2023,5,True,CONDOS - 2-10 UNIT RESIDENTIAL
Brooklyn,BEDFORD STUYVESANT,15 CONDOS - 2-10 UNIT RESIDENTIAL,2C,1996,1403,R1,"39 JEFFERSON AVE, 3",3,11216.0,1.0,,1.0,,,1930.0,2,R1,1150000,2023-05-31,40.682652,-73.955584,303.0,36.0,3057369.0,3019967505.0,227.0,BK0301,2023,5,True,CONDOS - 2-10 UNIT RESIDENTIAL
Brooklyn,BOERUM HILL,47 CONDO NON-BUSINESS STORAGE,4,186,1359,RS,"533 PACIFIC STREET, S6",S6,11217.0,,1.0,1.0,,,2021.0,4,RS,4665000,2023-05-31,40.684298,-73.980104,302.0,33.0,3000000.0,3001860058.0,39.0,BK0202,2023,5,True,CONDO NON-BUSINESS STORAGE
Brooklyn,BERGEN BEACH,02 TWO FAMILY DWELLINGS,1,8357,55,B2,1246 EAST 72ND STREET,,11234.0,2.0,0.0,2.0,5329.0,3448.0,1970.0,1,B2,985000,2023-05-31,40.62569,-73.913098,318.0,46.0,3235724.0,3083570055.0,69601.0,BK1802,2023,5,True,TWO FAMILY DWELLINGS
Brooklyn,BENSONHURST,03 THREE FAMILY DWELLINGS,1,6205,60,C0,1855 74 STREET,,11204.0,3.0,0.0,3.0,2550.0,2640.0,1930.0,1,C0,390000,2023-05-31,40.613347,-73.994277,311.0,43.0,3159119.0,3062050060.0,266.0,BK1101,2023,5,True,THREE FAMILY DWELLINGS
Brooklyn,BENSONHURST,03 THREE FAMILY DWELLINGS,1,6171,28,C0,1752 70TH STREET,,11204.0,3.0,0.0,3.0,2000.0,4260.0,1925.0,1,C0,1275000,2023-05-31,40.616931,-73.994204,311.0,43.0,3157271.0,3061710028.0,260.0,BK1101,2023,5,True,THREE FAMILY DWELLINGS
Brooklyn,BOERUM HILL,47 CONDO NON-BUSINESS STORAGE,4,186,1358,RS,"533 PACIFIC STREET, S5",S5,11217.0,,1.0,1.0,,,2021.0,4,RS,3390000,2023-05-31,40.684298,-73.980104,302.0,33.0,3000000.0,3001860058.0,39.0,BK0202,2023,5,True,CONDO NON-BUSINESS STORAGE
Brooklyn,BOROUGH PARK,02 TWO FAMILY DWELLINGS,1,5290,39,B2,1116 38TH STREET,,11218.0,2.0,0.0,2.0,1903.0,2172.0,1899.0,1,B2,1375000,2023-05-31,40.643369,-73.989338,312.0,39.0,3122986.0,3052900039.0,226.0,BK1202,2023,5,True,TWO FAMILY DWELLINGS
Brooklyn,BOROUGH PARK,01 ONE FAMILY DWELLINGS,1,6557,19,A1,2332 62ND STREET,,11204.0,1.0,0.0,1.0,2400.0,1448.0,1930.0,1,A1,1100000,2023-05-31,40.613707,-73.976585,311.0,44.0,3172390.0,3065570019.0,436.0,BK1101,2023,5,True,ONE FAMILY DWELLINGS
Brooklyn,BROOKLYN HEIGHTS,10 COOPS - ELEVATOR APARTMENTS,2C,254,68,D4,"114 REMSEN STREET, GARDN",,11201.0,,,,,,1900.0,2,D4,25000,2023-05-31,40.693933,-73.993974,302.0,33.0,3002230.0,3002540068.0,502.0,BK0201,2023,5,True,COOPS - ELEVATOR APARTMENTS
Brooklyn,BROOKLYN HEIGHTS,13 CONDOS - ELEVATOR APARTMENTS,2,245,1256,R4,"360 FURMAN STREET, 810",810,11201.0,1.0,,1.0,,,2008.0,2,R4,1850000,2023-05-31,40.693398,-73.999488,302.0,33.0,3393008.0,3002457501.0,7.0,BK0201,2023,5,True,CONDOS - ELEVATOR APARTMENTS
Brooklyn,BROWNSVILLE,01 ONE FAMILY DWELLINGS,1,3812,135,A5,604 SACKMAN STREET,,11212.0,1.0,0.0,1.0,1800.0,1152.0,1985.0,1,A5,384595,2023-05-31,40.662709,-73.903124,316.0,41.0,3084875.0,3038120135.0,918.0,BK1602,2023,5,True,ONE FAMILY DWELLINGS
Brooklyn,CANARSIE,02 TWO FAMILY DWELLINGS,1,8081,23,B9,1436 E 85TH STREET,,11236.0,2.0,0.0,2.0,2000.0,2760.0,1960.0,1,B9,975000,2023-05-31,40.629025,-73.89979,318.0,46.0,3227648.0,3080810023.0,1026.0,BK1803,2023,5,True,TWO FAMILY DWELLINGS
Brooklyn,CANARSIE,02 TWO FAMILY DWELLINGS,1,8062,15,B2,1261 EAST 83RD STREET,,11236.0,2.0,0.0,2.0,2200.0,1920.0,1940.0,1,B2,90000,2023-05-31,40.631077,-73.904546,318.0,46.0,3226634.0,3080620015.0,1004.0,BK1803,2023,5,True,TWO FAMILY DWELLINGS
Brooklyn,CANARSIE,01 ONE FAMILY DWELLINGS,1,8263,39,A2,9800 AVENUE L,,11236.0,1.0,0.0,1.0,2613.0,843.0,1925.0,1,A2,630000,2023-05-31,40.639376,-73.894193,318.0,46.0,3232897.0,3082630039.0,1012.0,BK1803,2023,5,True,ONE FAMILY DWELLINGS
Brooklyn,CANARSIE,02 TWO FAMILY DWELLINGS,1,8250,51,B1,1132 EAST 105 STREET,,11236.0,2.0,0.0,2.0,2000.0,1585.0,1960.0,1,B1,800000,2023-05-31,40.64358,-73.890298,318.0,46.0,3232317.0,3082500051.0,1014.0,BK1803,2023,5,True,TWO FAMILY DWELLINGS
Brooklyn,CANARSIE,03 THREE FAMILY DWELLINGS,1,8086,28,C0,1419 EAST 89TH STREET,,11236.0,3.0,0.0,3.0,2392.0,2773.0,1960.0,1,C0,999999,2023-05-31,40.63118,-73.8972,318.0,46.0,3227979.0,3080860028.0,1026.0,BK1803,2023,5,True,THREE FAMILY DWELLINGS
Brooklyn,CANARSIE,02 TWO FAMILY DWELLINGS,1,8304,18,B9,1453 EAST 101ST STREET,,11236.0,2.0,0.0,2.0,1992.0,2102.0,1960.0,1,B9,350000,2023-05-31,40.636642,-73.887596,318.0,46.0,3234733.0,3083040018.0,1020.0,BK1803,2023,5,True,TWO FAMILY DWELLINGS
Brooklyn,CANARSIE,03 THREE FAMILY DWELLINGS,1,8044,29,C0,28 PAERDEGAT 5TH STREET,,11236.0,3.0,0.0,3.0,2900.0,3328.0,1965.0,1,C0,631337,2023-05-31,40.631001,-73.90942,318.0,46.0,3225876.0,3080440029.0,998.0,BK1803,2023,5,True,THREE FAMILY DWELLINGS
Brooklyn,COBBLE HILL,09 COOPS - WALKUP APARTMENTS,2C,311,25,C6,"202 BALTIC STREET, 2",,11201.0,,,,,,1910.0,2,C6,700000,2023-05-31,40.686918,-73.996564,306.0,39.0,3003498.0,3003110025.0,45.0,BK0601,2023,5,True,COOPS - WALKUP APARTMENTS
Brooklyn,CROWN HEIGHTS,03 THREE FAMILY DWELLINGS,1,1366,11,C0,169 SCHENECTADY AVENUE,,11213.0,3.0,0.0,3.0,1700.0,1962.0,1910.0,1,C0,522500,2023-05-31,40.673103,-73.933488,308.0,36.0,3036208.0,3013660011.0,345.0,BK0802,2023,5,True,THREE FAMILY DWELLINGS
Brooklyn,CONEY ISLAND,10 COOPS - ELEVATOR APARTMENTS,2,7274,15,D4,"448 NEPTUNE AVENUE, 21S",,11224.0,,,,,,1964.0,2,D4,370000,2023-05-31,40.579865,-73.970228,313.0,48.0,3196581.0,3072740015.0,35602.0,BK1302,2023,5,True,COOPS - ELEVATOR APARTMENTS
Manhattan,MURRAY HILL,10 COOPS - ELEVATOR APARTMENTS,2,884,1,D4,"407 PARK AVENUE SOUTH, 9D",,10016.0,,,,,,1984.0,2,D4,850000,2023-10-13,40.743324,-73.983695,105.0,2.0,1018204.0,1008840001.0,72.0,MN0603,2023,10,True,COOPS - ELEVATOR APARTMENTS
Manhattan,TRIBECA,13 CONDOS - ELEVATOR APARTMENTS,2,16,4438,R4,"212 WARREN ST, 16G",16G,10282.0,1.0,,1.0,,,2000.0,2,R4,1425000,2023-10-13,40.717524,-74.015469,101.0,1.0,1085929.0,1000167521.0,31703.0,MN0101,2023,10,True,CONDOS - ELEVATOR APARTMENTS
Manhattan,TRIBECA,13 CONDOS - ELEVATOR APARTMENTS,2,16,3383,R4,"225 RECTOR PLACE, 12E",12E,10280.0,1.0,,1.0,,,1985.0,2,R4,700000,2023-10-13,40.70927,-74.016487,101.0,1.0,1000053.0,1000167515.0,31704.0,MN0101,2023,10,True,CONDOS - ELEVATOR APARTMENTS
Manhattan,TRIBECA,13 CONDOS - ELEVATOR APARTMENTS,2,16,5669,R4,"333 RECTOR PL, 705",705,10280.0,1.0,,1.0,,,1985.0,2,R4,850000,2023-10-13,40.709448,-74.017252,101.0,1.0,1000055.0,1000167518.0,31704.0,MN0101,2023,10,True,CONDOS - ELEVATOR APARTMENTS
Manhattan,SOHO,13 CONDOS - ELEVATOR APARTMENTS,2,477,1160,R4,"565 BROOME STREET, N23B",N23B,10013.0,1.0,,1.0,,,2016.0,2,R4,5924844,2023-10-13,40.72437,-74.00579,102.0,1.0,1089738.0,1004777502.0,37.0,MN0201,2023,10,True,CONDOS - ELEVATOR APARTMENTS
Manhattan,UPPER EAST SIDE (59-79),10 COOPS - ELEVATOR APARTMENTS,2,1483,28,D4,"530 EAST 72ND STREET, 1B",,10021.0,,,,,,1962.0,2,D4,1595000,2023-10-13,40.766226,-73.95229,108.0,5.0,1046259.0,1014830028.0,124.0,MN0801,2023,10,True,COOPS - ELEVATOR APARTMENTS
Manhattan,UPPER EAST SIDE (59-79),10 COOPS - ELEVATOR APARTMENTS,2,1413,57,D4,"136 EAST 79TH ST, 5B",,10075.0,,,,,,1929.0,2,D4,4050000,2023-10-13,40.77513,-73.95932,108.0,4.0,1043259.0,1014130057.0,140.0,MN0802,2023,10,True,COOPS - ELEVATOR APARTMENTS
Manhattan,UPPER EAST SIDE (59-79),10 COOPS - ELEVATOR APARTMENTS,2,1483,38,D4,"520 EAST 72ND STREET, 5P",,10021.0,,,,,,1964.0,2,D4,460000,2023-10-13,40.766391,-73.95268,108.0,5.0,1078437.0,1014830038.0,124.0,MN0801,2023,10,True,COOPS - ELEVATOR APARTMENTS
Manhattan,UPPER EAST SIDE (59-79),10 COOPS - ELEVATOR APARTMENTS,2,1406,41,D4,"190 EAST 72ND STREET, 22D",,10021.0,,,,,,1962.0,2,D4,1350000,2023-10-13,40.769913,-73.961017,108.0,4.0,1042818.0,1014060041.0,128.0,MN0802,2023,10,True,COOPS - ELEVATOR APARTMENTS
Manhattan,UPPER EAST SIDE (59-79),10 COOPS - ELEVATOR APARTMENTS,2,1413,40,D4,"180 EAST 79TH STREET, 10E",,10075.0,,,,,,1930.0,2,D4,2040000,2023-10-13,40.774542,-73.957927,108.0,4.0,1043252.0,1014130040.0,140.0,MN0802,2023,10,True,COOPS - ELEVATOR APARTMENTS
Manhattan,UPPER EAST SIDE (59-79),10 COOPS - ELEVATOR APARTMENTS,2,1394,7,D4,"118 EAST 60TH STREET, 23A",,10022.0,,,,,,1963.0,2,D4,545000,2023-10-13,40.763174,-73.968493,108.0,4.0,1041902.0,1013940007.0,11402.0,MN0802,2023,10,True,COOPS - ELEVATOR APARTMENTS
Manhattan,UPPER EAST SIDE (59-79),10 COOPS - ELEVATOR APARTMENTS,2,1407,33,D4,"165 EAST 72ND STREET, 2H",,10021.0,,,,,,1960.0,2,D4,550000,2023-10-13,40.770135,-73.961497,108.0,4.0,1042850.0,1014070033.0,128.0,MN0802,2023,10,True,COOPS - ELEVATOR APARTMENTS
Manhattan,UPPER EAST SIDE (79-96),01 ONE FAMILY DWELLINGS,1,1528,119,A5,243 E 82 STREET,,10028.0,1.0,0.0,1.0,1532.0,5000.0,1915.0,1,A5,7500000,2023-10-13,40.77582,-73.954854,108.0,5.0,1048685.0,1015280119.0,138.0,MN0803,2023,10,True,ONE FAMILY DWELLINGS
Manhattan,UPPER EAST SIDE (79-96),10 COOPS - ELEVATOR APARTMENTS,2,1500,15,D4,"19 EAST 88TH STREET, 5F",,10128.0,,,,,,1937.0,2,D4,610000,2023-10-13,40.782458,-73.95855,108.0,4.0,1046952.0,1015000015.0,15002.0,MN0802,2023,10,True,COOPS - ELEVATOR APARTMENTS
Manhattan,UPPER EAST SIDE (79-96),13 CONDOS - ELEVATOR APARTMENTS,2,1513,1376,R4,"150 EAST 85TH STREET, 10C",10C,10028.0,1.0,,1.0,,,1986.0,2,R4,520000,2023-10-13,40.778639,-73.955689,108.0,4.0,1047689.0,1015137502.0,14801.0,MN0802,2023,10,True,CONDOS - ELEVATOR APARTMENTS
Manhattan,UPPER EAST SIDE (79-96),10 COOPS - ELEVATOR APARTMENTS,2,1580,32,D4,"538 EAST 84TH STREET, 3F",,10028.0,,,,,,1910.0,2,D4,500000,2023-10-13,40.774186,-73.947099,108.0,5.0,1075693.0,1015800032.0,13604.0,MN0803,2023,10,True,COOPS - ELEVATOR APARTMENTS
Manhattan,UPPER EAST SIDE (96-110),10 COOPS - ELEVATOR APARTMENTS,2,1603,69,D4,"1165 FIFTH AVENUE, 2C",,10029.0,,,,,,1926.0,2,D4,2750000,2023-10-13,40.788989,-73.954549,111.0,8.0,1051480.0,1016030069.0,16002.0,MN1101,2023,10,True,COOPS - ELEVATOR APARTMENTS
Manhattan,UPPER WEST SIDE (59-79),13 CONDOS - ELEVATOR APARTMENTS,2,1132,1116,R4,"161 WEST 61ST STREET, 19B",19B,10023.0,1.0,,1.0,,,1987.0,2,R4,1175000,2023-10-13,40.771406,-73.986057,107.0,6.0,1070131.0,1011327501.0,145.0,MN0701,2023,10,True,CONDOS - ELEVATOR APARTMENTS
Manhattan,UPPER EAST SIDE (79-96),13 CONDOS - ELEVATOR APARTMENTS,2,1555,1318,R4,"300 EAST 93RD STREET, 24F",24F,10128.0,1.0,,1.0,,,,2,R4,665000,2023-10-13,40.782223,-73.948299,108.0,5.0,1073539.0,1015557501.0,15402.0,MN0803,2023,10,True,CONDOS - ELEVATOR APARTMENTS
Manhattan,UPPER WEST SIDE (59-79),13 CONDOS - ELEVATOR APARTMENTS,2,1166,1024,R4,"201 WEST 74TH STREET, 9B",9B,10023.0,1.0,,1.0,,,1922.0,2,R4,595000,2023-10-13,40.77998,-73.98078,107.0,6.0,1030741.0,1011667501.0,163.0,MN0702,2023,10,True,CONDOS - ELEVATOR APARTMENTS
Manhattan,UPPER WEST SIDE (79-96),10 COOPS - ELEVATOR APARTMENTS,2,1245,19,D4,"465 WEST END AVENUE, 7B",,10024.0,,,,,,1911.0,2,D4,1845000,2023-10-13,40.786504,-73.979612,107.0,6.0,1033801.0,1012450019.0,171.0,MN0702,2023,10,True,COOPS - ELEVATOR APARTMENTS
Manhattan,UPPER WEST SIDE (59-79),17 CONDO COOPS,2,1179,1212,R9,"185 WEST END AVE, 12H",,10023.0,,,,,,1962.0,2,R9,860000,2023-10-13,40.777612,-73.986092,107.0,6.0,1070754.0,1011797502.0,15502.0,MN0701,2023,10,True,CONDO COOPS
Manhattan,UPPER WEST SIDE (59-79),47 CONDO NON-BUSINESS STORAGE,4,1171,3323,RS,"120 RIVERSIDE BOULEVARD, SU43",SU43,10069.0,,1.0,1.0,,,,4,RS,20000,2023-10-13,40.776668,-73.989233,107.0,6.0,1086247.0,1011717504.0,15102.0,MN0701,2023,10,True,CONDO NON-BUSINESS STORAGE
Manhattan,UPPER WEST SIDE (79-96),10 COOPS - ELEVATOR APARTMENTS,2,1196,52,D4,"46 WEST 83RD STREET, 3J",,10024.0,,,,,,1911.0,2,D4,350000,2023-10-13,40.784076,-73.972524,107.0,6.0,1031196.0,1011960052.0,169.0,MN0702,2023,10,True,COOPS - ELEVATOR APARTMENTS
Manhattan,UPPER WEST SIDE (79-96),17 CONDO COOPS,2,1236,1003,R9,"250 WEST 89TH STREET, 14G",,10024.0,,,,,,1986.0,2,R9,1725000,2023-10-13,40.790362,-73.975407,107.0,6.0,1071151.0,1012367501.0,175.0,MN0702,2023,10,True,CONDO COOPS
Manhattan,UPPER WEST SIDE (79-96),13 CONDOS - ELEVATOR APARTMENTS,2,1197,1024,R4,"20 WEST 84TH STREET, 6D",6D,10024.0,1.0,,1.0,,,1924.0,2,R4,2045000,2023-10-13,40.784306,-73.971101,107.0,6.0,1031254.0,1011977501.0,169.0,MN0702,2023,10,True,CONDOS - ELEVATOR APARTMENTS
Manhattan,WASHINGTON HEIGHTS UPPER,10 COOPS - ELEVATOR APARTMENTS,2,2177,154,D4,"804 WEST 180TH STREET, 5",,10033.0,,,,,,1910.0,2,D4,649500,2023-10-13,40.850096,-73.939206,112.0,10.0,1064314.0,1021770154.0,265.0,MN1202,2023,10,True,COOPS - ELEVATOR APARTMENTS
Manhattan,WASHINGTON HEIGHTS UPPER,10 COOPS - ELEVATOR APARTMENTS,2,2177,154,D4,"804 WEST 180TH STREET, 33",,10033.0,,,,,,1910.0,2,D4,590000,2023-10-13,40.850096,-73.939206,112.0,10.0,1064314.0,1021770154.0,265.0,MN1202,2023,10,True,COOPS - ELEVATOR APARTMENTS
Manhattan,WASHINGTON HEIGHTS UPPER,10 COOPS - ELEVATOR APARTMENTS,2,2177,166,D4,"825 WEST 179TH STREET, 4E",,10033.0,,,,,,1920.0,2,D4,435000,2023-10-13,40.849572,-73.940107,112.0,10.0,1064321.0,1021770166.0,265.0,MN1202,2023,10,True,COOPS - ELEVATOR APARTMENTS
Staten Island,DONGAN HILLS-COLONY,02 TWO FAMILY DWELLINGS,1,869,954,B2,83 GREENPORT STREET,,10304.0,2.0,0.0,2.0,4284.0,2024.0,1965.0,1,B2,900000,2023-10-13,40.596854,-74.099752,502.0,50.0,5022643.0,5008690954.0,17702.0,SI0203,2023,10,True,TWO FAMILY DWELLINGS
Staten Island,GREAT KILLS,01 ONE FAMILY DWELLINGS,1,5438,68,A5,220 KATAN AVENUE,,10308.0,1.0,0.0,1.0,2816.0,1334.0,1987.0,1,A5,750000,2023-10-13,40.552735,-74.153268,503.0,51.0,5092068.0,5054380068.0,14604.0,SI0302,2023,10,True,ONE FAMILY DWELLINGS
Staten Island,GREAT KILLS,01 ONE FAMILY DWELLINGS,1,5264,87,A2,315 BEACH ROAD,,10312.0,1.0,0.0,1.0,5200.0,872.0,1950.0,1,A2,600000,2023-10-13,40.541145,-74.156288,503.0,51.0,5067200.0,5052640087.0,15601.0,SI0302,2023,10,True,ONE FAMILY DWELLINGS
Staten Island,GREAT KILLS,02 TWO FAMILY DWELLINGS,1,4500,359,B9,110 REDWOOD AVENUE,,10308.0,2.0,0.0,2.0,2800.0,2480.0,1983.0,1,B9,860000,2023-10-13,40.559151,-74.141859,503.0,51.0,5061268.0,5045000359.0,14606.0,SI0302,2023,10,True,TWO FAMILY DWELLINGS
Staten Island,HUGUENOT,01 ONE FAMILY DWELLINGS,1,6838,52,A2,739 IONIA AVENUE,,10312.0,1.0,0.0,1.0,4233.0,2052.0,1975.0,1,A2,675000,2023-10-13,40.536964,-74.19768,503.0,51.0,5083586.0,5068380052.0,20804.0,SI0304,2023,10,True,ONE FAMILY DWELLINGS
Staten Island,MIDLAND BEACH,01 ONE FAMILY DWELLINGS,1,3808,16,A1,1032 OLYMPIA BOULEVARD,,10306.0,1.0,0.0,1.0,1980.0,1082.0,2016.0,1,A1,489900,2023-10-13,40.573499,-74.092388,502.0,50.0,5166639.0,5038080016.0,11203.0,SI0202,2023,10,True,ONE FAMILY DWELLINGS
Staten Island,MARINERS HARBOR,01 ONE FAMILY DWELLINGS,1,1248,18,A5,327 MERSEREAU AVENUE,,10303.0,1.0,0.0,1.0,480.0,960.0,1989.0,1,A5,340000,2023-10-13,40.629971,-74.163774,501.0,49.0,5101640.0,5012480018.0,31901.0,SI0107,2023,10,True,ONE FAMILY DWELLINGS
Staten Island,NEW BRIGHTON,02 TWO FAMILY DWELLINGS,1,35,124,B2,143 BROOK STREET,,10301.0,2.0,0.0,2.0,1635.0,1260.0,1920.0,1,B2,499000,2023-10-13,40.636659,-74.085399,501.0,49.0,5000724.0,5000350124.0,11.0,SI0101,2023,10,True,TWO FAMILY DWELLINGS
Staten Island,NEW DORP,01 ONE FAMILY DWELLINGS,1,4228,22,A2,110 STERLING AVENUE,,10306.0,1.0,0.0,1.0,5000.0,1105.0,1950.0,1,A2,635000,2023-10-13,40.568699,-74.11302,502.0,50.0,5057775.0,5042280022.0,134.0,SI0202,2023,10,True,ONE FAMILY DWELLINGS
Staten Island,PRINCES BAY,02 TWO FAMILY DWELLINGS,1,6993,14,B2,47 OPAL LANE,,10309.0,2.0,0.0,2.0,4992.0,2200.0,2006.0,1,B2,1200000,2023-10-13,40.524678,-74.21501,503.0,51.0,5147188.0,5069930014.0,20803.0,SI0304,2023,10,True,TWO FAMILY DWELLINGS
Staten Island,PORT IVORY,02 TWO FAMILY DWELLINGS,1,1263,111,B9,72 SOUTH AVENUE,,10303.0,2.0,0.0,2.0,2075.0,1080.0,2003.0,1,B9,540000,2023-10-13,40.638298,-74.166107,501.0,49.0,5133970.0,5012630111.0,31902.0,SI0107,2023,10,True,TWO FAMILY DWELLINGS
Staten Island,ROSEBANK,02 TWO FAMILY DWELLINGS,1,2974,4,B2,57 FLETCHER STREET,,10305.0,2.0,0.0,2.0,3270.0,1454.0,2022.0,1,B2,864381,2023-10-13,40.611799,-74.075232,501.0,49.0,,,36.0,SI0103,2023,10,True,TWO FAMILY DWELLINGS
Staten Island,TOTTENVILLE,01 ONE FAMILY DWELLINGS,1,8001,53,A5,12 CONFERENCE COURT,,10307.0,1.0,0.0,1.0,1322.0,1600.0,1998.0,1,A5,535000,2023-10-13,40.513094,-74.250552,503.0,51.0,5129994.0,5080010053.0,248.0,SI0305,2023,10,True,ONE FAMILY DWELLINGS
Staten Island,WILLOWBROOK,01 ONE FAMILY DWELLINGS,1,774,50,A5,11 ROOSEVELT AVENUE,,10314.0,1.0,0.0,1.0,1784.0,1008.0,2001.0,1,A5,650000,2023-10-13,40.606399,-74.133079,502.0,49.0,5133025.0,5007740050.0,18902.0,SI0203,2023,10,True,ONE FAMILY DWELLINGS
Queens,ASTORIA,02 TWO FAMILY DWELLINGS,1,510,46,B2,9-06 27TH AVENUE,,11102.0,2.0,0.0,2.0,7776.0,2300.0,1901.0,1,B2,2700000,2023-10-13,40.7739,-73.930824,401.0,22.0,4005576.0,4005100046.0,83.0,QN0102,2023,10,True,TWO FAMILY DWELLINGS
Queens,ASTORIA,07 RENTALS - WALKUP APARTMENTS,2A,544,42,C2,23-11 28TH AVENUE,,11102.0,6.0,0.0,6.0,2520.0,3960.0,1923.0,2,C2,1800000,2023-10-13,40.770331,-73.925047,401.0,22.0,4006175.0,4005440042.0,71.0,QN0103,2023,10,True,RENTALS - WALKUP APARTMENTS
Queens,ARVERNE,01 ONE FAMILY DWELLINGS,1,16033,15,A2,532 BEACH 67 STREET,,11692.0,1.0,0.0,1.0,4000.0,1483.0,1940.0,1,A2,380000,2023-10-13,40.59572,-73.796438,414.0,31.0,4302651.0,4160330015.0,964.0,QN1402,2023,10,True,ONE FAMILY DWELLINGS
Queens,ASTORIA,10 COOPS - ELEVATOR APARTMENTS,2,557,3,D4,"2150 33RD ROAD, 5A",,11106.0,,,,,,1950.0,2,D4,370000,2023-10-13,40.763105,-73.930997,401.0,22.0,4430867.0,4005570003.0,45.0,QN0105,2023,10,True,COOPS - ELEVATOR APARTMENTS
Queens,ASTORIA,22 STORE BUILDINGS,4,570,59,K4,23-57 31ST AVENUE,,11106.0,2.0,1.0,3.0,4830.0,5126.0,1940.0,4,K4,3900000,2023-10-13,40.76654,-73.92816,401.0,22.0,4430892.0,4005700059.0,73.0,QN0103,2023,10,True,STORE BUILDINGS
Queens,BAYSIDE,09 COOPS - WALKUP APARTMENTS,2,5784,1,C6,"19-50 202ND STREET, 1-92",,11357.0,,,,,,1952.0,2,C6,362000,2023-10-13,40.780451,-73.791288,407.0,19.0,4619164.0,4057840001.0,99701.0,QN0703,2023,10,True,COOPS - WALKUP APARTMENTS
Queens,BEECHHURST,10 COOPS - ELEVATOR APARTMENTS,2,4588,1,D4,"7-15 162ND STREET, 5A",,11357.0,,,,,,1958.0,2,D4,320000,2023-10-13,40.793984,-73.799613,407.0,19.0,4104140.0,4045880001.0,991.0,QN0702,2023,10,True,COOPS - ELEVATOR APARTMENTS
Queens,BAYSIDE,09 COOPS - WALKUP APARTMENTS,2,5784,1,C6,"19-10 202ND STREET, 1-57",,11357.0,,,,,,1952.0,2,C6,265000,2023-10-13,40.780498,-73.791295,407.0,19.0,4443885.0,4057840001.0,99701.0,QN0703,2023,10,True,COOPS - WALKUP APARTMENTS
Queens,BAYSIDE,01 ONE FAMILY DWELLINGS,1,7412,51,A3,53-21 203RD STREET,,11364.0,1.0,0.0,1.0,4800.0,2562.0,1950.0,1,A3,396745,2023-10-13,40.749241,-73.775462,411.0,20.0,4159406.0,4074120051.0,140901.0,QN1101,2023,10,True,ONE FAMILY DWELLINGS
Queens,BEECHHURST,10 COOPS - ELEVATOR APARTMENTS,2,4602,125,D4,"167-05 12TH AVENUE, 6B",,11357.0,,,,,,1958.0,2,D4,428000,2023-10-13,40.791385,-73.796663,407.0,19.0,4104356.0,4046020125.0,991.0,QN0702,2023,10,True,COOPS - ELEVATOR APARTMENTS
Queens,BRIARWOOD,10 COOPS - ELEVATOR APARTMENTS,2,9714,75,D4,"84-23 MANTON STREET, 2A",,11435.0,,,,,,1956.0,2,D4,140000,2023-10-13,40.70996,-73.818658,408.0,24.0,4207805.0,4097140075.0,22002.0,QN0805,2023,10,True,COOPS - ELEVATOR APARTMENTS
Queens,CORONA,07 RENTALS - WALKUP APARTMENTS,2A,1966,54,C2,58-37 WALDRON STREET,,11368.0,5.0,0.0,5.0,3000.0,3980.0,1989.0,2,C2,1100000,2023-10-13,40.739034,-73.852049,404.0,21.0,4311613.0,4019660054.0,43701.0,QN0402,2023,10,True,RENTALS - WALKUP APARTMENTS
Queens,DOUGLASTON,01 ONE FAMILY DWELLINGS,1,8042,63,A1,18 SHORE ROAD,,11363.0,1.0,0.0,1.0,9200.0,2656.0,1930.0,1,A1,2000000,2023-10-13,40.773933,-73.752586,411.0,19.0,4168264.0,4080420063.0,1483.0,QN1103,2023,10,True,ONE FAMILY DWELLINGS
Queens,CORONA,02 TWO FAMILY DWELLINGS,1,1996,20,B2,108-32 ROOSEVELT AVENUE,,11368.0,2.0,0.0,2.0,2500.0,1912.0,1930.0,1,B2,1390000,2023-10-13,40.750849,-73.858292,404.0,21.0,4049194.0,4019960020.0,40101.0,QN0402,2023,10,True,TWO FAMILY DWELLINGS
Queens,EAST ELMHURST,01 ONE FAMILY DWELLINGS,1,1662,48,A1,27-47 GILLMORE STREET,,11369.0,1.0,0.0,1.0,4000.0,1606.0,1925.0,1,A1,940000,2023-10-13,40.763801,-73.866769,403.0,21.0,4041388.0,4016620048.0,367.0,QN0302,2023,10,True,ONE FAMILY DWELLINGS
Queens,ELMHURST,02 TWO FAMILY DWELLINGS,1,1564,29,B3,41-44 BENHAM STREET,,11373.0,2.0,0.0,2.0,2500.0,2414.0,1910.0,1,B3,1180000,2023-10-13,40.747295,-73.872696,404.0,21.0,4039097.0,4015640029.0,467.0,QN0401,2023,10,True,TWO FAMILY DWELLINGS
Queens,ELMHURST,10 COOPS - ELEVATOR APARTMENTS,2,1547,1,D4,"84-19 51 AVE, 2H",,11373.0,,,,,,1953.0,2,D4,360000,2023-10-13,40.738319,-73.878984,404.0,25.0,4038743.0,4015470001.0,485.0,QN0401,2023,10,True,COOPS - ELEVATOR APARTMENTS
Queens,ELMHURST,10 COOPS - ELEVATOR APARTMENTS,2,1518,9,D4,"83-30 VIETOR AVENUE, 402",,11373.0,,,,,,1963.0,2,D4,245000,2023-10-13,40.742677,-73.881636,404.0,25.0,4037509.0,4015180009.0,27101.0,QN0401,2023,10,True,COOPS - ELEVATOR APARTMENTS
Queens,ELMHURST,43 CONDO OFFICE BUILDINGS,4,2858,1029,RB,"87-14 57TH ROAD, PROFD",PROFD,11373.0,,1.0,1.0,,,1986.0,4,RB,210000,2023-10-13,40.73306,-73.87417,404.0,30.0,4064886.0,4028587501.0,475.0,QN0401,2023,10,True,CONDO OFFICE BUILDINGS
Queens,ELMHURST,03 THREE FAMILY DWELLINGS,1,1894,19,C0,94-41 55TH AVENUE,,11373.0,3.0,0.0,3.0,1520.0,2233.0,1955.0,1,C0,998000,2023-10-13,40.738004,-73.867449,404.0,25.0,4046894.0,4018940019.0,457.0,QN0401,2023,10,True,THREE FAMILY DWELLINGS
Queens,ELMHURST,03 THREE FAMILY DWELLINGS,1,1351,50,C0,70-51 45TH AVENUE,,11377.0,3.0,0.0,3.0,2248.0,2635.0,1940.0,1,C0,1120000,2023-10-13,40.740345,-73.893841,402.0,26.0,4031966.0,4013510050.0,48302.0,QN0203,2023,10,True,THREE FAMILY DWELLINGS
Queens,FLUSHING-NORTH,01 ONE FAMILY DWELLINGS,1,4676,60,A5,149-65 24TH ROAD,,11357.0,1.0,0.0,1.0,1879.0,968.0,1960.0,1,A5,819000,2023-10-13,40.776548,-73.815487,407.0,19.0,4106194.0,4046760060.0,1047.0,QN0704,2023,10,True,ONE FAMILY DWELLINGS
Queens,FLUSHING-NORTH,01 ONE FAMILY DWELLINGS,1,5643,12,A0,188-12 50TH AVENUE,,11365.0,1.0,0.0,1.0,4420.0,1092.0,1950.0,1,A0,930000,2023-10-13,40.746517,-73.789128,411.0,20.0,4127532.0,4056430012.0,1417.0,QN1101,2023,10,True,ONE FAMILY DWELLINGS
Queens,FLUSHING-NORTH,01 ONE FAMILY DWELLINGS,1,5704,15,A1,58-20 197TH STREET,,11365.0,1.0,0.0,1.0,4000.0,1998.0,1945.0,1,A1,320000,2023-10-13,40.744327,-73.779297,411.0,20.0,4128621.0,4057040015.0,140902.0,QN1101,2023,10,True,ONE FAMILY DWELLINGS
Queens,FLUSHING-NORTH,01 ONE FAMILY DWELLINGS,1,5645,43,A1,50-09 190 STREET,,11365.0,1.0,0.0,1.0,4000.0,1820.0,1940.0,1,A1,990000,2023-10-13,40.747274,-73.787689,411.0,20.0,4127572.0,4056450043.0,1417.0,QN1101,2023,10,True,ONE FAMILY DWELLINGS
Queens,FLUSHING-NORTH,10 COOPS - ELEVATOR APARTMENTS,2,5007,22,D4,"35-10 150TH STREET, 6H",,11354.0,,,,,,1963.0,2,D4,335000,2023-10-13,40.766225,-73.815281,407.0,20.0,4113267.0,4050070022.0,1157.0,QN0704,2023,10,True,COOPS - ELEVATOR APARTMENTS
Queens,FLUSHING-NORTH,09 COOPS - WALKUP APARTMENTS,2,5180,43,C6,"42-14 UNION STREET, 2B",,11355.0,,,,,,1931.0,2,C6,425000,2023-10-13,40.757297,-73.824774,407.0,20.0,4116932.0,4051800043.0,857.0,QN0707,2023,10,True,COOPS - WALKUP APARTMENTS
Queens,FLUSHING-NORTH,13 CONDOS - ELEVATOR APARTMENTS,2,5135,1383,R4,"136-18 MAPLE AVE, 18H",18H,11354.0,1.0,,1.0,,,2020.0,2,R4,987703,2023-10-13,40.755534,-73.82789,407.0,20.0,4623184.0,4051357503.0,853.0,QN0707,2023,10,True,CONDOS - ELEVATOR APARTMENTS
Queens,FLUSHING-NORTH,13 CONDOS - ELEVATOR APARTMENTS,2,5005,1244,R4,"148-09 NORTHERN BOULEVARD, 4B",4B,11354.0,1.0,,1.0,,,1924.0,2,R4,675000,2023-10-13,40.765318,-73.817764,407.0,20.0,4113236.0,4050057502.0,116301.0,QN0704,2023,10,True,CONDOS - ELEVATOR APARTMENTS
Queens,FLUSHING-NORTH,12 CONDOS - WALKUP APARTMENTS,2,4972,1349,R2,"133-27 39TH AVENUE, 6K",6K,11354.0,1.0,,1.0,,,2015.0,2,R2,795000,2023-10-13,40.759115,-73.834172,407.0,20.0,4618349.0,4049727504.0,871.0,QN0707,2023,10,True,CONDOS - WALKUP APARTMENTS
Queens,FLUSHING-NORTH,13 CONDOS - ELEVATOR APARTMENTS,2,4414,1425,R4,"140-21 32ND AVENUE, 3E-N",3E-N,11354.0,1.0,,1.0,,,2009.0,2,R4,538000,2023-10-13,40.7686,-73.828311,407.0,20.0,4533944.0,4044147505.0,88902.0,QN0707,2023,10,True,CONDOS - ELEVATOR APARTMENTS
Queens,FLUSHING-NORTH,13 CONDOS - ELEVATOR APARTMENTS,2,5185,1061,R4,"43-43 KISSENA BOULEVARD, 503",503,11355.0,1.0,,1.0,,,1958.0,2,R4,580403,2023-10-13,40.754611,-73.823659,407.0,20.0,4535114.0,4051857501.0,859.0,QN0707,2023,10,True,CONDOS - ELEVATOR APARTMENTS
Queens,FOREST HILLS,10 COOPS - ELEVATOR APARTMENTS,2,2132,54,D4,"66-10 YELLOWSTONE BLVD, 3H",,11375.0,,,,,,1958.0,2,D4,433700,2023-10-13,40.729443,-73.849938,406.0,29.0,4051253.0,4021320054.0,71304.0,QN0602,2023,10,True,COOPS - ELEVATOR APARTMENTS
Queens,FLUSHING-SOUTH,09 COOPS - WALKUP APARTMENTS,2,6632,1,C6,"141-27 79 AVENUE, 1D",,11367.0,,,,,,1940.0,2,C6,297793,2023-10-13,40.718253,-73.819163,408.0,24.0,4451299.0,4066320001.0,77903.0,QN0801,2023,10,True,COOPS - WALKUP APARTMENTS
Queens,FRESH MEADOWS,01 ONE FAMILY DWELLINGS,1,7212,15,A2,75-22 196TH PL,,11366.0,1.0,0.0,1.0,5500.0,1740.0,1945.0,1,A2,1549000,2023-10-13,40.732565,-73.77471,408.0,23.0,4155277.0,4072120015.0,1333.0,QN0803,2023,10,True,ONE FAMILY DWELLINGS
Queens,GLENDALE,07 RENTALS - WALKUP APARTMENTS,2A,3703,4,C3,72-27 68TH STREET,,11385.0,4.0,0.0,4.0,2500.0,3150.0,1931.0,2,C3,1300000,2023-10-13,40.701267,-73.88396,405.0,32.0,4090329.0,4037030004.0,629.0,QN0503,2023,10,True,RENTALS - WALKUP APARTMENTS
Queens,HOLLIS,02 TWO FAMILY DWELLINGS,1,10894,7,B3,198-14 104TH AVENUE,,11412.0,2.0,0.0,2.0,4000.0,2374.0,1935.0,1,B3,1225000,2023-10-13,40.708426,-73.760281,412.0,27.0,4233042.0,4108940007.0,506.0,QN1206,2023,10,True,TWO FAMILY DWELLINGS
Queens,HOWARD BEACH,09 COOPS - WALKUP APARTMENTS,2,13943,1,C6,"156-19 80TH STREET, 305",,11414.0,,,,,,1960.0,2,C6,280000,2023-10-13,40.661992,-73.853254,410.0,32.0,4460509.0,4139430001.0,6202.0,QN1003,2023,10,True,COOPS - WALKUP APARTMENTS
Queens,HOWARD BEACH,01 ONE FAMILY DWELLINGS,1,14041,40,A2,161-51 85TH STREET,,11414.0,1.0,0.0,1.0,4725.0,2704.0,1965.0,1,A2,1325000,2023-10-13,40.653916,-73.846262,410.0,32.0,4293843.0,4140410040.0,89201.0,QN1003,2023,10,True,ONE FAMILY DWELLINGS
Queens,JACKSON HEIGHTS,10 COOPS - ELEVATOR APARTMENTS,2,1474,12,D4,"37-50 87TH STREET, 5F",,11372.0,,,,,,1951.0,2,D4,440000,2023-10-13,40.748993,-73.879445,403.0,21.0,4445458.0,4014740012.0,279.0,QN0301,2023,10,True,COOPS - ELEVATOR APARTMENTS
Queens,JACKSON HEIGHTS,10 COOPS - ELEVATOR APARTMENTS,2,1455,30,D4,"94-11 34TH ROAD, 5C",,11372.0,,,,,,1959.0,2,D4,427000,2023-10-13,40.753749,-73.873322,403.0,21.0,4035803.0,4014550030.0,27302.0,QN0301,2023,10,True,COOPS - ELEVATOR APARTMENTS
Queens,JACKSON HEIGHTS,10 COOPS - ELEVATOR APARTMENTS,2,1273,1,D4,"73-12 35TH AVENUE, C41",,11372.0,,,,,,1940.0,2,D4,1061684,2023-10-13,40.750922,-73.892828,403.0,25.0,4029556.0,4012730001.0,289.0,QN0301,2023,10,True,COOPS - ELEVATOR APARTMENTS
Queens,JACKSON HEIGHTS,10 COOPS - ELEVATOR APARTMENTS,2,1261,1,D4,"34-10 75TH STREET, 6G",,11372.0,,,,,,1952.0,2,D4,255000,2023-10-13,40.752656,-73.891483,403.0,25.0,4431323.0,4012610001.0,289.0,QN0301,2023,10,True,COOPS - ELEVATOR APARTMENTS
Queens,JAMAICA,01 ONE FAMILY DWELLINGS,1,10209,213,A5,92-22 168TH PLACE,,11433.0,1.0,0.0,1.0,2000.0,1348.0,1925.0,1,A5,682000,2023-10-13,40.705997,-73.791142,412.0,27.0,4217393.0,4102090213.0,444.0,QN1201,2023,10,True,ONE FAMILY DWELLINGS
Queens,JAMAICA HILLS,01 ONE FAMILY DWELLINGS,1,9773,11,A1,86-09 162ND STREET,,11432.0,1.0,0.0,1.0,3640.0,1256.0,1920.0,1,A1,998000,2023-10-13,40.710656,-73.80157,408.0,24.0,4209100.0,4097730011.0,448.0,QN0805,2023,10,True,ONE FAMILY DWELLINGS
Queens,LONG ISLAND CITY,13 CONDOS - ELEVATOR APARTMENTS,2,82,1210,R4,"27-28 THOMSON AVENUE, 609",609,11101.0,1.0,,1.0,,,1920.0,2,R4,1700000,2023-10-13,40.746196,-73.942029,402.0,26.0,4000697.0,4000827501.0,1901.0,QN0201,2023,10,True,CONDOS - ELEVATOR APARTMENTS
Queens,LITTLE NECK,01 ONE FAMILY DWELLINGS,1,8139,4,A1,41-53 MORGAN ST,,11363.0,1.0,0.0,1.0,4000.0,2000.0,1995.0,1,A1,1240000,2023-10-13,40.773196,-73.737107,411.0,19.0,4453383.0,4081390004.0,1479.0,QN1103,2023,10,True,ONE FAMILY DWELLINGS
Queens,MASPETH,02 TWO FAMILY DWELLINGS,1,2304,6,B3,51-29 46TH STREET,,11377.0,2.0,0.0,2.0,2000.0,1312.0,1905.0,1,B3,71000,2023-10-13,40.734424,-73.920426,402.0,26.0,4053403.0,4023040006.0,205.0,QN0202,2023,10,True,TWO FAMILY DWELLINGS
Queens,QUEENS VILLAGE,01 ONE FAMILY DWELLINGS,1,11228,119,A2,229-11 113TH AVENUE,,11429.0,1.0,0.0,1.0,3900.0,780.0,1950.0,1,A2,465000,2023-10-13,40.703793,-73.728256,413.0,27.0,4242033.0,4112280119.0,580.0,QN1303,2023,10,True,ONE FAMILY DWELLINGS
Queens,OZONE PARK,01 ONE FAMILY DWELLINGS,1,9149,57,A1,105-43 86TH STREET,,11417.0,1.0,0.0,1.0,2500.0,1088.0,1920.0,1,A1,650000,2023-10-13,40.679179,-73.852236,410.0,32.0,4190427.0,4091490057.0,54.0,QN1002,2023,10,True,ONE FAMILY DWELLINGS
Queens,QUEENS VILLAGE,01 ONE FAMILY DWELLINGS,1,10615,43,A1,93-17 214TH STREET,,11428.0,1.0,0.0,1.0,2750.0,1152.0,1920.0,1,A1,525000,2023-10-13,40.719101,-73.745351,413.0,23.0,4226546.0,4106150043.0,542.0,QN1303,2023,10,True,ONE FAMILY DWELLINGS
Queens,QUEENS VILLAGE,01 ONE FAMILY DWELLINGS,1,11232,12,A5,215-14 MURDOCK AVE,,11429.0,1.0,0.0,1.0,2158.0,1688.0,1935.0,1,A5,735000,2023-10-13,40.703389,-73.739867,413.0,27.0,4242072.0,4112320012.0,582.0,QN1303,2023,10,True,ONE FAMILY DWELLINGS
Queens,QUEENS VILLAGE,01 ONE FAMILY DWELLINGS,1,10736,10,A1,92-40 222ND STREET,,11428.0,1.0,0.0,1.0,2500.0,1136.0,1920.0,1,A1,650000,2023-10-13,40.725359,-73.73441,413.0,23.0,4230108.0,4107360010.0,562.0,QN1303,2023,10,True,ONE FAMILY DWELLINGS
Queens,REGO PARK,10 COOPS - ELEVATOR APARTMENTS,2,2086,50,D4,"97-40 62ND DRIVE, 4M",,11374.0,,,,,,1955.0,2,D4,285000,2023-10-13,40.732805,-73.860517,406.0,24.0,4431952.0,4020860050.0,71701.0,QN0601,2023,10,True,COOPS - ELEVATOR APARTMENTS
Queens,QUEENS VILLAGE,03 THREE FAMILY DWELLINGS,1,7967,72,C0,88-02 SABRE STREET,,11427.0,3.0,0.0,3.0,4320.0,1321.0,1950.0,1,C0,672000,2023-10-13,40.730347,-73.735653,413.0,23.0,4166880.0,4079670072.0,1621.0,QN1302,2023,10,True,THREE FAMILY DWELLINGS
Queens,RICHMOND HILL,01 ONE FAMILY DWELLINGS,1,9305,21,A1,87-38 116TH STREET,,11418.0,1.0,0.0,1.0,2950.0,1640.0,1930.0,1,A1,675000,2023-10-13,40.698671,-73.833111,409.0,29.0,4195040.0,4093050021.0,122.0,QN0902,2023,10,True,ONE FAMILY DWELLINGS
Queens,REGO PARK,13 CONDOS - ELEVATOR APARTMENTS,2,3104,1255,R4,"65-18 AUSTIN STREET, 7G",7G,11374.0,1.0,,1.0,,,2018.0,2,R4,524399,2023-10-13,40.726138,-73.860051,406.0,30.0,4616726.0,0.0,69701.0,QN0601,2023,10,True,CONDOS - ELEVATOR APARTMENTS
Queens,ROSEDALE,01 ONE FAMILY DWELLINGS,1,13470,21,A2,145-75 222ND STREET,,11413.0,1.0,0.0,1.0,3895.0,1050.0,1960.0,1,A2,510000,2023-10-13,40.661828,-73.757713,413.0,31.0,4286623.0,4134700021.0,690.0,QN1306,2023,10,True,ONE FAMILY DWELLINGS
Queens,RIDGEWOOD,03 THREE FAMILY DWELLINGS,1,3618,62,C0,64-45 MADISON STREET,,11385.0,3.0,0.0,3.0,2400.0,2403.0,1910.0,1,C0,1450000,2023-10-13,40.707856,-73.894254,405.0,30.0,4087856.0,4036180062.0,61301.0,QN0502,2023,10,True,THREE FAMILY DWELLINGS
Queens,RIDGEWOOD,02 TWO FAMILY DWELLINGS,1,3576,48,B1,1833 NORMAN STREET,,11385.0,2.0,0.0,2.0,2363.0,2140.0,1920.0,1,B1,1250000,2023-10-13,40.698833,-73.899613,405.0,34.0,4086345.0,4035760048.0,557.0,QN0502,2023,10,True,TWO FAMILY DWELLINGS
Queens,RIDGEWOOD,07 RENTALS - WALKUP APARTMENTS,2A,3498,10,C3,66-05 FOREST AVENUE,,11385.0,4.0,0.0,4.0,2452.0,2950.0,1930.0,2,C3,900000,2023-10-13,40.707622,-73.903513,405.0,30.0,4083748.0,4034980010.0,587.0,QN0502,2023,10,True,RENTALS - WALKUP APARTMENTS
Queens,ROSEDALE,01 ONE FAMILY DWELLINGS,1,13675,43,A5,257-55 149TH ROAD,,11422.0,1.0,0.0,1.0,2660.0,1600.0,1950.0,1,A5,645000,2023-10-13,40.652184,-73.730131,413.0,31.0,4290669.0,4136750043.0,66403.0,QN1307,2023,10,True,ONE FAMILY DWELLINGS
Queens,ROSEDALE,22 STORE BUILDINGS,4,13599,38,K1,24410 FRANCIS LEWIS BLVD,,11422.0,0.0,1.0,1.0,675.0,480.0,1957.0,4,K1,700000,2023-10-13,40.665177,-73.735276,413.0,31.0,4289118.0,4135990038.0,65401.0,QN1307,2023,10,True,STORE BUILDINGS
Queens,SOUTH OZONE PARK,01 ONE FAMILY DWELLINGS,1,11770,38,A1,13108 SUTTER AVENUE,,11420.0,1.0,0.0,1.0,2798.0,1664.0,1925.0,1,A1,624000,2023-10-13,40.672215,-73.807225,410.0,28.0,4255511.0,4117700038.0,818.0,QN1001,2023,10,True,ONE FAMILY DWELLINGS
Queens,ST. ALBANS,01 ONE FAMILY DWELLINGS,1,12650,64,A2,119-11 194TH STREET,,11412.0,1.0,0.0,1.0,4000.0,960.0,1950.0,1,A2,450000,2023-10-13,40.689772,-73.756198,412.0,27.0,4272660.0,4126500064.0,376.0,QN1205,2023,10,True,ONE FAMILY DWELLINGS
Queens,ST. ALBANS,01 ONE FAMILY DWELLINGS,1,10974,233,A1,112-19 198TH STREET,,11412.0,1.0,0.0,1.0,3500.0,1462.0,1930.0,1,A1,790000,2023-10-13,40.701866,-73.757502,412.0,27.0,4235246.0,4109740233.0,522.0,QN1205,2023,10,True,ONE FAMILY DWELLINGS
Queens,WHITESTONE,01 ONE FAMILY DWELLINGS,1,4249,68,A5,23-46 144TH STREET,,11357.0,1.0,0.0,1.0,1600.0,1700.0,1935.0,1,A5,770000,2023-10-13,40.777419,-73.824902,407.0,19.0,4100158.0,4042490068.0,88903.0,QN0704,2023,10,True,ONE FAMILY DWELLINGS
Queens,SUNNYSIDE,10 COOPS - ELEVATOR APARTMENTS,2,177,1,D4,"4842 44TH ST, 3K",,11377.0,,,,,,1931.0,2,D4,485000,2023-10-13,40.738402,-73.921558,402.0,26.0,4430639.0,4001770001.0,18501.0,QN0202,2023,10,True,COOPS - ELEVATOR APARTMENTS
Queens,SUNNYSIDE,02 TWO FAMILY DWELLINGS,1,208,40,B1,40-18 50TH AVENUE,,11104.0,2.0,0.0,2.0,2000.0,1836.0,1930.0,1,B1,1090000,2023-10-13,40.738072,-73.925141,402.0,26.0,4002956.0,4002080040.0,187.0,QN0202,2023,10,True,TWO FAMILY DWELLINGS
Queens,WOODSIDE,07 RENTALS - WALKUP APARTMENTS,2,1297,50,C1,"39-82 65TH PLACE, 3J",,11377.0,38.0,0.0,38.0,10595.0,31316.0,1927.0,2,C1,260000,2023-10-13,40.743893,-73.898967,402.0,26.0,4030177.0,4012970050.0,263.0,QN0203,2023,10,True,RENTALS - WALKUP APARTMENTS
Queens,WOODSIDE,01 ONE FAMILY DWELLINGS,1,1323,29,A5,43-06 55TH STREET,,11377.0,1.0,0.0,1.0,4000.0,2292.0,1920.0,1,A5,950000,2023-10-13,40.744443,-73.909699,402.0,26.0,4030947.0,4013230029.0,251.0,QN0203,2023,10,True,ONE FAMILY DWELLINGS
Manhattan,UPPER WEST SIDE (59-79),10 COOPS - ELEVATOR APARTMENTS,2,1182,20,D4,"315 WEST 70 STREET, 15G",,10023.0,,,,,,1963.0,2,D4,420000,2023-10-15,40.778748,-73.986073,107.0,6.0,1030930.0,1011820020.0,159.0,MN0701,2023,10,True,COOPS - ELEVATOR APARTMENTS
Queens,JACKSON HEIGHTS,01 ONE FAMILY DWELLINGS,1,1245,54,A5,33-25 72ND STREET,,11372.0,1.0,0.0,1.0,2000.0,1400.0,1930.0,1,A5,970000,2023-10-15,40.75371,-73.894495,403.0,25.0,4028627.0,4012450054.0,291.0,QN0301,2023,10,True,ONE FAMILY DWELLINGS
Queens,WOODSIDE,03 THREE FAMILY DWELLINGS,1,1214,48,C0,3711 59 STREET,,11377.0,3.0,0.0,3.0,2500.0,2080.0,1925.0,1,C0,524000,2023-10-15,40.749535,-73.903614,402.0,26.0,4027754.0,4012140048.0,259.0,QN0203,2023,10,True,THREE FAMILY DWELLINGS
Bronx,BAYCHESTER,01 ONE FAMILY DWELLINGS,1,5654,326,A2,3449 MCOWEN AVENUE,,10475.0,1.0,0.0,1.0,4500.0,750.0,1950.0,1,A2,560000,2023-10-16,40.887228,-73.818128,212.0,13.0,2083036.0,2056540326.0,456.0,BX1202,2023,10,True,ONE FAMILY DWELLINGS
Bronx,BRONXDALE,03 THREE FAMILY DWELLINGS,1,4705,39,C0,1112 E. 211 STREET,,10469.0,3.0,0.0,3.0,2500.0,3060.0,2005.0,1,C0,800000,2023-10-16,40.874547,-73.854669,212.0,12.0,2059739.0,2047050039.0,368.0,BX1201,2023,10,True,THREE FAMILY DWELLINGS
Bronx,COUNTRY CLUB,04 TAX CLASS 1 CONDOS,1A,5417,1047,R3,"1420 OUTLOOK AVENUE, 1",1,10465.0,1.0,,1.0,,,2002.0,1,R3,514000,2023-10-16,40.84432,-73.814519,210.0,13.0,2000000.0,2054177502.0,27402.0,BX1003,2023,10,True,TAX CLASS 1 CONDOS
Bronx,BRONXDALE,03 THREE FAMILY DWELLINGS,1,4705,40,C0,1114 E. 211 STREET,,10469.0,3.0,0.0,3.0,2500.0,3060.0,2005.0,1,C0,800000,2023-10-16,40.874536,-73.854633,212.0,12.0,2113215.0,2047050040.0,368.0,BX1201,2023,10,True,THREE FAMILY DWELLINGS
Bronx,BRONXDALE,10 COOPS - ELEVATOR APARTMENTS,2,4429,1,D4,"2550 OLINVILLE AVENUE, 12M",,10467.0,,,,,,1965.0,2,D4,349900,2023-10-16,40.863941,-73.868401,211.0,15.0,2051300.0,2044290001.0,33202.0,BX1104,2023,10,True,COOPS - ELEVATOR APARTMENTS
Bronx,HIGHBRIDGE/MORRIS HEIGHTS,05 TAX CLASS 1 VACANT LAND,1B,2879,189,V0,1856 PHELAN PLACE,,10453.0,0.0,0.0,0.0,4200.0,0.0,,1,V0,290000,2023-10-16,40.853282,-73.916394,205.0,14.0,2124547.0,2028790189.0,24501.0,BX0501,2023,10,True,TAX CLASS 1 VACANT LAND
Bronx,KINGSBRIDGE HTS/UNIV HTS,09 COOPS - WALKUP APARTMENTS,2,3199,66,C6,"2410 DAVIDSON AVENUE, B20",,10468.0,,,,,,1923.0,2,C6,169000,2023-10-16,40.861816,-73.902949,207.0,14.0,2014322.0,2031990066.0,253.0,BX0701,2023,10,True,COOPS - WALKUP APARTMENTS
Bronx,MORRIS PARK/VAN NEST,02 TWO FAMILY DWELLINGS,1,4266,30,B1,958 NEILL AVENUE,,10462.0,2.0,0.0,2.0,2500.0,1882.0,1955.0,1,B1,885000,2023-10-16,40.851403,-73.860601,211.0,13.0,2048219.0,2042660030.0,246.0,BX1102,2023,10,True,TWO FAMILY DWELLINGS
Bronx,MORRISANIA/LONGWOOD,31 COMMERCIAL VACANT LAND,4,2711,93,V1,867 FOX STREET,,10459.0,0.0,0.0,0.0,2000.0,0.0,,4,V1,170000,2023-10-16,40.818349,-73.895462,202.0,17.0,2000000.0,2027110093.0,87.0,BX0202,2023,10,True,COMMERCIAL VACANT LAND
Bronx,PARKCHESTER,13 CONDOS - ELEVATOR APARTMENTS,2,3943,4721,R4,"1594 METROPOLITAN AVENUE, 7G",7G,10462.0,1.0,,1.0,,,,2,R4,250000,2023-10-16,40.840033,-73.857238,209.0,18.0,2096742.0,2039437501.0,21002.0,BX0904,2023,10,True,CONDOS - ELEVATOR APARTMENTS
Bronx,RIVERDALE,10 COOPS - ELEVATOR APARTMENTS,2,5723,84,D4,"25 KNOLLS CRESCENT, 5H",,10463.0,,,,,,1954.0,2,D4,160400,2023-10-16,40.878548,-73.91812,208.0,11.0,2091867.0,2057230084.0,29302.0,BX0803,2023,10,True,COOPS - ELEVATOR APARTMENTS
Bronx,SCHUYLERVILLE/PELHAM BAY,02 TWO FAMILY DWELLINGS,1,5393,23,B3,1447 GILLESPIE AVENUE,,10461.0,2.0,0.0,2.0,4000.0,1252.0,1930.0,1,B3,850000,2023-10-16,40.841779,-73.830949,210.0,13.0,2091370.0,2053930023.0,264.0,BX1002,2023,10,True,TWO FAMILY DWELLINGS
Bronx,RIVERDALE,10 COOPS - ELEVATOR APARTMENTS,2,5800,1,D4,"3616 HENRY HUDSON PARKWAY, 5HS",,10463.0,,,,,,1954.0,2,D4,155000,2023-10-16,40.887266,-73.911646,208.0,11.0,2091883.0,2058000001.0,297.0,BX0803,2023,10,True,COOPS - ELEVATOR APARTMENTS
Bronx,THROGS NECK,04 TAX CLASS 1 CONDOS,1A,5519,1039,R3,"1 PATRICIA LANE, 407",407,10465.0,1.0,,1.0,,,2002.0,1,R3,570000,2023-10-16,40.819005,-73.806081,210.0,13.0,2103832.0,2055197501.0,138.0,BX1002,2023,10,True,TAX CLASS 1 CONDOS
Bronx,SOUNDVIEW,03 THREE FAMILY DWELLINGS,1,3494,32,C0,450 SAINT LAWRENCE AVE,,10473.0,3.0,0.0,3.0,2000.0,3000.0,1965.0,1,C0,863200,2023-10-16,40.814311,-73.863211,209.0,18.0,2020698.0,2034940032.0,2.0,BX0902,2023,10,True,THREE FAMILY DWELLINGS
Bronx,WAKEFIELD,01 ONE FAMILY DWELLINGS,1,5096,44,A2,4453 MURDOCK AVENUE,,10466.0,1.0,0.0,1.0,3278.0,1344.0,1925.0,1,A2,394919,2023-10-16,40.900975,-73.844048,212.0,11.0,2071446.0,2050960044.0,444.0,BX1203,2023,10,True,ONE FAMILY DWELLINGS
Bronx,WOODLAWN,10 COOPS - ELEVATOR APARTMENTS,2,3398,97,D4,"4295 WEBSTER AVENUE, 5C",,10470.0,,,,,,1957.0,2,D4,135000,2023-10-16,40.899231,-73.86211,212.0,11.0,2019832.0,2033980097.0,45102.0,BX1203,2023,10,True,COOPS - ELEVATOR APARTMENTS
Bronx,WAKEFIELD,02 TWO FAMILY DWELLINGS,1,5051,12,B3,4322 GUNTHER AVENUE,,10466.0,2.0,0.0,2.0,2338.0,1280.0,1930.0,1,B3,810000,2023-10-16,40.896285,-73.850679,212.0,11.0,2070022.0,2050510012.0,436.0,BX1203,2023,10,True,TWO FAMILY DWELLINGS
Brooklyn,BATH BEACH,31 COMMERCIAL VACANT LAND,4,6445,24,V1,8779 21ST AVENUE,,11214.0,0.0,0.0,0.0,5800.0,0.0,2019.0,4,V1,1920000,2023-10-16,40.599576,-73.999881,311.0,47.0,3000000.0,3064450024.0,292.0,BK1102,2023,10,True,COMMERCIAL VACANT LAND
Bronx,WAKEFIELD,02 TWO FAMILY DWELLINGS,1,5026,18,B9,4169B HILL AVENUE,,10466.0,2.0,0.0,2.0,1710.0,1818.0,1950.0,1,B9,430000,2023-10-16,40.895284,-73.840777,212.0,12.0,2069352.0,2050260018.0,448.0,BX1203,2023,10,True,TWO FAMILY DWELLINGS
Brooklyn,BAY RIDGE,02 TWO FAMILY DWELLINGS,1,5888,5,B1,7111 NARROWS AVENUE,,11209.0,2.0,0.0,2.0,2000.0,2959.0,1925.0,1,B1,1338000,2023-10-16,40.635953,-74.034772,310.0,47.0,3146410.0,3058880005.0,34.0,BK1001,2023,10,True,TWO FAMILY DWELLINGS
Brooklyn,BENSONHURST,03 THREE FAMILY DWELLINGS,1,6196,14,C0,2020 72ND STREET,,11204.0,3.0,0.0,3.0,2500.0,2560.0,1930.0,1,C0,1630000,2023-10-16,40.612169,-73.989339,311.0,43.0,3158624.0,3061960014.0,266.0,BK1101,2023,10,True,THREE FAMILY DWELLINGS
Brooklyn,BENSONHURST,02 TWO FAMILY DWELLINGS,1,6208,71,B2,2107 74 STREET,,11204.0,2.0,0.0,2.0,2500.0,2480.0,1930.0,1,B2,999999,2023-10-16,40.609863,-73.9885,311.0,43.0,3159291.0,3062080071.0,268.0,BK1101,2023,10,True,TWO FAMILY DWELLINGS
Brooklyn,BOROUGH PARK,03 THREE FAMILY DWELLINGS,1,5589,66,C0,1233 41ST STREET,,11218.0,3.0,0.0,3.0,2003.0,2352.0,1901.0,1,C0,1563000,2023-10-16,40.640275,-73.988718,312.0,39.0,3135523.0,3055890066.0,224.0,BK1202,2023,10,True,THREE FAMILY DWELLINGS
Brooklyn,BRIGHTON BEACH,13 CONDOS - ELEVATOR APARTMENTS,2,8720,2862,R4,"55 OCEANA DRIVE E, 2G",2G,11235.0,1.0,,1.0,,,,2,R4,995000,2023-10-16,40.577352,-73.957212,313.0,48.0,3389349.0,3087207510.0,61002.0,BK1303,2023,10,True,CONDOS - ELEVATOR APARTMENTS
Brooklyn,BRIGHTON BEACH,17 CONDO COOPS,2,7242,1002,R9,"611 BANNER AVENUE, 3E",,11235.0,,,,,,1969.0,2,R9,340000,2023-10-16,40.583082,-73.962991,313.0,48.0,3196140.0,3072427501.0,366.0,BK1303,2023,10,True,CONDO COOPS
Brooklyn,BOROUGH PARK,10 COOPS - ELEVATOR APARTMENTS,2,5633,68,D4,"4802 12TH AVE, 1A",,11219.0,,,,,,1924.0,2,D4,715000,2023-10-16,40.636825,-73.993842,312.0,44.0,3137398.0,3056330068.0,220.0,BK1202,2023,10,True,COOPS - ELEVATOR APARTMENTS
Brooklyn,BRIGHTON BEACH,17 CONDO COOPS,2,8717,1002,R9,"1151 BRIGHTON BEACH AVE, 2O",,11235.0,,,,,,,2,R9,285000,2023-10-16,40.577521,-73.955301,313.0,48.0,3245670.0,3087177501.0,61004.0,BK1303,2023,10,True,CONDO COOPS
Brooklyn,BROWNSVILLE,07 RENTALS - WALKUP APARTMENTS,2A,3538,101,C3,127 BLAKE AVENUE,,11212.0,4.0,0.0,4.0,1250.0,3750.0,1999.0,2,C3,998000,2023-10-16,40.664849,-73.915001,316.0,41.0,3388271.0,3035380101.0,902.0,BK1602,2023,10,True,RENTALS - WALKUP APARTMENTS
Brooklyn,CANARSIE,01 ONE FAMILY DWELLINGS,1,8213,24,A5,945 EAST 105TH STREET,,11236.0,1.0,0.0,1.0,1575.0,1224.0,1960.0,1,A5,450000,2023-10-16,40.646713,-73.893759,318.0,46.0,3230581.0,3082130024.0,984.0,BK1803,2023,10,True,ONE FAMILY DWELLINGS
Brooklyn,CONEY ISLAND,10 COOPS - ELEVATOR APARTMENTS,2,7274,1,D4,"464 NEPTUNE AVENUE, 2H",,11224.0,,,,,,1964.0,2,D4,275000,2023-10-16,40.579771,-73.971042,313.0,48.0,3196580.0,3072740001.0,35602.0,BK1302,2023,10,True,COOPS - ELEVATOR APARTMENTS
Brooklyn,CROWN HEIGHTS,02 TWO FAMILY DWELLINGS,1,1363,6,B2,175A BUFFALO AVENUE,,10013.0,2.0,0.0,2.0,1783.0,2140.0,2022.0,1,B2,1272813,2023-10-16,40.673279,-73.92512,308.0,41.0,3000000.0,3013630006.0,359.0,BK0802,2023,10,True,TWO FAMILY DWELLINGS
Brooklyn,DOWNTOWN-FULTON MALL,11 SPECIAL CONDO BILLING LOTS,2,149,1102,RR,"138 WILLOUGHBY STREET, 68J",RESI,11201.0,458.0,0.0,458.0,21474.0,472115.0,2017.0,2,RR,1653565,2023-10-16,40.692069,-73.983135,302.0,33.0,3396962.0,3001497502.0,1502.0,BK0202,2023,10,True,SPECIAL CONDO BILLING LOTS
Brooklyn,DYKER HEIGHTS,02 TWO FAMILY DWELLINGS,1,5751,20,B1,1030 65TH STREET,,11219.0,2.0,0.0,2.0,2500.0,2480.0,1930.0,1,B1,1700000,2023-10-16,40.629483,-74.007331,310.0,43.0,3142163.0,3057510020.0,212.0,BK1002,2023,10,True,TWO FAMILY DWELLINGS
Brooklyn,DOWNTOWN-FULTON FERRY,13 CONDOS - ELEVATOR APARTMENTS,2,54,1226,R4,"115 YORK STREET, 3E",3E,11201.0,1.0,,1.0,,,2018.0,2,R4,2475000,2023-10-16,40.701511,-73.986162,302.0,33.0,3425091.0,3000547501.0,21.0,BK0202,2023,10,True,CONDOS - ELEVATOR APARTMENTS
Brooklyn,DOWNTOWN-FULTON MALL,11 SPECIAL CONDO BILLING LOTS,2,149,1102,RR,"138 WILLOUGHBY STREET, 33L",RESI,11201.0,458.0,0.0,458.0,21474.0,472115.0,2017.0,2,RR,2112084,2023-10-16,40.692069,-73.983135,302.0,33.0,3396962.0,3001497502.0,1502.0,BK0202,2023,10,True,SPECIAL CONDO BILLING LOTS
Brooklyn,DOWNTOWN-FULTON MALL,13 CONDOS - ELEVATOR APARTMENTS,2,157,1418,R4,"11 HOYT STREET, 50F",50F,11201.0,1.0,,1.0,,,2018.0,2,R4,1680000,2023-10-16,40.690216,-73.985327,302.0,33.0,3329438.0,3001577501.0,37.0,BK0202,2023,10,True,CONDOS - ELEVATOR APARTMENTS
Brooklyn,DOWNTOWN-FULTON MALL,11 SPECIAL CONDO BILLING LOTS,2,149,1102,RR,"138 WILLOUGHBY STREET, 22B",RESI,11201.0,458.0,0.0,458.0,21474.0,472115.0,2017.0,2,RR,1276813,2023-10-16,40.692069,-73.983135,302.0,33.0,3396962.0,3001497502.0,1502.0,BK0202,2023,10,True,SPECIAL CONDO BILLING LOTS
Brooklyn,FLATBUSH-CENTRAL,10 COOPS - ELEVATOR APARTMENTS,2,5197,40,D4,"570 WESTMINSTER ROAD, D16",,11230.0,,,,,,1935.0,2,D4,499000,2023-10-16,40.634792,-73.966064,314.0,40.0,3120093.0,3051970040.0,526.0,BK1402,2023,10,True,COOPS - ELEVATOR APARTMENTS
Brooklyn,FLATBUSH-CENTRAL,01 ONE FAMILY DWELLINGS,1,5130,25,A9,2809 TILDEN AVENUE,,11226.0,1.0,0.0,1.0,1742.0,1020.0,1899.0,1,A9,565000,2023-10-16,40.646828,-73.950865,317.0,40.0,3117837.0,3051300025.0,824.0,BK1701,2023,10,True,ONE FAMILY DWELLINGS
Brooklyn,FLATBUSH-CENTRAL,01 ONE FAMILY DWELLINGS,1,5240,64,A1,659 EAST 19TH STREET,,11230.0,1.0,0.0,1.0,5075.0,2636.0,1899.0,1,A1,1900000,2023-10-16,40.634554,-73.95928,314.0,45.0,3121370.0,3052400064.0,764.0,BK1402,2023,10,True,ONE FAMILY DWELLINGS
Brooklyn,FLATBUSH-CENTRAL,02 TWO FAMILY DWELLINGS,1,5188,26,S2,1165 FLATBUSH AVENUE,,11226.0,2.0,1.0,3.0,1630.0,4320.0,1933.0,1,S2,910000,2023-10-16,40.641689,-73.956789,314.0,45.0,3119640.0,3051880026.0,79001.0,BK1401,2023,10,True,TWO FAMILY DWELLINGS
Queens,HOWARD BEACH,02 TWO FAMILY DWELLINGS,1,13961,102,B3,157-35 81ST STREET,,11414.0,2.0,0.0,2.0,3270.0,1560.0,1960.0,1,B3,640000,2024-03-12,40.660017,-73.851737,410.0,32.0,4292494.0,4139610102.0,89201.0,QN1003,2024,3,True,TWO FAMILY DWELLINGS
Queens,HOWARD BEACH,02 TWO FAMILY DWELLINGS,1,14045,36,B3,161-51 89TH STREET,,11414.0,2.0,0.0,2.0,4700.0,1984.0,1965.0,1,B3,900000,2024-03-12,40.654446,-73.842581,410.0,32.0,4293949.0,4140450036.0,89201.0,QN1003,2024,3,True,TWO FAMILY DWELLINGS
Queens,JACKSON HEIGHTS,10 COOPS - ELEVATOR APARTMENTS,2,1474,12,D4,"37-20 87TH STREET, 3A",,11372.0,,,,,,1951.0,2,D4,329000,2024-03-12,40.749509,-73.879542,403.0,21.0,4036258.0,4014740012.0,279.0,QN0301,2024,3,True,COOPS - ELEVATOR APARTMENTS
Queens,JAMAICA,10 COOPS - ELEVATOR APARTMENTS,2,9803,24,D4,"89-00 170TH STREET, 4L",,11432.0,,,,,,1963.0,2,D4,190000,2024-03-12,40.709438,-73.791081,412.0,27.0,4209734.0,4098030024.0,460.0,QN1201,2024,3,True,COOPS - ELEVATOR APARTMENTS
Queens,LITTLE NECK,09 COOPS - WALKUP APARTMENTS,2,8337,1,C6,"58-42 251ST STREET, 190",,11362.0,,,,,,1952.0,2,C6,310000,2024-03-12,40.760331,-73.728762,411.0,23.0,4459813.0,4083370001.0,152902.0,QN1103,2024,3,True,COOPS - WALKUP APARTMENTS
Queens,KEW GARDENS,10 COOPS - ELEVATOR APARTMENTS,2,3322,123,D4,"83-44 LEFFERTS BOULEVARD, 5A",,11415.0,,,,,,1932.0,2,D4,350000,2024-03-12,40.704977,-73.832605,409.0,29.0,4079396.0,4033220123.0,134.0,QN0901,2024,3,True,COOPS - ELEVATOR APARTMENTS
Queens,MIDDLE VILLAGE,01 ONE FAMILY DWELLINGS,1,2940,67,A5,61-33 82ND STREET,,11379.0,1.0,0.0,1.0,1800.0,1224.0,1940.0,1,A5,879000,2024-03-12,40.72504,-73.876974,405.0,30.0,4067707.0,4029400067.0,671.0,QN0504,2024,3,True,ONE FAMILY DWELLINGS
Queens,MASPETH,01 ONE FAMILY DWELLINGS,1,2753,304,A2,64-35 59TH AVENUE,,11378.0,1.0,0.0,1.0,1655.0,800.0,1925.0,1,A2,415000,2024-03-12,40.720253,-73.89958,405.0,30.0,4433079.0,4027530304.0,521.0,QN0501,2024,3,True,ONE FAMILY DWELLINGS
Queens,OAKLAND GARDENS,09 COOPS - WALKUP APARTMENTS,2,7742,3,C6,"73-50 SPRINGFIELD BOULEVARD, 52B-1",,11364.0,,,,,,1952.0,2,C6,361000,2024-03-12,40.741999,-73.753102,411.0,23.0,4596707.0,4077420003.0,129104.0,QN1104,2024,3,True,COOPS - WALKUP APARTMENTS
Queens,OAKLAND GARDENS,04 TAX CLASS 1 CONDOS,1A,7621,1070,R3,"220-45 67TH AVENUE, 70",70,11364.0,1.0,,1.0,,,,1,R3,739800,2024-03-12,40.745511,-73.755369,411.0,23.0,4451724.0,4076217501.0,1367.0,QN1104,2024,3,True,TAX CLASS 1 CONDOS
Queens,OAKLAND GARDENS,09 COOPS - WALKUP APARTMENTS,2,7847,1,C6,"78-19 CLOVERDALE BLVD, A",,11364.0,,,,,,1950.0,2,C6,240000,2024-03-12,40.737704,-73.742451,411.0,23.0,4539267.0,4078470001.0,129104.0,QN1104,2024,3,True,COOPS - WALKUP APARTMENTS
Queens,QUEENS VILLAGE,01 ONE FAMILY DWELLINGS,1,11092,18,A1,102-07 216TH STREET,,11429.0,1.0,0.0,1.0,2500.0,1050.0,1925.0,1,A1,460000,2024-03-12,40.713249,-73.742646,413.0,27.0,4238986.0,4110920018.0,540.0,QN1303,2024,3,True,ONE FAMILY DWELLINGS
Queens,REGO PARK,10 COOPS - ELEVATOR APARTMENTS,2,3163,15,D4,"67-30 DARTMOUTH STREET, 6M",,11375.0,,,,,,1955.0,2,D4,320000,2024-03-12,40.721379,-73.856096,406.0,29.0,4074894.0,4031630015.0,709.0,QN0602,2024,3,True,COOPS - ELEVATOR APARTMENTS
Queens,RIDGEWOOD,03 THREE FAMILY DWELLINGS,1,3631,66,C0,69-23 62ND STREET,,11385.0,3.0,0.0,3.0,2200.0,3510.0,1925.0,1,C0,995000,2024-03-12,40.703673,-73.894585,405.0,30.0,4088184.0,4036310066.0,581.0,QN0502,2024,3,True,THREE FAMILY DWELLINGS
Queens,RICHMOND HILL,10 COOPS - ELEVATOR APARTMENTS,2,9204,9,D4,"86-10 109 STREET, AA1",,11418.0,,,,,,1928.0,2,D4,225000,2024-03-12,40.697678,-73.839536,409.0,29.0,4192159.0,4092040009.0,128.0,QN0902,2024,3,True,COOPS - ELEVATOR APARTMENTS
Queens,ROSEDALE,01 ONE FAMILY DWELLINGS,1,13237,1,A2,137-40 242ND STREET,,11422.0,1.0,0.0,1.0,4000.0,1314.0,1950.0,1,A2,551200,2024-03-12,40.668477,-73.734791,413.0,31.0,4284406.0,4132370001.0,638.0,QN1307,2024,3,True,ONE FAMILY DWELLINGS
Queens,SOUTH JAMAICA,01 ONE FAMILY DWELLINGS,1,11961,16,A5,111-55 145TH STREET,,11435.0,1.0,0.0,1.0,1800.0,1266.0,1930.0,1,A5,559000,2024-03-12,40.686502,-73.799778,412.0,28.0,4258722.0,4119610016.0,192.0,QN1203,2024,3,True,ONE FAMILY DWELLINGS
Queens,SOUTH JAMAICA,01 ONE FAMILY DWELLINGS,1,12168,42,A5,150-41 113TH AVENUE,,11433.0,1.0,0.0,1.0,1840.0,920.0,1940.0,1,A5,425000,2024-03-12,40.687336,-73.793407,412.0,28.0,4263714.0,4121680042.0,270.0,QN1202,2024,3,True,ONE FAMILY DWELLINGS
Queens,SOUTH JAMAICA,02 TWO FAMILY DWELLINGS,1,10064,250,B3,107-12 142ND STREET,,11435.0,2.0,0.0,2.0,4000.0,1677.0,1920.0,1,B3,20000,2024-03-12,40.68927,-73.806877,412.0,28.0,4215139.0,4100640250.0,202.0,QN1202,2024,3,True,TWO FAMILY DWELLINGS
Queens,SOUTH JAMAICA,01 ONE FAMILY DWELLINGS,1,10251,4,A1,174-34 POLHEMUS AVENUE,,11433.0,1.0,0.0,1.0,2500.0,1599.0,1925.0,1,A1,695000,2024-03-12,40.701704,-73.782197,412.0,27.0,4218418.0,4102510004.0,414.0,QN1202,2024,3,True,ONE FAMILY DWELLINGS
Queens,SO. JAMAICA-BAISLEY PARK,01 ONE FAMILY DWELLINGS,1,12007,274,A1,116-26 148TH STREET,,11436.0,1.0,0.0,1.0,2000.0,1170.0,1920.0,1,A1,325000,2024-03-12,40.681682,-73.793436,412.0,28.0,4260428.0,4120070274.0,18402.0,QN1203,2024,3,True,ONE FAMILY DWELLINGS
Queens,SOUTH OZONE PARK,02 TWO FAMILY DWELLINGS,1,11706,106,B3,114-81 114TH STREET,,11420.0,2.0,0.0,2.0,2200.0,2184.0,1925.0,1,B3,724358,2024-03-12,40.675748,-73.82506,410.0,28.0,4253301.0,4117060106.0,840.0,QN1001,2024,3,True,TWO FAMILY DWELLINGS
Queens,ST. ALBANS,02 TWO FAMILY DWELLINGS,1,10940,101,S2,200-10 HOLLIS AVENUE,,11412.0,2.0,1.0,3.0,2290.0,2720.0,1930.0,1,S2,650000,2024-03-12,40.706174,-73.757104,412.0,27.0,4234175.0,4109400101.0,508.0,QN1206,2024,3,True,TWO FAMILY DWELLINGS
Queens,SPRINGFIELD GARDENS,05 TAX CLASS 1 VACANT LAND,1B,12297,19,V0,134-28 159TH STREET,,11434.0,0.0,0.0,0.0,2000.0,0.0,,1,V0,130000,2024-03-12,40.672049,-73.777997,412.0,28.0,4000000.0,4122970019.0,294.0,QN1204,2024,3,True,TAX CLASS 1 VACANT LAND
Queens,SUNNYSIDE,10 COOPS - ELEVATOR APARTMENTS,2,159,21,D4,"41-08 43RD STREET, 2K",,11104.0,,,,,,1936.0,2,D4,512000,2024-03-12,40.746633,-73.920859,402.0,26.0,4001777.0,4001590021.0,18102.0,QN0202,2024,3,True,COOPS - ELEVATOR APARTMENTS
Queens,WHITESTONE,07 RENTALS - WALKUP APARTMENTS,2A,4631,48,C3,145-15 21ST AVENUE,,11357.0,4.0,0.0,4.0,3532.0,2888.0,1950.0,2,C3,1298000,2024-03-12,40.780471,-73.822489,407.0,19.0,4104845.0,4046310048.0,1039.0,QN0702,2024,3,True,RENTALS - WALKUP APARTMENTS
Staten Island,CASTLETON CORNERS,01 ONE FAMILY DWELLINGS,1,368,15,A0,67 GOODWIN AVENUE,,10314.0,1.0,0.0,1.0,6100.0,1180.0,1950.0,1,A0,670000,2024-03-12,40.616489,-74.126162,501.0,50.0,5010316.0,5003680015.0,151.0,SI0105,2024,3,True,ONE FAMILY DWELLINGS
Staten Island,DONGAN HILLS,02 TWO FAMILY DWELLINGS,1,3336,3,B3,276 RARITAN AVENUE,,10305.0,2.0,0.0,2.0,4900.0,1858.0,1945.0,1,B3,689000,2024-03-12,40.590364,-74.090856,502.0,50.0,5049260.0,5033360003.0,9602.0,SI0201,2024,3,True,TWO FAMILY DWELLINGS
Staten Island,GRASMERE,04 TAX CLASS 1 CONDOS,1A,3173,1020,R3,"10 ALAN LOOP, N/A",,10304.0,1.0,,1.0,,,1980.0,1,R3,450000,2024-03-12,40.603495,-74.087953,502.0,50.0,5122037.0,5031737501.0,50.0,SI0201,2024,3,True,TAX CLASS 1 CONDOS
Staten Island,NEW BRIGHTON-ST. GEORGE,10 COOPS - ELEVATOR APARTMENTS,2,1,216,D0,"10 BAY STREET LANDING, 1G",,10301.0,,,,,,1984.0,2,D0,365000,2024-03-12,40.637993,-74.073615,501.0,49.0,5110065.0,5000010216.0,3.0,SI0101,2024,3,True,COOPS - ELEVATOR APARTMENTS
Staten Island,NEW DORP,01 ONE FAMILY DWELLINGS,1,4220,57,A1,46 CODDINGTON AVENUE,,10306.0,1.0,0.0,1.0,4000.0,1444.0,1920.0,1,A1,650000,2024-03-12,40.571444,-74.113259,502.0,50.0,5057587.0,5042200057.0,134.0,SI0202,2024,3,True,ONE FAMILY DWELLINGS
Staten Island,NEW SPRINGVILLE,01 ONE FAMILY DWELLINGS,1,2384,82,A5,64 VASSAR STREET,,10314.0,1.0,0.0,1.0,3040.0,2420.0,1970.0,1,A5,745000,2024-03-12,40.588291,-74.159888,502.0,51.0,5038606.0,5023840082.0,27705.0,SI0204,2024,3,True,ONE FAMILY DWELLINGS
Staten Island,NEW SPRINGVILLE,02 TWO FAMILY DWELLINGS,1,2000,45,B9,30 BORMAN AVENUE,,10314.0,2.0,0.0,2.0,3555.0,1964.0,1998.0,1,B9,845000,2024-03-12,40.592721,-74.153903,502.0,51.0,5127449.0,5020000045.0,27301.0,SI0204,2024,3,True,TWO FAMILY DWELLINGS
Staten Island,NEW SPRINGVILLE,02 TWO FAMILY DWELLINGS,1,2385,88,B2,12 ROCKNE STREET,,10314.0,2.0,0.0,2.0,4100.0,2513.0,1970.0,1,B2,1070000,2024-03-12,40.587464,-74.158363,502.0,51.0,5038654.0,5023850088.0,27705.0,SI0204,2024,3,True,TWO FAMILY DWELLINGS
Staten Island,SILVER LAKE,02 TWO FAMILY DWELLINGS,1,249,21,B2,18 GREENWOOD AVENUE,,10301.0,2.0,0.0,2.0,3300.0,2185.0,1925.0,1,B2,377750,2024-03-12,40.631036,-74.098329,501.0,49.0,5006728.0,5002490021.0,5901.0,SI0104,2024,3,True,TWO FAMILY DWELLINGS
Staten Island,RICHMONDTOWN-LIGHTHS HILL,01 ONE FAMILY DWELLINGS,1,2268,60,A1,221 EDINBORO ROAD,,10306.0,1.0,0.0,1.0,14000.0,1364.0,1923.0,1,A1,899999,2024-03-12,40.578,-74.134786,502.0,50.0,5037135.0,5022680060.0,279.0,SI0203,2024,3,True,ONE FAMILY DWELLINGS
Staten Island,TOMPKINSVILLE,03 THREE FAMILY DWELLINGS,1,498,18,C0,67 VAN DUZER STREET,,10301.0,3.0,0.0,3.0,5000.0,3250.0,1931.0,1,C0,650000,2024-03-12,40.636638,-74.077357,501.0,49.0,5113074.0,5004980018.0,21.0,SI0102,2024,3,True,THREE FAMILY DWELLINGS
Bronx,HIGHBRIDGE/MORRIS HEIGHTS,09 COOPS - WALKUP APARTMENTS,2,2522,109,C6,"1383 PLIMPTON AVENUE, 5E",,10452.0,,,,,,1922.0,2,C6,130000,2024-03-13,40.84214,-73.923275,204.0,16.0,2003396.0,2025220109.0,211.0,BX0402,2024,3,True,COOPS - WALKUP APARTMENTS
Bronx,KINGSBRIDGE/JEROME PARK,10 COOPS - ELEVATOR APARTMENTS,2,3246,56,D4,"3850 SEDGWICK AVE, 13F",,10463.0,,,,,,1955.0,2,D4,270000,2024-03-13,40.882693,-73.895039,208.0,11.0,2015229.0,2032460056.0,409.0,BX0702,2024,3,True,COOPS - ELEVATOR APARTMENTS
Bronx,KINGSBRIDGE HTS/UNIV HTS,10 COOPS - ELEVATOR APARTMENTS,2,3226,53,D4,"2 FORDHAM HILL OVAL, 1A",,10468.0,,,,,,1950.0,2,D4,84000,2024-03-13,40.864394,-73.908097,207.0,14.0,2092432.0,2032260053.0,261.0,BX0701,2024,3,True,COOPS - ELEVATOR APARTMENTS
Bronx,CITY ISLAND,07 RENTALS - WALKUP APARTMENTS,2A,5634,136,C3,415 CITY ISLAND AVENUE,,10464.0,4.0,0.0,4.0,8036.0,4050.0,1990.0,2,C3,995000,2024-03-13,40.850095,-73.787729,210.0,13.0,2090602.0,2056340136.0,51601.0,BX1003,2024,3,True,RENTALS - WALKUP APARTMENTS
Bronx,MORRIS PARK/VAN NEST,01 ONE FAMILY DWELLINGS,1,4086,18,A1,1580 HAIGHT AVENUE,,10461.0,1.0,0.0,1.0,2500.0,1260.0,1930.0,1,A1,728000,2024-03-13,40.845848,-73.850149,211.0,13.0,2044235.0,2040860018.0,256.0,BX1102,2024,3,True,ONE FAMILY DWELLINGS
Bronx,SOUNDVIEW,03 THREE FAMILY DWELLINGS,1,3493,53,C0,447 ST. LAWRENCE AVENUE,,10473.0,3.0,0.0,3.0,1967.0,2745.0,1975.0,1,C0,950000,2024-03-13,40.814295,-73.863229,209.0,18.0,2020653.0,2034930053.0,2.0,BX0902,2024,3,True,THREE FAMILY DWELLINGS
Bronx,SOUNDVIEW,02 TWO FAMILY DWELLINGS,1,3892,16,B1,1424 FTELEY AVENUE,,10472.0,2.0,0.0,2.0,2442.0,3628.0,1920.0,1,B1,860000,2024-03-13,40.834863,-73.872842,209.0,18.0,2028078.0,2038920016.0,64.0,BX0901,2024,3,True,TWO FAMILY DWELLINGS
Bronx,SOUNDVIEW,04 TAX CLASS 1 CONDOS,1A,3643,1031,R3,"1863 LAFAYETTE AVENUE, 11A",11A,10473.0,1.0,,1.0,,,1988.0,1,R3,353000,2024-03-13,40.821667,-73.860909,209.0,18.0,2090737.0,2036437501.0,42.0,BX0902,2024,3,True,TAX CLASS 1 CONDOS
Bronx,RIVERDALE,10 COOPS - ELEVATOR APARTMENTS,2,5953,230,D4,"5800 ARLINGTON AVENUE, 6D/6E",,10471.0,,,,,,1961.0,2,D4,400000,2024-03-13,40.907828,-73.906568,208.0,11.0,2086320.0,2059530230.0,323.0,BX0803,2024,3,True,COOPS - ELEVATOR APARTMENTS
Bronx,SOUNDVIEW,01 ONE FAMILY DWELLINGS,1,3595,24,A1,740 ROSEDALE AVENUE,,10473.0,1.0,0.0,1.0,2500.0,2272.0,1920.0,1,A1,389500,2024-03-13,40.819675,-73.866404,209.0,18.0,2022044.0,2035950024.0,2002.0,BX0902,2024,3,True,ONE FAMILY DWELLINGS
Bronx,THROGS NECK,02 TWO FAMILY DWELLINGS,1,5419,71,B3,1055 EDISON AVENUE,,10465.0,2.0,0.0,2.0,5000.0,1634.0,1930.0,1,B3,510000,2024-03-13,40.832881,-73.826179,210.0,13.0,2076415.0,2054190071.0,164.0,BX1002,2024,3,True,TWO FAMILY DWELLINGS
Bronx,SOUNDVIEW,10 COOPS - ELEVATOR APARTMENTS,2,3740,5,D4,"1104 ELDER AVE, 5M",,10472.0,,,,,,1928.0,2,D4,75000,2024-03-13,40.826487,-73.878672,209.0,18.0,2023840.0,2037400005.0,5002.0,BX0901,2024,3,True,COOPS - ELEVATOR APARTMENTS
Bronx,WILLIAMSBRIDGE,02 TWO FAMILY DWELLINGS,1,4674,32,B9,823 EAST 215 STREET,,10467.0,2.0,0.0,2.0,2510.0,3230.0,1970.0,1,B9,700000,2024-03-13,40.87955,-73.860596,212.0,12.0,2058340.0,2046740032.0,390.0,BX1201,2024,3,True,TWO FAMILY DWELLINGS
Brooklyn,BAY RIDGE,10 COOPS - ELEVATOR APARTMENTS,2,6111,1,D4,"9411 SHORE ROAD, 5I",,11209.0,,,,,,1960.0,2,D4,350000,2024-03-13,40.617523,-74.038966,310.0,47.0,3155390.0,3061110001.0,54.0,BK1001,2024,3,True,COOPS - ELEVATOR APARTMENTS
Brooklyn,BAY RIDGE,10 COOPS - ELEVATOR APARTMENTS,2,5859,15,D4,"6801 SHORE ROAD, 2F",,11220.0,,,,,,1952.0,2,D4,450000,2024-03-13,40.63962,-74.035636,310.0,47.0,3144936.0,3058590015.0,34.0,BK1001,2024,3,True,COOPS - ELEVATOR APARTMENTS
Brooklyn,BAY RIDGE,09 COOPS - WALKUP APARTMENTS,2,6137,100,C6,"9967 SHORE ROAD, 7E",,11209.0,,,,,,1983.0,2,C6,515000,2024-03-13,40.612106,-74.035617,310.0,47.0,3337179.0,3061370100.0,5602.0,BK1001,2024,3,True,COOPS - WALKUP APARTMENTS
Brooklyn,BEDFORD STUYVESANT,07 RENTALS - WALKUP APARTMENTS,2A,1860,89,C3,29 HERKIMER STREET,,11216.0,4.0,0.0,4.0,2000.0,3360.0,1905.0,2,C3,1938880,2024-03-13,40.679777,-73.952016,303.0,36.0,3053741.0,3018600089.0,247.0,BK0301,2024,3,True,RENTALS - WALKUP APARTMENTS
Brooklyn,BEDFORD STUYVESANT,08 RENTALS - ELEVATOR APARTMENTS,2,1997,20,D1,"34 JEFFERSON AVENUE, 6C",,11238.0,61.0,0.0,61.0,12500.0,54200.0,1911.0,2,D1,67000,2024-03-13,40.682551,-73.956323,303.0,36.0,3057383.0,3019970020.0,227.0,BK0301,2024,3,True,RENTALS - ELEVATOR APARTMENTS
Brooklyn,BEDFORD STUYVESANT,13 CONDOS - ELEVATOR APARTMENTS,2,1808,1205,R4,"335 NOSTRAND AVENUE, 401A",401A,11216.0,1.0,,1.0,,,2015.0,2,R4,450000,2024-03-13,40.686759,-73.950836,303.0,36.0,3426269.0,3018087503.0,251.0,BK0301,2024,3,True,CONDOS - ELEVATOR APARTMENTS
Brooklyn,BEDFORD STUYVESANT,02 TWO FAMILY DWELLINGS,1,1837,81,B3,49 HALSEY STREET,,11216.0,2.0,0.0,2.0,2000.0,3760.0,1901.0,1,B3,1570000,2024-03-13,40.681586,-73.951824,303.0,36.0,3052632.0,3018370081.0,245.0,BK0301,2024,3,True,TWO FAMILY DWELLINGS
Brooklyn,BEDFORD STUYVESANT,07 RENTALS - WALKUP APARTMENTS,2A,1639,36,C3,536A MONROE STREET,,11221.0,4.0,0.0,4.0,1950.0,3120.0,1931.0,2,C3,1430000,2024-03-13,40.687079,-73.936513,303.0,36.0,3044799.0,3016390036.0,277.0,BK0302,2024,3,True,RENTALS - WALKUP APARTMENTS
Brooklyn,BENSONHURST,02 TWO FAMILY DWELLINGS,1,5562,16,B1,1930 66TH STREET,,11204.0,2.0,0.0,2.0,2500.0,2320.0,1925.0,1,B1,1680800,2024-03-13,40.616758,-73.98789,311.0,43.0,3134403.0,3055620016.0,256.0,BK1101,2024,3,True,TWO FAMILY DWELLINGS
Brooklyn,BOROUGH PARK,02 TWO FAMILY DWELLINGS,1,5699,31,B1,1472 57TH STREET,,11219.0,2.0,0.0,2.0,2500.0,2838.0,1965.0,1,B1,2300000,2024-03-13,40.628328,-73.993123,312.0,44.0,3140476.0,3056990031.0,240.0,BK1202,2024,3,True,TWO FAMILY DWELLINGS
Brooklyn,BRIGHTON BEACH,13 CONDOS - ELEVATOR APARTMENTS,2,8720,1527,R4,"40 OCEANA DRIVE WEST, 1D",1D,11235.0,1.0,,1.0,,,,2,R4,40000,2024-03-13,40.57733,-73.958807,313.0,48.0,3348644.0,3087207504.0,61002.0,BK1303,2024,3,True,CONDOS - ELEVATOR APARTMENTS
Brooklyn,BROWNSVILLE,02 TWO FAMILY DWELLINGS,1,3551,53,B1,43 DUMONT AVE,,11212.0,2.0,0.0,2.0,803.0,1400.0,1930.0,1,B1,760000,2024-03-13,40.66276,-73.918316,316.0,41.0,3081525.0,3035510053.0,894.0,BK1602,2024,3,True,TWO FAMILY DWELLINGS
Brooklyn,BUSHWICK,02 TWO FAMILY DWELLINGS,1,3472,14,B2,2038 EASTERN PARKWAY,,11207.0,2.0,0.0,2.0,829.0,1680.0,1905.0,1,B2,730000,2024-03-13,40.680601,-73.904893,304.0,37.0,3080518.0,3034720014.0,405.0,BK0402,2024,3,True,TWO FAMILY DWELLINGS
Brooklyn,CLINTON HILL,13 CONDOS - ELEVATOR APARTMENTS,2,2013,1363,R4,"545 WASHINGTON AVENUE, 708",708,11238.0,1.0,,1.0,,,2009.0,2,R4,851747,2024-03-13,40.681865,-73.964533,302.0,35.0,3397606.0,3020137503.0,201.0,BK0204,2024,3,True,CONDOS - ELEVATOR APARTMENTS
Brooklyn,COBBLE HILL,10 COOPS - ELEVATOR APARTMENTS,2,302,9,D4,"200 CONGRESS STREET, 6B",,11201.0,,,,,,1952.0,2,D4,975000,2024-03-13,40.688123,-73.994984,306.0,39.0,3003273.0,3003020009.0,45.0,BK0601,2024,3,True,COOPS - ELEVATOR APARTMENTS
Brooklyn,CROWN HEIGHTS,02 TWO FAMILY DWELLINGS,1,1308,18,B1,246 SULLIVAN PLACE,,11225.0,2.0,0.0,2.0,2450.0,2424.0,1920.0,1,B1,1350000,2024-03-13,40.664568,-73.952737,309.0,35.0,3034509.0,3013080018.0,321.0,BK0901,2024,3,True,TWO FAMILY DWELLINGS
Brooklyn,CROWN HEIGHTS,02 TWO FAMILY DWELLINGS,1,1243,64,B9,1055 STERLING PLACE,,11213.0,2.0,0.0,2.0,1900.0,3320.0,1915.0,1,B9,1825000,2024-03-13,40.672176,-73.943586,308.0,36.0,3031678.0,3012430064.0,341.0,BK0802,2024,3,True,TWO FAMILY DWELLINGS
Brooklyn,DOWNTOWN-FULTON FERRY,10 COOPS - ELEVATOR APARTMENTS,2,202,1,D4,"28 OLD FULTON STREET, THF",,11201.0,,,,,,1906.0,2,D4,1212000,2024-03-13,40.70262,-73.993746,302.0,33.0,3001475.0,3002020001.0,1.0,BK0201,2024,3,True,COOPS - ELEVATOR APARTMENTS
Brooklyn,DOWNTOWN-FULTON MALL,13 CONDOS - ELEVATOR APARTMENTS,2,157,1319,R4,"11 HOYT STREET, 39B",39B,11201.0,1.0,,1.0,,,2018.0,2,R4,1895000,2024-03-13,40.690216,-73.985327,302.0,33.0,3329438.0,3001577501.0,37.0,BK0202,2024,3,True,CONDOS - ELEVATOR APARTMENTS
Brooklyn,FLATBUSH-EAST,01 ONE FAMILY DWELLINGS,1,7789,41,A9,1130 EAST 42ND STREET,,11210.0,1.0,0.0,1.0,2000.0,1040.0,1920.0,1,A9,357000,2024-03-13,40.62719,-73.935508,318.0,45.0,3215979.0,3077890041.0,734.0,BK1801,2024,3,True,ONE FAMILY DWELLINGS
Brooklyn,FLATBUSH-EAST,03 THREE FAMILY DWELLINGS,1,4890,3,C0,933 BROOKLYN AVENUE,,11203.0,3.0,0.0,3.0,1905.0,2938.0,2022.0,1,C0,733333,2024-03-13,40.650758,-73.943752,317.0,40.0,3429023.0,3048900003.0,856.0,BK1701,2024,3,True,THREE FAMILY DWELLINGS
Brooklyn,FLATBUSH-EAST,03 THREE FAMILY DWELLINGS,1,4890,59,C0,941 BROOKLYN AVENUE,,11203.0,3.0,0.0,3.0,3343.0,3240.0,2022.0,1,C0,733333,2024-03-13,40.650607,-73.943734,317.0,40.0,3429027.0,3048900059.0,856.0,BK1701,2024,3,True,THREE FAMILY DWELLINGS
Brooklyn,FLATBUSH-EAST,03 THREE FAMILY DWELLINGS,1,4890,4,C0,935 BROOKLYN AVENUE,,11203.0,3.0,0.0,3.0,1908.0,2938.0,,1,C0,733333,2024-03-13,40.65072,-73.943748,317.0,40.0,3429024.0,3048900004.0,856.0,BK1701,2024,3,True,THREE FAMILY DWELLINGS
Brooklyn,FLATBUSH-EAST,03 THREE FAMILY DWELLINGS,1,4890,60,C0,939 BROOKLYN AVENUE,,11203.0,3.0,0.0,3.0,2007.0,3088.0,2022.0,1,C0,733333,2024-03-13,40.650646,-73.943738,317.0,40.0,3429026.0,3048900060.0,856.0,BK1701,2024,3,True,THREE FAMILY DWELLINGS
Brooklyn,FLATBUSH-EAST,03 THREE FAMILY DWELLINGS,1,4890,1,C0,929 BROOKLYN AVENUE,,11203.0,3.0,0.0,3.0,3346.0,4145.0,2022.0,1,C0,733333,2024-03-13,40.650832,-73.943759,317.0,40.0,3429299.0,3048900001.0,856.0,BK1701,2024,3,True,THREE FAMILY DWELLINGS
Brooklyn,FLATBUSH-EAST,03 THREE FAMILY DWELLINGS,1,4890,6,C0,937 BROOKLYN AVENUE,,11203.0,3.0,0.0,3.0,1910.0,2938.0,2022.0,1,C0,733333,2024-03-13,40.650684,-73.943741,317.0,40.0,3429025.0,3048900006.0,856.0,BK1701,2024,3,True,THREE FAMILY DWELLINGS
Brooklyn,FORT GREENE,09 COOPS - WALKUP APARTMENTS,2C,2104,20,C6,"281 ADELPHI STREET, 1",,11205.0,,,,,,1930.0,2,C6,900000,2024-03-13,40.689044,-73.971031,302.0,35.0,3059073.0,3021040020.0,181.0,BK0203,2024,3,True,COOPS - WALKUP APARTMENTS
Brooklyn,FLATBUSH-NORTH,03 THREE FAMILY DWELLINGS,1,4716,68,C0,558 EAST 96TH STREET,,11212.0,3.0,0.0,3.0,2600.0,2272.0,1920.0,1,C0,820000,2024-03-13,40.654811,-73.914491,317.0,42.0,3103577.0,3047160068.0,890.0,BK1704,2024,3,True,THREE FAMILY DWELLINGS
Brooklyn,GREENPOINT,13 CONDOS - ELEVATOR APARTMENTS,2,2520,1035,R4,"29 HURON STREET, 6A-W",6A-W,11222.0,1.0,,1.0,,,2020.0,2,R4,1365000,2024-03-13,40.732493,-73.960685,301.0,33.0,,,56302.0,BK0101,2024,3,True,CONDOS - ELEVATOR APARTMENTS
Brooklyn,GREENPOINT,13 CONDOS - ELEVATOR APARTMENTS,2,2549,1020,R4,"122 WEST STREET, 5B",5B,11222.0,1.0,,1.0,,,2008.0,2,R4,860000,2024-03-13,40.731036,-73.959448,301.0,33.0,3064526.0,3025497501.0,565.0,BK0101,2024,3,True,CONDOS - ELEVATOR APARTMENTS
Brooklyn,GREENPOINT,13 CONDOS - ELEVATOR APARTMENTS,2,2520,1110,R4,"29 HURON STREET, 4F-E",4F-E,11222.0,1.0,,1.0,,,2020.0,2,R4,2501643,2024-03-13,40.732493,-73.960685,301.0,33.0,,,56302.0,BK0101,2024,3,True,CONDOS - ELEVATOR APARTMENTS
Brooklyn,OCEAN HILL,02 TWO FAMILY DWELLINGS,1,1457,80,B1,1681 PROSPECT PLACE,,11233.0,2.0,0.0,2.0,2427.0,1976.0,1920.0,1,B1,825000,2024-03-13,40.672722,-73.920763,316.0,41.0,3039177.0,3014570080.0,363.0,BK1601,2024,3,True,TWO FAMILY DWELLINGS
Brooklyn,OCEAN PARKWAY-NORTH,10 COOPS - ELEVATOR APARTMENTS,2,5495,1014,D4,"1275 EAST 5TH STREET, 6A",,11230.0,,,,,,1952.0,2,D4,275000,2024-03-13,40.619689,-73.97101,312.0,44.0,3131067.0,3054951014.0,448.0,BK1204,2024,3,True,COOPS - ELEVATOR APARTMENTS
Brooklyn,SHEEPSHEAD BAY,13 CONDOS - ELEVATOR APARTMENTS,2,7462,1219,R4,"2654 EAST 18TH STREET, 6B",6B,11235.0,1.0,,1.0,,,2021.0,2,R4,840000,2024-03-13,40.586981,-73.951258,315.0,48.0,3429538.0,0.0,600.0,BK1503,2024,3,True,CONDOS - ELEVATOR APARTMENTS
Brooklyn,SUNSET PARK,02 TWO FAMILY DWELLINGS,1,648,61,B9,193 24 ST,,11232.0,2.0,0.0,2.0,2003.0,1800.0,1910.0,1,B9,1285000,2024-03-13,40.661839,-73.998753,307.0,38.0,3009530.0,3006480061.0,145.0,BK0702,2024,3,True,TWO FAMILY DWELLINGS
Brooklyn,WILLIAMSBURG-NORTH,07 RENTALS - WALKUP APARTMENTS,2B,2304,21,C4,128 BEDFORD AVENUE,,11249.0,6.0,1.0,7.0,1960.0,5600.0,1900.0,2,C4,2500000,2024-03-13,40.719372,-73.956086,301.0,33.0,3061678.0,3023040021.0,517.0,BK0102,2024,3,True,RENTALS - WALKUP APARTMENTS
Brooklyn,WINDSOR TERRACE,10 COOPS - ELEVATOR APARTMENTS,2,5280,8,D4,"243 MCDONALD AVENUE, 2J",,11218.0,,,,,,1953.0,2,D4,625000,2024-03-13,40.648552,-73.980515,307.0,39.0,3327361.0,3052800008.0,50001.0,BK0701,2024,3,True,COOPS - ELEVATOR APARTMENTS
Manhattan,CHELSEA,10 COOPS - ELEVATOR APARTMENTS,2,751,1,D4,"355 8TH AVENUE, 18D",,10001.0,,,,,,1960.0,2,D4,190895,2024-03-13,40.748189,-73.996391,104.0,3.0,1082793.0,1007510001.0,97.0,MN0401,2024,3,True,COOPS - ELEVATOR APARTMENTS
Manhattan,ALPHABET CITY,03 THREE FAMILY DWELLINGS,1,377,10,C0,356 E 8 ST,,10009.0,3.0,0.0,3.0,1804.0,2928.0,1899.0,1,C0,2000000,2024-03-13,40.724503,-73.977978,103.0,2.0,1004504.0,1003770010.0,2602.0,MN0303,2024,3,True,THREE FAMILY DWELLINGS
Manhattan,CHELSEA,10 COOPS - ELEVATOR APARTMENTS,2,790,1,D4,"77 SEVENTH AVENUE, 5E",,10011.0,,,,,,1963.0,2,D4,1050000,2024-03-13,40.738906,-73.999415,104.0,3.0,1014515.0,1007900001.0,81.0,MN0401,2024,3,True,COOPS - ELEVATOR APARTMENTS
Manhattan,FASHION,21 OFFICE BUILDINGS,4,789,27,O6,225 WEST 39TH STREET,,10018.0,0.0,15.0,15.0,7357.0,88100.0,1910.0,4,O6,22200000,2024-03-13,40.754523,-73.989244,105.0,3.0,1014500.0,1007890027.0,113.0,MN0502,2024,3,True,OFFICE BUILDINGS
Manhattan,CIVIC CENTER,13 CONDOS - ELEVATOR APARTMENTS,2,170,1070,R4,"108 LEONARD STREET, 7C",7C,10013.0,1.0,,1.0,,,1900.0,2,R4,4180268,2024-03-13,40.71646,-74.0032,101.0,1.0,1001835.0,1001707501.0,31.0,MN0102,2024,3,True,CONDOS - ELEVATOR APARTMENTS
Manhattan,CIVIC CENTER,16 CONDOS - 2-10 UNIT WITH COMMERCIAL UNIT,2C,133,1901,R8,"55 WARREN STREET, C1",C1,10007.0,1.0,,1.0,,,1920.0,2,R8,2000000,2024-03-13,40.71473,-74.00922,101.0,1.0,1001440.0,1001337510.0,21.0,MN0102,2024,3,True,CONDOS - 2-10 UNIT WITH COMMERCIAL UNIT
Manhattan,FINANCIAL,13 CONDOS - ELEVATOR APARTMENTS,2,31,1042,R4,"75 WALL STREET, 21A",21A,10005.0,1.0,,1.0,,,1987.0,2,R4,790000,2024-03-13,40.705486,-74.007874,101.0,1.0,1085950.0,1000317501.0,7.0,MN0101,2024,3,True,CONDOS - ELEVATOR APARTMENTS
Manhattan,FLATIRON,43 CONDO OFFICE BUILDINGS,4,846,1402,RB,"868 BROADWAY, TWO",TWO,10003.0,,1.0,1.0,,,2007.0,4,RB,5300000,2024-03-13,40.737542,-73.990192,105.0,2.0,1016135.0,1008467503.0,52.0,MN0501,2024,3,True,CONDO OFFICE BUILDINGS
Manhattan,GRAMERCY,10 COOPS - ELEVATOR APARTMENTS,2,877,9,D4,"60 GRAMERCY PARK NORTH, 2H",,10010.0,,,,,,1928.0,2,D4,1300000,2024-03-13,40.738497,-73.986309,106.0,2.0,1017989.0,1008770009.0,68.0,MN0602,2024,3,True,COOPS - ELEVATOR APARTMENTS
Manhattan,GRAMERCY,17 CONDO COOPS,2,881,1016,R9,"61 LEXINGTON AV., 3F",,10010.0,,,,,,,2,R9,518000,2024-03-13,40.74078,-73.983534,106.0,2.0,1018105.0,1008817501.0,68.0,MN0602,2024,3,True,CONDO COOPS
Manhattan,GREENWICH VILLAGE-WEST,03 THREE FAMILY DWELLINGS,1,621,66,C0,61 CHARLES STREET,,10014.0,3.0,0.0,3.0,1900.0,4080.0,1905.0,1,C0,11000000,2024-03-13,40.734822,-74.003706,102.0,3.0,1011268.0,1006210066.0,73.0,MN0203,2024,3,True,THREE FAMILY DWELLINGS
Manhattan,GREENWICH VILLAGE-WEST,09 COOPS - WALKUP APARTMENTS,2,634,36,C6,"323 WEST 11TH STREET, 3E",,10014.0,,,,,,1900.0,2,C6,1170000,2024-03-13,40.735656,-74.007329,102.0,3.0,1078297.0,1006340036.0,75.0,MN0203,2024,3,True,COOPS - WALKUP APARTMENTS
Manhattan,GREENWICH VILLAGE-WEST,13 CONDOS - ELEVATOR APARTMENTS,2,636,1237,R4,"150 CHARLES STREET, 3HN",3HN,10014.0,1.0,,1.0,,,1938.0,2,R4,8995000,2024-03-13,40.734034,-74.008811,102.0,3.0,1089743.0,1006367503.0,75.0,MN0203,2024,3,True,CONDOS - ELEVATOR APARTMENTS
Manhattan,HARLEM-CENTRAL,09 COOPS - WALKUP APARTMENTS,2,2030,21,C6,"219 WEST 144TH STREET, 52",,10030.0,,,,,,1940.0,2,C6,279000,2024-03-13,40.821315,-73.940371,110.0,9.0,1060452.0,1020300021.0,232.0,MN1002,2024,3,True,COOPS - WALKUP APARTMENTS
Manhattan,HARLEM-CENTRAL,13 CONDOS - ELEVATOR APARTMENTS,2,1959,1032,R4,"300 WEST 135TH STREET, 8C",8C,10030.0,1.0,,1.0,,,2003.0,2,R4,855000,2024-03-13,40.816523,-73.946621,110.0,9.0,1087286.0,1019597501.0,22102.0,MN1002,2024,3,True,CONDOS - ELEVATOR APARTMENTS
Manhattan,INWOOD,10 COOPS - ELEVATOR APARTMENTS,2,2250,72,D4,"270 SEAMAN AVE, B4",,10034.0,,,,,,1926.0,2,D4,549000,2024-03-13,40.872026,-73.917831,112.0,10.0,1065083.0,1022500072.0,307.0,MN1203,2024,3,True,COOPS - ELEVATOR APARTMENTS
Manhattan,LOWER EAST SIDE,09 COOPS - WALKUP APARTMENTS,2,348,53,C6,"175 RIVINGTON STREET, 1A",,10002.0,,,,,,1920.0,2,C6,334000,2024-03-13,40.71891,-73.984531,103.0,1.0,1004204.0,1003480053.0,1402.0,MN0302,2024,3,True,COOPS - WALKUP APARTMENTS
Manhattan,LOWER EAST SIDE,10 COOPS - ELEVATOR APARTMENTS,2,315,1,D4,"417 GRAND STREET, D401",,10002.0,,,,,,1960.0,2,D4,650000,2024-03-13,40.715767,-73.986134,103.0,1.0,1082653.0,1003150001.0,1401.0,MN0302,2024,3,True,COOPS - ELEVATOR APARTMENTS
Manhattan,LOWER EAST SIDE,13 CONDOS - ELEVATOR APARTMENTS,2,248,1432,R4,"250 SOUTH STREET, 42E",42E,10002.0,1.0,,1.0,,,2015.0,2,R4,995000,2024-03-13,40.710061,-73.990092,103.0,1.0,1089771.0,1002487501.0,6.0,MN0301,2024,3,True,CONDOS - ELEVATOR APARTMENTS
Manhattan,MANHATTAN VALLEY,13 CONDOS - ELEVATOR APARTMENTS,2,1838,1014,R4,"420 CENTRAL PARK WEST, 2D",2D,10025.0,1.0,,1.0,,,1941.0,2,R4,555000,2024-03-13,40.795584,-73.961836,107.0,7.0,1055411.0,1018387501.0,189.0,MN0703,2024,3,True,CONDOS - ELEVATOR APARTMENTS
Manhattan,MIDTOWN EAST,10 COOPS - ELEVATOR APARTMENTS,2,1368,25,D4,"2 SUTTON PLACE SOUTH, 11F",,10022.0,,,,,,1938.0,2,D4,1550000,2024-03-13,40.757265,-73.960753,106.0,4.0,1040470.0,1013680025.0,10601.0,MN0604,2024,3,True,COOPS - ELEVATOR APARTMENTS
Manhattan,MIDTOWN EAST,13 CONDOS - ELEVATOR APARTMENTS,2,1326,1095,R4,"250 EAST 53RD STREET, 2401",2401,10022.0,1.0,,1.0,,,2006.0,2,R4,1980000,2024-03-13,40.75722,-73.968265,106.0,4.0,1087747.0,1013267501.0,98.0,MN0604,2024,3,True,CONDOS - ELEVATOR APARTMENTS
Manhattan,MIDTOWN WEST,10 COOPS - ELEVATOR APARTMENTS,2,1030,48,D4,"230 CENTRAL PARK SOUTH, 3DE",,10019.0,,,,,,1938.0,2,D4,2575000,2024-03-13,40.767236,-73.97996,105.0,6.0,1024921.0,1010300048.0,137.0,MN0502,2024,3,True,COOPS - ELEVATOR APARTMENTS
Manhattan,MIDTOWN WEST,13 CONDOS - ELEVATOR APARTMENTS,2,1049,1110,R4,"25 COLUMBUS CIRCLE, ST69E",ST69E,10019.0,1.0,,1.0,,,1955.0,2,R4,4400000,2024-03-13,40.767939,-73.98326,104.0,6.0,1026318.0,1010497501.0,145.0,MN0701,2024,3,True,CONDOS - ELEVATOR APARTMENTS
Manhattan,MURRAY HILL,10 COOPS - ELEVATOR APARTMENTS,2,884,1,D4,"407 PARK AVENUE SOUTH, 6C",,10016.0,,,,,,1984.0,2,D4,495000,2024-03-13,40.743324,-73.983695,105.0,2.0,1018204.0,1008840001.0,72.0,MN0603,2024,3,True,COOPS - ELEVATOR APARTMENTS
Manhattan,MORNINGSIDE HEIGHTS,10 COOPS - ELEVATOR APARTMENTS,2,1978,1,D4,"549 WEST 123RD STREET, 5A",,10027.0,,,,,,1956.0,2,D4,615000,2024-03-13,40.81208,-73.959728,109.0,7.0,1084115.0,1019780001.0,211.0,MN0901,2024,3,True,COOPS - ELEVATOR APARTMENTS
Manhattan,TRIBECA,08 RENTALS - ELEVATOR APARTMENTS,2,16,195,D8,"315-325 NORTH END AVENUE, 15L",,10282.0,274.0,2.0,276.0,18270.0,356483.0,2004.0,2,D8,600413,2024-03-13,40.716593,-74.014787,101.0,1.0,1086507.0,1000160195.0,31703.0,MN0101,2024,3,True,RENTALS - ELEVATOR APARTMENTS
Manhattan,UPPER EAST SIDE (59-79),10 COOPS - ELEVATOR APARTMENTS,2,1396,33,D4,"167 EAST 61ST STREET, 6E",,10065.0,,,,,,1983.0,2,D4,1865000,2024-03-13,40.763176,-73.966526,108.0,4.0,1041986.0,1013960033.0,11402.0,MN0802,2024,3,True,COOPS - ELEVATOR APARTMENTS
Manhattan,UPPER EAST SIDE (59-79),10 COOPS - ELEVATOR APARTMENTS,2,1402,21,D4,"901 LEXINGTON AVENUE, 7N",,10065.0,,,,,,1907.0,2,D4,3450000,2024-03-13,40.767279,-73.964487,108.0,4.0,1042469.0,1014020021.0,120.0,MN0802,2024,3,True,COOPS - ELEVATOR APARTMENTS
Manhattan,UPPER EAST SIDE (59-79),10 COOPS - ELEVATOR APARTMENTS,2,1397,1,D4,"563 PARK AVENUE, 2W",,10065.0,,,,,,1910.0,2,D4,3650000,2024-03-13,40.764771,-73.968135,108.0,4.0,1042023.0,1013970001.0,11402.0,MN0802,2024,3,True,COOPS - ELEVATOR APARTMENTS
Manhattan,UPPER EAST SIDE (59-79),10 COOPS - ELEVATOR APARTMENTS,2,1387,4,D4,"912 FIFTH AVENUE, 4A",,10021.0,,,,,,1925.0,2,D4,4955000,2024-03-13,40.772654,-73.966886,108.0,4.0,1041451.0,1013870004.0,130.0,MN0802,2024,3,True,COOPS - ELEVATOR APARTMENTS
Manhattan,UPPER EAST SIDE (59-79),10 COOPS - ELEVATOR APARTMENTS,2,1444,43,D4,"310 EAST 70TH STREET, 9B",,10021.0,,,,,,1959.0,2,D4,389000,2024-03-13,40.767233,-73.958722,108.0,5.0,1044830.0,1014440043.0,12601.0,MN0801,2024,3,True,COOPS - ELEVATOR APARTMENTS
Manhattan,UPPER EAST SIDE (59-79),10 COOPS - ELEVATOR APARTMENTS,2,1411,53,D4,"150 EAST 77TH STREET, 10C",,10075.0,,,,,,1959.0,2,D4,2712500,2024-03-13,40.773403,-73.959314,108.0,4.0,1043180.0,1014110053.0,128.0,MN0802,2024,3,True,COOPS - ELEVATOR APARTMENTS
Manhattan,UPPER EAST SIDE (79-96),10 COOPS - ELEVATOR APARTMENTS,2,1516,1,D4,"1065 PARK AVENUE, 9C",,10128.0,,,,,,1973.0,2,D4,620000,2024-03-13,40.78109,-73.956522,108.0,4.0,1048040.0,1015160001.0,14802.0,MN0802,2024,3,True,COOPS - ELEVATOR APARTMENTS
Manhattan,UPPER EAST SIDE (79-96),10 COOPS - ELEVATOR APARTMENTS,2,1585,23,D4,"180 EAST END AVENUE, 14H",,10128.0,,,,,,1960.0,2,D4,1700000,2024-03-13,40.776501,-73.943646,108.0,5.0,1051349.0,1015850023.0,14402.0,MN0803,2024,3,True,COOPS - ELEVATOR APARTMENTS
Manhattan,UPPER EAST SIDE (79-96),10 COOPS - ELEVATOR APARTMENTS,2,1589,2,D4,"1 EAST END AVENUE, S/R 9",,10075.0,,,,,,1929.0,2,D4,2700000,2024-03-13,40.770492,-73.94799,108.0,5.0,1051376.0,1015890002.0,13601.0,MN0803,2024,3,True,COOPS - ELEVATOR APARTMENTS
Manhattan,UPPER WEST SIDE (59-79),07 RENTALS - WALKUP APARTMENTS,2A,1162,22,C3,223 WEST 70TH STREET,,10023.0,4.0,0.0,4.0,1506.0,5235.0,1900.0,2,C3,2685150,2024-03-13,40.777806,-73.983792,107.0,6.0,1030368.0,1011620022.0,159.0,MN0701,2024,3,True,RENTALS - WALKUP APARTMENTS
Manhattan,UPPER WEST SIDE (59-79),13 CONDOS - ELEVATOR APARTMENTS,2,1151,1114,R4,"10 WEST END AVENUE, 17A",17A,10023.0,1.0,,1.0,,,,2,R4,2000000,2024-03-13,40.771986,-73.990169,107.0,6.0,1087651.0,1011517502.0,147.0,MN0701,2024,3,True,CONDOS - ELEVATOR APARTMENTS
Manhattan,UPPER WEST SIDE (79-96),13 CONDOS - ELEVATOR APARTMENTS,2,1206,1041,R4,"327 CENTRAL PARK WEST, 3C",3C,10025.0,1.0,,1.0,,,,2,R4,2950000,2024-03-13,40.789792,-73.966491,107.0,6.0,1031638.0,1012067501.0,177.0,MN0702,2024,3,True,CONDOS - ELEVATOR APARTMENTS
Manhattan,WASHINGTON HEIGHTS UPPER,07 RENTALS - WALKUP APARTMENTS,2,2174,188,C1,21 ARDEN STREET,,10040.0,16.0,0.0,16.0,2970.0,10245.0,1914.0,2,C1,4951689,2024-03-13,40.861702,-73.926969,112.0,10.0,1064203.0,1021740188.0,285.0,MN1202,2024,3,True,RENTALS - WALKUP APARTMENTS
Manhattan,WASHINGTON HEIGHTS UPPER,07 RENTALS - WALKUP APARTMENTS,2,2174,188,C1,"21 ARDEN STREET, 1A",,10040.0,16.0,0.0,16.0,2970.0,10245.0,1914.0,2,C1,149054,2024-03-13,40.861702,-73.926969,112.0,10.0,1064203.0,1021740188.0,285.0,MN1202,2024,3,True,RENTALS - WALKUP APARTMENTS
Manhattan,WASHINGTON HEIGHTS UPPER,10 COOPS - ELEVATOR APARTMENTS,2,2180,326,D4,"153 BENNETT AVENUE, 4E",,10040.0,,,,,,1951.0,2,D4,420000,2024-03-13,40.855286,-73.934358,112.0,10.0,1084213.0,1021800326.0,279.0,MN1202,2024,3,True,COOPS - ELEVATOR APARTMENTS
Queens,ASTORIA,13 CONDOS - ELEVATOR APARTMENTS,2,579,1201,R4,"25-14 31ST AVENUE, 6C",6C,11106.0,1.0,,1.0,,,1928.0,2,R4,618000,2024-03-13,40.765567,-73.9261,401.0,22.0,4311892.0,4005797502.0,75.0,QN0103,2024,3,True,CONDOS - ELEVATOR APARTMENTS
Brooklyn,BROOKLYN HEIGHTS,09 COOPS - WALKUP APARTMENTS,2C,261,4,C6,"309 HICKS STREET, 3",,11201.0,,,,,,1910.0,2,C6,1700000,2024-07-26,40.692232,-73.997295,302.0,33.0,3002359.0,3002610004.0,7.0,BK0201,2024,7,True,COOPS - WALKUP APARTMENTS
Brooklyn,BROOKLYN HEIGHTS,10 COOPS - ELEVATOR APARTMENTS,2,226,18,D4,"72 ORANGE ST, 3D",,11201.0,,,,,,1938.0,2,D4,940000,2024-07-26,40.698948,-73.993151,302.0,33.0,3001695.0,3002260018.0,1.0,BK0201,2024,7,True,COOPS - ELEVATOR APARTMENTS
Brooklyn,BRIGHTON BEACH,44 CONDO PARKING,4,8720,1701,RG,"70 OCEANA DRIVE WEST, 1",1,11235.0,,1.0,1.0,,,,4,RG,135000,2024-07-26,40.576844,-73.958588,313.0,48.0,3348704.0,3087207506.0,61002.0,BK1303,2024,7,True,CONDO PARKING
Brooklyn,BRIGHTON BEACH,13 CONDOS - ELEVATOR APARTMENTS,2,8720,1249,R4,"120 OCEANA DRIVE WEST, 5I",5I,11235.0,1.0,,1.0,,,,2,R4,1074509,2024-07-26,40.575722,-73.958805,313.0,48.0,3347499.0,3087207502.0,61002.0,BK1303,2024,7,True,CONDOS - ELEVATOR APARTMENTS
Brooklyn,BRIGHTON BEACH,10 COOPS - ELEVATOR APARTMENTS,2,8721,360,D4,"35 SEACOAST TERRACE, 20W",,11235.0,,,,,,1962.0,2,D4,557000,2024-07-26,40.576259,-73.956648,313.0,48.0,3245725.0,3087210360.0,61002.0,BK1303,2024,7,True,COOPS - ELEVATOR APARTMENTS
Brooklyn,CARROLL GARDENS,07 RENTALS - WALKUP APARTMENTS,2B,479,13,C1,32 GARNET STREET,,11231.0,8.0,0.0,8.0,2500.0,5000.0,1931.0,2,C1,2700000,2024-07-26,40.674347,-73.99894,306.0,39.0,3008182.0,3004790013.0,77.0,BK0601,2024,7,True,RENTALS - WALKUP APARTMENTS
Brooklyn,CARROLL GARDENS,07 RENTALS - WALKUP APARTMENTS,2B,337,13,C1,196 SACKETT STREET,,11231.0,8.0,0.0,8.0,2200.0,4500.0,1931.0,2,C1,1550000,2024-07-26,40.684319,-74.000054,306.0,39.0,3004290.0,3003370013.0,63.0,BK0601,2024,7,True,RENTALS - WALKUP APARTMENTS
Brooklyn,CLINTON HILL,31 COMMERCIAL VACANT LAND,4,1993,8,V1,1063 FULTON ST,,11238.0,0.0,0.0,0.0,2218.0,0.0,,4,V1,1900000,2024-07-26,40.68189,-73.959247,302.0,35.0,3000000.0,3019930008.0,227.0,BK0301,2024,7,True,COMMERCIAL VACANT LAND
Brooklyn,DOWNTOWN-FULTON MALL,13 CONDOS - ELEVATOR APARTMENTS,2,157,1460,R4,"11 HOYT ST, 54K",54K,11201.0,1.0,,1.0,,,2018.0,2,R4,127931,2024-07-26,40.690216,-73.985327,302.0,33.0,3329438.0,3001577501.0,37.0,BK0202,2024,7,True,CONDOS - ELEVATOR APARTMENTS
Brooklyn,DOWNTOWN-FULTON MALL,13 CONDOS - ELEVATOR APARTMENTS,2,161,1173,R4,"10 NEVINS STREET, 24C",24C,11217.0,1.0,,1.0,,,2018.0,2,R4,1600000,2024-07-26,40.688429,-73.981084,302.0,33.0,3426629.0,3001617501.0,37.0,BK0202,2024,7,True,CONDOS - ELEVATOR APARTMENTS
Brooklyn,EAST NEW YORK,02 TWO FAMILY DWELLINGS,1,4167,49,B2,137 GLEN ST,,11208.0,2.0,0.0,2.0,1993.0,1598.0,1920.0,1,B2,460000,2024-07-26,40.68101,-73.870612,305.0,37.0,3093460.0,3041670049.0,1186.0,BK0505,2024,7,True,TWO FAMILY DWELLINGS
Brooklyn,DYKER HEIGHTS,01 ONE FAMILY DWELLINGS,1,6220,51,A5,1167 76TH STREET,,11228.0,1.0,0.0,1.0,1775.0,1144.0,1915.0,1,A5,950000,2024-07-26,40.621383,-74.010817,310.0,38.0,3159899.0,3062200051.0,202.0,BK1002,2024,7,True,ONE FAMILY DWELLINGS
Brooklyn,DOWNTOWN-FULTON MALL,13 CONDOS - ELEVATOR APARTMENTS,2,169,1056,R4,"53 BOERUM PLACE, 7D",7D,11201.0,1.0,,1.0,,,2003.0,2,R4,690000,2024-07-26,40.689972,-73.98999,302.0,33.0,3350516.0,3001697501.0,43.0,BK0202,2024,7,True,CONDOS - ELEVATOR APARTMENTS
Brooklyn,EAST NEW YORK,02 TWO FAMILY DWELLINGS,1,4178,14,B1,387 ELDERT LANE,,11208.0,2.0,0.0,2.0,2382.0,2080.0,1910.0,1,B1,470000,2024-07-26,40.681468,-73.865913,305.0,37.0,3093853.0,3041780014.0,1186.0,BK0505,2024,7,True,TWO FAMILY DWELLINGS
Brooklyn,EAST NEW YORK,02 TWO FAMILY DWELLINGS,1,4546,100,B2,686 WORTMAN AVENUE,,11208.0,2.0,0.0,2.0,2754.0,2464.0,2004.0,1,B2,1044548,2024-07-26,40.663655,-73.868865,305.0,42.0,3388438.0,3045460100.0,1220.0,BK0505,2024,7,True,TWO FAMILY DWELLINGS
Brooklyn,FLATBUSH-EAST,01 ONE FAMILY DWELLINGS,1,4774,63,A5,651 EAST 53RD STREET,,11203.0,1.0,0.0,1.0,2300.0,1344.0,1925.0,1,A5,870000,2024-07-26,40.643502,-73.926559,317.0,45.0,3105942.0,3047740063.0,846.0,BK1702,2024,7,True,ONE FAMILY DWELLINGS
Brooklyn,FLATBUSH-LEFFERTS GARDEN,01 ONE FAMILY DWELLINGS,1,5032,42,A5,202 MAPLE STREET,,11225.0,1.0,0.0,1.0,2000.0,1800.0,1905.0,1,A5,1975000,2024-07-26,40.660586,-73.954402,309.0,40.0,3114939.0,3050320042.0,800.0,BK0902,2024,7,True,ONE FAMILY DWELLINGS
Brooklyn,GRAVESEND,01 ONE FAMILY DWELLINGS,1,6598,81,A1,1527 WEST 9TH ST,,11204.0,1.0,0.0,1.0,2000.0,1344.0,1930.0,1,A1,990000,2024-07-26,40.609462,-73.98286,311.0,43.0,3174253.0,3065980081.0,430.0,BK1101,2024,7,True,ONE FAMILY DWELLINGS
Brooklyn,GRAVESEND,02 TWO FAMILY DWELLINGS,1,6878,13,B1,163 BAY 38TH STREET,,11214.0,2.0,0.0,2.0,2900.0,2256.0,1930.0,1,B1,1500000,2024-07-26,40.595283,-73.991138,311.0,43.0,3186125.0,3068780013.0,302.0,BK1103,2024,7,True,TWO FAMILY DWELLINGS
Brooklyn,GREENPOINT,15 CONDOS - 2-10 UNIT RESIDENTIAL,2C,2833,1105,R1,"4 MONITOR STREET, 3A",3A,11222.0,1.0,,1.0,,,2006.0,2,R1,815143,2024-07-26,40.719354,-73.941569,301.0,34.0,3393911.0,3028337503.0,477.0,BK0104,2024,7,True,CONDOS - 2-10 UNIT RESIDENTIAL
Brooklyn,MADISON,01 ONE FAMILY DWELLINGS,1,6839,3,S1,3007 AVENUE S,,11229.0,1.0,1.0,2.0,2492.0,2450.0,1940.0,1,S1,980000,2024-07-26,40.605434,-73.939627,315.0,46.0,3184796.0,3068390003.0,564.0,BK1502,2024,7,True,ONE FAMILY DWELLINGS
Brooklyn,GRAVESEND,13 CONDOS - ELEVATOR APARTMENTS,2,6471,1176,R4,"2286 CROPSEY AVENUE, 17-F",17-F,11214.0,1.0,,1.0,,,2019.0,2,R4,994488,2024-07-26,40.595843,-73.997001,311.0,47.0,3425955.0,3064710109.0,294.0,BK1103,2024,7,True,CONDOS - ELEVATOR APARTMENTS
Brooklyn,GRAVESEND,13 CONDOS - ELEVATOR APARTMENTS,2,6471,1175,R4,"2286 CROPSEY AVENUE, 17-E",17-E,11214.0,1.0,,1.0,,,2019.0,2,R4,996402,2024-07-26,40.595843,-73.997001,311.0,47.0,3425955.0,3064710109.0,294.0,BK1103,2024,7,True,CONDOS - ELEVATOR APARTMENTS
Brooklyn,GREENPOINT,07 RENTALS - WALKUP APARTMENTS,2B,2649,7,C1,132 NORMAN STREET,,11222.0,8.0,0.0,8.0,2008.0,5500.0,1928.0,2,C1,2600000,2024-07-26,40.726165,-73.949511,301.0,33.0,3066178.0,3026490007.0,571.0,BK0101,2024,7,True,RENTALS - WALKUP APARTMENTS
Brooklyn,GREENPOINT,44 CONDO PARKING,4,2722,1070,RP,"415 LEONARD STREET, P16",P16,11222.0,,1.0,1.0,,,,4,RP,2060000,2024-07-26,40.718987,-73.948514,301.0,33.0,3392622.0,3027227501.0,515.0,BK0102,2024,7,True,CONDO PARKING
Brooklyn,GRAVESEND,13 CONDOS - ELEVATOR APARTMENTS,2,6471,1177,R4,"2286 CROPSEY AVENUE, 17-G",17-G,11214.0,1.0,,1.0,,,2019.0,2,R4,826550,2024-07-26,40.595843,-73.997001,311.0,47.0,3425955.0,3064710109.0,294.0,BK1103,2024,7,True,CONDOS - ELEVATOR APARTMENTS
Brooklyn,MADISON,02 TWO FAMILY DWELLINGS,1,6813,50,B1,3121 NOSTRAND AVE,,11229.0,2.0,0.0,2.0,928.0,1541.0,1930.0,1,B1,731888,2024-07-26,40.608312,-73.943356,315.0,48.0,3183718.0,3068130050.0,564.0,BK1502,2024,7,True,TWO FAMILY DWELLINGS
Brooklyn,MANHATTAN BEACH,02 TWO FAMILY DWELLINGS,1,8748,218,B3,4193 OCEAN AVENUE,,11235.0,2.0,0.0,2.0,3039.0,1760.0,1930.0,1,B3,950000,2024-07-26,40.57836,-73.947413,315.0,48.0,3246423.0,3087480218.0,620.0,BK1503,2024,7,True,TWO FAMILY DWELLINGS
Brooklyn,MADISON,10 COOPS - ELEVATOR APARTMENTS,2,6818,74,D4,"1855 EAST 12TH STREET, 2N",,11229.0,,,,,,1963.0,2,D4,215000,2024-07-26,40.604211,-73.960624,315.0,48.0,3183926.0,3068180074.0,556.0,BK1501,2024,7,True,COOPS - ELEVATOR APARTMENTS
Brooklyn,MADISON,13 CONDOS - ELEVATOR APARTMENTS,2,7299,1104,R4,"2381 OCEAN AVE, 2A",2A,11229.0,1.0,,1.0,,,2006.0,2,R4,401000,2024-07-26,40.603351,-73.952154,315.0,48.0,3397666.0,3072997502.0,560.0,BK1502,2024,7,True,CONDOS - ELEVATOR APARTMENTS
Brooklyn,OCEAN PARKWAY-NORTH,13 CONDOS - ELEVATOR APARTMENTS,2,5423,1015,R4,"702 OCEAN PARKWAY, 8B",8B,11230.0,1.0,,1.0,,,2004.0,2,R4,645000,2024-07-26,40.631341,-73.971834,314.0,40.0,3390869.0,3054237501.0,480.0,BK1402,2024,7,True,CONDOS - ELEVATOR APARTMENTS
Brooklyn,OCEAN PARKWAY-NORTH,12 CONDOS - WALKUP APARTMENTS,2,5400,1033,R2,"640 DITMAS AVENUE, 33",33,11218.0,1.0,,1.0,,,1922.0,2,R2,625000,2024-07-26,40.63621,-73.971979,312.0,40.0,3127213.0,3054007502.0,484.0,BK1203,2024,7,True,CONDOS - WALKUP APARTMENTS
Brooklyn,PARK SLOPE,02 TWO FAMILY DWELLINGS,1,1000,7,B3,413A 6TH AVENUE,,11215.0,2.0,0.0,2.0,1245.0,2280.0,1899.0,1,B3,2200000,2024-07-26,40.66901,-73.983115,306.0,39.0,3021934.0,3010000007.0,153.0,BK0602,2024,7,True,TWO FAMILY DWELLINGS
Brooklyn,PARK SLOPE,15 CONDOS - 2-10 UNIT RESIDENTIAL,2C,1068,1405,R1,"851 CARROLL STREET, 5",5,11215.0,1.0,,1.0,,,1920.0,2,R1,1795000,2024-07-26,40.671615,-73.972242,306.0,39.0,3024832.0,3010680052.0,165.0,BK0602,2024,7,True,CONDOS - 2-10 UNIT RESIDENTIAL
Brooklyn,SHEEPSHEAD BAY,13 CONDOS - ELEVATOR APARTMENTS,2,7404,1402,R4,"1917 AVENUE X, 2",2,11235.0,1.0,,1.0,,,2007.0,2,R4,427000,2024-07-26,40.592665,-73.951035,315.0,48.0,3397668.0,3074047505.0,592.0,BK1503,2024,7,True,CONDOS - ELEVATOR APARTMENTS
Brooklyn,PROSPECT HEIGHTS,13 CONDOS - ELEVATOR APARTMENTS,2,1129,1023,R4,"550 VANDERBILT AVENUE, 220",220,11238.0,1.0,,1.0,,,2015.0,2,R4,800000,2024-07-26,40.680309,-73.967923,308.0,35.0,3418187.0,3011297501.0,163.0,BK0801,2024,7,True,CONDOS - ELEVATOR APARTMENTS
Brooklyn,SUNSET PARK,15 CONDOS - 2-10 UNIT RESIDENTIAL,2C,897,1604,R1,"289 22ND STREET, 2R",2R,11215.0,1.0,,1.0,,,2021.0,2,R1,1130000,2024-07-26,40.659813,-73.99237,307.0,39.0,3000000.0,3008970045.0,145.0,BK0702,2024,7,True,CONDOS - 2-10 UNIT RESIDENTIAL
Brooklyn,SUNSET PARK,02 TWO FAMILY DWELLINGS,1,631,72,B9,199 18 ST,,11215.0,2.0,0.0,2.0,1669.0,1408.0,1910.0,1,B9,1375000,2024-07-26,40.663851,-73.993007,307.0,38.0,3009021.0,3006310072.0,143.0,BK0702,2024,7,True,TWO FAMILY DWELLINGS
Brooklyn,WILLIAMSBURG-NORTH,13 CONDOS - ELEVATOR APARTMENTS,2,2313,1114,R4,"212 NORTH 9TH STREET, 4B",4B,11211.0,1.0,,1.0,,,2014.0,2,R4,1075000,2024-07-26,40.717908,-73.954893,301.0,33.0,3421434.0,3023137502.0,519.0,BK0102,2024,7,True,CONDOS - ELEVATOR APARTMENTS
Brooklyn,WILLIAMSBURG-EAST,13 CONDOS - ELEVATOR APARTMENTS,2,2276,1013,R4,"721 FLUSHING AVENUE, 7A",7A,11206.0,1.0,,1.0,,,,2,R4,940000,2024-07-26,40.700548,-73.943458,301.0,33.0,3392149.0,3022767501.0,507.0,BK0103,2024,7,True,CONDOS - ELEVATOR APARTMENTS
Brooklyn,WILLIAMSBURG-NORTH,44 CONDO PARKING,4,2309,1061,RG,"47 NORTH 8TH STREET, PU21",PU21,11249.0,,1.0,1.0,,,,4,RG,90000,2024-07-26,40.72076,-73.96093,301.0,33.0,3392233.0,3023097501.0,557.0,BK0102,2024,7,True,CONDO PARKING
Manhattan,FASHION,10 COOPS - ELEVATOR APARTMENTS,2,839,63,D0,"28 WEST 38TH STREET, 3E",,10018.0,,,,,,1910.0,2,D0,1570000,2024-07-26,40.751413,-73.983823,105.0,4.0,1015975.0,1008390063.0,84.0,MN0502,2024,7,True,COOPS - ELEVATOR APARTMENTS
Manhattan,CHINATOWN,13 CONDOS - ELEVATOR APARTMENTS,2,202,1163,R4,"50 BAYARD STREET, 8T",8T,10013.0,1.0,,1.0,,,,2,R4,174022,2024-07-26,40.715258,-73.997414,103.0,1.0,1002434.0,1002027501.0,2902.0,MN0301,2024,7,True,CONDOS - ELEVATOR APARTMENTS
Manhattan,GREENWICH VILLAGE-CENTRAL,13 CONDOS - ELEVATOR APARTMENTS,2,567,1080,R4,"25 5 AVENUE, 11H",11H,10003.0,1.0,,1.0,,,1921.0,2,R4,1632250,2024-07-26,40.733016,-73.995782,102.0,2.0,1009224.0,1005677501.0,59.0,MN0202,2024,7,True,CONDOS - ELEVATOR APARTMENTS
Manhattan,GREENWICH VILLAGE-CENTRAL,13 CONDOS - ELEVATOR APARTMENTS,2,559,1158,R4,"110 THIRD AVENUE, 15B",15B,10003.0,1.0,,1.0,,,2006.0,2,R4,1240000,2024-07-26,40.732818,-73.987537,103.0,2.0,1087620.0,1005597501.0,42.0,MN0303,2024,7,True,CONDOS - ELEVATOR APARTMENTS
Manhattan,GREENWICH VILLAGE-CENTRAL,10 COOPS - ELEVATOR APARTMENTS,2,573,43,D4,"24 5TH AVENUE, 1221",,10011.0,,,,,,1926.0,2,D4,410000,2024-07-26,40.733011,-73.995811,102.0,2.0,1009482.0,1005730043.0,63.0,MN0202,2024,7,True,COOPS - ELEVATOR APARTMENTS
Manhattan,GREENWICH VILLAGE-WEST,10 COOPS - ELEVATOR APARTMENTS,2,622,41,D4,"270 WEST 11TH STREET, 6G",,10014.0,,,,,,1915.0,2,D4,1035000,2024-07-26,40.736063,-74.004326,102.0,3.0,1011309.0,1006220041.0,73.0,MN0203,2024,7,True,COOPS - ELEVATOR APARTMENTS
Manhattan,GREENWICH VILLAGE-WEST,13 CONDOS - ELEVATOR APARTMENTS,2,604,1025,R4,"130 BARROW STREET, 218",218,10014.0,1.0,,1.0,,,,2,R4,1375000,2024-07-26,40.731926,-74.009277,102.0,3.0,1010422.0,1006047501.0,69.0,MN0203,2024,7,True,CONDOS - ELEVATOR APARTMENTS
Manhattan,HARLEM-EAST,13 CONDOS - ELEVATOR APARTMENTS,2,1629,1348,R4,"181 EAST 101ST STREET, 702",702,10029.0,1.0,,1.0,,,2020.0,2,R4,575000,2024-07-26,40.788668,-73.947658,111.0,8.0,1091627.0,1016297504.0,166.0,MN1101,2024,7,True,CONDOS - ELEVATOR APARTMENTS
Manhattan,KIPS BAY,13 CONDOS - ELEVATOR APARTMENTS,2,968,1156,R4,"630 1 AVENUE, 14J",14J,10016.0,1.0,,1.0,,,1984.0,2,R4,756000,2024-07-26,40.745156,-73.9725,106.0,4.0,1022060.0,1009687501.0,8601.0,MN0603,2024,7,True,CONDOS - ELEVATOR APARTMENTS
Manhattan,MANHATTAN VALLEY,12 CONDOS - WALKUP APARTMENTS,2,1832,1222,R4,"15 WEST 96TH STREET, 22",22,10025.0,1.0,,1.0,,,2021.0,2,R2,6421000,2024-07-26,40.792001,-73.965467,107.0,7.0,1000000.0,1018320023.0,181.0,MN0702,2024,7,True,CONDOS - WALKUP APARTMENTS
Manhattan,KIPS BAY,13 CONDOS - ELEVATOR APARTMENTS,2,943,1728,R4,"330 EAST 38TH STREET, 50A-Q",50A-Q,10016.0,1.0,,1.0,,,1989.0,2,R4,2635000,2024-07-26,40.746742,-73.972741,106.0,4.0,1076166.0,1009437501.0,78.0,MN0603,2024,7,True,CONDOS - ELEVATOR APARTMENTS
Manhattan,KIPS BAY,13 CONDOS - ELEVATOR APARTMENTS,2,968,1200,R4,"630 1 AVENUE, 17E",17E,10016.0,1.0,,1.0,,,1984.0,2,R4,1100000,2024-07-26,40.745156,-73.9725,106.0,4.0,1022060.0,1009687501.0,8601.0,MN0603,2024,7,True,CONDOS - ELEVATOR APARTMENTS
Manhattan,MIDTOWN EAST,10 COOPS - ELEVATOR APARTMENTS,2,1344,18,D4,"343 EAST 51 STREET, 2E",,10022.0,,,,,,1942.0,2,D4,434450,2024-07-26,40.754958,-73.966746,106.0,4.0,1039657.0,1013440018.0,98.0,MN0604,2024,7,True,COOPS - ELEVATOR APARTMENTS
Manhattan,MIDTOWN WEST,13 CONDOS - ELEVATOR APARTMENTS,2,1029,1109,R4,"217 WEST 57TH STREET, 33D",33D,10019.0,1.0,,1.0,,,2013.0,2,R4,5720450,2024-07-26,40.76593,-73.980979,105.0,6.0,1090180.0,1010297502.0,137.0,MN0502,2024,7,True,CONDOS - ELEVATOR APARTMENTS
Manhattan,MIDTOWN WEST,10 COOPS - ELEVATOR APARTMENTS,2,1011,38,D4,"110 CENTRAL PARK SOUTH, 5B",,10019.0,,,,,,1927.0,2,D4,5600000,2024-07-26,40.765912,-73.976816,105.0,6.0,1023756.0,1010110038.0,137.0,MN0502,2024,7,True,COOPS - ELEVATOR APARTMENTS
Manhattan,MURRAY HILL,10 COOPS - ELEVATOR APARTMENTS,2,866,64,D4,"220 MADISON AVENUE, 5A",,10016.0,,,,,,1941.0,2,D4,1435000,2024-07-26,40.74922,-73.981911,105.0,4.0,1017187.0,1008660064.0,82.0,MN0502,2024,7,True,COOPS - ELEVATOR APARTMENTS
Manhattan,MURRAY HILL,13 CONDOS - ELEVATOR APARTMENTS,2,884,1123,R4,"120 EAST 29TH STREET, PH7A",PHA,10016.0,1.0,,1.0,,,,2,R4,2900000,2024-07-26,40.743486,-73.982559,105.0,2.0,1018235.0,1008847501.0,72.0,MN0603,2024,7,True,CONDOS - ELEVATOR APARTMENTS
Manhattan,MURRAY HILL,13 CONDOS - ELEVATOR APARTMENTS,2,860,1556,R4,"15 EAST 30TH STREET, 46D",46D,10016.0,1.0,,1.0,,,2017.0,2,R4,4650000,2024-07-26,40.745496,-73.985366,105.0,2.0,1090479.0,1008607505.0,74.0,MN0501,2024,7,True,CONDOS - ELEVATOR APARTMENTS
Manhattan,SOHO,10 COOPS - ELEVATOR APARTMENTS,2,484,1,D0,"515 BROADWAY, 2B",,10012.0,,,,,,1880.0,2,D0,6350000,2024-07-26,40.722572,-73.999206,102.0,1.0,1083498.0,1004840001.0,49.0,MN0201,2024,7,True,COOPS - ELEVATOR APARTMENTS
Manhattan,MURRAY HILL,13 CONDOS - ELEVATOR APARTMENTS,2,862,1325,R4,"325 5 AVENUE, 10D",10D,10016.0,1.0,,1.0,,,2005.0,2,R4,1195000,2024-07-26,40.747428,-73.985282,105.0,4.0,1087309.0,1008627503.0,74.0,MN0501,2024,7,True,CONDOS - ELEVATOR APARTMENTS
Manhattan,ROOSEVELT ISLAND,13 CONDOS - ELEVATOR APARTMENTS,2,1373,1344,R4,"425 MAIN STREET, 15C",15C,10044.0,1.0,,1.0,,,2006.0,2,R4,2056683,2024-07-26,40.758502,-73.952627,108.0,5.0,1087292.0,1013737502.0,23804.0,MN0801,2024,7,True,CONDOS - ELEVATOR APARTMENTS
Manhattan,TRIBECA,13 CONDOS - ELEVATOR APARTMENTS,2,84,1104,R4,"140 WEST STREET, 16M",16M,10007.0,1.0,,1.0,,,1930.0,2,R4,960000,2024-07-26,40.713843,-74.01379,101.0,1.0,1001228.0,1000847501.0,21.0,MN0102,2024,7,True,CONDOS - ELEVATOR APARTMENTS
Manhattan,TRIBECA,13 CONDOS - ELEVATOR APARTMENTS,2,16,2083,R4,"350 ALBANY STREET, 10B",10B,10280.0,1.0,,1.0,,,,2,R4,1340000,2024-07-26,40.710233,-74.017021,101.0,1.0,1000301.0,1000167502.0,31704.0,MN0101,2024,7,True,CONDOS - ELEVATOR APARTMENTS
Manhattan,UPPER EAST SIDE (59-79),10 COOPS - ELEVATOR APARTMENTS,2,1409,32,D4,"173 EAST 74TH STREET, 3B",,10021.0,,,,,,1937.0,2,D4,495000,2024-07-26,40.7714,-73.960416,108.0,4.0,1043088.0,1014090032.0,128.0,MN0802,2024,7,True,COOPS - ELEVATOR APARTMENTS
Manhattan,TRIBECA,13 CONDOS - ELEVATOR APARTMENTS,2,16,1756,R4,"70 LITTLE WEST STREET, 7M",7M,10004.0,1.0,,1.0,,,2006.0,2,R4,900000,2024-07-26,40.70706,-74.016519,101.0,1.0,1087842.0,1000167517.0,31704.0,MN0101,2024,7,True,CONDOS - ELEVATOR APARTMENTS
Manhattan,TRIBECA,13 CONDOS - ELEVATOR APARTMENTS,2,16,3354,R4,"225 RECTOR PLACE, 10M",10M,10280.0,1.0,,1.0,,,1985.0,2,R4,1925000,2024-07-26,40.70927,-74.016487,101.0,1.0,1000053.0,1000167515.0,31704.0,MN0101,2024,7,True,CONDOS - ELEVATOR APARTMENTS
Manhattan,TRIBECA,13 CONDOS - ELEVATOR APARTMENTS,2,16,5216,R4,"200 RECTOR PLACE, 10F",10F,10280.0,1.0,,1.0,,,1987.0,2,R4,960000,2024-07-26,40.708809,-74.016116,101.0,1.0,1065475.0,1000167508.0,31704.0,MN0101,2024,7,True,CONDOS - ELEVATOR APARTMENTS
Manhattan,UPPER EAST SIDE (59-79),13 CONDOS - ELEVATOR APARTMENTS,2,1420,1081,R4,"200 EAST 66TH STREET, A0305",A0305,10065.0,1.0,,1.0,,,1951.0,2,R4,815000,2024-07-26,40.76562,-73.962846,108.0,5.0,1043871.0,1014207501.0,118.0,MN0801,2024,7,True,CONDOS - ELEVATOR APARTMENTS
Manhattan,UPPER EAST SIDE (79-96),10 COOPS - ELEVATOR APARTMENTS,2,1511,65,D4,"112 EAST 83RD STREET, 9C",,10028.0,,,,,,1929.0,2,D4,1260000,2024-07-26,40.777932,-73.957946,108.0,4.0,1047635.0,1015110065.0,140.0,MN0802,2024,7,True,COOPS - ELEVATOR APARTMENTS
Manhattan,UPPER EAST SIDE (79-96),10 COOPS - ELEVATOR APARTMENTS,2,1525,13,D4,"225 EAST 79TH STREET, 2C",,10075.0,,,,,,1930.0,2,D4,335000,2024-07-26,40.773987,-73.95657,108.0,5.0,1048512.0,1015250013.0,138.0,MN0803,2024,7,True,COOPS - ELEVATOR APARTMENTS
Manhattan,UPPER EAST SIDE (79-96),10 COOPS - ELEVATOR APARTMENTS,2,1566,17,D4,"445 EAST 86TH STREET, 3J",,10028.0,,,,,,1961.0,2,D4,380000,2024-07-26,40.776119,-73.947549,108.0,5.0,1050550.0,1015660017.0,14402.0,MN0803,2024,7,True,COOPS - ELEVATOR APARTMENTS
Manhattan,UPPER EAST SIDE (79-96),10 COOPS - ELEVATOR APARTMENTS,2,1503,14,D4,"15 EAST 91 STREET, 9C",,10128.0,,,,,,1948.0,2,D4,1600000,2024-07-26,40.784401,-73.957329,108.0,4.0,1047014.0,1015030014.0,16001.0,MN0802,2024,7,True,COOPS - ELEVATOR APARTMENTS
Manhattan,UPPER EAST SIDE (79-96),10 COOPS - ELEVATOR APARTMENTS,2,1494,50,D4,"40 EAST 83RD STREET, 3W",,10028.0,,,,,,1912.0,2,D4,1636000,2024-07-26,40.778775,-73.95995,108.0,4.0,1046768.0,1014940050.0,142.0,MN0802,2024,7,True,COOPS - ELEVATOR APARTMENTS
Manhattan,UPPER EAST SIDE (79-96),13 CONDOS - ELEVATOR APARTMENTS,2,1515,1317,R4,"120 EAST 87TH STREET, P8-K",P8-K,10128.0,1.0,,1.0,,,1981.0,2,R4,611000,2024-07-26,40.780505,-73.955901,108.0,4.0,1047955.0,1015157502.0,14802.0,MN0802,2024,7,True,CONDOS - ELEVATOR APARTMENTS
Manhattan,UPPER EAST SIDE (79-96),13 CONDOS - ELEVATOR APARTMENTS,2,1532,1048,R4,"225 EAST 86TH STREET, 1103",1103,10028.0,1.0,,1.0,,,1981.0,2,R4,770000,2024-07-26,40.77846,-73.953104,108.0,5.0,1048792.0,1015327501.0,14602.0,MN0803,2024,7,True,CONDOS - ELEVATOR APARTMENTS
Manhattan,UPPER EAST SIDE (79-96),10 COOPS - ELEVATOR APARTMENTS,2,1569,16,D4,"1725 YORK AVENUE, 32D",,10128.0,,,,,,1971.0,2,D4,1175000,2024-07-26,40.778349,-73.945367,108.0,5.0,1050634.0,1015690016.0,152.0,MN0803,2024,7,True,COOPS - ELEVATOR APARTMENTS
Manhattan,UPPER EAST SIDE (79-96),13 CONDOS - ELEVATOR APARTMENTS,2,1543,1652,R4,"301 EAST 80TH STREET, 18B",18B,10075.0,1.0,,1.0,,,2019.0,2,R4,7800000,2024-07-26,40.773983,-73.954443,108.0,5.0,1090305.0,1015437503.0,138.0,MN0803,2024,7,True,CONDOS - ELEVATOR APARTMENTS
Manhattan,UPPER WEST SIDE (59-79),10 COOPS - ELEVATOR APARTMENTS,2,1123,29,D4,"110 CENTRAL PARK WEST, 5A",,10023.0,,,,,,1930.0,2,D4,3950000,2024-07-26,40.775445,-73.976535,107.0,6.0,1028564.0,1011230029.0,157.0,MN0701,2024,7,True,COOPS - ELEVATOR APARTMENTS
Manhattan,UPPER WEST SIDE (59-79),13 CONDOS - ELEVATOR APARTMENTS,2,1171,3165,R4,"120 RIVERSIDE BLVD, 10L",10L,10069.0,1.0,,1.0,,,,2,R4,1550000,2024-07-26,40.776668,-73.989233,107.0,6.0,1086247.0,1011717504.0,15102.0,MN0701,2024,7,True,CONDOS - ELEVATOR APARTMENTS
Manhattan,UPPER WEST SIDE (59-79),13 CONDOS - ELEVATOR APARTMENTS,2,1171,2581,R4,"50 RIVERSIDE BOULEVARD, 10D",10D,10069.0,1.0,,1.0,,,2013.0,2,R4,3850000,2024-07-26,40.774324,-73.991616,107.0,6.0,1089742.0,1011717509.0,15102.0,MN0701,2024,7,True,CONDOS - ELEVATOR APARTMENTS
Manhattan,UPPER WEST SIDE (79-96),10 COOPS - ELEVATOR APARTMENTS,2,1237,5,D4,"267 WEST 89TH STREET, 7B",,10024.0,,,,,,1920.0,2,D4,2250000,2024-07-26,40.790532,-73.975761,107.0,6.0,1033307.0,1012370005.0,175.0,MN0702,2024,7,True,COOPS - ELEVATOR APARTMENTS
Manhattan,UPPER WEST SIDE (79-96),10 COOPS - ELEVATOR APARTMENTS,2,1196,52,D4,"46 WEST 83RD STREET, 7CE",,10024.0,,,,,,1911.0,2,D4,1895000,2024-07-26,40.784076,-73.972524,107.0,6.0,1031196.0,1011960052.0,169.0,MN0702,2024,7,True,COOPS - ELEVATOR APARTMENTS
Manhattan,UPPER WEST SIDE (79-96),10 COOPS - ELEVATOR APARTMENTS,2,1236,61,D4,"590 WEST END AVENUE, 10B",,10024.0,,,,,,1916.0,2,D4,796000,2024-07-26,40.790607,-73.976588,107.0,6.0,1033305.0,1012360061.0,175.0,MN0702,2024,7,True,COOPS - ELEVATOR APARTMENTS
Manhattan,UPPER WEST SIDE (96-116),17 CONDO COOPS,2,1874,1002,R9,"235 WEST 102ND STREET, 7I",,10025.0,,,,,,1910.0,2,R9,1243040,2024-07-26,40.798669,-73.969437,107.0,7.0,1056558.0,1018747501.0,191.0,MN0703,2024,7,True,CONDO COOPS
Queens,ASTORIA,02 TWO FAMILY DWELLINGS,1,864,14,B1,2359 CRESCENT STREET,,11105.0,2.0,0.0,2.0,2400.0,2080.0,1925.0,1,B1,1650000,2024-07-26,40.775827,-73.918029,401.0,22.0,4018691.0,4008640014.0,97.0,QN0101,2024,7,True,TWO FAMILY DWELLINGS
Queens,BAYSIDE,01 ONE FAMILY DWELLINGS,1,7520,66,A5,58-34 229 STREET,,11364.0,1.0,0.0,1.0,3000.0,1152.0,1950.0,1,A5,885000,2024-07-26,40.752287,-73.749718,411.0,23.0,4161378.0,4075200066.0,138501.0,QN1102,2024,7,True,ONE FAMILY DWELLINGS
Queens,ASTORIA,13 CONDOS - ELEVATOR APARTMENTS,2,519,1094,R4,"12-15 BROADWAY, 406",406,11106.0,1.0,,1.0,,,2011.0,2,R4,612000,2024-07-26,40.766906,-73.934723,401.0,22.0,4542222.0,4005197501.0,77.0,QN0102,2024,7,True,CONDOS - ELEVATOR APARTMENTS
Queens,ASTORIA,13 CONDOS - ELEVATOR APARTMENTS,2,533,1106,R4,"14-54 31ST AVENUE, 2A",2A,11106.0,1.0,,1.0,,,2021.0,2,R4,633000,2024-07-26,40.767601,-73.930516,401.0,22.0,4623651.0,4005330045.0,77.0,QN0102,2024,7,True,CONDOS - ELEVATOR APARTMENTS
Queens,BAYSIDE,01 ONE FAMILY DWELLINGS,1,6087,42,A0,33-23 205TH STREET,,11361.0,1.0,0.0,1.0,4000.0,1202.0,1950.0,1,A0,880000,2024-07-26,40.768668,-73.783729,411.0,19.0,4135475.0,4060870042.0,1099.0,QN1101,2024,7,True,ONE FAMILY DWELLINGS
Queens,BAYSIDE,09 COOPS - WALKUP APARTMENTS,2,5857,110,C6,"212-39 16TH AVE, 152",,11360.0,,,,,,1956.0,2,C6,345000,2024-07-26,40.784501,-73.779969,407.0,19.0,4616764.0,4058570110.0,99704.0,QN0703,2024,7,True,COOPS - WALKUP APARTMENTS
Queens,BAYSIDE,02 TWO FAMILY DWELLINGS,1,6203,140,B1,39-31 FRANCIS LEWIS BOULEVARD,,11361.0,2.0,0.0,2.0,2771.0,2456.0,1960.0,1,B1,1465000,2024-07-26,40.761221,-73.785074,411.0,19.0,4137059.0,4062030140.0,1463.0,QN1101,2024,7,True,TWO FAMILY DWELLINGS
Queens,BAYSIDE,09 COOPS - WALKUP APARTMENTS,2,5863,60,C6,"15-38 212TH STREET, 227",,11360.0,,,,,,1957.0,2,C6,379900,2024-07-26,40.784361,-73.781757,407.0,19.0,4455203.0,4058630060.0,99704.0,QN0703,2024,7,True,COOPS - WALKUP APARTMENTS
Queens,BELLEROSE,01 ONE FAMILY DWELLINGS,1,8662,14,A1,247-20 90TH AVENUE,,11426.0,1.0,0.0,1.0,2500.0,1552.0,1930.0,1,A1,760000,2024-07-26,40.726523,-73.720518,413.0,23.0,4176952.0,4086620014.0,1617.0,QN1302,2024,7,True,ONE FAMILY DWELLINGS
Queens,CAMBRIA HEIGHTS,01 ONE FAMILY DWELLINGS,1,12737,90,A2,117-47 220TH STREET,,11411.0,1.0,0.0,1.0,4000.0,1365.0,1945.0,1,A2,822970,2024-07-26,40.694388,-73.740516,413.0,27.0,4274401.0,4127370090.0,608.0,QN1304,2024,7,True,ONE FAMILY DWELLINGS
Queens,ELMHURST,10 COOPS - ELEVATOR APARTMENTS,2,1872,11,D4,"92-30 56TH AVENUE, 3J",,11373.0,,,,,,1962.0,2,D4,529000,2024-07-26,40.736707,-73.868992,404.0,25.0,4046341.0,4018720011.0,683.0,QN0401,2024,7,True,COOPS - ELEVATOR APARTMENTS
Queens,ELMHURST,03 THREE FAMILY DWELLINGS,1,1597,37,C0,41-27 95TH STREET,,11373.0,3.0,0.0,3.0,2992.0,2304.0,1925.0,1,C0,998000,2024-07-26,40.74642,-73.870084,404.0,21.0,4039879.0,4015970037.0,465.0,QN0401,2024,7,True,THREE FAMILY DWELLINGS
Queens,FLUSHING-NORTH,01 ONE FAMILY DWELLINGS,1,4985,46,A1,146-17 34TH AVENUE,,11354.0,1.0,0.0,1.0,3000.0,1928.0,1920.0,1,A1,1096000,2024-07-26,40.767304,-73.82056,407.0,20.0,4112784.0,4049850046.0,1159.0,QN0704,2024,7,True,ONE FAMILY DWELLINGS
Queens,FLUSHING-NORTH,01 ONE FAMILY DWELLINGS,1,4901,60,A1,163-31 26TH AVENUE,,11358.0,1.0,0.0,1.0,3800.0,1717.0,1945.0,1,A1,1260000,2024-07-26,40.773233,-73.800871,407.0,19.0,4110948.0,4049010060.0,1059.0,QN0704,2024,7,True,ONE FAMILY DWELLINGS
Queens,FLUSHING-NORTH,01 ONE FAMILY DWELLINGS,1,5422,52,A1,43-20 165TH STREET,,11358.0,1.0,0.0,1.0,4000.0,1436.0,1925.0,1,A1,1170000,2024-07-26,40.758146,-73.801465,407.0,20.0,4122527.0,4054220052.0,1193.0,QN0705,2024,7,True,ONE FAMILY DWELLINGS
Queens,FLUSHING-NORTH,10 COOPS - ELEVATOR APARTMENTS,2,5136,37,D4,"42-42 COLDEN STREET, F22",,11355.0,,,,,,1962.0,2,D4,280000,2024-07-26,40.753737,-73.826317,407.0,20.0,4115875.0,4051360037.0,79702.0,QN0707,2024,7,True,COOPS - ELEVATOR APARTMENTS
Queens,FLUSHING-NORTH,12 CONDOS - WALKUP APARTMENTS,2,4952,1010,R2,"32-05 LINDEN PLACE, D1",D1,11354.0,1.0,,1.0,,,,2,R2,520000,2024-07-26,40.767576,-73.831841,407.0,20.0,4112041.0,4049527501.0,88902.0,QN0707,2024,7,True,CONDOS - WALKUP APARTMENTS
Queens,FLUSHING-NORTH,09 COOPS - WALKUP APARTMENTS,2,5315,1,C6,"193-15 37 AVENUE, 177",,11358.0,,,,,,1951.0,2,C6,280000,2024-07-26,40.762658,-73.78895,411.0,19.0,4120088.0,4053150001.0,1139.0,QN1101,2024,7,True,COOPS - WALKUP APARTMENTS
Queens,FLUSHING-NORTH,13 CONDOS - ELEVATOR APARTMENTS,2,4414,1332,R4,"31-32 UNION STREET, 5H",5H,11354.0,1.0,,1.0,,,2007.0,2,R4,660000,2024-07-26,40.769583,-73.826623,407.0,20.0,4535108.0,4044147504.0,88902.0,QN0707,2024,7,True,CONDOS - ELEVATOR APARTMENTS
Queens,FLUSHING-NORTH,13 CONDOS - ELEVATOR APARTMENTS,2,5185,1009,R4,"43-43 KISSENA BLVD., 103",103,11355.0,1.0,,1.0,,,1958.0,2,R4,635000,2024-07-26,40.754611,-73.823659,407.0,20.0,4535114.0,4051857501.0,859.0,QN0707,2024,7,True,CONDOS - ELEVATOR APARTMENTS
Queens,FLUSHING-NORTH,13 CONDOS - ELEVATOR APARTMENTS,2,5186,1319,R4,"140-22 BEECH AVENUE, 3G",3G,11355.0,1.0,,1.0,,,2007.0,2,R4,570000,2024-07-26,40.75463,-73.822991,407.0,20.0,4537246.0,4051867504.0,859.0,QN0707,2024,7,True,CONDOS - ELEVATOR APARTMENTS
Queens,FLUSHING-NORTH,44 CONDO PARKING,4,4414,1347,RG,"31-32 UNION STREET, P8",P8,11354.0,,1.0,1.0,,,2007.0,4,RG,60000,2024-07-26,40.769583,-73.826623,407.0,20.0,4535108.0,4044147504.0,88902.0,QN0707,2024,7,True,CONDO PARKING
Queens,FLUSHING-NORTH,13 CONDOS - ELEVATOR APARTMENTS,2,5066,1392,R4,"40-26 COLLEGE POINT BLVD, 16J",16J,11354.0,1.0,,1.0,,,2008.0,2,R4,720000,2024-07-26,40.757523,-73.834075,407.0,20.0,4539469.0,4050667503.0,871.0,QN0707,2024,7,True,CONDOS - ELEVATOR APARTMENTS
Queens,FLUSHING-SOUTH,01 ONE FAMILY DWELLINGS,1,6933,68,A5,164-13 71ST AVENUE,,11365.0,1.0,0.0,1.0,1710.0,1782.0,1945.0,1,A5,890000,2024-07-26,40.730468,-73.804859,408.0,24.0,4149833.0,4069330068.0,122704.0,QN0802,2024,7,True,ONE FAMILY DWELLINGS
Queens,FLUSHING-SOUTH,04 TAX CLASS 1 CONDOS,1A,6801,1028,R3,"71-44 163RD STREET, 1",1,11365.0,1.0,,1.0,,,1986.0,1,R3,560000,2024-07-26,40.729337,-73.806317,408.0,24.0,4147320.0,4068017501.0,122704.0,QN0802,2024,7,True,TAX CLASS 1 CONDOS
Queens,FOREST HILLS,10 COOPS - ELEVATOR APARTMENTS,2,2250,1,D4,"72-35 112TH STREET, 9D",,11375.0,,,,,,1969.0,2,D4,246000,2024-07-26,40.720713,-73.83815,406.0,29.0,4052716.0,4022500001.0,75701.0,QN0602,2024,7,True,COOPS - ELEVATOR APARTMENTS
Queens,FOREST HILLS,10 COOPS - ELEVATOR APARTMENTS,2,2156,14,D4,"67-38 108 STREET, C63",,11375.0,,,,,,1949.0,2,D4,295000,2024-07-26,40.727952,-73.847055,406.0,29.0,4051478.0,4021560014.0,741.0,QN0602,2024,7,True,COOPS - ELEVATOR APARTMENTS
Queens,GLEN OAKS,10 COOPS - ELEVATOR APARTMENTS,2,8489,1,D4,"27110 GRAND CENTRAL PARKWAY, 11V",,11005.0,,,,,,1972.0,2,D4,875000,2024-07-26,40.759289,-73.713493,413.0,23.0,4456886.0,4084890001.0,155101.0,QN1301,2024,7,True,COOPS - ELEVATOR APARTMENTS
Queens,HAMMELS,02 TWO FAMILY DWELLINGS,1,16170,8,B2,126 BEACH 98 STREET,,11694.0,2.0,0.0,2.0,3714.0,2346.0,2000.0,1,B2,1230000,2024-07-26,40.583533,-73.818901,414.0,32.0,4462905.0,4161700008.0,94201.0,QN1402,2024,7,True,TWO FAMILY DWELLINGS
Queens,GLEN OAKS,10 COOPS - ELEVATOR APARTMENTS,2,8489,1,D4,"26910 GRAND CENTRAL PARKWAY, 7P",,11005.0,,,,,,1972.0,2,D4,225000,2024-07-26,40.759283,-73.715237,413.0,23.0,4453535.0,4084890001.0,155101.0,QN1301,2024,7,True,COOPS - ELEVATOR APARTMENTS
Queens,HILLCREST,03 THREE FAMILY DWELLINGS,1,6715,7,C0,15080 GOETHALS AVENUE,,11432.0,3.0,0.0,3.0,1638.0,3000.0,1999.0,1,C0,1360000,2024-07-26,40.718125,-73.809542,408.0,24.0,4536417.0,4067150007.0,77905.0,QN0801,2024,7,True,THREE FAMILY DWELLINGS
Queens,HOLLIS HILLS,01 ONE FAMILY DWELLINGS,1,7806,52,A1,82-32 215TH STREET,,11427.0,1.0,0.0,1.0,4500.0,1870.0,1940.0,1,A1,1400000,2024-07-26,40.732042,-73.75521,411.0,23.0,4165140.0,4078060052.0,129102.0,QN1104,2024,7,True,ONE FAMILY DWELLINGS
Queens,HOWARD BEACH,01 ONE FAMILY DWELLINGS,1,14021,16,A2,160-22 84TH STREET,,11414.0,1.0,0.0,1.0,4025.0,2497.0,1965.0,1,A2,985000,2024-07-26,40.655785,-73.847736,410.0,32.0,4293528.0,4140210016.0,89201.0,QN1003,2024,7,True,ONE FAMILY DWELLINGS
Queens,JACKSON HEIGHTS,10 COOPS - ELEVATOR APARTMENTS,2,1420,1,D4,"32-22 91ST STREET, 105",,11369.0,,,,,,1953.0,2,D4,220000,2024-07-26,40.757909,-73.877278,403.0,25.0,4431377.0,4014200001.0,351.0,QN0301,2024,7,True,COOPS - ELEVATOR APARTMENTS
Queens,JACKSON HEIGHTS,12 CONDOS - WALKUP APARTMENTS,2,1007,1049,R2,"22-20 76TH STREET, A-2",A-2,11370.0,1.0,,1.0,,,,2,R2,400000,2024-07-26,40.768025,-73.893328,401.0,22.0,4449246.0,4010077501.0,317.0,QN0101,2024,7,True,CONDOS - WALKUP APARTMENTS
Queens,JAMAICA ESTATES,01 ONE FAMILY DWELLINGS,1,9961,38,A1,187-20 87TH ROAD,,11432.0,1.0,0.0,1.0,4000.0,1612.0,1935.0,1,A1,980000,2024-07-26,40.716137,-73.775747,408.0,24.0,4213444.0,4099610038.0,472.0,QN0804,2024,7,True,ONE FAMILY DWELLINGS
Queens,LAURELTON,01 ONE FAMILY DWELLINGS,1,12937,88,A1,131-19 227TH STREET,,11413.0,1.0,0.0,1.0,3200.0,1645.0,1935.0,1,A1,770000,2024-07-26,40.680108,-73.741321,413.0,31.0,4278828.0,4129370088.0,632.0,QN1305,2024,7,True,ONE FAMILY DWELLINGS
Queens,KEW GARDENS,02 TWO FAMILY DWELLINGS,1B,9230,48,V0,84-50 ABINGDON ROAD,,11415.0,0.0,0.0,0.0,8125.0,0.0,1905.0,1,B3,1550000,2024-07-26,40.706679,-73.830447,409.0,29.0,4192745.0,4092300048.0,136.0,QN0901,2024,7,True,TWO FAMILY DWELLINGS
Queens,KEW GARDENS,02 TWO FAMILY DWELLINGS,1,9240,108,S2,124-18 METROPOLITAN AVENUE,,11415.0,2.0,1.0,3.0,1931.0,2360.0,1924.0,1,S2,1400000,2024-07-26,40.704932,-73.827534,409.0,29.0,4193060.0,4092400108.0,140.0,QN0901,2024,7,True,TWO FAMILY DWELLINGS
Queens,LONG ISLAND CITY,13 CONDOS - ELEVATOR APARTMENTS,2,374,1156,R4,"37-34 33RD STREET, 6J",6J,11101.0,1.0,,1.0,,,2023.0,2,R4,767050,2024-07-26,40.753671,-73.929921,401.0,26.0,4624459.0,4003740033.0,55.0,QN0105,2024,7,True,CONDOS - ELEVATOR APARTMENTS
Queens,LITTLE NECK,09 COOPS - WALKUP APARTMENTS,2,8367,2,C6,"6134 LITTLE NECK PARKWAY, 947",,11362.0,,,,,,1952.0,2,C6,300000,2024-07-26,40.757388,-73.722565,411.0,23.0,4615439.0,4083670002.0,152902.0,QN1103,2024,7,True,COOPS - WALKUP APARTMENTS
Queens,LONG ISLAND CITY,13 CONDOS - ELEVATOR APARTMENTS,2,374,1117,R4,"37-34 33RD STREET, 3D",3D,11101.0,1.0,,1.0,,,2023.0,2,R4,1233916,2024-07-26,40.753671,-73.929921,401.0,26.0,4624459.0,4003740033.0,55.0,QN0105,2024,7,True,CONDOS - ELEVATOR APARTMENTS
Queens,LONG ISLAND CITY,13 CONDOS - ELEVATOR APARTMENTS,2,374,1103,R4,"37-34 33RD STREET, 2A",2A,11101.0,1.0,,1.0,,,2023.0,2,R4,1127250,2024-07-26,40.753671,-73.929921,401.0,26.0,4624459.0,4003740033.0,55.0,QN0105,2024,7,True,CONDOS - ELEVATOR APARTMENTS
Queens,LONG ISLAND CITY,27 FACTORIES,4,49,6,F5,10-15 46TH AVENUE,,11101.0,0.0,1.0,1.0,16000.0,41800.0,1907.0,4,F5,12000000,2024-07-26,40.746771,-73.952123,402.0,26.0,4000397.0,4000490006.0,702.0,QN0201,2024,7,True,FACTORIES
Queens,MIDDLE VILLAGE,01 ONE FAMILY DWELLINGS,1,2938,32,A5,61-46 81ST STREET,,11379.0,1.0,0.0,1.0,2000.0,1460.0,1950.0,1,A5,928000,2024-07-26,40.724478,-73.877646,405.0,30.0,4067539.0,4029380032.0,671.0,QN0504,2024,7,True,ONE FAMILY DWELLINGS
Queens,MIDDLE VILLAGE,02 TWO FAMILY DWELLINGS,1,2934,9,B3,61-06 77TH PLACE,,11379.0,2.0,0.0,2.0,1800.0,1152.0,1940.0,1,B3,830000,2024-07-26,40.723508,-73.881349,405.0,30.0,4067183.0,4029340009.0,671.0,QN0504,2024,7,True,TWO FAMILY DWELLINGS
Queens,MASPETH,01 ONE FAMILY DWELLINGS,1,2646,6,S1,56-31 METROPOLITAN AVENUE,,11385.0,1.0,1.0,2.0,2842.0,2000.0,1920.0,1,S1,1080000,2024-07-26,40.71295,-73.906777,405.0,30.0,4059467.0,4026460006.0,59502.0,QN0501,2024,7,True,ONE FAMILY DWELLINGS
Queens,OZONE PARK,01 ONE FAMILY DWELLINGS,1,11555,60,A1,149-53 RALEIGH STREET,,11417.0,1.0,0.0,1.0,2664.0,840.0,1920.0,1,A1,620000,2024-07-26,40.669505,-73.836868,410.0,32.0,4248956.0,4115550060.0,88.0,QN1002,2024,7,True,ONE FAMILY DWELLINGS
Queens,QUEENS VILLAGE,09 COOPS - WALKUP APARTMENTS,2,7943,200,C6,"226-09 88TH AVENUE, 43-2",,11427.0,,,,,,1951.0,2,C6,262000,2024-07-26,40.730698,-73.740288,413.0,23.0,4561054.0,4079430200.0,1301.0,QN1302,2024,7,True,COOPS - WALKUP APARTMENTS
Queens,REGO PARK,13 CONDOS - ELEVATOR APARTMENTS,2,3100,1228,R4,"65-50 WETHEROLE STREET, 2Y",2Y,11374.0,1.0,,1.0,,,1963.0,2,R4,508000,2024-07-26,40.726191,-73.858691,406.0,30.0,4072617.0,4031007502.0,69701.0,QN0601,2024,7,True,CONDOS - ELEVATOR APARTMENTS
Queens,REGO PARK,13 CONDOS - ELEVATOR APARTMENTS,2,3100,1018,R4,"65-36 WETHEROLE STREET, 603",603,11374.0,1.0,,1.0,,,1941.0,2,R4,450000,2024-07-26,40.726309,-73.859011,406.0,30.0,4072627.0,4031007501.0,69701.0,QN0601,2024,7,True,CONDOS - ELEVATOR APARTMENTS
Queens,REGO PARK,09 COOPS - WALKUP APARTMENTS,2,3079,76,C6,"62-64 SAUNDERS STREET, 3M",,11374.0,,,,,,1920.0,2,C6,243000,2024-07-26,40.730663,-73.86659,406.0,30.0,4072062.0,4030790076.0,687.0,QN0601,2024,7,True,COOPS - WALKUP APARTMENTS
Queens,REGO PARK,17 CONDO COOPS,2,2111,1002,R9,"99-60 63RD ROAD, 11A",,11374.0,,,,,,1952.0,2,R9,160000,2024-07-26,40.732774,-73.85505,406.0,24.0,4440232.0,4021117501.0,721.0,QN0602,2024,7,True,CONDO COOPS
Queens,ROSEDALE,01 ONE FAMILY DWELLINGS,1,13735,30,A1,148-32 236TH STREET,,11422.0,1.0,0.0,1.0,2520.0,1330.0,2005.0,1,A1,640000,2024-07-26,40.653829,-73.747052,413.0,31.0,4532507.0,4137350030.0,694.0,QN1306,2024,7,True,ONE FAMILY DWELLINGS
Queens,ROCKAWAY PARK,13 CONDOS - ELEVATOR APARTMENTS,2,16226,1226,R4,"133 BEACH 116TH STREET, 3F",3F,11694.0,1.0,,1.0,,,2018.0,2,R4,636406,2024-07-26,40.578632,-73.836536,414.0,32.0,4617675.0,4162267502.0,93402.0,QN1403,2024,7,True,CONDOS - ELEVATOR APARTMENTS
Queens,SOUTH JAMAICA,02 TWO FAMILY DWELLINGS,1,11931,19,B2,108-16 PINEGROVE STREET,,11435.0,2.0,0.0,2.0,2600.0,2100.0,2023.0,1,B2,1170000,2024-07-26,40.68924,-73.803512,412.0,28.0,4000000.0,4119310017.0,196.0,QN1202,2024,7,True,TWO FAMILY DWELLINGS
Queens,SOUTH JAMAICA,02 TWO FAMILY DWELLINGS,1,10161,20,B3,104-32 164TH STREET,,11433.0,2.0,0.0,2.0,2000.0,2048.0,1901.0,1,B3,850000,2024-07-26,40.699612,-73.79241,412.0,27.0,4216280.0,4101610020.0,25402.0,QN1202,2024,7,True,TWO FAMILY DWELLINGS
Queens,SO. JAMAICA-BAISLEY PARK,01 ONE FAMILY DWELLINGS,1,12367,192,A5,170-12 FOCH BLVD,,11434.0,1.0,0.0,1.0,3233.0,1400.0,1950.0,1,A5,520000,2024-07-26,40.686429,-73.776539,412.0,28.0,4267962.0,4123670192.0,282.0,QN1203,2024,7,True,ONE FAMILY DWELLINGS
Queens,SO. JAMAICA-BAISLEY PARK,01 ONE FAMILY DWELLINGS,1,12203,247,A5,15023 FOCH BOULEVARD,,11434.0,1.0,0.0,1.0,2125.0,1056.0,1950.0,1,A5,640000,2024-07-26,40.680718,-73.791528,412.0,28.0,4264844.0,4122030247.0,272.0,QN1203,2024,7,True,ONE FAMILY DWELLINGS
Queens,SOUTH OZONE PARK,02 TWO FAMILY DWELLINGS,1,11647,53,B3,114-31 120TH STREET,,11420.0,2.0,0.0,2.0,2400.0,1036.0,1925.0,1,B3,645000,2024-07-26,40.678371,-73.819263,410.0,28.0,4251322.0,4116470053.0,166.0,QN1001,2024,7,True,TWO FAMILY DWELLINGS
Queens,ST. ALBANS,01 ONE FAMILY DWELLINGS,1,10438,1,A1,188-04 JORDAN AVENUE,,11412.0,1.0,0.0,1.0,6360.0,2377.0,1930.0,1,A1,935000,2024-07-26,40.700918,-73.766605,412.0,27.0,4222002.0,4104380001.0,402.0,QN1205,2024,7,True,ONE FAMILY DWELLINGS
Queens,ST. ALBANS,01 ONE FAMILY DWELLINGS,1,12624,22,A1,118-32 200TH STREET,,11412.0,1.0,0.0,1.0,3900.0,1368.0,1925.0,1,A1,547000,2024-07-26,40.692722,-73.751769,412.0,27.0,4271918.0,4126240022.0,376.0,QN1205,2024,7,True,ONE FAMILY DWELLINGS
Queens,ST. ALBANS,01 ONE FAMILY DWELLINGS,1,11075,12,A1,116-39 203RD STREET,,11412.0,1.0,0.0,1.0,3000.0,1300.0,1920.0,1,A1,825000,2024-07-26,40.696052,-73.749885,412.0,27.0,4238588.0,4110750012.0,530.0,QN1205,2024,7,True,ONE FAMILY DWELLINGS
Queens,WHITESTONE,01 ONE FAMILY DWELLINGS,1,4699,38,A1,15-59 150TH PLACE,,11357.0,1.0,0.0,1.0,3575.0,1338.0,1930.0,1,A1,730000,2024-07-26,40.78545,-73.810898,407.0,19.0,4106692.0,4046990038.0,1029.0,QN0702,2024,7,True,ONE FAMILY DWELLINGS
Queens,WOODHAVEN,02 TWO FAMILY DWELLINGS,1,9179,49,B2,85-17 101ST STREET,,11418.0,2.0,0.0,2.0,2925.0,2184.0,1920.0,1,B2,1080000,2024-07-26,40.696882,-73.847241,409.0,29.0,4191429.0,4091790049.0,24.0,QN0902,2024,7,True,TWO FAMILY DWELLINGS
Queens,WOODHAVEN,02 TWO FAMILY DWELLINGS,1,9292,9,B3,100-22 90TH AVENUE,,11418.0,2.0,0.0,2.0,5000.0,2164.0,1930.0,1,B3,1150000,2024-07-26,40.692125,-73.84515,409.0,29.0,4194435.0,4092920009.0,28.0,QN0902,2024,7,True,TWO FAMILY DWELLINGS
Queens,WOODSIDE,13 CONDOS - ELEVATOR APARTMENTS,2,1335,1137,R4,"40-22 61ST STREET, 6E",6E,11377.0,1.0,,1.0,,,2022.0,2,R4,1140440,2024-07-26,40.744468,-73.903348,402.0,26.0,4000000.0,4013350058.0,249.0,QN0203,2024,7,True,CONDOS - ELEVATOR APARTMENTS
Queens,WOODSIDE,10 COOPS - ELEVATOR APARTMENTS,2,1199,20,D4,"34-43 60 ST, 5M",,11377.0,,,,,,1962.0,2,D4,248000,2024-07-26,40.750651,-73.902129,402.0,26.0,4027410.0,4011990020.0,259.0,QN0203,2024,7,True,COOPS - ELEVATOR APARTMENTS
Staten Island,ARDEN HEIGHTS,01 ONE FAMILY DWELLINGS,1,5741,106,A5,306 ILYSSA WAY,,10312.0,1.0,0.0,1.0,353.0,929.0,1996.0,1,A5,330000,2024-07-26,40.560217,-74.185322,503.0,51.0,5120964.0,5057410106.0,17007.0,SI0303,2024,7,True,ONE FAMILY DWELLINGS
Staten Island,ELTINGVILLE,01 ONE FAMILY DWELLINGS,1,5679,84,A1,55 MC ARTHUR AVENUE,,10312.0,1.0,0.0,1.0,4646.0,2300.0,1982.0,1,A1,880000,2024-07-26,40.555929,-74.177152,503.0,51.0,5076430.0,5056790084.0,17016.0,SI0303,2024,7,True,ONE FAMILY DWELLINGS
Staten Island,ELTINGVILLE,01 ONE FAMILY DWELLINGS,1,5375,30,A2,148 HALES AVENUE,,10312.0,1.0,0.0,1.0,5700.0,1440.0,1955.0,1,A2,135517,2024-07-26,40.533495,-74.158659,503.0,51.0,5069604.0,5053750030.0,15602.0,SI0302,2024,7,True,ONE FAMILY DWELLINGS
Staten Island,ELTINGVILLE,02 TWO FAMILY DWELLINGS,1,5585,36,B2,499 MOSELY AVENUE,,10312.0,2.0,0.0,2.0,3125.0,1800.0,2000.0,1,B2,156984,2024-07-26,40.543653,-74.165106,503.0,51.0,5133877.0,5055850036.0,17011.0,SI0302,2024,7,True,TWO FAMILY DWELLINGS
Staten Island,GREAT KILLS,01 ONE FAMILY DWELLINGS,1,5230,49,A5,494 ARMSTRONG AVE,,10308.0,1.0,0.0,1.0,2375.0,1072.0,1965.0,1,A5,620000,2024-07-26,40.545342,-74.158205,503.0,51.0,5066384.0,5052300049.0,15601.0,SI0302,2024,7,True,ONE FAMILY DWELLINGS
Staten Island,GREAT KILLS-BAY TERRACE,01 ONE FAMILY DWELLINGS,1,5115,52,A2,459 DURANT AVENUE,,10308.0,1.0,0.0,1.0,4000.0,1884.0,1970.0,1,A2,799000,2024-07-26,40.550427,-74.140369,503.0,51.0,5065215.0,5051150052.0,13203.0,SI0302,2024,7,True,ONE FAMILY DWELLINGS
Staten Island,MARINERS HARBOR,01 ONE FAMILY DWELLINGS,1,1186,129,A1,17 HEUSDEN STREET,,10303.0,1.0,0.0,1.0,4425.0,1328.0,1915.0,1,A1,465000,2024-07-26,40.633708,-74.152675,501.0,49.0,5027113.0,5011860129.0,231.0,SI0107,2024,7,True,ONE FAMILY DWELLINGS
Staten Island,GREAT KILLS,01 ONE FAMILY DWELLINGS,1,5299,53,A5,25 DOCKSIDE LANE,,10308.0,1.0,0.0,1.0,2052.0,1660.0,2005.0,1,A5,735000,2024-07-26,40.540809,-74.144508,503.0,51.0,5148023.0,5052990053.0,15603.0,SI0302,2024,7,True,ONE FAMILY DWELLINGS
Staten Island,GREAT KILLS,01 ONE FAMILY DWELLINGS,1,5321,77,A5,55 OCEANIC AVENUE,,10312.0,1.0,0.0,1.0,2560.0,2256.0,2006.0,1,A5,785000,2024-07-26,40.533745,-74.152209,503.0,51.0,5068699.0,5053210077.0,15603.0,SI0302,2024,7,True,ONE FAMILY DWELLINGS
Staten Island,MIDLAND BEACH,01 ONE FAMILY DWELLINGS,1,3793,4,A5,611 HUNTER AVENUE,,10306.0,1.0,0.0,1.0,1500.0,1296.0,2001.0,1,A5,315000,2024-07-26,40.574316,-74.089938,502.0,50.0,5133762.0,5037930004.0,11201.0,SI0202,2024,7,True,ONE FAMILY DWELLINGS
Staten Island,MIDLAND BEACH,01 ONE FAMILY DWELLINGS,1,3886,33,A5,542 GREELEY AVENUE,,10306.0,1.0,0.0,1.0,3000.0,1822.0,2011.0,1,A5,800000,2024-07-26,40.571116,-74.096164,502.0,50.0,5159327.0,5038860033.0,11203.0,SI0202,2024,7,True,ONE FAMILY DWELLINGS
Staten Island,MIDLAND BEACH,02 TWO FAMILY DWELLINGS,1,3754,18,B9,570 NAUGHTON AVENUE,,10305.0,2.0,0.0,2.0,3660.0,1386.0,1979.0,1,B9,772000,2024-07-26,40.579546,-74.085646,502.0,50.0,5054463.0,5037540018.0,11201.0,SI0202,2024,7,True,TWO FAMILY DWELLINGS
Staten Island,NEW SPRINGVILLE,01 ONE FAMILY DWELLINGS,1,2118,127,A5,92 MULBERRY AVENUE,,10314.0,1.0,0.0,1.0,2400.0,1246.0,1980.0,1,A5,630000,2024-07-26,40.595194,-74.167595,502.0,51.0,5036078.0,5021180127.0,29106.0,SI0204,2024,7,True,ONE FAMILY DWELLINGS
Staten Island,NEW SPRINGVILLE,02 TWO FAMILY DWELLINGS,1,2114,48,B2,89 ROCKVILLE AVENUE,,10314.0,2.0,0.0,2.0,4488.0,2270.0,1965.0,1,B2,890000,2024-07-26,40.596414,-74.164664,502.0,51.0,5035800.0,5021140048.0,29106.0,SI0204,2024,7,True,TWO FAMILY DWELLINGS
Brooklyn,EAST NEW YORK,27 FACTORIES,4,4386,1,F2,1 WORTMAN AVENUE,,11207.0,0.0,1.0,1.0,99400.0,88436.0,1962.0,4,F2,29000000,2024-12-11,40.653774,-73.892335,305.0,42.0,3000000.0,3043640001.0,1104.0,BK0503,2024,12,True,FACTORIES
Brooklyn,FLATBUSH-CENTRAL,10 COOPS - ELEVATOR APARTMENTS,2,5156,48,D4,"415 ARGYLE ROAD, 3D",,11218.0,,,,,,1961.0,2,D4,485100,2024-12-11,40.639373,-73.965961,314.0,40.0,3118668.0,3051560048.0,520.0,BK1402,2024,12,True,COOPS - ELEVATOR APARTMENTS
Brooklyn,FLATBUSH-EAST,01 ONE FAMILY DWELLINGS,1,7742,7,A1,3807 AVENUE I,,11210.0,1.0,0.0,1.0,2438.0,1444.0,1930.0,1,A1,807000,2024-12-11,40.629813,-73.939425,318.0,45.0,3213846.0,3077420007.0,776.0,BK1801,2024,12,True,ONE FAMILY DWELLINGS
Brooklyn,FLATBUSH-EAST,22 STORE BUILDINGS,4,4761,1,K1,1087 UTICA AVENUE,,11203.0,0.0,1.0,1.0,4000.0,4000.0,1931.0,4,K1,1442350,2024-12-11,40.646235,-73.929781,317.0,45.0,3105304.0,3047610001.0,848.0,BK1703,2024,12,True,STORE BUILDINGS
Brooklyn,FLATBUSH-NORTH,02 TWO FAMILY DWELLINGS,1,4654,6,B1,746 LENOX ROAD,,11203.0,2.0,0.0,2.0,2250.0,1844.0,1940.0,1,B1,735000,2024-12-11,40.655234,-73.932266,317.0,41.0,3101338.0,3046540006.0,870.0,BK1703,2024,12,True,TWO FAMILY DWELLINGS
Brooklyn,GOWANUS,01 ONE FAMILY DWELLINGS,1,423,62,A4,439 SACKETT STREET,,11231.0,1.0,0.0,1.0,2000.0,2100.0,1900.0,1,A4,3900000,2024-12-11,40.681101,-73.990442,306.0,39.0,3006981.0,3004230062.0,75.0,BK0601,2024,12,True,ONE FAMILY DWELLINGS
Brooklyn,GOWANUS,27 FACTORIES,4,454,33,F5,189-193 1 STREET,,11215.0,0.0,1.0,1.0,6680.0,6680.0,1940.0,4,F5,5600000,2024-12-11,40.676061,-73.98652,306.0,39.0,3007706.0,3004540033.0,11901.0,BK0601,2024,12,True,FACTORIES
Brooklyn,GRAVESEND,03 THREE FAMILY DWELLINGS,1,6869,59,C0,8644 26 AVENUE,,11214.0,3.0,0.0,3.0,1933.0,2660.0,1960.0,1,C0,1400000,2024-12-11,40.595713,-73.985928,311.0,43.0,3185817.0,3068690059.0,300.0,BK1103,2024,12,True,THREE FAMILY DWELLINGS
Brooklyn,GRAVESEND,01 ONE FAMILY DWELLINGS,1,6868,4,A5,2539 BENSON AVENUE,,11214.0,1.0,0.0,1.0,1280.0,992.0,1950.0,1,A5,905000,2024-12-11,40.595505,-73.987754,311.0,43.0,3185728.0,3068680004.0,300.0,BK1103,2024,12,True,ONE FAMILY DWELLINGS
Brooklyn,GREENPOINT,13 CONDOS - ELEVATOR APARTMENTS,2,2721,1429,R4,"50 BAYARD STREET, 3G",3G,11211.0,1.0,,1.0,,,2008.0,2,R4,1520000,2024-12-11,40.718972,-73.950498,301.0,33.0,3393895.0,3027217504.0,515.0,BK0102,2024,12,True,CONDOS - ELEVATOR APARTMENTS
Brooklyn,MARINE PARK,01 ONE FAMILY DWELLINGS,1,7858,21,A1,1551 RYDER STREET,,11234.0,1.0,0.0,1.0,2000.0,1296.0,1930.0,1,A1,720000,2024-12-11,40.618498,-73.93735,318.0,45.0,3219228.0,3078580021.0,648.0,BK1802,2024,12,True,ONE FAMILY DWELLINGS
Brooklyn,MILL BASIN,01 ONE FAMILY DWELLINGS,1,8640,69,A3,2464 EAST 66 STREET,,11234.0,1.0,0.0,1.0,5450.0,2756.0,1960.0,1,A3,1325000,2024-12-11,40.610205,-73.906924,318.0,46.0,3243670.0,3086400069.0,70201.0,BK1802,2024,12,True,ONE FAMILY DWELLINGS
Brooklyn,MILL BASIN,01 ONE FAMILY DWELLINGS,1,8646,52,A1,2648 EAST 63RD STREET,,11234.0,1.0,0.0,1.0,2100.0,1152.0,1960.0,1,A1,850000,2024-12-11,40.608465,-73.911648,318.0,46.0,3243880.0,3086460052.0,70201.0,BK1802,2024,12,True,ONE FAMILY DWELLINGS
Brooklyn,MARINE PARK,02 TWO FAMILY DWELLINGS,1,8528,32,B3,2021 HENDRICKSON STREET,,11234.0,2.0,0.0,2.0,3675.0,1325.0,1930.0,1,B3,955000,2024-12-11,40.612063,-73.926493,318.0,46.0,3241328.0,3085280032.0,662.0,BK1802,2024,12,True,TWO FAMILY DWELLINGS
Brooklyn,OLD MILL BASIN,09 COOPS - WALKUP APARTMENTS,2,8515,24,C6,"1742 EAST 55TH STREET, 40D",,11234.0,,,,,,1955.0,2,C6,283000,2024-12-11,40.614459,-73.92157,318.0,46.0,3337583.0,3085150024.0,670.0,BK1802,2024,12,True,COOPS - WALKUP APARTMENTS
Brooklyn,PARK SLOPE,02 TWO FAMILY DWELLINGS,1,1063,65,B3,877 UNION STREET,,11215.0,2.0,0.0,2.0,1995.0,4032.0,1899.0,1,B3,4600000,2024-12-11,40.674152,-73.974631,306.0,39.0,3024603.0,3010630065.0,159.0,BK0602,2024,12,True,TWO FAMILY DWELLINGS
Brooklyn,PARK SLOPE,09 COOPS - WALKUP APARTMENTS,2,1073,5,C6,"133 8TH AVENUE, 3B",,11215.0,,,,,,1910.0,2,C6,999990,2024-12-11,40.671687,-73.974257,306.0,39.0,3325197.0,3010730005.0,165.0,BK0602,2024,12,True,COOPS - WALKUP APARTMENTS
Brooklyn,SHEEPSHEAD BAY,02 TWO FAMILY DWELLINGS,1,7383,62,B1,4323 BEDFORD AVENUE,,11229.0,2.0,0.0,2.0,2000.0,2070.0,1940.0,1,B1,940000,2024-12-11,40.596437,-73.945962,315.0,48.0,3201297.0,3073830062.0,59402.0,BK1503,2024,12,True,TWO FAMILY DWELLINGS
Brooklyn,SHEEPSHEAD BAY,10 COOPS - ELEVATOR APARTMENTS,2,7397,85,D4,"1200 GRAVESEND NECK ROAD, 5D",,11229.0,,,,,,1963.0,2,D4,260000,2024-12-11,40.594252,-73.958228,315.0,48.0,3000000.0,3073970085.0,584.0,BK1501,2024,12,True,COOPS - ELEVATOR APARTMENTS
Brooklyn,PROSPECT HEIGHTS,09 COOPS - WALKUP APARTMENTS,2,1165,12,C6,"673 VANDERBILT AVENUE, 1C",,11238.0,,,,,,1895.0,2,C6,615000,2024-12-11,40.676651,-73.969215,308.0,35.0,3029081.0,3011650012.0,207.0,BK0801,2024,12,True,COOPS - WALKUP APARTMENTS
Brooklyn,SHEEPSHEAD BAY,01 ONE FAMILY DWELLINGS,1,7443,42,A5,2704 AVE Y,,11235.0,1.0,0.0,1.0,2000.0,1925.0,1930.0,1,A5,1150000,2024-12-11,40.59138,-73.942916,315.0,48.0,3204659.0,3074430042.0,596.0,BK1503,2024,12,True,ONE FAMILY DWELLINGS
Brooklyn,SHEEPSHEAD BAY,02 TWO FAMILY DWELLINGS,1,7347,54,B1,2161 EAST 14TH STREET,,11229.0,2.0,0.0,2.0,2200.0,1729.0,1945.0,1,B1,980000,2024-12-11,40.597507,-73.957088,315.0,48.0,3199553.0,3073470054.0,580.0,BK1502,2024,12,True,TWO FAMILY DWELLINGS
Brooklyn,SHEEPSHEAD BAY,15 CONDOS - 2-10 UNIT RESIDENTIAL,2C,8796,1001,R1,"18 LAKE AVENUE, 1",1,11235.0,1.0,,1.0,,,2010.0,2,R1,510000,2024-12-11,40.584943,-73.93836,315.0,48.0,3247593.0,3087967501.0,622.0,BK1503,2024,12,True,CONDOS - 2-10 UNIT RESIDENTIAL
Brooklyn,SHEEPSHEAD BAY,10 COOPS - ELEVATOR APARTMENTS,2,7456,6,D4,"2626 HOMECREST AVENUE, 3U",,11235.0,,,,,,1958.0,2,D4,299000,2024-12-11,40.587065,-73.957019,315.0,48.0,3204886.0,3074560006.0,606.0,BK1503,2024,12,True,COOPS - ELEVATOR APARTMENTS
Brooklyn,SUNSET PARK,22 STORE BUILDINGS,4,708,32,K4,362 39TH STREET,,11232.0,1.0,1.0,2.0,2003.0,3100.0,1931.0,4,K4,1790000,2024-12-11,40.653096,-74.006956,307.0,38.0,3010487.0,3007080032.0,84.0,BK0702,2024,12,True,STORE BUILDINGS
Brooklyn,SUNSET PARK,22 STORE BUILDINGS,4,708,33,K4,364 39TH STREET,,11232.0,1.0,1.0,2.0,2003.0,3100.0,1933.0,4,K4,1790000,2024-12-11,40.65308,-74.00693,307.0,38.0,3010488.0,3007080033.0,84.0,BK0702,2024,12,True,STORE BUILDINGS
Brooklyn,WILLIAMSBURG-EAST,22 STORE BUILDINGS,4,3102,11,K4,10 GRATTAN STREET,,11206.0,1.0,1.0,2.0,2500.0,4660.0,1931.0,4,K4,1800000,2024-12-11,40.705458,-73.93286,301.0,34.0,3071489.0,3031020011.0,453.0,BK0104,2024,12,True,STORE BUILDINGS
Queens,REGO PARK,17 CONDO COOPS,2,2111,1002,R9,"99-60 63 ROAD, 11W",,11374.0,,,,,,1952.0,2,R9,395500,2024-12-11,40.732774,-73.85505,406.0,24.0,4440232.0,4021117501.0,721.0,QN0602,2024,12,True,CONDO COOPS
Brooklyn,SUNSET PARK,30 WAREHOUSES,4,657,54,E1,177 27 STREET,,11232.0,0.0,1.0,1.0,6070.0,10980.0,1982.0,4,E1,2750000,2024-12-11,40.659786,-73.999885,307.0,38.0,3009661.0,3006570054.0,101.0,BK0702,2024,12,True,WAREHOUSES
Brooklyn,WILLIAMSBURG-EAST,15 CONDOS - 2-10 UNIT RESIDENTIAL,2C,2771,1206,R1,"196 DEVOE ST, 4F",4F,11211.0,1.0,,1.0,,,2018.0,2,R1,455000,2024-12-11,40.71389,-73.943187,301.0,34.0,3069082.0,3027717503.0,495.0,BK0104,2024,12,True,CONDOS - 2-10 UNIT RESIDENTIAL
Manhattan,ALPHABET CITY,17 CONDO COOPS,2,398,1102,R9,"186 EAST 2 STREET, 4",,10009.0,,,,,,1920.0,2,R9,450000,2024-12-11,40.722415,-73.984343,103.0,2.0,1075876.0,1003987502.0,3002.0,MN0303,2024,12,True,CONDO COOPS
Manhattan,CHELSEA,13 CONDOS - ELEVATOR APARTMENTS,2,689,1006,R4,"500 WEST 18TH STREET, W5C",W5C,10011.0,1.0,,1.0,,,2017.0,2,R4,4950000,2024-12-11,40.744914,-74.007041,104.0,3.0,1090682.0,1006890017.0,9901.0,MN0401,2024,12,True,CONDOS - ELEVATOR APARTMENTS
Manhattan,CLINTON,13 CONDOS - ELEVATOR APARTMENTS,2,1076,1105,R4,"505 WEST 47 STREET, PH3-N",PH3-N,10036.0,1.0,,1.0,,,2008.0,2,R4,1640000,2024-12-11,40.763123,-73.993885,104.0,3.0,1088435.0,1010767501.0,12902.0,MN0402,2024,12,True,CONDOS - ELEVATOR APARTMENTS
Manhattan,EAST VILLAGE,10 COOPS - ELEVATOR APARTMENTS,2,461,24,D4,"232 EAST 6TH STREET, 2B",,10003.0,,,,,,1920.0,2,D4,1350000,2024-12-11,40.727669,-73.989201,103.0,2.0,1006622.0,1004610024.0,38.0,MN0303,2024,12,True,COOPS - ELEVATOR APARTMENTS
Manhattan,GRAMERCY,10 COOPS - ELEVATOR APARTMENTS,2,881,47,D4,"160 EAST 26TH STREET, 5F",,10010.0,,,,,,1925.0,2,D4,363000,2024-12-11,40.740906,-73.982195,106.0,2.0,1018115.0,1008810047.0,68.0,MN0602,2024,12,True,COOPS - ELEVATOR APARTMENTS
Manhattan,GREENWICH VILLAGE-CENTRAL,10 COOPS - ELEVATOR APARTMENTS,2,537,33,D4,"520 LAGUARDIA PLACE, 6N",,10012.0,,,,,,1900.0,2,D4,2500000,2024-12-11,40.728259,-73.998802,102.0,2.0,1008646.0,1005370033.0,65.0,MN0202,2024,12,True,COOPS - ELEVATOR APARTMENTS
Manhattan,GREENWICH VILLAGE-WEST,09 COOPS - WALKUP APARTMENTS,2,638,19,C6,"353 WEST 11TH STREET, 4A",,10019.0,,,,,,1939.0,2,C6,1852500,2024-12-11,40.735456,-74.008815,102.0,3.0,1083554.0,1006380019.0,75.0,MN0203,2024,12,True,COOPS - WALKUP APARTMENTS
Manhattan,HARLEM-CENTRAL,13 CONDOS - ELEVATOR APARTMENTS,2,1726,1261,R4,"60 WEST 129TH STREET, PH7",PH7,10027.0,1.0,,1.0,,,1921.0,2,R4,599000,2024-12-11,40.809819,-73.942462,110.0,9.0,1053712.0,1017260069.0,208.0,MN1002,2024,12,True,CONDOS - ELEVATOR APARTMENTS
Manhattan,HARLEM-WEST,10 COOPS - ELEVATOR APARTMENTS,2,1969,25,D4,"41 CONVENT AVENUE, 4B",,10027.0,,,,,,1926.0,2,D4,475000,2024-12-11,40.814468,-73.953043,109.0,9.0,1059610.0,1019690025.0,21303.0,MN0902,2024,12,True,COOPS - ELEVATOR APARTMENTS
Manhattan,HARLEM-EAST,03 THREE FAMILY DWELLINGS,1,1806,13,C0,429 EAST 118TH STREET,,10035.0,3.0,0.0,3.0,2153.0,3360.0,1899.0,1,C0,1686000,2024-12-11,40.796982,-73.93366,111.0,8.0,1054814.0,1018060013.0,178.0,MN1102,2024,12,True,THREE FAMILY DWELLINGS
Manhattan,KIPS BAY,10 COOPS - ELEVATOR APARTMENTS,2,930,1,D4,"305 EAST 24TH STREET, 4A",,10010.0,,,,,,1964.0,2,D4,665000,2024-12-11,40.738424,-73.980092,106.0,2.0,1020599.0,1009300001.0,66.0,MN0603,2024,12,True,COOPS - ELEVATOR APARTMENTS
Manhattan,HARLEM-WEST,09 COOPS - WALKUP APARTMENTS,2,2070,24,C6,"511 WEST 138TH STREET, 22",,10031.0,,,,,,1910.0,2,C6,447500,2024-12-11,40.821126,-73.951517,109.0,7.0,1061718.0,1020700024.0,225.0,MN0903,2024,12,True,COOPS - WALKUP APARTMENTS
Manhattan,LOWER EAST SIDE,46 CONDO STORE BUILDINGS,4,346,1107,RK,"180 BROOME STREET, RTL2",RTL2,10002.0,,1.0,1.0,,,2018.0,4,RK,6043395,2024-12-11,40.716948,-73.986324,103.0,1.0,1089891.0,1003467502.0,1402.0,MN0302,2024,12,True,CONDO STORE BUILDINGS
Manhattan,MANHATTAN VALLEY,13 CONDOS - ELEVATOR APARTMENTS,2,1833,3105,R4,"392 CENTRAL PARK WEST, 5X",5X,10025.0,1.0,,1.0,,,1960.0,2,R4,930000,2024-12-11,40.793779,-73.963159,107.0,7.0,1055287.0,1018337503.0,185.0,MN0703,2024,12,True,CONDOS - ELEVATOR APARTMENTS
Manhattan,MIDTOWN CBD,13 CONDOS - ELEVATOR APARTMENTS,2,1292,1363,R4,"432 PARK AVENUE, 38C",38C,10022.0,1.0,,1.0,,,2012.0,2,R4,7225000,2024-12-11,40.761042,-73.971176,105.0,4.0,1088817.0,1012927502.0,11202.0,MN0502,2024,12,True,CONDOS - ELEVATOR APARTMENTS
Manhattan,LOWER EAST SIDE,46 CONDO STORE BUILDINGS,4,346,1203,RK,"202 BROOME STREET, RTL",RTL,10002.0,,1.0,1.0,,,2018.0,4,RK,9244372,2024-12-11,40.717277,-73.987414,103.0,1.0,1089905.0,1003467503.0,1402.0,MN0302,2024,12,True,CONDO STORE BUILDINGS
Manhattan,KIPS BAY,13 CONDOS - ELEVATOR APARTMENTS,2,943,1460,R4,"330 EAST 38 STREET, 33H",33H,10016.0,1.0,,1.0,,,,2,R4,710000,2024-12-11,40.746742,-73.972741,106.0,4.0,1076166.0,1009437501.0,78.0,MN0603,2024,12,True,CONDOS - ELEVATOR APARTMENTS
Manhattan,MIDTOWN EAST,10 COOPS - ELEVATOR APARTMENTS,2,1366,25,D4,"50 SUTTON PLACE SOUTH, 9F",,10022.0,,,,,,1955.0,2,D4,865000,2024-12-11,40.755731,-73.961895,106.0,4.0,1040353.0,1013660025.0,10601.0,MN0604,2024,12,True,COOPS - ELEVATOR APARTMENTS
Manhattan,MIDTOWN EAST,13 CONDOS - ELEVATOR APARTMENTS,2,1344,1094,R4,"335 E 51 STREET, 12D",12D,10022.0,1.0,,1.0,,,,2,R4,600000,2024-12-11,40.755005,-73.966858,106.0,4.0,1039682.0,1013447501.0,98.0,MN0604,2024,12,True,CONDOS - ELEVATOR APARTMENTS
Manhattan,MIDTOWN EAST,10 COOPS - ELEVATOR APARTMENTS,2,1363,43,D4,"400 EAST 52ND STREET, 10G",,10022.0,,,,,,1931.0,2,D4,515000,2024-12-11,40.754974,-73.964898,106.0,4.0,1040145.0,1013630043.0,8603.0,MN0604,2024,12,True,COOPS - ELEVATOR APARTMENTS
Manhattan,MIDTOWN WEST,13 CONDOS - ELEVATOR APARTMENTS,2,1009,1343,R4,"123 WEST 56TH STREET, 37F",37F,10019.0,1.0,,1.0,,,1939.0,2,R4,1200000,2024-12-11,40.764074,-73.978669,105.0,6.0,1023455.0,1010090019.0,137.0,MN0502,2024,12,True,CONDOS - ELEVATOR APARTMENTS
Manhattan,MURRAY HILL,10 COOPS - ELEVATOR APARTMENTS,2,864,35,D4,"10 PARK AVENUE, 12F",,10016.0,,,,,,1932.0,2,D4,495000,2024-12-11,40.747339,-73.981165,106.0,4.0,1017105.0,1008640035.0,74.0,MN0501,2024,12,True,COOPS - ELEVATOR APARTMENTS
Manhattan,MURRAY HILL,02 TWO FAMILY DWELLINGS,1,913,42,B1,242 EAST 33RD STREET,,10016.0,2.0,0.0,2.0,1852.0,3780.0,1901.0,1,B1,997000,2024-12-11,40.744619,-73.977603,106.0,4.0,1020101.0,1009130042.0,7002.0,MN0603,2024,12,True,TWO FAMILY DWELLINGS
Manhattan,MURRAY HILL,13 CONDOS - ELEVATOR APARTMENTS,2,911,1065,R4,"250 EAST 31ST STREET, 9C",9C,10016.0,1.0,,1.0,,,1983.0,2,R4,967450,2024-12-11,40.743326,-73.978347,106.0,2.0,1020002.0,1009117502.0,7002.0,MN0603,2024,12,True,CONDOS - ELEVATOR APARTMENTS
Manhattan,TRIBECA,08 RENTALS - ELEVATOR APARTMENTS,2,16,180,D4,"20 RIVER TERRACE, 7P",,10282.0,293.0,1.0,294.0,16653.0,356786.0,2002.0,2,D8,1040000,2024-12-11,40.716942,-74.016298,101.0,1.0,1086174.0,1000160180.0,31703.0,MN0101,2024,12,True,RENTALS - ELEVATOR APARTMENTS
Manhattan,UPPER EAST SIDE (59-79),09 COOPS - WALKUP APARTMENTS,2,1489,8,C6,"509 EAST 77TH STREET, 1M",,10075.0,,,,,,1900.0,2,C6,430000,2024-12-11,40.769956,-73.951092,108.0,5.0,1078463.0,1014890008.0,13202.0,MN0801,2024,12,True,COOPS - WALKUP APARTMENTS
Manhattan,UPPER EAST SIDE (59-79),10 COOPS - ELEVATOR APARTMENTS,2,1398,10,D4,"125 EAST 63RD STREET, 6C",,10065.0,,,,,,1923.0,2,D4,1150000,2024-12-11,40.764974,-73.966911,108.0,4.0,1042091.0,1013980010.0,120.0,MN0802,2024,12,True,COOPS - ELEVATOR APARTMENTS
Manhattan,TRIBECA,13 CONDOS - ELEVATOR APARTMENTS,2,16,5740,R4,"333 RECTOR PLACE, 1401",1401,10280.0,1.0,,1.0,,,1985.0,2,R4,995000,2024-12-11,40.709448,-74.017252,101.0,1.0,1000055.0,1000167518.0,31704.0,MN0101,2024,12,True,CONDOS - ELEVATOR APARTMENTS
Manhattan,UPPER EAST SIDE (59-79),10 COOPS - ELEVATOR APARTMENTS,2,1388,68,D4,"927 FIFTH AVENUE, 9FL",,10021.0,,,,,,1917.0,2,D4,24500000,2024-12-11,40.773526,-73.966242,108.0,4.0,1041523.0,1013880068.0,130.0,MN0802,2024,12,True,COOPS - ELEVATOR APARTMENTS
Manhattan,TRIBECA,15 CONDOS - 2-10 UNIT RESIDENTIAL,2C,132,1205,R1,"71 WARREN STREET, PH",PH,10007.0,1.0,,1.0,,,,2,R1,302048,2024-12-11,40.715079,-74.009989,101.0,1.0,1001433.0,1001327502.0,21.0,MN0102,2024,12,True,CONDOS - 2-10 UNIT RESIDENTIAL
Manhattan,UPPER EAST SIDE (59-79),13 CONDOS - ELEVATOR APARTMENTS,2,1374,1142,R4,"502 PARK AVENUE, 5H",5H,10022.0,1.0,,1.0,,,,2,R4,1050000,2024-12-11,40.763012,-73.969739,108.0,4.0,1040756.0,1013747502.0,11401.0,MN0802,2024,12,True,CONDOS - ELEVATOR APARTMENTS
Manhattan,UPPER EAST SIDE (59-79),10 COOPS - ELEVATOR APARTMENTS,2,1483,38,D4,"520 EAST 72ND STREET, 4G",,10021.0,,,,,,1964.0,2,D4,385000,2024-12-11,40.766391,-73.95268,108.0,5.0,1078437.0,1014830038.0,124.0,MN0801,2024,12,True,COOPS - ELEVATOR APARTMENTS
Manhattan,UPPER EAST SIDE (59-79),13 CONDOS - ELEVATOR APARTMENTS,2,1436,1283,R4,"350 EAST 62 STREET, 2R",2R,10065.0,1.0,,1.0,,,1916.0,2,R4,515000,2024-12-11,40.761849,-73.961483,108.0,5.0,1072390.0,1014367502.0,110.0,MN0801,2024,12,True,CONDOS - ELEVATOR APARTMENTS
Manhattan,UPPER EAST SIDE (59-79),10 COOPS - ELEVATOR APARTMENTS,2,1447,9,D4,"315 EAST 72ND STREET, 19M",,10021.0,,,,,,1958.0,2,D4,905000,2024-12-11,40.768454,-73.957519,108.0,5.0,1044878.0,1014470009.0,12601.0,MN0801,2024,12,True,COOPS - ELEVATOR APARTMENTS
Manhattan,UPPER EAST SIDE (59-79),10 COOPS - ELEVATOR APARTMENTS,2,1424,6,D4,"205 EAST 69TH STREET, 5C",,10021.0,,,,,,1929.0,2,D4,1450000,2024-12-11,40.767514,-73.961285,108.0,5.0,1043905.0,1014240006.0,12602.0,MN0801,2024,12,True,COOPS - ELEVATOR APARTMENTS
Manhattan,UPPER EAST SIDE (59-79),13 CONDOS - ELEVATOR APARTMENTS,2,1381,1312,R4,"21 EAST 66TH STREET, 6E",6E,10065.0,1.0,,1.0,,,1941.0,2,R4,3150000,2024-12-11,40.768235,-73.968826,108.0,4.0,1041167.0,1013817504.0,122.0,MN0802,2024,12,True,CONDOS - ELEVATOR APARTMENTS
Manhattan,UPPER EAST SIDE (59-79),14 RENTALS - 4-10 UNIT,2A,1429,26,S5,1433 2ND AVE,,10021.0,5.0,1.0,6.0,1362.0,4196.0,1910.0,2,S5,1500000,2024-12-11,40.770515,-73.957128,108.0,5.0,1044030.0,1014290026.0,134.0,MN0801,2024,12,True,RENTALS - 4-10 UNIT
Manhattan,UPPER EAST SIDE (79-96),10 COOPS - ELEVATOR APARTMENTS,2,1555,23,D4,"340 EAST 93 STREET, 11F",,10128.0,,,,,,1980.0,2,D4,550000,2024-12-11,40.781501,-73.946592,108.0,5.0,1078668.0,1015550023.0,15402.0,MN0803,2024,12,True,COOPS - ELEVATOR APARTMENTS
Manhattan,UPPER EAST SIDE (79-96),13 CONDOS - ELEVATOR APARTMENTS,2,1548,1144,R4,"310 EAST 86TH STREET, 14A",14A,10028.0,1.0,,1.0,,,2021.0,2,R4,3875000,2024-12-11,40.777668,-73.951278,108.0,5.0,1000000.0,1015480146.0,14601.0,MN0803,2024,12,True,CONDOS - ELEVATOR APARTMENTS
Manhattan,UPPER EAST SIDE (79-96),10 COOPS - ELEVATOR APARTMENTS,2,1569,16,D4,"1725 YORK AVENUE, 20ABC",,10128.0,,,,,,1971.0,2,D4,3625000,2024-12-11,40.778349,-73.945367,108.0,5.0,1050634.0,1015690016.0,152.0,MN0803,2024,12,True,COOPS - ELEVATOR APARTMENTS
Manhattan,UPPER EAST SIDE (79-96),13 CONDOS - ELEVATOR APARTMENTS,2,1542,1386,R4,"301 EAST 79 STREET, 27 P",27 P,10075.0,1.0,,1.0,,,1974.0,2,R4,960000,2024-12-11,40.773193,-73.954693,108.0,5.0,1049261.0,1015427501.0,138.0,MN0803,2024,12,True,CONDOS - ELEVATOR APARTMENTS
Manhattan,UPPER EAST SIDE (79-96),10 COOPS - ELEVATOR APARTMENTS,2,1580,33,D4,"530 EAST 84TH STREET, 4N",,10028.0,,,,,,1920.0,2,D4,385000,2024-12-11,40.774244,-73.947233,108.0,5.0,1051199.0,1015800033.0,13604.0,MN0803,2024,12,True,COOPS - ELEVATOR APARTMENTS
Manhattan,UPPER WEST SIDE (59-79),13 CONDOS - ELEVATOR APARTMENTS,2,1140,2029,R4,"2000 BROADWAY, 6F",6F,10023.0,1.0,,1.0,,,1987.0,2,R4,872000,2024-12-11,40.775608,-73.982149,107.0,6.0,1070362.0,1011407502.0,15302.0,MN0701,2024,12,True,CONDOS - ELEVATOR APARTMENTS
Manhattan,UPPER WEST SIDE (59-79),13 CONDOS - ELEVATOR APARTMENTS,2,1167,1129,R4,"2148-2150 BROADWAY, 8D",8D,10023.0,1.0,,1.0,,,2009.0,2,R4,5125000,2024-12-11,40.781385,-73.981177,107.0,6.0,1088786.0,1011677502.0,163.0,MN0702,2024,12,True,CONDOS - ELEVATOR APARTMENTS
Manhattan,UPPER WEST SIDE (59-79),10 COOPS - ELEVATOR APARTMENTS,2,1169,37,D4,"210 WEST 78TH STREET, 5D",,10024.0,,,,,,1926.0,2,D4,540000,2024-12-11,40.782661,-73.979306,107.0,6.0,1030891.0,1011690037.0,163.0,MN0702,2024,12,True,COOPS - ELEVATOR APARTMENTS
Manhattan,UPPER WEST SIDE (59-79),13 CONDOS - ELEVATOR APARTMENTS,2,1140,1361,R4,"155 WEST 68 STREET, 14-21",14-21,10023.0,1.0,,1.0,,,1965.0,2,R4,794235,2024-12-11,40.775704,-73.982659,107.0,6.0,1028950.0,1011407501.0,15302.0,MN0701,2024,12,True,CONDOS - ELEVATOR APARTMENTS
Manhattan,UPPER WEST SIDE (79-96),10 COOPS - ELEVATOR APARTMENTS,2,1248,22,D4,"315 WEST 86TH STREET, 2B",,10024.0,,,,,,1927.0,2,D4,537500,2024-12-11,40.789163,-73.978498,107.0,6.0,1033938.0,1012480022.0,175.0,MN0702,2024,12,True,COOPS - ELEVATOR APARTMENTS
Queens,ASTORIA,02 TWO FAMILY DWELLINGS,1,854,47,B2,23-26 27TH STREET,,11105.0,2.0,0.0,2.0,2450.0,1584.0,1930.0,1,B2,1100000,2024-12-11,40.775392,-73.916033,401.0,22.0,4018131.0,4008540047.0,97.0,QN0101,2024,12,True,TWO FAMILY DWELLINGS
Queens,ASTORIA,03 THREE FAMILY DWELLINGS,1,684,46,C0,40-12 25 AVENUE,,11103.0,3.0,0.0,3.0,2000.0,2720.0,1925.0,1,C0,1500000,2024-12-11,40.767868,-73.911501,401.0,22.0,4011401.0,4006840046.0,143.0,QN0104,2024,12,True,THREE FAMILY DWELLINGS
Queens,ASTORIA,44 CONDO PARKING,4,579,1435,RP,"31-27 CRESCENT STREET, NO 7",NO 7,11106.0,,1.0,1.0,,,2022.0,4,RP,2446451,2024-12-11,40.764975,-73.92688,401.0,22.0,4000000.0,4005790040.0,75.0,QN0103,2024,12,True,CONDO PARKING
Queens,ASTORIA,14 RENTALS - 4-10 UNIT,2A,687,11,S5,4104 ASTORIA BLVD,,11103.0,5.0,1.0,6.0,1675.0,3270.0,1916.0,2,S5,1090000,2024-12-11,40.768663,-73.909807,401.0,22.0,4011530.0,4006870011.0,141.0,QN0104,2024,12,True,RENTALS - 4-10 UNIT
Queens,BEECHHURST,01 ONE FAMILY DWELLINGS,1,4559,25,A1,157-19 13TH AVENUE,,11357.0,1.0,0.0,1.0,4000.0,1320.0,1930.0,1,A1,960000,2024-12-11,40.789921,-73.804331,407.0,19.0,4103730.0,4045590025.0,991.0,QN0702,2024,12,True,ONE FAMILY DWELLINGS
Queens,BAYSIDE,12 CONDOS - WALKUP APARTMENTS,2,7354,1038,R2,"202-18 ROCKY HILL ROAD, 18E2",1.80E+03,11361.0,1.0,,1.0,,,1949.0,2,R2,360000,2024-12-11,40.753369,-73.778051,411.0,20.0,4451681.0,4073547501.0,145102.0,QN1101,2024,12,True,CONDOS - WALKUP APARTMENTS
Queens,BEECHHURST,10 COOPS - ELEVATOR APARTMENTS,2,4603,18,D4,"166-10 POWELLS COVE BLVD, 8D",,11357.0,,,,,,1958.0,2,D4,320000,2024-12-11,40.793938,-73.797201,407.0,19.0,4104372.0,4046030018.0,991.0,QN0702,2024,12,True,COOPS - ELEVATOR APARTMENTS
Queens,CORONA,01 ONE FAMILY DWELLINGS,1,1755,8,A2,111-18 34TH AVENUE,,11368.0,1.0,0.0,1.0,3850.0,1050.0,1950.0,1,A2,840000,2024-12-11,40.756728,-73.857684,403.0,21.0,4043767.0,4017550008.0,381.0,QN0303,2024,12,True,ONE FAMILY DWELLINGS
Queens,ELMHURST,02 TWO FAMILY DWELLINGS,1,2492,413,B1,82-05 ANKENER AVENUE,,11373.0,2.0,0.0,2.0,1700.0,1480.0,1940.0,1,B1,1055000,2024-12-11,40.732929,-73.885269,404.0,30.0,4058253.0,4024920413.0,499.0,QN0401,2024,12,True,TWO FAMILY DWELLINGS
Queens,ELMHURST,13 CONDOS - ELEVATOR APARTMENTS,2,1353,1020,R4,"73-02 WOODSIDE AVE, 3F",3F,11377.0,1.0,,1.0,,,2018.0,2,R4,367474,2024-12-11,40.742997,-73.89148,404.0,25.0,4605208.0,4013530026.0,48301.0,QN0401,2024,12,True,CONDOS - ELEVATOR APARTMENTS
Queens,ELMHURST,46 CONDO STORE BUILDINGS,4,1842,1005,RK,"87-08 JUSTICE AVENUE, 1-A",1-A,11373.0,,1.0,1.0,,,1986.0,4,RK,685000,2024-12-11,40.737456,-73.876222,404.0,25.0,4045404.0,4018427501.0,473.0,QN0401,2024,12,True,CONDO STORE BUILDINGS
Queens,ELMHURST,17 CONDO COOPS,2,1912,1027,R9,"94-30 59 AVENUE, 4B",,11373.0,,,,,,1960.0,2,R9,395000,2024-12-11,40.734997,-73.866231,404.0,25.0,4433107.0,4019127501.0,683.0,QN0401,2024,12,True,CONDO COOPS
Queens,FLUSHING-NORTH,02 TWO FAMILY DWELLINGS,1,6729,53,B3,57-38 163RD STREET,,11365.0,2.0,0.0,2.0,1975.0,1310.0,1950.0,1,B3,938000,2024-12-11,40.741811,-73.805443,407.0,20.0,4146143.0,4067290053.0,1215.0,QN0706,2024,12,True,TWO FAMILY DWELLINGS
Queens,FLUSHING-NORTH,15 CONDOS - 2-10 UNIT RESIDENTIAL,2C,5124,1202,R1,"134-28 BLOSSOM AVE, 2A",2A,11355.0,1.0,,1.0,,,2024.0,2,R1,672045,2024-12-11,40.752837,-73.828619,407.0,20.0,4115443.0,4051240022.0,79702.0,QN0707,2024,12,True,CONDOS - 2-10 UNIT RESIDENTIAL
Queens,FLUSHING-NORTH,15 CONDOS - 2-10 UNIT RESIDENTIAL,2C,5124,1204,R1,"134-28 BLOSSOM AVE, 3A",3A,11355.0,1.0,,1.0,,,2024.0,2,R1,579384,2024-12-11,40.752837,-73.828619,407.0,20.0,4115443.0,4051240022.0,79702.0,QN0707,2024,12,True,CONDOS - 2-10 UNIT RESIDENTIAL
Queens,FLUSHING-NORTH,13 CONDOS - ELEVATOR APARTMENTS,2,5042,1563,R4,"133-17 SANFORD AVENUE, 5D",5D,11355.0,1.0,,1.0,,,1963.0,2,R4,465000,2024-12-11,40.755895,-73.830448,407.0,20.0,4114279.0,4050427505.0,84902.0,QN0707,2024,12,True,CONDOS - ELEVATOR APARTMENTS
Queens,FLUSHING-SOUTH,09 COOPS - WALKUP APARTMENTS,2,6482,3,C6,"136-71 68TH DRIVE, APT A",,11367.0,,,,,,1950.0,2,C6,276000,2024-12-11,40.730546,-73.829549,408.0,24.0,4595805.0,4064820003.0,809.0,QN0801,2024,12,True,COOPS - WALKUP APARTMENTS
Queens,FLUSHING-SOUTH,09 COOPS - WALKUP APARTMENTS,2,6633,1,C6,"141-48 79 AVENUE, 1H",,11367.0,,,,,,1940.0,2,C6,425000,2024-12-11,40.718337,-73.818816,408.0,24.0,4451310.0,4066330001.0,77903.0,QN0801,2024,12,True,COOPS - WALKUP APARTMENTS
Queens,FOREST HILLS,01 ONE FAMILY DWELLINGS,1,3343,3,S1,111-10 77 AVENUE,,11375.0,1.0,1.0,2.0,4863.0,2900.0,1935.0,1,S1,1500000,2024-12-11,40.714945,-73.835112,406.0,29.0,4079951.0,4033430003.0,76902.0,QN0602,2024,12,True,ONE FAMILY DWELLINGS
Queens,FOREST HILLS,10 COOPS - ELEVATOR APARTMENTS,2,2133,16,D4,"102-30 66TH ROAD, 19G",,11375.0,,,,,,1964.0,2,D4,215000,2024-12-11,40.728562,-73.851415,406.0,29.0,4432046.0,4021330016.0,71304.0,QN0602,2024,12,True,COOPS - ELEVATOR APARTMENTS
Queens,GLEN OAKS,10 COOPS - ELEVATOR APARTMENTS,2,8489,1,D4,"27110 GRAND CENTRAL PARKWAY, 8A",,11005.0,,,,,,1972.0,2,D4,425000,2024-12-11,40.759289,-73.713493,413.0,23.0,4456886.0,4084890001.0,155101.0,QN1301,2024,12,True,COOPS - ELEVATOR APARTMENTS
Queens,GLEN OAKS,09 COOPS - WALKUP APARTMENTS,2,8447,1,C6,"261-54 LANGSTON AVENUE, 98A14",,11004.0,,,,,,1948.0,2,C6,265000,2024-12-11,40.752934,-73.717505,413.0,23.0,4461264.0,4084470001.0,155103.0,QN1301,2024,12,True,COOPS - WALKUP APARTMENTS
Queens,GLENDALE,02 TWO FAMILY DWELLINGS,1,3598,21,B1,7427 64TH PLACE,,11385.0,2.0,0.0,2.0,2000.0,1920.0,1910.0,1,B1,998000,2024-12-11,40.699987,-73.891374,405.0,30.0,4087103.0,4035980021.0,577.0,QN0503,2024,12,True,TWO FAMILY DWELLINGS
Queens,GLENDALE,10 COOPS - ELEVATOR APARTMENTS,2,3907,960,D4,"8325 98TH STREET, 5B",,11421.0,,,,,,1954.0,2,D4,182000,2024-12-11,40.69985,-73.852644,409.0,32.0,4315207.0,4039070960.0,64101.0,QN0905,2024,12,True,COOPS - ELEVATOR APARTMENTS
Queens,HOLLIS,02 TWO FAMILY DWELLINGS,1,10565,16,B3,91-03 211 STREET,,11428.0,2.0,0.0,2.0,3578.0,1854.0,1940.0,1,B3,550000,2024-12-11,40.718859,-73.751272,413.0,23.0,4225298.0,4105650016.0,542.0,QN1303,2024,12,True,TWO FAMILY DWELLINGS
Queens,JACKSON HEIGHTS,01 ONE FAMILY DWELLINGS,1,1384,18,A5,30-26 87TH STREET,,11369.0,1.0,0.0,1.0,1900.0,1368.0,1945.0,1,A5,893900,2024-12-11,40.761037,-73.881636,403.0,25.0,4033299.0,4013840018.0,337.0,QN0301,2024,12,True,ONE FAMILY DWELLINGS
Queens,HOWARD BEACH,01 ONE FAMILY DWELLINGS,1,13984,39,A2,158-41 85 STREET,,11414.0,1.0,0.0,1.0,6000.0,1125.0,1950.0,1,A2,899000,2024-12-11,40.659053,-73.847537,410.0,32.0,4292903.0,4139840039.0,89201.0,QN1003,2024,12,True,ONE FAMILY DWELLINGS
Queens,HOLLISWOOD,10 COOPS - ELEVATOR APARTMENTS,2,10538,10,D4,"87-30 204TH STREET, A-61",,11423.0,,,,,,1954.0,2,D4,170000,2024-12-11,40.722567,-73.762748,408.0,23.0,4434610.0,4105380010.0,47801.0,QN0804,2024,12,True,COOPS - ELEVATOR APARTMENTS
Queens,JACKSON HEIGHTS,10 COOPS - ELEVATOR APARTMENTS,2,1451,32,D4,"90-11 35TH AVENUE, 1L",,11372.0,,,,,,1956.0,2,D4,177000,2024-12-11,40.752597,-73.877042,403.0,25.0,4035712.0,4014510032.0,27702.0,QN0301,2024,12,True,COOPS - ELEVATOR APARTMENTS
Queens,JAMAICA,10 COOPS - ELEVATOR APARTMENTS,2,9803,24,D4,"89-00 170TH STREET, 3-E",,11432.0,,,,,,1963.0,2,D4,165087,2024-12-11,40.709438,-73.791081,412.0,27.0,4209734.0,4098030024.0,460.0,QN1201,2024,12,True,COOPS - ELEVATOR APARTMENTS
Queens,JACKSON HEIGHTS,10 COOPS - ELEVATOR APARTMENTS,2,1420,1,D4,"90-08 32ND AVENUE, 509",,11369.0,,,,,,1953.0,2,D4,350000,2024-12-11,40.758475,-73.878121,403.0,25.0,4431373.0,4014200001.0,351.0,QN0301,2024,12,True,COOPS - ELEVATOR APARTMENTS
Queens,JACKSON HEIGHTS,10 COOPS - ELEVATOR APARTMENTS,2,1448,1,D4,"87-10 34TH AVENUE, 4R",,11372.0,,,,,,1950.0,2,D4,379000,2024-12-11,40.754234,-73.880183,403.0,25.0,4035615.0,4014480001.0,279.0,QN0301,2024,12,True,COOPS - ELEVATOR APARTMENTS
Queens,JACKSON HEIGHTS,10 COOPS - ELEVATOR APARTMENTS,2,1277,12,D4,"35-24 78TH STREET, B23",,11372.0,,,,,,1938.0,2,D4,435000,2024-12-11,40.751058,-73.888349,403.0,25.0,4029587.0,4012770012.0,287.0,QN0301,2024,12,True,COOPS - ELEVATOR APARTMENTS
Queens,LAURELTON,01 ONE FAMILY DWELLINGS,1,12935,14,A5,131-39 225TH STREET,,11413.0,1.0,0.0,1.0,3042.0,1410.0,1935.0,1,A5,770000,2024-12-11,40.679989,-73.743423,413.0,31.0,4278673.0,4129350014.0,630.0,QN1305,2024,12,True,ONE FAMILY DWELLINGS
Queens,LAURELTON,01 ONE FAMILY DWELLINGS,1,13104,19,A2,222-05 135TH AVENUE,,11413.0,1.0,0.0,1.0,3500.0,855.0,1955.0,1,A2,581889,2024-12-11,40.676722,-73.747791,413.0,31.0,4281429.0,4131040019.0,358.0,QN1305,2024,12,True,ONE FAMILY DWELLINGS
Queens,KEW GARDENS,10 COOPS - ELEVATOR APARTMENTS,2,3335,23,D4,"118-18 UNION TURNPIKE, 14G",,11415.0,,,,,,1974.0,2,D4,292000,2024-12-11,40.712522,-73.83427,409.0,29.0,4079667.0,4033350023.0,773.0,QN0901,2024,12,True,COOPS - ELEVATOR APARTMENTS
Queens,KEW GARDENS,17 CONDO COOPS,2,3360,1005,R9,"125-10 QUEENS BOULEVARD, 1119",,11415.0,,,,,,1960.0,2,R9,200000,2024-12-11,40.712313,-73.826231,409.0,29.0,4080169.0,4033607501.0,21601.0,QN0901,2024,12,True,CONDO COOPS
Queens,LONG ISLAND CITY,13 CONDOS - ELEVATOR APARTMENTS,2,432,1020,R4,"42-51 HUNTER STREET, 6C",6C,11101.0,1.0,,1.0,,,2007.0,2,R4,313083,2024-12-11,40.748876,-73.939934,402.0,26.0,4534902.0,4004327501.0,1902.0,QN0201,2024,12,True,CONDOS - ELEVATOR APARTMENTS
Queens,LONG ISLAND CITY,13 CONDOS - ELEVATOR APARTMENTS,2,374,1115,R4,"37-34 33RD STREET, 3B",3B,11101.0,1.0,,1.0,,,2023.0,2,R4,772500,2024-12-11,40.753671,-73.929921,401.0,26.0,4624459.0,4003740033.0,55.0,QN0105,2024,12,True,CONDOS - ELEVATOR APARTMENTS
Queens,LONG ISLAND CITY,30 WAREHOUSES,4,301,26,E1,52-24 34 STREET,,11101.0,0.0,1.0,1.0,10000.0,4000.0,1954.0,4,E1,3915000,2024-12-11,40.736613,-73.936217,402.0,26.0,4003601.0,4003010026.0,19902.0,QN0202,2024,12,True,WAREHOUSES
Queens,LONG ISLAND CITY,30 WAREHOUSES,4,474,55,E2,38-58 11TH STREET,,11101.0,0.0,2.0,2.0,2425.0,4220.0,1989.0,4,E2,1800000,2024-12-11,40.758036,-73.942023,401.0,26.0,4311885.0,4004740055.0,85.0,QN0105,2024,12,True,WAREHOUSES
Queens,MIDDLE VILLAGE,01 ONE FAMILY DWELLINGS,1,2934,78,A5,61-29 77TH STREET,,11379.0,1.0,0.0,1.0,1800.0,1152.0,1940.0,1,A5,770000,2024-12-11,40.722847,-73.881895,405.0,30.0,4067251.0,4029340078.0,671.0,QN0504,2024,12,True,ONE FAMILY DWELLINGS
Queens,MASPETH,01 ONE FAMILY DWELLINGS,1,2384,36,A5,51-33 65 STREET,,11377.0,1.0,0.0,1.0,1580.0,700.0,1945.0,1,A5,700000,2024-12-11,40.735131,-73.900962,402.0,26.0,4055089.0,4023840036.0,243.0,QN0203,2024,12,True,ONE FAMILY DWELLINGS
Queens,OAKLAND GARDENS,09 COOPS - WALKUP APARTMENTS,2,7668,10,C6,"68-05B SPRINGFIELD BOULEVARD, 6805B",,11364.0,,,,,,1949.0,2,C6,310000,2024-12-11,40.743889,-73.754137,411.0,23.0,4453013.0,4076680010.0,1377.0,QN1104,2024,12,True,COOPS - WALKUP APARTMENTS
Queens,OZONE PARK,01 ONE FAMILY DWELLINGS,1,11364,2,A5,84-04 133 AVENUE,,11417.0,1.0,0.0,1.0,2000.0,1024.0,1940.0,1,A5,679000,2024-12-11,40.674043,-73.852081,410.0,32.0,4245460.0,4113640002.0,58.0,QN1002,2024,12,True,ONE FAMILY DWELLINGS
Queens,OAKLAND GARDENS,10 COOPS - ELEVATOR APARTMENTS,2,7732,150,D4,"211-05 75TH AVENUE, 2B",,11364.0,,,,,,1952.0,2,D4,285000,2024-12-11,40.737831,-73.760619,411.0,23.0,4453069.0,4077320150.0,129103.0,QN1104,2024,12,True,COOPS - ELEVATOR APARTMENTS
Queens,OZONE PARK,01 ONE FAMILY DWELLINGS,1,9166,334,A1,94-55 SUTTER AVENUE,,11417.0,1.0,0.0,1.0,3100.0,1464.0,1930.0,1,A1,760000,2024-12-11,40.677025,-73.842499,410.0,32.0,4191133.0,4091660334.0,86.0,QN1002,2024,12,True,ONE FAMILY DWELLINGS
Queens,OZONE PARK,02 TWO FAMILY DWELLINGS,1,11552,94,B1,14942 HAWTREE STREET,,11417.0,2.0,0.0,2.0,2950.0,2086.0,2022.0,1,B1,1300000,2024-12-11,40.670134,-73.835637,410.0,32.0,4000000.0,4115520094.0,88.0,QN1002,2024,12,True,TWO FAMILY DWELLINGS
Queens,QUEENS VILLAGE,02 TWO FAMILY DWELLINGS,1,10765,10,B3,99-09 217TH LANE,,11429.0,2.0,0.0,2.0,2673.0,1440.0,1925.0,1,B3,250000,2024-12-11,40.715104,-73.738801,413.0,27.0,4230760.0,4107650010.0,568.0,QN1303,2024,12,True,TWO FAMILY DWELLINGS
Queens,REGO PARK,10 COOPS - ELEVATOR APARTMENTS,2,3083,69,D4,"6400 SAUNDERS STREET, 4A",,11374.0,,,,,,1954.0,2,D4,180000,2024-12-11,40.728821,-73.861564,406.0,30.0,4072135.0,4030830069.0,693.0,QN0601,2024,12,True,COOPS - ELEVATOR APARTMENTS
Queens,RICHMOND HILL,02 TWO FAMILY DWELLINGS,1,9550,15,B3,107-20 113TH STREET,,11419.0,2.0,0.0,2.0,2000.0,1185.0,1925.0,1,B3,700000,2024-12-11,40.682617,-73.828071,410.0,28.0,4203391.0,4095500015.0,100.0,QN1001,2024,12,True,TWO FAMILY DWELLINGS
Queens,RICHMOND HILL,01 ONE FAMILY DWELLINGS,1,9546,3,A1,108-06 107 AVENUE,,11419.0,1.0,0.0,1.0,1900.0,1264.0,1920.0,1,A1,700000,2024-12-11,40.681716,-73.83262,410.0,28.0,4203106.0,4095460003.0,96.0,QN1001,2024,12,True,ONE FAMILY DWELLINGS
Queens,RICHMOND HILL,02 TWO FAMILY DWELLINGS,1,9384,57,B1,104-09 94 AVENUE,,11416.0,2.0,0.0,2.0,2000.0,2296.0,1920.0,1,B1,1005993,2024-12-11,40.689802,-73.840493,409.0,29.0,4197092.0,4093840057.0,116.0,QN0904,2024,12,True,TWO FAMILY DWELLINGS
Queens,ROCKAWAY PARK,02 TWO FAMILY DWELLINGS,1,16187,10,B3,193 BEACH 114TH STREET,,11694.0,2.0,0.0,2.0,1791.0,1120.0,1910.0,1,B3,650000,2024-12-11,40.579956,-73.835226,414.0,32.0,4303914.0,4161870010.0,938.0,QN1403,2024,12,True,TWO FAMILY DWELLINGS
Queens,SOUTH JAMAICA,02 TWO FAMILY DWELLINGS,1,12182,105,B2,161-31 MATHIAS AVENUE,,11433.0,2.0,0.0,2.0,3450.0,1659.0,1940.0,1,B2,590000,2024-12-11,40.690372,-73.787646,412.0,28.0,4264017.0,4121820105.0,264.0,QN1202,2024,12,True,TWO FAMILY DWELLINGS
Queens,SOUTH OZONE PARK,01 ONE FAMILY DWELLINGS,1,11666,21,A1,115-30 123RD STREET,,11420.0,1.0,0.0,1.0,1600.0,924.0,1920.0,1,A1,660000,2024-12-11,40.677128,-73.815676,410.0,28.0,4252082.0,4116660021.0,168.0,QN1001,2024,12,True,ONE FAMILY DWELLINGS
Queens,ST. ALBANS,01 ONE FAMILY DWELLINGS,1,11063,44,A1,116-38 193RD STREET,,11412.0,1.0,0.0,1.0,2500.0,1376.0,1920.0,1,A1,815135,2024-12-11,40.693231,-73.758825,412.0,27.0,4238287.0,4110630044.0,528.0,QN1205,2024,12,True,ONE FAMILY DWELLINGS
Queens,SPRINGFIELD GARDENS,01 ONE FAMILY DWELLINGS,1,13051,34,A5,181-09 143RD AVENUE,,11413.0,1.0,0.0,1.0,3991.0,1336.0,1940.0,1,A5,425000,2024-12-11,40.669169,-73.762574,412.0,31.0,4280702.0,4130510034.0,330.0,QN1204,2024,12,True,ONE FAMILY DWELLINGS
Queens,SPRINGFIELD GARDENS,02 TWO FAMILY DWELLINGS,1,13023,6,B3,177-14 137TH AVENUE,,11434.0,2.0,0.0,2.0,4000.0,1776.0,1920.0,1,B3,999000,2024-12-11,40.674329,-73.762148,412.0,27.0,4280200.0,4130230006.0,330.0,QN1204,2024,12,True,TWO FAMILY DWELLINGS
Queens,SUNNYSIDE,13 CONDOS - ELEVATOR APARTMENTS,2,192,1012,R4,"41-02 QUEENS BLVD, 2G",2G,11104.0,1.0,,1.0,,,2006.0,2,R4,488000,2024-12-11,40.743314,-73.923277,402.0,26.0,4536861.0,4001927501.0,18102.0,QN0202,2024,12,True,CONDOS - ELEVATOR APARTMENTS
Queens,SUNNYSIDE,02 TWO FAMILY DWELLINGS,1,2295,16,B3,50-55 45TH STREET,,11377.0,2.0,0.0,2.0,2000.0,1408.0,1930.0,1,B3,990000,2024-12-11,40.736398,-73.92099,402.0,26.0,4053195.0,4022950016.0,187.0,QN0202,2024,12,True,TWO FAMILY DWELLINGS
Queens,WOODSIDE,10 COOPS - ELEVATOR APARTMENTS,2,1226,1,D4,"55-05 WOODSIDE AVENUE, 607",,11377.0,,,,,,1956.0,2,D4,555000,2024-12-11,40.746674,-73.908711,402.0,26.0,4028174.0,4012260001.0,255.0,QN0203,2024,12,True,COOPS - ELEVATOR APARTMENTS
Staten Island,ARDEN HEIGHTS,01 ONE FAMILY DWELLINGS,1,6016,75,A2,5 BELFIELD AVENUE,,10312.0,1.0,0.0,1.0,4264.0,2119.0,1965.0,1,A2,705000,2024-12-11,40.548183,-74.19381,503.0,51.0,5077724.0,5060160075.0,17014.0,SI0303,2024,12,True,ONE FAMILY DWELLINGS
Staten Island,ELTINGVILLE,01 ONE FAMILY DWELLINGS,1,5716,62,A3,123 VINELAND AVENUE,,10312.0,1.0,0.0,1.0,10000.0,4953.0,1979.0,1,A3,2099999,2024-12-11,40.550369,-74.184964,503.0,51.0,5163274.0,5057160062.0,17015.0,SI0303,2024,12,True,ONE FAMILY DWELLINGS
Staten Island,GRANT CITY,01 ONE FAMILY DWELLINGS,1,3530,131,A1,130 JEFFERSON STREET,,10304.0,1.0,0.0,1.0,4000.0,1296.0,1950.0,1,A1,550000,2024-12-11,40.588686,-74.099361,502.0,50.0,5050602.0,5035300131.0,11401.0,SI0201,2024,12,True,ONE FAMILY DWELLINGS
Staten Island,MANOR HEIGHTS,02 TWO FAMILY DWELLINGS,1,808,116,B2,175 QUEEN STREET,,10314.0,2.0,0.0,2.0,4018.0,2592.0,1970.0,1,B2,1118000,2024-12-11,40.602896,-74.127155,502.0,50.0,5021011.0,5008080116.0,18703.0,SI0203,2024,12,True,TWO FAMILY DWELLINGS
Staten Island,OAKWOOD-BEACH,01 ONE FAMILY DWELLINGS,1,4683,22,A5,133 AVISTON STREET,,10306.0,1.0,0.0,1.0,3000.0,2076.0,2013.0,1,A5,910000,2024-12-11,40.55626,-74.117936,503.0,50.0,5158695.0,5046830022.0,12805.0,SI0301,2024,12,True,ONE FAMILY DWELLINGS
Staten Island,ROSEBANK,04 TAX CLASS 1 CONDOS,1A,3024,1002,R3,"70 NARROWS ROAD SOUTH, 2",2,10305.0,1.0,,1.0,,,1977.0,1,R3,720000,2024-12-11,40.604538,-74.071759,502.0,50.0,5121428.0,5030247501.0,2002.0,SI0201,2024,12,True,TAX CLASS 1 CONDOS
Staten Island,STAPLETON,37 RELIGIOUS FACILITIES,4,565,43,M1,304 BROAD STREET,,10304.0,0.0,1.0,1.0,2550.0,3720.0,1931.0,4,M1,675000,2024-12-11,40.623018,-74.084535,501.0,49.0,5014445.0,5005650043.0,29.0,SI0102,2024,12,True,RELIGIOUS FACILITIES
Staten Island,SOUTH BEACH,01 ONE FAMILY DWELLINGS,1,3267,77,A2,72 SAND LANE,,10305.0,1.0,0.0,1.0,2300.0,960.0,1940.0,1,A2,780000,2024-12-11,40.597704,-74.071608,502.0,50.0,5047985.0,5032670077.0,64.0,SI0201,2024,12,True,ONE FAMILY DWELLINGS
Staten Island,WILLOWBROOK,01 ONE FAMILY DWELLINGS,1,795,204,A1,1008 WESTWOOD AVENUE,,10314.0,1.0,0.0,1.0,6615.0,2444.0,1975.0,1,A1,1200000,2024-12-11,40.605899,-74.145441,502.0,50.0,5020570.0,5007950204.0,18902.0,SI0203,2024,12,True,ONE FAMILY DWELLINGS
Staten Island,WOODROW,01 ONE FAMILY DWELLINGS,1,7014,207,A2,15 SHARON LANE,,10309.0,1.0,0.0,1.0,3800.0,2133.0,1984.0,1,A2,880000,2024-12-11,40.53589,-74.216327,503.0,51.0,5085698.0,5070140207.0,20803.0,SI0304,2024,12,True,ONE FAMILY DWELLINGS
Bronx,BATHGATE,01 ONE FAMILY DWELLINGS,1,3030,69,A1,4447 PARK AVENUE,,10457.0,1.0,0.0,1.0,1668.0,1497.0,1899.0,1,A1,615000,2024-12-12,40.853515,-73.896028,206.0,15.0,2011152.0,2030300069.0,379.0,BX0502,2024,12,True,ONE FAMILY DWELLINGS
Bronx,BAYCHESTER,02 TWO FAMILY DWELLINGS,1,4960,64,B3,3941 SETON AVENUE,,10466.0,2.0,0.0,2.0,2500.0,1734.0,1925.0,1,B3,500000,2024-12-12,40.889973,-73.836844,212.0,12.0,2066826.0,2049600064.0,426.0,BX1202,2024,12,True,TWO FAMILY DWELLINGS
Bronx,EAST TREMONT,02 TWO FAMILY DWELLINGS,1,3068,125,B2,1995 ARTHUR AVENUE,,10457.0,2.0,0.0,2.0,1493.0,1896.0,1920.0,1,B2,710000,2024-12-12,40.847323,-73.892839,206.0,15.0,2011994.0,2030680125.0,37504.0,BX0602,2024,12,True,TWO FAMILY DWELLINGS
Bronx,COUNTRY CLUB,01 ONE FAMILY DWELLINGS,1,5412,87,A1,3190 AMPERE AVENUE,,10465.0,1.0,0.0,1.0,5000.0,2655.0,1925.0,1,A1,900000,2024-12-12,40.846263,-73.821623,210.0,13.0,2075837.0,2054120087.0,27401.0,BX1003,2024,12,True,ONE FAMILY DWELLINGS
Bronx,COUNTRY CLUB,02 TWO FAMILY DWELLINGS,1,5411,137,B1,1406 MACDONOUGH PLACE,,10465.0,2.0,0.0,2.0,3087.0,2232.0,1925.0,1,B1,840000,2024-12-12,40.842868,-73.825159,210.0,13.0,2075707.0,2054110137.0,27401.0,BX1003,2024,12,True,TWO FAMILY DWELLINGS
Bronx,MORRIS PARK/VAN NEST,02 TWO FAMILY DWELLINGS,1,4259,38,B2,1901 HOLLAND AVENUE,,10462.0,2.0,0.0,2.0,2500.0,3828.0,1905.0,1,B2,925000,2024-12-12,40.848288,-73.86531,211.0,13.0,2047928.0,2042590038.0,230.0,BX1101,2024,12,True,TWO FAMILY DWELLINGS
Bronx,PELHAM PARKWAY NORTH,02 TWO FAMILY DWELLINGS,1,4452,56,B3,2569 LACONIA AVENUE,,10469.0,2.0,0.0,2.0,2500.0,1615.0,1940.0,1,B3,720000,2024-12-12,40.863951,-73.855838,211.0,13.0,2051882.0,2044520056.0,326.0,BX1103,2024,12,True,TWO FAMILY DWELLINGS
Bronx,MORRISANIA/LONGWOOD,21 OFFICE BUILDINGS,4,2391,1,O7,951 BROOK AVENUE,,10451.0,0.0,2.0,2.0,10008.0,28000.0,1931.0,4,O7,24000000,2024-12-12,40.825359,-73.911475,203.0,16.0,2001620.0,2023910001.0,143.0,BX0401,2024,12,True,OFFICE BUILDINGS
Bronx,MOTT HAVEN/PORT MORRIS,31 COMMERCIAL VACANT LAND,4,2341,42,V1,350 GRAND CONCOURSE,,10451.0,0.0,0.0,0.0,31100.0,0.0,,4,V1,28500000,2024-12-12,40.815402,-73.928645,201.0,8.0,2000000.0,2023410042.0,51.0,BX0101,2024,12,True,COMMERCIAL VACANT LAND
Bronx,MORRISANIA/LONGWOOD,29 COMMERCIAL GARAGES,4,3006,5,G1,1077 HOME STREET,,10459.0,0.0,1.0,1.0,20000.0,20000.0,1931.0,4,G1,5750000,2024-12-12,40.828006,-73.887078,203.0,17.0,2010897.0,2030060005.0,12101.0,BX0303,2024,12,True,COMMERCIAL GARAGES
Bronx,PARKCHESTER,13 CONDOS - ELEVATOR APARTMENTS,2,3944,3872,R4,"1651 METROPOLITAN AVENUE, 7C",7C,10462.0,1.0,,1.0,,,,2,R4,270000,2024-12-12,40.840396,-73.855965,209.0,18.0,2096764.0,2039447501.0,21001.0,BX0904,2024,12,True,CONDOS - ELEVATOR APARTMENTS
Bronx,RIVERDALE,10 COOPS - ELEVATOR APARTMENTS,2,5796,107,D4,"525 WEST 236TH ST, 3C",,10463.0,,,,,,1956.0,2,D4,355000,2024-12-12,40.886475,-73.907481,208.0,11.0,2084165.0,2057960107.0,295.0,BX0803,2024,12,True,COOPS - ELEVATOR APARTMENTS
Bronx,RIVERDALE,10 COOPS - ELEVATOR APARTMENTS,2,5920,653,D4,"3671 HUDSON MANOR TERRACE, 12B",,10463.0,,,,,,1963.0,2,D4,250000,2024-12-12,40.887821,-73.91575,208.0,11.0,2085874.0,2059200653.0,309.0,BX0803,2024,12,True,COOPS - ELEVATOR APARTMENTS
Bronx,RIVERDALE,07 RENTALS - WALKUP APARTMENTS,2B,5792,449,C7,531 WEST 235 STREET,,10463.0,9.0,1.0,10.0,5000.0,12541.0,2006.0,2,C7,4750000,2024-12-12,40.885414,-73.908611,208.0,11.0,2084150.0,2057920449.0,295.0,BX0803,2024,12,True,RENTALS - WALKUP APARTMENTS
Bronx,RIVERDALE,10 COOPS - ELEVATOR APARTMENTS,2,5795,518,D4,"3530 HENRY HUDSON PARKWAY, 6D",,10463.0,,,,,,1955.0,2,D4,462500,2024-12-12,40.886429,-73.912248,208.0,11.0,2084162.0,2057950518.0,297.0,BX0803,2024,12,True,COOPS - ELEVATOR APARTMENTS
Manhattan,GREENWICH VILLAGE-CENTRAL,13 CONDOS - ELEVATOR APARTMENTS,2,576,303,R4,"60 WEST 13TH STREET, 3C",3C,10011.0,1.0,,1.0,,,1966.0,2,R4,1420000,2025-04-25,40.736085,-73.995969,102.0,2.0,1009636.0,1005767501.0,63.0,MN0202,2025,4,True,CONDOS - ELEVATOR APARTMENTS
Manhattan,GREENWICH VILLAGE-CENTRAL,17 CONDO COOPS,2,535,1002,R9,"250 MERCER STREET, D304",,10012.0,,,,,,1900.0,2,R9,1150000,2025-04-25,40.728427,-73.995378,102.0,2.0,1008629.0,1005357501.0,5501.0,MN0202,2025,4,True,CONDO COOPS
Manhattan,GREENWICH VILLAGE-CENTRAL,17 CONDO COOPS,2,573,1006,R9,"69 WEST 9TH STREET, 7BC",,10011.0,,,,,,1959.0,2,R9,2470000,2025-04-25,40.734037,-73.998726,102.0,2.0,1009504.0,1005737502.0,63.0,MN0202,2025,4,True,CONDO COOPS
Manhattan,GREENWICH VILLAGE-WEST,09 COOPS - WALKUP APARTMENTS,2,620,58,C6,"78 CHARLES ST, 5W",,10014.0,,,,,,1900.0,2,C6,999000,2025-04-25,40.734781,-74.003879,102.0,3.0,1011208.0,1006200058.0,73.0,MN0203,2025,4,True,COOPS - WALKUP APARTMENTS
Manhattan,HARLEM-CENTRAL,02 TWO FAMILY DWELLINGS,1,1916,45,B9,126 WEST 132 STREET,,10027.0,2.0,0.0,2.0,1665.0,3068.0,2001.0,1,B9,1950000,2025-04-25,40.812597,-73.943225,110.0,9.0,1087403.0,1019160045.0,226.0,MN1002,2025,4,True,TWO FAMILY DWELLINGS
Manhattan,HARLEM-CENTRAL,04 TAX CLASS 1 CONDOS,1C,1916,1402,R6,"129 WEST 131ST STREET, 2",2,10027.0,1.0,,1.0,,,1910.0,1,R6,1975405,2025-04-25,40.81201,-73.943753,110.0,9.0,1058094.0,1019167504.0,226.0,MN1002,2025,4,True,TAX CLASS 1 CONDOS
Manhattan,HARLEM-CENTRAL,15 CONDOS - 2-10 UNIT RESIDENTIAL,2C,1937,1003,R1,"265 WEST 131ST STREET, 3",3,10027.0,1.0,,1.0,,,1910.0,2,R1,769000,2025-04-25,40.813818,-73.948101,110.0,9.0,1058689.0,1019377501.0,226.0,MN1002,2025,4,True,CONDOS - 2-10 UNIT RESIDENTIAL
Manhattan,KIPS BAY,13 CONDOS - ELEVATOR APARTMENTS,2,936,4073,R4,"330 EAST 33 STREET, 6-C",6-C,10016.0,1.0,,1.0,,,1962.0,2,R4,1500000,2025-04-25,40.743622,-73.975258,106.0,4.0,1083119.0,1009367501.0,7001.0,MN0603,2025,4,True,CONDOS - ELEVATOR APARTMENTS
Manhattan,LOWER EAST SIDE,13 CONDOS - ELEVATOR APARTMENTS,2,344,1103,R4,"66 CLINTON STREET, 2B",2B,10002.0,1.0,,1.0,,,2021.0,2,R4,1350000,2025-04-25,40.719379,-73.984906,103.0,1.0,1091660.0,1003447502.0,2201.0,MN0302,2025,4,True,CONDOS - ELEVATOR APARTMENTS
Manhattan,MIDTOWN CBD,13 CONDOS - ELEVATOR APARTMENTS,2,1303,1146,R4,"145 EAST 48TH STREET, 5F",5F,10017.0,1.0,,1.0,,,1985.0,2,R4,720000,2025-04-25,40.755042,-73.972774,106.0,4.0,1036233.0,1013037501.0,92.0,MN0604,2025,4,True,CONDOS - ELEVATOR APARTMENTS
Manhattan,MIDTOWN EAST,10 COOPS - ELEVATOR APARTMENTS,2,1323,15,D4,"235 E 49TH ST, 1CD",,10017.0,,,,,,1927.0,2,D4,900000,2025-04-25,40.75483,-73.970334,106.0,4.0,1038229.0,1013230015.0,98.0,MN0604,2025,4,True,COOPS - ELEVATOR APARTMENTS
Manhattan,MIDTOWN EAST,10 COOPS - ELEVATOR APARTMENTS,2,1333,23,D4,"5 TUDOR CITY PLACE, PH4",,10017.0,,,,,,1930.0,2,D4,3500000,2025-04-25,40.748054,-73.971185,106.0,4.0,1038647.0,1013330023.0,88.0,MN0603,2025,4,True,COOPS - ELEVATOR APARTMENTS
Manhattan,MIDTOWN EAST,10 COOPS - ELEVATOR APARTMENTS,2,1367,1,D4,"400 EAST 56TH STREET, 21R",,10022.0,,,,,,1969.0,2,D4,880000,2025-04-25,40.757576,-73.963283,106.0,4.0,1040460.0,1013670001.0,10601.0,MN0604,2025,4,True,COOPS - ELEVATOR APARTMENTS
Manhattan,MIDTOWN EAST,13 CONDOS - ELEVATOR APARTMENTS,2,1332,1047,R4,"200 EAST 59TH STREET, 22E",22E,10022.0,1.0,,1.0,,,2016.0,2,R4,4995000,2025-04-25,40.7614,-73.966249,106.0,5.0,1090608.0,1013327501.0,10803.0,MN0604,2025,4,True,CONDOS - ELEVATOR APARTMENTS
Manhattan,MIDTOWN EAST,17 CONDO COOPS,2,1331,1203,R9,"225 EAST 57TH STREET, 9Q",,10022.0,,,,,,1964.0,2,R9,480000,2025-04-25,40.759926,-73.966737,106.0,4.0,1076272.0,1013317502.0,10803.0,MN0604,2025,4,True,CONDO COOPS
Manhattan,MIDTOWN WEST,13 CONDOS - ELEVATOR APARTMENTS,2,1006,1038,R4,"159 WEST 53 STREET, 16E",16E,10019.0,1.0,,1.0,,,1968.0,2,R4,1500000,2025-04-25,40.762713,-73.981261,105.0,4.0,1023166.0,1010067501.0,131.0,MN0502,2025,4,True,CONDOS - ELEVATOR APARTMENTS
Manhattan,MIDTOWN WEST,13 CONDOS - ELEVATOR APARTMENTS,2,1020,1204,R4,"1600 BROADWAY, 20C",20C,10019.0,1.0,,1.0,,,,2,R4,1800000,2025-04-25,40.76035,-73.984713,105.0,3.0,1087187.0,1010207502.0,125.0,MN0502,2025,4,True,CONDOS - ELEVATOR APARTMENTS
Manhattan,MORNINGSIDE HEIGHTS,13 CONDOS - ELEVATOR APARTMENTS,2,1992,1102,R4,"100 CLAREMONT AVE, 21B",21B,10027.0,1.0,,1.0,,,1926.0,2,R4,2430000,2025-04-25,40.811647,-73.962535,109.0,7.0,1086559.0,1019927501.0,205.0,MN0901,2025,4,True,CONDOS - ELEVATOR APARTMENTS
Manhattan,MORNINGSIDE HEIGHTS,13 CONDOS - ELEVATOR APARTMENTS,2,1992,1126,R4,"100 CLAREMONT AVE, 24E",24E,10027.0,1.0,,1.0,,,1926.0,2,R4,1915000,2025-04-25,40.811647,-73.962535,109.0,7.0,1086559.0,1019927501.0,205.0,MN0901,2025,4,True,CONDOS - ELEVATOR APARTMENTS
Manhattan,SOUTHBRIDGE,10 COOPS - ELEVATOR APARTMENTS,2,94,1,D4,"77 FULTON STREET, 8J",,10038.0,,,,,,1971.0,2,D4,650000,2025-04-25,40.708837,-74.005176,101.0,1.0,1090791.0,1000940001.0,1501.0,MN0101,2025,4,True,COOPS - ELEVATOR APARTMENTS
Manhattan,TRIBECA,08 RENTALS - ELEVATOR APARTMENTS,2,16,195,D8,"325 NORTH END AVENUE, 21C",,10282.0,274.0,2.0,276.0,18270.0,356483.0,2004.0,2,D8,1990476,2025-04-25,40.716637,-74.014754,101.0,1.0,1086507.0,1000160195.0,31703.0,MN0101,2025,4,True,RENTALS - ELEVATOR APARTMENTS
Manhattan,TRIBECA,12 CONDOS - WALKUP APARTMENTS,2,181,1009,R2,"355 GREENWICH STREET, 4A",4A,10013.0,1.0,,1.0,,,1892.0,2,R2,5200000,2025-04-25,40.718883,-74.010375,101.0,1.0,1002083.0,1001817501.0,39.0,MN0102,2025,4,True,CONDOS - WALKUP APARTMENTS
Manhattan,TRIBECA,13 CONDOS - ELEVATOR APARTMENTS,2,218,1159,R4,"416 WASHINGTON STREET, 5F",5F,10013.0,1.0,,1.0,,,2004.0,2,R4,3250000,2025-04-25,40.722393,-74.010538,101.0,1.0,1002832.0,1002187501.0,39.0,MN0102,2025,4,True,CONDOS - ELEVATOR APARTMENTS
Manhattan,TRIBECA,15 CONDOS - 2-10 UNIT RESIDENTIAL,2C,210,1202,R1,"304 CANAL STREET, 2",2,10013.0,1.0,,1.0,,,1910.0,2,R1,3669597,2025-04-25,40.719715,-74.002348,101.0,1.0,1002715.0,1002107503.0,33.0,MN0102,2025,4,True,CONDOS - 2-10 UNIT RESIDENTIAL
Manhattan,UPPER EAST SIDE (59-79),10 COOPS - ELEVATOR APARTMENTS,2,1383,1,D4,"870 FIFTH AVENUE, 8A",,10065.0,,,,,,1949.0,2,D4,3700000,2025-04-25,40.769802,-73.968421,108.0,4.0,1041250.0,1013830001.0,122.0,MN0802,2025,4,True,COOPS - ELEVATOR APARTMENTS
Manhattan,UPPER EAST SIDE (59-79),10 COOPS - ELEVATOR APARTMENTS,2,1396,33,D4,"167 EAST 61ST ST, 7C",,10065.0,,,,,,1983.0,2,D4,2100000,2025-04-25,40.763176,-73.966526,108.0,4.0,1041986.0,1013960033.0,11402.0,MN0802,2025,4,True,COOPS - ELEVATOR APARTMENTS
Manhattan,UPPER EAST SIDE (59-79),10 COOPS - ELEVATOR APARTMENTS,2,1441,17,D4,"333 EAST 66TH STREET, 3K",,10065.0,,,,,,1964.0,2,D4,400000,2025-04-25,40.764618,-73.960247,108.0,5.0,1044740.0,1014410017.0,118.0,MN0801,2025,4,True,COOPS - ELEVATOR APARTMENTS
Manhattan,UPPER EAST SIDE (59-79),13 CONDOS - ELEVATOR APARTMENTS,2,1470,1159,R4,"404 EAST 76 STREET, 25B",25B,10021.0,1.0,,1.0,,,,2,R4,995000,2025-04-25,40.77011,-73.953471,108.0,5.0,1081245.0,1014707501.0,13201.0,MN0801,2025,4,True,CONDOS - ELEVATOR APARTMENTS
Manhattan,UPPER EAST SIDE (79-96),09 COOPS - WALKUP APARTMENTS,2,1556,35,C6,"330 EAST 94TH ST, 3A",,10128.0,,,,,,1920.0,2,C6,570000,2025-04-25,40.782571,-73.947179,108.0,5.0,1050291.0,1015560035.0,15402.0,MN0803,2025,4,True,COOPS - WALKUP APARTMENTS
Manhattan,UPPER EAST SIDE (79-96),10 COOPS - ELEVATOR APARTMENTS,2,1520,27,D4,"159-167 EAST 91 STREET, 6A",,10128.0,,,,,,1941.0,2,D4,520000,2025-04-25,40.782447,-73.952679,108.0,5.0,,,15801.0,MN0802,2025,4,True,COOPS - ELEVATOR APARTMENTS
Manhattan,UPPER EAST SIDE (79-96),10 COOPS - ELEVATOR APARTMENTS,2,1560,5,D4,"415 EAST 80TH STREET, 4M",,10075.0,,,,,,1959.0,2,D4,360000,2025-04-25,40.772665,-73.951318,108.0,5.0,1050361.0,1015600005.0,13603.0,MN0803,2025,4,True,COOPS - ELEVATOR APARTMENTS
Manhattan,UPPER WEST SIDE (59-79),10 COOPS - ELEVATOR APARTMENTS,2,1184,31,D4,"11 RIVERSIDE DRIVE, 10SE",,10023.0,,,,,,1950.0,2,D4,610000,2025-04-25,40.781056,-73.984517,107.0,6.0,1030994.0,1011840031.0,159.0,MN0701,2025,4,True,COOPS - ELEVATOR APARTMENTS
Manhattan,UPPER WEST SIDE (59-79),13 CONDOS - ELEVATOR APARTMENTS,2,1125,1276,R4,"27 WEST 72 STREET, 707",707,10023.0,1.0,,1.0,,,1924.0,2,R4,1850000,2025-04-25,40.776979,-73.977748,107.0,6.0,1087511.0,1011257502.0,157.0,MN0701,2025,4,True,CONDOS - ELEVATOR APARTMENTS
Manhattan,UPPER WEST SIDE (59-79),13 CONDOS - ELEVATOR APARTMENTS,2,1140,1339,R4,"155 WEST 68 STREET, 10-20",10-20,10023.0,1.0,,1.0,,,1965.0,2,R4,845148,2025-04-25,40.775704,-73.982659,107.0,6.0,1028950.0,1011407501.0,15302.0,MN0701,2025,4,True,CONDOS - ELEVATOR APARTMENTS
Manhattan,UPPER WEST SIDE (79-96),13 CONDOS - ELEVATOR APARTMENTS,2,1253,1103,R4,"222 RIVERSIDE DRIVE, 2A",2A,10025.0,1.0,,1.0,,,,2,R4,1987500,2025-04-25,40.795056,-73.976228,107.0,6.0,1076254.0,1012537502.0,183.0,MN0702,2025,4,True,CONDOS - ELEVATOR APARTMENTS
Manhattan,UPPER WEST SIDE (79-96),15 CONDOS - 2-10 UNIT RESIDENTIAL,2C,1199,1001,R1,"29 WEST 85 STREET, 1",1,10024.0,1.0,,1.0,,,1900.0,2,R1,1500000,2025-04-25,40.785036,-73.970823,107.0,6.0,1031395.0,1011997501.0,169.0,MN0702,2025,4,True,CONDOS - 2-10 UNIT RESIDENTIAL
Manhattan,UPPER WEST SIDE (96-116),10 COOPS - ELEVATOR APARTMENTS,2,1894,36,D4,"605 WEST 111 STREET, 1",,10025.0,,,,,,1900.0,2,D4,885000,2025-04-25,40.805105,-73.966859,109.0,7.0,1075649.0,1018940036.0,199.0,MN0901,2025,4,True,COOPS - ELEVATOR APARTMENTS
Manhattan,UPPER WEST SIDE (96-116),13 CONDOS - ELEVATOR APARTMENTS,2,1874,1181,R4,"218 WEST 103RD STREET, PHB",PHB,10025.0,1.0,,1.0,,,2023.0,2,R4,3900000,2025-04-25,40.79891,-73.9681,107.0,7.0,1091027.0,1018747502.0,191.0,MN0703,2025,4,True,CONDOS - ELEVATOR APARTMENTS
Manhattan,UPPER WEST SIDE (96-116),17 CONDO COOPS,2,1874,1002,R9,"2681 BROADWAY, 3Q",,10025.0,,,,,,1910.0,2,R9,385000,2025-04-25,40.798587,-73.968931,107.0,7.0,1056558.0,1018747501.0,191.0,MN0703,2025,4,True,CONDO COOPS
Manhattan,WASHINGTON HEIGHTS LOWER,10 COOPS - ELEVATOR APARTMENTS,2,2134,71,D4,"790 RIVERSIDE DRIVE, 2M",,10032.0,,,,,,1930.0,2,D4,550000,2025-04-25,40.834787,-73.946852,112.0,7.0,1063252.0,1021340071.0,241.0,MN1201,2025,4,True,COOPS - ELEVATOR APARTMENTS
Queens,ASTORIA,01 ONE FAMILY DWELLINGS,1,573,55,S1,26-28 28 STREET,,11102.0,1.0,1.0,2.0,4633.0,1696.0,1910.0,1,S1,8500000,2025-04-25,40.770312,-73.921369,401.0,22.0,4006816.0,4005730055.0,69.0,QN0103,2025,4,True,ONE FAMILY DWELLINGS
Queens,ASTORIA,02 TWO FAMILY DWELLINGS,1,818,27,B3,24-18 36 STREET,,11103.0,2.0,0.0,2.0,2000.0,2699.0,1925.0,1,B3,2500000,2025-04-25,40.77035,-73.91305,401.0,22.0,4000000.0,4008180027.0,125.0,QN0101,2025,4,True,TWO FAMILY DWELLINGS
Queens,ASTORIA,13 CONDOS - ELEVATOR APARTMENTS,2,572,1011,R4,"23-23 30TH ROAD, 3D",3D,11102.0,1.0,,1.0,,,2020.0,2,R4,625000,2025-04-25,40.768323,-73.92688,401.0,22.0,4618794.0,4005727502.0,73.0,QN0103,2025,4,True,CONDOS - ELEVATOR APARTMENTS
Queens,ASTORIA,13 CONDOS - ELEVATOR APARTMENTS,2,769,1307,R4,"22-54 46TH STREET, 502",502,11105.0,1.0,,1.0,,,2022.0,2,R4,267588,2025-04-25,40.769352,-73.903644,401.0,22.0,4624959.0,4007697503.0,137.0,QN0101,2025,4,True,CONDOS - ELEVATOR APARTMENTS
Queens,ASTORIA,29 COMMERCIAL GARAGES,4,573,56,G7,26-30 28 STREET,,11102.0,0.0,0.0,0.0,4625.0,0.0,,4,G7,8500000,2025-04-25,40.77029,-73.921394,401.0,22.0,4000000.0,4005730056.0,69.0,QN0103,2025,4,True,COMMERCIAL GARAGES
Queens,ASTORIA,29 COMMERCIAL GARAGES,4,573,57,G7,26-34 28 STREET,,11102.0,0.0,0.0,0.0,6740.0,0.0,,4,G7,8500000,2025-04-25,40.770252,-73.921441,401.0,22.0,4000000.0,4005730057.0,69.0,QN0103,2025,4,True,COMMERCIAL GARAGES
Queens,BAYSIDE,01 ONE FAMILY DWELLINGS,1,5989,34,A2,207-16 28TH AVENUE,,11360.0,1.0,0.0,1.0,5000.0,2135.0,1960.0,1,A2,1310000,2025-04-25,40.773811,-73.783232,411.0,19.0,4133277.0,4059890034.0,1093.0,QN1102,2025,4,True,ONE FAMILY DWELLINGS
Queens,BAYSIDE,01 ONE FAMILY DWELLINGS,1,6254,25,A0,39-18 218TH STREET,,11361.0,1.0,0.0,1.0,4500.0,1356.0,1945.0,1,A0,1150000,2025-04-25,40.765969,-73.765262,411.0,19.0,4137829.0,4062540025.0,1113.0,QN1102,2025,4,True,ONE FAMILY DWELLINGS
Queens,BAYSIDE,02 TWO FAMILY DWELLINGS,1,6206,49,B3,40-40 204TH STREET,,11361.0,2.0,0.0,2.0,4000.0,1733.0,1955.0,1,B3,1380000,2025-04-25,40.761383,-73.780854,411.0,19.0,4137156.0,4062060049.0,1463.0,QN1101,2025,4,True,TWO FAMILY DWELLINGS
Queens,BELLEROSE,01 ONE FAMILY DWELLINGS,1,8583,20,A2,82-30 252 STREET,,11426.0,1.0,0.0,1.0,5000.0,1050.0,1950.0,1,A2,840000,2025-04-25,40.738651,-73.716718,413.0,23.0,4175029.0,4085830020.0,157101.0,QN1302,2025,4,True,ONE FAMILY DWELLINGS
Queens,BRIARWOOD,10 COOPS - ELEVATOR APARTMENTS,2,9666,1,D4,"139-15 83RD AVENUE, 312",,11435.0,,,,,,1958.0,2,D4,200000,2025-04-25,40.712953,-73.819606,408.0,24.0,4453534.0,4096660001.0,22001.0,QN0805,2025,4,True,COOPS - ELEVATOR APARTMENTS
Queens,CORONA,03 THREE FAMILY DWELLINGS,1,1724,61,C0,33-11 109 STREET,,11368.0,3.0,0.0,3.0,3315.0,2656.0,2003.0,1,C0,1285000,2025-04-25,40.757535,-73.860292,403.0,21.0,4532237.0,4017240061.0,381.0,QN0303,2025,4,True,THREE FAMILY DWELLINGS
Queens,CORONA,07 RENTALS - WALKUP APARTMENTS,2A,1966,49,C3,58-43 WALDRON STREET,,11368.0,4.0,0.0,4.0,3000.0,3120.0,2004.0,2,C3,770000,2025-04-25,40.739006,-73.851959,404.0,21.0,4532695.0,4019660049.0,43701.0,QN0402,2025,4,True,RENTALS - WALKUP APARTMENTS
Queens,CORONA,07 RENTALS - WALKUP APARTMENTS,2A,1966,50,C3,58-41 WALDRON STREET,,11368.0,4.0,0.0,4.0,2000.0,3120.0,2004.0,2,C3,770000,2025-04-25,40.739014,-73.851987,404.0,21.0,4431844.0,4019660050.0,43701.0,QN0402,2025,4,True,RENTALS - WALKUP APARTMENTS
Queens,DOUGLASTON,02 TWO FAMILY DWELLINGS,1,8100,30,S2,42-01 235TH STREET,,11363.0,2.0,1.0,3.0,2208.0,3534.0,1931.0,1,S2,1500000,2025-04-25,40.768311,-73.748646,411.0,19.0,4312461.0,4081000030.0,1479.0,QN1103,2025,4,True,TWO FAMILY DWELLINGS
Queens,ELMHURST,13 CONDOS - ELEVATOR APARTMENTS,2,1842,1339,R4,"88-08 JUSTICE AVENUE, 7E",7E,11373.0,1.0,,1.0,,,2017.0,2,R4,622000,2025-04-25,40.736887,-73.875054,404.0,25.0,4596930.0,4018427503.0,473.0,QN0401,2025,4,True,CONDOS - ELEVATOR APARTMENTS
Queens,ELMHURST,13 CONDOS - ELEVATOR APARTMENTS,2,1842,1462,R4,"88-08 JUSTICE AVENUE, 17B",17B,11373.0,1.0,,1.0,,,2017.0,2,R4,729000,2025-04-25,40.736887,-73.875054,404.0,25.0,4596930.0,4018427503.0,473.0,QN0401,2025,4,True,CONDOS - ELEVATOR APARTMENTS
Queens,FAR ROCKAWAY,01 ONE FAMILY DWELLINGS,1,15754,34,A1,663 NASBY PLACE,,11691.0,1.0,0.0,1.0,2631.0,1176.0,1915.0,1,A1,356000,2025-04-25,40.601694,-73.758662,414.0,31.0,4300929.0,4157540034.0,100803.0,QN1401,2025,4,True,ONE FAMILY DWELLINGS
Queens,FAR ROCKAWAY,02 TWO FAMILY DWELLINGS,1,15758,19,B2,24-33 BEACH CHANNEL DRIVE,,11691.0,2.0,0.0,2.0,2810.0,2484.0,2022.0,1,B2,925000,2025-04-25,40.600978,-73.76138,414.0,31.0,4623246.0,4157580019.0,100803.0,QN1401,2025,4,True,TWO FAMILY DWELLINGS
Queens,FLORAL PARK,01 ONE FAMILY DWELLINGS,1,8760,20,A0,82-41 266 STREET,,11004.0,1.0,0.0,1.0,4000.0,1100.0,1945.0,1,A0,960000,2025-04-25,40.741479,-73.703924,413.0,23.0,4179192.0,4087600020.0,157901.0,QN1301,2025,4,True,ONE FAMILY DWELLINGS
Queens,FLUSHING-NORTH,01 ONE FAMILY DWELLINGS,1,6430,5,A5,150-10 BOOTH MEMORIAL AVE,,11355.0,1.0,0.0,1.0,1800.0,1332.0,1950.0,1,A5,950000,2025-04-25,40.743903,-73.817682,407.0,20.0,4141035.0,4064300005.0,837.0,QN0706,2025,4,True,ONE FAMILY DWELLINGS
Queens,FLUSHING-NORTH,13 CONDOS - ELEVATOR APARTMENTS,2,5003,1325,R4,"144-49 NORTHERN BOULEVARD, 211",211,11354.0,1.0,,1.0,,,2021.0,2,R4,901613,2025-04-25,40.764722,-73.822978,407.0,20.0,4618435.0,4050037504.0,116301.0,QN0704,2025,4,True,CONDOS - ELEVATOR APARTMENTS
Queens,FLUSHING-NORTH,13 CONDOS - ELEVATOR APARTMENTS,2,5003,1330,R4,"144-49 NORTHERN BOULEVARD, 220",220,11354.0,1.0,,1.0,,,2021.0,2,R4,922047,2025-04-25,40.764722,-73.822978,407.0,20.0,4618435.0,4050037504.0,116301.0,QN0704,2025,4,True,CONDOS - ELEVATOR APARTMENTS
Queens,FLUSHING-NORTH,13 CONDOS - ELEVATOR APARTMENTS,2,5003,1332,R4,"144-49 NORTHERN BOULEVARD, 222",222,11354.0,1.0,,1.0,,,2021.0,2,R4,456300,2025-04-25,40.764722,-73.822978,407.0,20.0,4618435.0,4050037504.0,116301.0,QN0704,2025,4,True,CONDOS - ELEVATOR APARTMENTS
Queens,FLUSHING-NORTH,13 CONDOS - ELEVATOR APARTMENTS,2,5003,1367,R4,"144-49 NORTHERN BOULEVARD, 327",327,11354.0,1.0,,1.0,,,2021.0,2,R4,542707,2025-04-25,40.764722,-73.822978,407.0,20.0,4618435.0,4050037504.0,116301.0,QN0704,2025,4,True,CONDOS - ELEVATOR APARTMENTS
Queens,FLUSHING-NORTH,13 CONDOS - ELEVATOR APARTMENTS,2,5003,1417,R4,"144-49 NORTHERN BOULEVARD, 517",517,11354.0,1.0,,1.0,,,2021.0,2,R4,711025,2025-04-25,40.764722,-73.822978,407.0,20.0,4618435.0,4050037504.0,116301.0,QN0704,2025,4,True,CONDOS - ELEVATOR APARTMENTS
Queens,FLUSHING-NORTH,13 CONDOS - ELEVATOR APARTMENTS,2,5044,1121,R4,"136-80 41 AVENUE, 4F",4F,11355.0,1.0,,1.0,,,2021.0,2,R4,597926,2025-04-25,40.758668,-73.829044,407.0,20.0,4000000.0,4050440044.0,853.0,QN0707,2025,4,True,CONDOS - ELEVATOR APARTMENTS
Queens,FLUSHING-NORTH,13 CONDOS - ELEVATOR APARTMENTS,2,5044,1130,R4,"136-80 41 AVENUE, 5G",5G,11355.0,1.0,,1.0,,,2021.0,2,R4,487552,2025-04-25,40.758668,-73.829044,407.0,20.0,4000000.0,4050440044.0,853.0,QN0707,2025,4,True,CONDOS - ELEVATOR APARTMENTS
Queens,FLUSHING-NORTH,13 CONDOS - ELEVATOR APARTMENTS,2,5066,2695,R4,"131-02B 40TH ROAD, 4R",4R,11354.0,1.0,,1.0,,,2020.0,2,R4,549675,2025-04-25,40.755575,-73.836625,407.0,20.0,4624163.0,4050667508.0,871.0,QN0707,2025,4,True,CONDOS - ELEVATOR APARTMENTS
Queens,FLUSHING-NORTH,13 CONDOS - ELEVATOR APARTMENTS,2,5066,2832,R4,"131-02B 40TH ROAD, 17L",17L,11354.0,1.0,,1.0,,,2020.0,2,R4,679539,2025-04-25,40.755575,-73.836625,407.0,20.0,4624163.0,4050667508.0,871.0,QN0707,2025,4,True,CONDOS - ELEVATOR APARTMENTS
Queens,FLUSHING-SOUTH,01 ONE FAMILY DWELLINGS,1,6597,62,A5,137-62 70 ROAD,,11367.0,1.0,0.0,1.0,1944.0,1732.0,1940.0,1,A5,900000,2025-04-25,40.727894,-73.825703,408.0,24.0,4142661.0,4065970062.0,77902.0,QN0801,2025,4,True,ONE FAMILY DWELLINGS
Queens,FLUSHING-SOUTH,02 TWO FAMILY DWELLINGS,1,6843,14,B3,163-02 72ND AVE,,11365.0,2.0,0.0,2.0,1800.0,1400.0,1950.0,1,B3,892500,2025-04-25,40.728392,-73.805969,408.0,24.0,4148150.0,4068430014.0,1241.0,QN0802,2025,4,True,TWO FAMILY DWELLINGS
Queens,FOREST HILLS,10 COOPS - ELEVATOR APARTMENTS,2,2134,32,D4,"67-12 YELLOWSTONE BOULEVARD, B1",,11375.0,,,,,,1951.0,2,D4,329500,2025-04-25,40.728103,-73.849201,406.0,29.0,4051257.0,4021340032.0,71303.0,QN0602,2025,4,True,COOPS - ELEVATOR APARTMENTS
Queens,GLENDALE,01 ONE FAMILY DWELLINGS,1,3852,83,A0,88-05 DORAN AVENUE,,11385.0,1.0,0.0,1.0,2993.0,1292.0,1945.0,1,A0,999000,2025-04-25,40.709665,-73.86366,405.0,32.0,4094232.0,4038520083.0,637.0,QN0503,2025,4,True,ONE FAMILY DWELLINGS
Queens,HOLLIS,01 ONE FAMILY DWELLINGS,1,9897,25,A1,90-49 180TH ST,,11432.0,1.0,0.0,1.0,2470.0,1318.0,1925.0,1,A1,800000,2025-04-25,40.709763,-73.78115,412.0,23.0,4211703.0,4098970025.0,468.0,QN1201,2025,4,True,ONE FAMILY DWELLINGS
Queens,HOLLIS,22 STORE BUILDINGS,4,9897,1,K4,180-19 JAMAICA AVENUE,,11432.0,2.0,1.0,3.0,2160.0,3740.0,1931.0,4,K4,750000,2025-04-25,40.70854,-73.780025,412.0,23.0,4211681.0,4098970001.0,468.0,QN1201,2025,4,True,STORE BUILDINGS
Queens,HOLLISWOOD,10 COOPS - ELEVATOR APARTMENTS,2,10535,50,D4,"204-15 FOOTHILL AVENUE, A65",,11423.0,,,,,,1953.0,2,D4,175000,2025-04-25,40.721314,-73.760906,408.0,23.0,4434609.0,4105350050.0,47801.0,QN0804,2025,4,True,COOPS - ELEVATOR APARTMENTS
Queens,HOLLISWOOD,10 COOPS - ELEVATOR APARTMENTS,2,10538,70,D4,"202-35 FOOTHILL AVENUE, B22",,11423.0,,,,,,1954.0,2,D4,185000,2025-04-25,40.720918,-73.761932,408.0,23.0,4434613.0,4105380070.0,47801.0,QN0804,2025,4,True,COOPS - ELEVATOR APARTMENTS
Queens,HOWARD BEACH,01 ONE FAMILY DWELLINGS,1,13986,26,A2,158-42 88TH STREET,,11414.0,1.0,0.0,1.0,4000.0,1100.0,1950.0,1,A2,800000,2025-04-25,40.659423,-73.844786,410.0,32.0,4292942.0,4139860026.0,89201.0,QN1003,2025,4,True,ONE FAMILY DWELLINGS
Queens,HOWARD BEACH,13 CONDOS - ELEVATOR APARTMENTS,2,11417,4311,R4,"87-10 149 AVENUE, 3L",3L,11414.0,1.0,,1.0,,,1969.0,2,R4,395000,2025-04-25,40.669836,-73.84801,410.0,32.0,4446839.0,4114177502.0,6201.0,QN1003,2025,4,True,CONDOS - ELEVATOR APARTMENTS
Queens,JACKSON HEIGHTS,09 COOPS - WALKUP APARTMENTS,2,1278,32,C6,"35-56 79TH STREET, 22",,11372.0,,,,,,1920.0,2,C6,911350,2025-04-25,40.751112,-73.887414,403.0,25.0,4029653.0,4012780032.0,285.0,QN0301,2025,4,True,COOPS - WALKUP APARTMENTS
Queens,JACKSON HEIGHTS,10 COOPS - ELEVATOR APARTMENTS,2,1447,1,D4,"86-10 34TH AVENUE, 613",,11372.0,,,,,,1937.0,2,D4,815000,2025-04-25,40.754136,-73.88111,403.0,25.0,4035594.0,4014470001.0,279.0,QN0301,2025,4,True,COOPS - ELEVATOR APARTMENTS
Queens,JACKSON HEIGHTS,22 STORE BUILDINGS,4,1484,44,K2,38-02 JUNCTION BOULEVARD,,11368.0,0.0,1.0,1.0,13035.0,21856.0,1932.0,4,K2,23400000,2025-04-25,40.749543,-73.869656,403.0,21.0,4036671.0,4014840044.0,27301.0,QN0301,2025,4,True,STORE BUILDINGS
Queens,JAMAICA,37 RELIGIOUS FACILITIES,4,10010,24,M1,138-19 101 AVENUE,,11435.0,0.0,1.0,1.0,11145.0,11000.0,1945.0,4,M1,3500000,2025-04-25,40.694422,-73.810295,412.0,27.0,4214196.0,4100100024.0,206.0,QN1201,2025,4,True,RELIGIOUS FACILITIES
Queens,JAMAICA BAY,22 STORE BUILDINGS,4,16109,43,K2,375 BEACH 92ND STREET,,11693.0,0.0,3.0,3.0,5637.0,2066.0,1910.0,4,K2,1900000,2025-04-25,40.58888,-73.817216,414.0,32.0,4435932.0,4161090043.0,94202.0,QN1402,2025,4,True,STORE BUILDINGS
Queens,LAURELTON,02 TWO FAMILY DWELLINGS,1,13104,43,B3,134-40 224 STREET,,11413.0,2.0,0.0,2.0,3960.0,2375.0,1945.0,1,B3,1363950,2025-04-25,40.676803,-73.746219,413.0,31.0,4281437.0,4131040043.0,358.0,QN1305,2025,4,True,TWO FAMILY DWELLINGS
Queens,LITTLE NECK,10 COOPS - ELEVATOR APARTMENTS,2,8263,147,D4,"47-27 LITTLE NECK PARKWAY, 4B",,11362.0,,,,,,1961.0,2,D4,315000,2025-04-25,40.76995,-73.732939,411.0,19.0,4171647.0,4082630147.0,150702.0,QN1103,2025,4,True,COOPS - ELEVATOR APARTMENTS
Queens,LONG ISLAND CITY,02 TWO FAMILY DWELLINGS,1,600,47,B3,36-44 32ND STREET,,11106.0,2.0,0.0,2.0,1775.0,1408.0,1901.0,1,B3,1060000,2025-04-25,40.755444,-73.929587,401.0,26.0,4007915.0,4006000047.0,51.0,QN0105,2025,4,True,TWO FAMILY DWELLINGS
Queens,LONG ISLAND CITY,13 CONDOS - ELEVATOR APARTMENTS,2,52,1316,R4,"11-52 44TH DRIVE, 5D",5D,11101.0,1.0,,1.0,,,2023.0,2,R4,791894,2025-04-25,40.748466,-73.949282,402.0,26.0,4000000.0,4000527504.0,702.0,QN0201,2025,4,True,CONDOS - ELEVATOR APARTMENTS
Queens,LONG ISLAND CITY,13 CONDOS - ELEVATOR APARTMENTS,2,432,1202,R4,"42-83 HUNTER STREET, 2A",2A,11101.0,1.0,,1.0,,,2016.0,2,R4,748000,2025-04-25,40.748547,-73.940789,402.0,26.0,4619269.0,4004327502.0,1902.0,QN0201,2025,4,True,CONDOS - ELEVATOR APARTMENTS
Queens,OZONE PARK,01 ONE FAMILY DWELLINGS,1,9148,14,A1,107-14 88 STREET,,11417.0,1.0,0.0,1.0,2000.0,1248.0,1920.0,1,A1,740000,2025-04-25,40.677721,-73.849611,410.0,32.0,4190332.0,4091480014.0,54.0,QN1002,2025,4,True,ONE FAMILY DWELLINGS
Queens,OZONE PARK,02 TWO FAMILY DWELLINGS,1,11549,30,B2,95-11 150 ROAD,,11417.0,2.0,0.0,2.0,3467.0,2340.0,1970.0,1,B2,460000,2025-04-25,40.669232,-73.840124,410.0,32.0,4248863.0,4115490030.0,88.0,QN1002,2025,4,True,TWO FAMILY DWELLINGS
Queens,OZONE PARK,03 THREE FAMILY DWELLINGS,1,9104,26,C0,101-48 98 STREET,,11416.0,3.0,0.0,3.0,5296.0,980.0,1926.0,1,C0,1250000,2025-04-25,40.684206,-73.842965,409.0,32.0,4189393.0,4091040026.0,4001.0,QN0904,2025,4,True,THREE FAMILY DWELLINGS
Queens,QUEENS VILLAGE,02 TWO FAMILY DWELLINGS,1,7952,45,B3,86-30 235 COURT,,11427.0,2.0,0.0,2.0,4000.0,1872.0,1945.0,1,B3,812500,2025-04-25,40.73217,-73.732459,413.0,23.0,4166513.0,4079520045.0,1621.0,QN1302,2025,4,True,TWO FAMILY DWELLINGS
Queens,REGO PARK,13 CONDOS - ELEVATOR APARTMENTS,2,3097,1522,R4,"64-48 BOOTH STREET, 4D",4D,11374.0,1.0,,1.0,,,1955.0,2,R4,468000,2025-04-25,40.727758,-73.860819,406.0,30.0,4072535.0,4030977506.0,69701.0,QN0601,2025,4,True,CONDOS - ELEVATOR APARTMENTS
Queens,REGO PARK,17 CONDO COOPS,2,3173,1008,R9,"102-30 QUEENS BOULEVARD, 2S",,11375.0,,,,,,,2,R9,310000,2025-04-25,40.725514,-73.850931,406.0,29.0,4075223.0,4031737501.0,71305.0,QN0602,2025,4,True,CONDO COOPS
Queens,RICHMOND HILL,01 ONE FAMILY DWELLINGS,1,9459,43,A1,95-15 121 STREET,,11419.0,1.0,0.0,1.0,2270.0,1328.0,1920.0,1,A1,770000,2025-04-25,40.692491,-73.824858,409.0,29.0,4199721.0,4094590043.0,150.0,QN0903,2025,4,True,ONE FAMILY DWELLINGS
Queens,RIDGEWOOD,07 RENTALS - WALKUP APARTMENTS,2A,3454,36,C3,662 ONDERDONK AVENUE,,11385.0,4.0,0.0,4.0,2500.0,3000.0,1930.0,2,C3,671927,2025-04-25,40.704382,-73.907907,405.0,34.0,4082530.0,4034540036.0,547.0,QN0502,2025,4,True,RENTALS - WALKUP APARTMENTS
Queens,ROSEDALE,01 ONE FAMILY DWELLINGS,1,13674,60,A5,257-07 149TH AVENUE,,11422.0,1.0,0.0,1.0,2817.0,1600.0,1955.0,1,A5,522900,2025-04-25,40.652932,-73.731685,413.0,31.0,4290643.0,4136740060.0,66403.0,QN1307,2025,4,True,ONE FAMILY DWELLINGS
Queens,ROSEDALE,02 TWO FAMILY DWELLINGS,1,13644,15,B2,24516 149TH AVENUE,,11422.0,2.0,0.0,2.0,4473.0,2964.0,1960.0,1,B2,818000,2025-04-25,40.653017,-73.738626,413.0,31.0,4289831.0,4136440015.0,66403.0,QN1307,2025,4,True,TWO FAMILY DWELLINGS
Queens,SOUTH JAMAICA,01 ONE FAMILY DWELLINGS,1,12156,44,A2,153-23 110 ROAD,,11433.0,1.0,0.0,1.0,6000.0,960.0,1985.0,1,A2,760000,2025-04-25,40.689645,-73.795257,412.0,28.0,4263404.0,4121560044.0,262.0,QN1202,2025,4,True,ONE FAMILY DWELLINGS
Queens,SOUTH JAMAICA,02 TWO FAMILY DWELLINGS,1,10089,2,S2,106-47 SUTPHIN BOULEVARD,,11435.0,2.0,1.0,3.0,2125.0,2320.0,1920.0,1,S2,850000,2025-04-25,40.6944,-73.801885,412.0,28.0,4215553.0,4100890002.0,198.0,QN1202,2025,4,True,TWO FAMILY DWELLINGS
Queens,SOUTH JAMAICA,02 TWO FAMILY DWELLINGS,1,10129,21,B1,106 -28 GUY R BREWER BLVD,,11433.0,2.0,0.0,2.0,1840.0,2016.0,2006.0,1,B1,601000,2025-04-25,40.699191,-73.793176,412.0,28.0,4532941.0,4101290021.0,25402.0,QN1202,2025,4,True,TWO FAMILY DWELLINGS
Queens,SOUTH JAMAICA,02 TWO FAMILY DWELLINGS,1,10140,26,B2,162-23 108TH AVENUE,,11433.0,2.0,0.0,2.0,2852.0,1760.0,2007.0,1,B2,940000,2025-04-25,40.696306,-73.79189,412.0,28.0,4216020.0,4101400026.0,25402.0,QN1202,2025,4,True,TWO FAMILY DWELLINGS
Queens,SPRINGFIELD GARDENS,01 ONE FAMILY DWELLINGS,1,12669,5,A1,121-27 BENTON STREET,,11413.0,1.0,0.0,1.0,3700.0,1258.0,1925.0,1,A1,770000,2025-04-25,40.68528,-73.757938,412.0,27.0,4273083.0,4126690005.0,376.0,QN1205,2025,4,True,ONE FAMILY DWELLINGS
Queens,SPRINGFIELD GARDENS,01 ONE FAMILY DWELLINGS,1,13026,1,A7,137-45 BENNETT ST,,11413.0,1.0,0.0,1.0,18500.0,4397.0,1920.0,1,A7,532000,2025-04-25,40.674541,-73.758831,412.0,27.0,4280288.0,4130260001.0,328.0,QN1305,2025,4,True,ONE FAMILY DWELLINGS
Queens,ST. ALBANS,01 ONE FAMILY DWELLINGS,1,10296,1,A1,111-05 178 PLACE,,11433.0,1.0,0.0,1.0,6200.0,1188.0,1950.0,1,A1,450000,2025-04-25,40.697647,-73.774972,412.0,27.0,4219539.0,4102960001.0,424.0,QN1205,2025,4,True,ONE FAMILY DWELLINGS
Queens,ST. ALBANS,01 ONE FAMILY DWELLINGS,1,10402,5,A1,188-49 QUENCER ROAD,,11412.0,1.0,0.0,1.0,4000.0,2088.0,1920.0,1,A1,937300,2025-04-25,40.69567,-73.765239,412.0,27.0,4221367.0,4104020005.0,398.0,QN1205,2025,4,True,ONE FAMILY DWELLINGS
Queens,ST. ALBANS,01 ONE FAMILY DWELLINGS,1,11077,9,A1,116-03 205 ST,,11412.0,1.0,0.0,1.0,2700.0,1280.0,1925.0,1,A1,815000,2025-04-25,40.696977,-73.74831,412.0,27.0,4238652.0,4110770009.0,532.0,QN1205,2025,4,True,ONE FAMILY DWELLINGS
Queens,WHITESTONE,09 COOPS - WALKUP APARTMENTS,2,4767,1,C6,"16-37 163RD STREET, 5-192",,11357.0,,,,,,1951.0,2,C6,210000,2025-04-25,40.783593,-73.800053,407.0,19.0,4618948.0,4047670001.0,1017.0,QN0703,2025,4,True,COOPS - WALKUP APARTMENTS
Queens,WHITESTONE,09 COOPS - WALKUP APARTMENTS,2,5750,6,C6,"166-52 17TH ROAD, 3-128",,11357.0,,,,,,1951.0,2,C6,246000,2025-04-25,40.781384,-73.795762,407.0,19.0,4453582.0,4057500006.0,1017.0,QN0703,2025,4,True,COOPS - WALKUP APARTMENTS
Queens,WOODHAVEN,01 ONE FAMILY DWELLINGS,1,8974,50,A1,89-33 92ND STREET,,11421.0,1.0,0.0,1.0,2000.0,1280.0,1920.0,1,A1,630000,2025-04-25,40.690671,-73.85203,409.0,32.0,4185841.0,4089740050.0,18.0,QN0905,2025,4,True,ONE FAMILY DWELLINGS
Staten Island,CASTLETON CORNERS,01 ONE FAMILY DWELLINGS,1,346,95,A2,106 FAIRVIEW AVENUE,,10314.0,1.0,0.0,1.0,6600.0,816.0,1950.0,1,A2,732000,2025-04-25,40.616925,-74.118757,501.0,50.0,5009365.0,5003460095.0,147.0,SI0105,2025,4,True,ONE FAMILY DWELLINGS
Staten Island,CASTLETON CORNERS,01 ONE FAMILY DWELLINGS,1,346,263,A2,119 STURGES STREET,,10314.0,1.0,0.0,1.0,4400.0,960.0,1950.0,1,A2,635000,2025-04-25,40.616114,-74.122087,501.0,50.0,5009392.0,5003460263.0,147.0,SI0105,2025,4,True,ONE FAMILY DWELLINGS
Staten Island,CLOVE LAKES,01 ONE FAMILY DWELLINGS,1,286,29,A5,520 OAKLAND AVENUE,,10310.0,1.0,0.0,1.0,2048.0,1248.0,1993.0,1,A5,605000,2025-04-25,40.629197,-74.10988,501.0,49.0,5110562.0,5002860028.0,121.0,SI0104,2025,4,True,ONE FAMILY DWELLINGS
Staten Island,GRASMERE,04 TAX CLASS 1 CONDOS,1A,3173,1310,R3,32 STONEGATE DRIVE,,10304.0,1.0,,1.0,,,1986.0,1,R3,765000,2025-04-25,40.601698,-74.08677,502.0,50.0,5124452.0,5031737504.0,50.0,SI0201,2025,4,True,TAX CLASS 1 CONDOS
Staten Island,GREAT KILLS,01 ONE FAMILY DWELLINGS,1,5447,171,A5,22 ERIC LANE,,10308.0,1.0,0.0,1.0,896.0,1690.0,1990.0,1,A5,600000,2025-04-25,40.560781,-74.154956,503.0,51.0,5108095.0,5054470171.0,14608.0,SI0302,2025,4,True,ONE FAMILY DWELLINGS
Staten Island,PLEASANT PLAINS,01 ONE FAMILY DWELLINGS,1,6805,50,A2,25 FICARELLE DRIVE,,10309.0,1.0,0.0,1.0,10062.0,688.0,1945.0,1,A2,795000,2025-04-25,40.522311,-74.210661,503.0,51.0,5083322.0,5068050050.0,198.0,SI0304,2025,4,True,ONE FAMILY DWELLINGS
Staten Island,PORT IVORY,04 TAX CLASS 1 CONDOS,1A,1278,1157,R3,"183B POND WAY, 183B",183B,10303.0,1.0,,1.0,,,1988.0,1,R3,320000,2025-04-25,40.634948,-74.168985,501.0,49.0,5124489.0,5012787501.0,323.0,SI0107,2025,4,True,TAX CLASS 1 CONDOS
Staten Island,PORT RICHMOND,02 TWO FAMILY DWELLINGS,1,1123,83,B9,50 JOHN STREET,,10302.0,2.0,0.0,2.0,2100.0,1703.0,2024.0,1,B9,590585,2025-04-25,40.637882,-74.142665,501.0,49.0,5176488.0,5011230083.0,20701.0,SI0106,2025,4,True,TWO FAMILY DWELLINGS
Staten Island,PORT RICHMOND,37 RELIGIOUS FACILITIES,4,1024,15,M1,181 PORT RICHMOND AVENUE,,10302.0,0.0,1.0,1.0,3150.0,3100.0,1931.0,4,M1,1170000,2025-04-25,40.636874,-74.134163,501.0,49.0,5024010.0,5010240015.0,20702.0,SI0106,2025,4,True,RELIGIOUS FACILITIES
Staten Island,RICHMONDTOWN,01 ONE FAMILY DWELLINGS,1,4403,29,A3,3456 RICHMOND ROAD,,10306.0,1.0,0.0,1.0,5728.0,3223.0,2024.0,1,A3,1374638,2025-04-25,40.573141,-74.135003,503.0,50.0,,,138.0,SI0301,2025,4,True,ONE FAMILY DWELLINGS
Staten Island,ROSEBANK,04 TAX CLASS 1 CONDOS,1A,3024,1247,R3,82 DOGWOOD LANE,,10305.0,1.0,,1.0,,,1977.0,1,R3,180000,2025-04-25,40.602823,-74.07098,502.0,50.0,5121885.0,5030247502.0,2002.0,SI0201,2025,4,True,TAX CLASS 1 CONDOS
Staten Island,ROSSVILLE-CHARLESTON,01 ONE FAMILY DWELLINGS,1,7596,106,A5,12 CHART LOOP,,10309.0,1.0,0.0,1.0,1860.0,2365.0,2006.0,1,A5,825000,2025-04-25,40.528822,-74.239956,503.0,51.0,5148791.0,5075960106.0,22602.0,SI0305,2025,4,True,ONE FAMILY DWELLINGS
Staten Island,TODT HILL,01 ONE FAMILY DWELLINGS,1,908,75,A1,131 CLIFFWOOD AVENUE,,10304.0,1.0,0.0,1.0,88945.0,5130.0,1925.0,1,A1,3600000,2025-04-25,40.596399,-74.113859,502.0,50.0,5114825.0,5009080075.0,181.0,SI0203,2025,4,True,ONE FAMILY DWELLINGS
Staten Island,WEST NEW BRIGHTON,01 ONE FAMILY DWELLINGS,1,232,56,A1,833 DELAFIELD AVENUE,,10310.0,1.0,0.0,1.0,3500.0,1420.0,1930.0,1,A1,727000,2025-04-25,40.62814,-74.12622,501.0,49.0,5006305.0,5002320056.0,141.0,SI0106,2025,4,True,ONE FAMILY DWELLINGS
Staten Island,WESTERLEIGH,02 TWO FAMILY DWELLINGS,1,397,41,B2,688 JEWETT AVENUE,,10314.0,2.0,0.0,2.0,3809.0,3600.0,2007.0,1,B2,990000,2025-04-25,40.619985,-74.131643,501.0,50.0,5149405.0,5003970041.0,201.0,SI0105,2025,4,True,TWO FAMILY DWELLINGS
Queens,BAYSIDE,01 ONE FAMILY DWELLINGS,1,7402,67,A1,217-16 51 AVENUE,,11364.0,1.0,0.0,1.0,4500.0,1408.0,1945.0,1,A1,1050000,2025-04-26,40.754008,-73.762712,411.0,23.0,4159148.0,4074020067.0,1441.0,QN1102,2025,4,True,ONE FAMILY DWELLINGS
Staten Island,NEW BRIGHTON-ST. GEORGE,10 COOPS - ELEVATOR APARTMENTS,2,1,216,D0,"10 BAY STREET LANDING, A8I",,10301.0,,,,,,1984.0,2,D0,520000,2025-04-27,40.637993,-74.073615,501.0,49.0,5110065.0,5000010216.0,3.0,SI0101,2025,4,True,COOPS - ELEVATOR APARTMENTS
Bronx,BAYCHESTER,02 TWO FAMILY DWELLINGS,1,4978,9,B1,4018A BRUNER AVE,,10466.0,2.0,0.0,2.0,2606.0,1880.0,1950.0,1,B1,550000,2025-04-28,40.890505,-73.84655,212.0,12.0,2067297.0,2049780009.0,426.0,BX1202,2025,4,True,TWO FAMILY DWELLINGS
Bronx,BEDFORD PARK/NORWOOD,09 COOPS - WALKUP APARTMENTS,2,3347,43,C6,"3279 HULL AVENUE, 12A",,10467.0,,,,,,1924.0,2,C6,120000,2025-04-28,40.876193,-73.874904,207.0,11.0,2018362.0,2033470043.0,42902.0,BX0703,2025,4,True,COOPS - WALKUP APARTMENTS
Bronx,BEDFORD PARK/NORWOOD,10 COOPS - ELEVATOR APARTMENTS,2,3343,260,D4,"3392 WAYNE AVE, F12",,10467.0,,,,,,1928.0,2,D4,140000,2025-04-28,40.879207,-73.877853,207.0,11.0,2018226.0,2033430260.0,421.0,BX0703,2025,4,True,COOPS - ELEVATOR APARTMENTS
Bronx,BRONX PARK,22 STORE BUILDINGS,4,3357,218,K4,3478 WEBSTER AVE,,10467.0,0.0,3.0,3.0,1500.0,2650.0,1974.0,4,K4,575000,2025-04-28,40.878357,-73.871656,207.0,11.0,2018684.0,2033570218.0,42901.0,BX0703,2025,4,True,STORE BUILDINGS
Bronx,BRONXDALE,02 TWO FAMILY DWELLINGS,1,4512,24,B1,2748 WALLACE AVENUE,,10467.0,2.0,0.0,2.0,2500.0,3345.0,1925.0,1,B1,999999,2025-04-28,40.866242,-73.864427,211.0,13.0,2053716.0,2045120024.0,340.0,BX1104,2025,4,True,TWO FAMILY DWELLINGS
Bronx,BRONXDALE,07 RENTALS - WALKUP APARTMENTS,2A,4572,44,C3,3011 MATTHEWS AVENUE,,10467.0,4.0,0.0,4.0,2500.0,3520.0,1931.0,2,C3,900000,2025-04-28,40.870006,-73.862445,212.0,12.0,2055691.0,2045720044.0,340.0,BX1104,2025,4,True,RENTALS - WALKUP APARTMENTS
Bronx,KINGSBRIDGE/JEROME PARK,02 TWO FAMILY DWELLINGS,1,3258,136,B1,3498 FT INDEPENDENCE ST,,10463.0,2.0,0.0,2.0,5820.0,3212.0,1960.0,1,B1,1300000,2025-04-28,40.882172,-73.898276,208.0,11.0,2015838.0,2032580136.0,279.0,BX0801,2025,4,True,TWO FAMILY DWELLINGS
Bronx,KINGSBRIDGE/JEROME PARK,10 COOPS - ELEVATOR APARTMENTS,2,5714,164,D4,"3125 TIBBETT AVENUE, 9H",,10463.0,,,,,,1961.0,2,D4,225000,2025-04-28,40.881195,-73.908042,208.0,11.0,2091858.0,2057140164.0,289.0,BX0802,2025,4,True,COOPS - ELEVATOR APARTMENTS
Bronx,MELROSE/CONCOURSE,03 THREE FAMILY DWELLINGS,1,2782,185,C0,1387 CLAY AVENUE,,10456.0,3.0,0.0,3.0,1250.0,2952.0,1901.0,1,C0,810000,2025-04-28,40.836467,-73.908309,204.0,16.0,2007163.0,2027820185.0,17702.0,BX0403,2025,4,True,THREE FAMILY DWELLINGS
Bronx,PARKCHESTER,01 ONE FAMILY DWELLINGS,1,4029,28,S1,621 VAN NEST AVENUE,,10460.0,1.0,1.0,2.0,1900.0,2030.0,1925.0,1,S1,520000,2025-04-28,40.842814,-73.867489,211.0,13.0,2042924.0,2040290028.0,240.0,BX1101,2025,4,True,ONE FAMILY DWELLINGS
Bronx,PARKCHESTER,13 CONDOS - ELEVATOR APARTMENTS,2,3937,3119,R4,"1505 ARCHER ROAD, 2D",2D,10462.0,1.0,,1.0,,,,2,R4,310000,2025-04-28,40.838511,-73.863085,209.0,18.0,2096617.0,2039377501.0,21602.0,BX0904,2025,4,True,CONDOS - ELEVATOR APARTMENTS
Bronx,PELHAM GARDENS,02 TWO FAMILY DWELLINGS,1,4496,54,B2,2444 DELANOY AVENUE,,10469.0,2.0,0.0,2.0,4283.0,2440.0,1987.0,1,B2,1150000,2025-04-28,40.861597,-73.834271,211.0,13.0,2087277.0,2044960054.0,310.0,BX1103,2025,4,True,TWO FAMILY DWELLINGS
Bronx,RIVERDALE,10 COOPS - ELEVATOR APARTMENTS,2,5722,445,D4,"555 KAPPOCK STREET, 14U",,10463.0,,,,,,1966.0,2,D4,258570,2025-04-28,40.878128,-73.917422,208.0,11.0,2083246.0,2057220445.0,29302.0,BX0803,2025,4,True,COOPS - ELEVATOR APARTMENTS
Bronx,SCHUYLERVILLE/PELHAM BAY,02 TWO FAMILY DWELLINGS,1,4233,9,B1,1930 PILGRIM AVENUE,,10461.0,2.0,0.0,2.0,4750.0,3588.0,1955.0,1,B1,1227000,2025-04-28,40.850334,-73.833002,210.0,13.0,2047266.0,2042330009.0,300.0,BX1003,2025,4,True,TWO FAMILY DWELLINGS
Bronx,SOUNDVIEW,01 ONE FAMILY DWELLINGS,1,3527,5,A1,1909 LACOMBE AVENUE,,10473.0,1.0,0.0,1.0,2500.0,1448.0,1930.0,1,A1,451230,2025-04-28,40.815599,-73.857319,209.0,18.0,2021570.0,2035270005.0,16.0,BX0902,2025,4,True,ONE FAMILY DWELLINGS
Bronx,SOUNDVIEW,02 TWO FAMILY DWELLINGS,1,3763,25,B2,1240 SAINT LAWRENCE AVENUE,,10472.0,2.0,0.0,2.0,2500.0,3212.0,1920.0,1,B2,990000,2025-04-28,40.830962,-73.867094,209.0,18.0,2024689.0,2037630025.0,70.0,BX0901,2025,4,True,TWO FAMILY DWELLINGS
Bronx,SOUNDVIEW,03 THREE FAMILY DWELLINGS,1,3717,24,C0,1044 MANOR AVENUE,,10472.0,3.0,0.0,3.0,2500.0,3975.0,1930.0,1,C0,100000,2025-04-28,40.82523,-73.875513,209.0,18.0,2023557.0,2037170024.0,48.0,BX0901,2025,4,True,THREE FAMILY DWELLINGS
Manhattan,GREENWICH VILLAGE-CENTRAL,10 COOPS - ELEVATOR APARTMENTS,2,577,24,D4,"25 WEST 13TH STREET, 6PN",,10011.0,,,,,,1960.0,2,D4,480150,2025-08-28,40.735755,-73.99515,102.0,2.0,1083516.0,1005770024.0,63.0,MN0202,2025,8,True,COOPS - ELEVATOR APARTMENTS
Manhattan,GREENWICH VILLAGE-WEST,13 CONDOS - ELEVATOR APARTMENTS,2,636,1217,R4,"150 CHARLES STREET, 2BS",2BS,10014.0,1.0,,1.0,,,1938.0,2,R4,3887500,2025-08-28,40.734034,-74.008811,102.0,3.0,1089743.0,1006367503.0,75.0,MN0203,2025,8,True,CONDOS - ELEVATOR APARTMENTS
Manhattan,HARLEM-CENTRAL,02 TWO FAMILY DWELLINGS,1,1754,116,B1,2040 MADISON AVENUE,,10035.0,2.0,0.0,2.0,1231.0,3240.0,1899.0,1,B1,2604204,2025-08-28,40.808464,-73.93867,111.0,9.0,1054266.0,1017540116.0,206.0,MN1102,2025,8,True,TWO FAMILY DWELLINGS
Manhattan,HARLEM-CENTRAL,07 RENTALS - WALKUP APARTMENTS,2B,1749,6,C1,5 EAST 124 STREET,,10035.0,8.0,0.0,8.0,2018.0,2994.0,1909.0,2,C1,1330000,2025-08-28,40.805512,-73.942191,111.0,9.0,1053999.0,1017490006.0,198.0,MN1102,2025,8,True,RENTALS - WALKUP APARTMENTS
Manhattan,HARLEM-CENTRAL,10 COOPS - ELEVATOR APARTMENTS,2,2006,49,D4,"128 WEST 138 STREET, 5F",,10030.0,,,,,,1930.0,2,D4,250000,2025-08-28,40.816658,-73.940978,110.0,9.0,1060012.0,1020060049.0,228.0,MN1002,2025,8,True,COOPS - ELEVATOR APARTMENTS
Manhattan,HARLEM-CENTRAL,13 CONDOS - ELEVATOR APARTMENTS,2,1726,1246,R4,"60 WEST 129 STREET, 601",601,10027.0,1.0,,1.0,,,1921.0,2,R4,1200000,2025-08-28,40.809819,-73.942462,110.0,9.0,1053712.0,1017267503.0,208.0,MN1002,2025,8,True,CONDOS - ELEVATOR APARTMENTS
Manhattan,HARLEM-CENTRAL,15 CONDOS - 2-10 UNIT RESIDENTIAL,2C,1720,1102,R1,"10 MT MORRIS PARK WEST, 2",2,10027.0,1.0,,1.0,,,1923.0,2,R1,825000,2025-08-28,40.804441,-73.945811,110.0,9.0,1053334.0,1017207502.0,200.0,MN1001,2025,8,True,CONDOS - 2-10 UNIT RESIDENTIAL
Manhattan,HARLEM-EAST,13 CONDOS - ELEVATOR APARTMENTS,2,1631,1142,R4,"1399 PARK AVE., 11E",11E,10029.0,1.0,,1.0,,,2016.0,2,R4,708000,2025-08-28,40.79135,-73.948476,111.0,8.0,1089853.0,1016317502.0,166.0,MN1101,2025,8,True,CONDOS - ELEVATOR APARTMENTS
Manhattan,HARLEM-EAST,13 CONDOS - ELEVATOR APARTMENTS,2,1631,1165,R4,"1399 PARK AVE, 17A",17A,10029.0,1.0,,1.0,,,2016.0,2,R4,1515000,2025-08-28,40.79135,-73.948476,111.0,8.0,1089853.0,1016317502.0,166.0,MN1101,2025,8,True,CONDOS - ELEVATOR APARTMENTS
Manhattan,INWOOD,10 COOPS - ELEVATOR APARTMENTS,2,2248,1,D4,"91 PAYSON AVENUE, 4G",,10034.0,,,,,,1935.0,2,D4,665000,2025-08-28,40.868036,-73.926868,112.0,10.0,1065063.0,1022480001.0,295.0,MN1203,2025,8,True,COOPS - ELEVATOR APARTMENTS
Manhattan,JAVITS CENTER,13 CONDOS - ELEVATOR APARTMENTS,2,702,1071,R4,"15 HUDSON YARDS, 31A",31A,10001.0,1.0,,1.0,,,2015.0,2,R4,3800000,2025-08-28,40.753819,-74.003404,104.0,3.0,1089411.0,1007027502.0,9903.0,MN0401,2025,8,True,CONDOS - ELEVATOR APARTMENTS
Manhattan,JAVITS CENTER,13 CONDOS - ELEVATOR APARTMENTS,2,702,1473,R4,"35 HUDSON YARDS, 6703",6703,10001.0,1.0,,1.0,,,2015.0,2,R4,4998750,2025-08-28,40.754557,-74.002866,104.0,3.0,1091590.0,1007027503.0,9903.0,MN0401,2025,8,True,CONDOS - ELEVATOR APARTMENTS
Manhattan,KIPS BAY,13 CONDOS - ELEVATOR APARTMENTS,2,928,1401,R4,"340 EAST 23 STREET, PH2F",PH2F,10010.0,1.0,,1.0,,,2007.0,2,R4,1575000,2025-08-28,40.737411,-73.979803,106.0,2.0,1020579.0,1009287503.0,64.0,MN0602,2025,8,True,CONDOS - ELEVATOR APARTMENTS
Manhattan,KIPS BAY,13 CONDOS - ELEVATOR APARTMENTS,2,928,1541,R4,"300 E 23 ST, 7H",7H,10010.0,1.0,,1.0,,,2008.0,2,R4,1025000,2025-08-28,40.73773,-73.980554,106.0,2.0,1088559.0,1009287504.0,64.0,MN0602,2025,8,True,CONDOS - ELEVATOR APARTMENTS
Manhattan,LOWER EAST SIDE,07 RENTALS - WALKUP APARTMENTS,2,419,66,C7,135 ELDRIDGE STREET,,10002.0,28.0,2.0,30.0,5050.0,21648.0,1900.0,2,C7,13500000,2025-08-28,40.718996,-73.991544,103.0,1.0,1005591.0,1004190066.0,18.0,MN0302,2025,8,True,RENTALS - WALKUP APARTMENTS
Manhattan,LOWER EAST SIDE,13 CONDOS - ELEVATOR APARTMENTS,2,426,1105,R4,"199 CHRYSTIE STREET, 4S",4S,10002.0,1.0,,1.0,,,2020.0,2,R4,2300000,2025-08-28,40.722048,-73.99184,103.0,1.0,1005718.0,1004267502.0,3601.0,MN0302,2025,8,True,CONDOS - ELEVATOR APARTMENTS
Manhattan,MIDTOWN CBD,13 CONDOS - ELEVATOR APARTMENTS,2,1304,1401,R4,"301 PARK AVENUE, 2911",2911,10022.0,1.0,,1.0,,,1930.0,2,R4,5420000,2025-08-28,40.756648,-73.974358,105.0,4.0,1084771.0,1013047501.0,100.0,MN0604,2025,8,True,CONDOS - ELEVATOR APARTMENTS
Manhattan,MIDTOWN CBD,28 COMMERCIAL CONDOS,4,1309,1302,RB,"641 LEXINGTON AVE, 2E",2E,10022.0,,1.0,1.0,,,1964.0,4,R5,18146661,2025-08-28,40.75903,-73.970321,106.0,4.0,1036482.0,1013090023.0,100.0,MN0604,2025,8,True,COMMERCIAL CONDOS
Manhattan,MIDTOWN EAST,10 COOPS - ELEVATOR APARTMENTS,2,1334,22,D4,"25 TUDOR CITY PLACE, 808",,10017.0,,,,,,1928.0,2,D4,350000,2025-08-28,40.748545,-73.970799,106.0,4.0,1038655.0,1013340022.0,88.0,MN0603,2025,8,True,COOPS - ELEVATOR APARTMENTS
Manhattan,MIDTOWN WEST,07 RENTALS - WALKUP APARTMENTS,2,1033,45,C4,324 WEST 43 STREET,,10036.0,20.0,0.0,20.0,2510.0,9660.0,1930.0,2,C4,3250000,2025-08-28,40.758287,-73.990218,104.0,3.0,1024948.0,1010330045.0,12101.0,MN0402,2025,8,True,RENTALS - WALKUP APARTMENTS
Manhattan,MIDTOWN WEST,13 CONDOS - ELEVATOR APARTMENTS,2,1032,1473,R4,"350 WEST 42 STREET, 51H",51H,10036.0,1.0,,1.0,,,2004.0,2,R4,1200000,2025-08-28,40.757834,-73.99124,104.0,3.0,1087264.0,1010327501.0,115.0,MN0402,2025,8,True,CONDOS - ELEVATOR APARTMENTS
Manhattan,MIDTOWN WEST,45 CONDO HOTELS,4,1260,1101,RH,"66 WEST 45 STREET, HU 1",HU 1,10036.0,,1.0,1.0,,,2008.0,4,RH,54735750,2025-08-28,40.756241,-73.98148,105.0,4.0,1034238.0,1012607502.0,96.0,MN0502,2025,8,True,CONDO HOTELS
Manhattan,MURRAY HILL,10 COOPS - ELEVATOR APARTMENTS,2,866,64,D4,"220 MADISON AVENUE, 15N",,10016.0,,,,,,1941.0,2,D4,510000,2025-08-28,40.74922,-73.981911,105.0,4.0,1017187.0,1008660064.0,82.0,MN0502,2025,8,True,COOPS - ELEVATOR APARTMENTS
Manhattan,MURRAY HILL,10 COOPS - ELEVATOR APARTMENTS,2,890,49,D4,"166 EAST 35TH STREET, 7F",,10016.0,,,,,,1957.0,2,D4,395000,2025-08-28,40.746721,-73.97844,106.0,4.0,1018530.0,1008900049.0,72.0,MN0603,2025,8,True,COOPS - ELEVATOR APARTMENTS
Manhattan,TRIBECA,13 CONDOS - ELEVATOR APARTMENTS,2,180,1705,R4,"7 HARRISON STREET, 3S",3S,10013.0,1.0,,1.0,,,1900.0,2,R4,5150000,2025-08-28,40.718699,-74.009491,101.0,1.0,1002037.0,1001807512.0,39.0,MN0102,2025,8,True,CONDOS - ELEVATOR APARTMENTS
Manhattan,TRIBECA,13 CONDOS - ELEVATOR APARTMENTS,2,215,1411,R4,"157 HUDSON STREET, 3D",3D,10013.0,1.0,,1.0,,,,2,R4,4400000,2025-08-28,40.721647,-74.008298,101.0,1.0,1088445.0,1002157505.0,39.0,MN0102,2025,8,True,CONDOS - ELEVATOR APARTMENTS
Manhattan,UPPER EAST SIDE (59-79),10 COOPS - ELEVATOR APARTMENTS,2,1374,69,D4,"785 FIFTH AVENUE, 12AB",,10022.0,,,,,,1963.0,2,D4,11600000,2025-08-28,40.764627,-73.972745,108.0,4.0,1040765.0,1013740069.0,11401.0,MN0802,2025,8,True,COOPS - ELEVATOR APARTMENTS
Manhattan,UPPER EAST SIDE (59-79),10 COOPS - ELEVATOR APARTMENTS,2,1380,23,D4,"27 EAST 65TH STREET, 8E",,10065.0,,,,,,1963.0,2,D4,685000,2025-08-28,40.767255,-73.968441,108.0,4.0,1041128.0,1013800023.0,122.0,MN0802,2025,8,True,COOPS - ELEVATOR APARTMENTS
Manhattan,UPPER EAST SIDE (59-79),10 COOPS - ELEVATOR APARTMENTS,2,1393,43,D4,"66 EAST 79TH STREET, 6",,10075.0,,,,,,1926.0,2,D4,5525000,2025-08-28,40.77599,-73.961363,108.0,4.0,1041880.0,1013930043.0,142.0,MN0802,2025,8,True,COOPS - ELEVATOR APARTMENTS
Manhattan,UPPER EAST SIDE (59-79),10 COOPS - ELEVATOR APARTMENTS,2,1406,65,D4,"114 EAST 72 STREET, 6/7B",,10021.0,,,,,,1963.0,2,D4,2100000,2025-08-28,40.770808,-73.963143,108.0,4.0,1042829.0,1014060065.0,128.0,MN0802,2025,8,True,COOPS - ELEVATOR APARTMENTS
Manhattan,UPPER EAST SIDE (59-79),10 COOPS - ELEVATOR APARTMENTS,2,1407,16,D4,"125 EAST 72ND STREET, 5AFH",,10021.0,,,,,,1917.0,2,D4,6000000,2025-08-28,40.77069,-73.962818,108.0,4.0,1042844.0,1014070016.0,128.0,MN0802,2025,8,True,COOPS - ELEVATOR APARTMENTS
Manhattan,UPPER EAST SIDE (59-79),13 CONDOS - ELEVATOR APARTMENTS,2,1390,1503,R4,"20 EAST 76TH STREET, 11B",11B,10021.0,1.0,,1.0,,,1926.0,2,R4,9000000,2025-08-28,40.774549,-73.964003,108.0,4.0,1041706.0,1013907505.0,130.0,MN0802,2025,8,True,CONDOS - ELEVATOR APARTMENTS
Manhattan,UPPER EAST SIDE (59-79),13 CONDOS - ELEVATOR APARTMENTS,2,1417,1257,R4,"249 EAST 62ND STREET, 21A",21A,10065.0,1.0,,1.0,,,2021.0,2,R4,3905000,2025-08-28,40.762972,-73.964104,108.0,5.0,1090660.0,1014177503.0,110.0,MN0801,2025,8,True,CONDOS - ELEVATOR APARTMENTS
Manhattan,UPPER EAST SIDE (79-96),01 ONE FAMILY DWELLINGS,1,1543,48,A4,308 EAST 81ST STREET,,10028.0,1.0,0.0,1.0,1533.0,3015.0,1901.0,1,A4,5200000,2025-08-28,40.774441,-73.953605,108.0,5.0,1049824.0,1015430048.0,138.0,MN0803,2025,8,True,ONE FAMILY DWELLINGS
Manhattan,UPPER EAST SIDE (79-96),10 COOPS - ELEVATOR APARTMENTS,2,1542,19,D4,"340 EAST 80TH STREET, 12A",,10075.0,,,,,,1961.0,2,D4,569000,2025-08-28,40.77333,-73.952945,108.0,5.0,1049251.0,1015420019.0,138.0,MN0803,2025,8,True,COOPS - ELEVATOR APARTMENTS
Manhattan,UPPER EAST SIDE (79-96),10 COOPS - ELEVATOR APARTMENTS,2,1556,23,D4,"345 EAST 93RD STREET, 25H",,10128.0,,,,,,1974.0,2,D4,550000,2025-08-28,40.781501,-73.946545,108.0,5.0,1050288.0,1015560023.0,15402.0,MN0803,2025,8,True,COOPS - ELEVATOR APARTMENTS
Manhattan,UPPER EAST SIDE (79-96),10 COOPS - ELEVATOR APARTMENTS,2,1559,10,D4,"425 EAST 79TH STREET, 12H",,10075.0,,,,,,1955.0,2,D4,345000,2025-08-28,40.772045,-73.951957,108.0,5.0,1050349.0,1015590010.0,13603.0,MN0803,2025,8,True,COOPS - ELEVATOR APARTMENTS
Manhattan,UPPER EAST SIDE (79-96),10 COOPS - ELEVATOR APARTMENTS,2,1564,47,D4,"400 EAST 85TH ST, 17E",,10028.0,,,,,,1962.0,2,D4,515000,2025-08-28,40.776164,-73.94982,108.0,5.0,1050520.0,1015640047.0,14401.0,MN0803,2025,8,True,COOPS - ELEVATOR APARTMENTS
Manhattan,UPPER EAST SIDE (79-96),13 CONDOS - ELEVATOR APARTMENTS,2,1515,1788,R4,"170 EAST 87 STREET, W15H",W15H,10128.0,1.0,,1.0,,,,2,R4,1475000,2025-08-28,40.779846,-73.954342,108.0,4.0,1047961.0,1015157503.0,14802.0,MN0802,2025,8,True,CONDOS - ELEVATOR APARTMENTS
Manhattan,UPPER EAST SIDE (79-96),13 CONDOS - ELEVATOR APARTMENTS,2,1518,1073,R4,"120 EAST 90TH STREET, 3F",3F,10128.0,1.0,,1.0,,,1962.0,2,R4,600000,2025-08-28,40.782344,-73.954419,108.0,4.0,1048139.0,1015187501.0,14802.0,MN0802,2025,8,True,CONDOS - ELEVATOR APARTMENTS
Manhattan,UPPER WEST SIDE (59-79),10 COOPS - ELEVATOR APARTMENTS,2,1122,29,D4,"91 CENTRAL PARK WEST, 5A",,10023.0,,,,,,1929.0,2,D4,4400000,2025-08-28,40.77438,-73.977312,107.0,6.0,1028508.0,1011220029.0,15301.0,MN0701,2025,8,True,COOPS - ELEVATOR APARTMENTS
Manhattan,UPPER WEST SIDE (59-79),13 CONDOS - ELEVATOR APARTMENTS,2,1140,1632,R4,"155 WEST 68 STREET, 28-C",28-C,10023.0,1.0,,1.0,,,1965.0,2,R4,1379729,2025-08-28,40.775704,-73.982659,107.0,6.0,1028950.0,1011407501.0,15302.0,MN0701,2025,8,True,CONDOS - ELEVATOR APARTMENTS
Manhattan,UPPER WEST SIDE (59-79),13 CONDOS - ELEVATOR APARTMENTS,2,1165,1455,R4,"2109 BROADWAY, 4-126",4-126,10023.0,1.0,,1.0,,,,2,R4,2600000,2025-08-28,40.780408,-73.982076,107.0,6.0,1030544.0,1011657503.0,159.0,MN0701,2025,8,True,CONDOS - ELEVATOR APARTMENTS
Manhattan,UPPER WEST SIDE (59-79),13 CONDOS - ELEVATOR APARTMENTS,2,1171,4743,R4,"1 WEST END AVENUE, 11L",11L,10023.0,1.0,,1.0,,,2014.0,2,R4,1650000,2025-08-28,40.771821,-73.990313,107.0,6.0,1088869.0,1011717511.0,15102.0,MN0701,2025,8,True,CONDOS - ELEVATOR APARTMENTS
Manhattan,UPPER WEST SIDE (59-79),17 CONDO COOPS,2,1158,1405,R9,"170 WEST END AVENUE, 29G",,10023.0,,,,,,1965.0,2,R9,527500,2025-08-28,40.776775,-73.984565,107.0,6.0,1070721.0,1011587505.0,15501.0,MN0701,2025,8,True,CONDO COOPS
Manhattan,UPPER WEST SIDE (59-79),17 CONDO COOPS,2,1179,1212,R9,"185 WEST END AVENUE, 26S",,10023.0,,,,,,1962.0,2,R9,695000,2025-08-28,40.777612,-73.986092,107.0,6.0,1070754.0,1011797502.0,15502.0,MN0701,2025,8,True,CONDO COOPS
Manhattan,UPPER WEST SIDE (79-96),10 COOPS - ELEVATOR APARTMENTS,2,1217,14,D4,"145 WEST 86TH STREET, 8A",,10024.0,,,,,,1925.0,2,D4,1815000,2025-08-28,40.787208,-73.973862,107.0,6.0,1032191.0,1012170014.0,173.0,MN0702,2025,8,True,COOPS - ELEVATOR APARTMENTS
Manhattan,UPPER WEST SIDE (79-96),10 COOPS - ELEVATOR APARTMENTS,2,1245,86,D4,"320 WEST 84TH STREET, 6B",,10024.0,,,,,,1900.0,2,D4,447500,2025-08-28,40.787931,-73.979709,107.0,6.0,1033825.0,1012450086.0,171.0,MN0702,2025,8,True,COOPS - ELEVATOR APARTMENTS
Manhattan,UPPER WEST SIDE (79-96),13 CONDOS - ELEVATOR APARTMENTS,2,1243,1836,R4,"720 WEST END AVENUE, 5K",5K,10025.0,1.0,,1.0,,,1927.0,2,R4,2800000,2025-08-28,40.794723,-73.973581,107.0,7.0,1033691.0,1012430001.0,183.0,MN0702,2025,8,True,CONDOS - ELEVATOR APARTMENTS
Manhattan,UPPER WEST SIDE (96-116),13 CONDOS - ELEVATOR APARTMENTS,2,1874,1176,R4,"218 WEST 103RD STREET, 12A",12A,10025.0,1.0,,1.0,,,2023.0,2,R4,1140000,2025-08-28,40.79891,-73.9681,107.0,7.0,1091027.0,1018747502.0,191.0,MN0703,2025,8,True,CONDOS - ELEVATOR APARTMENTS
Manhattan,WASHINGTON HEIGHTS LOWER,10 COOPS - ELEVATOR APARTMENTS,2,2136,86,D4,"47 FORT WASHINGTON AVENUE, 55",,10032.0,,,,,,1914.0,2,D4,755000,2025-08-28,40.836732,-73.944444,112.0,7.0,1063322.0,1021360086.0,247.0,MN1201,2025,8,True,COOPS - ELEVATOR APARTMENTS
Queens,ASTORIA,02 TWO FAMILY DWELLINGS,1,875,67,B1,23-62 24 STREET,,11105.0,2.0,0.0,2.0,2442.0,2600.0,1930.0,1,B1,1565000,2025-08-28,40.776217,-73.918856,401.0,22.0,4019294.0,4008750067.0,97.0,QN0101,2025,8,True,TWO FAMILY DWELLINGS
Queens,ASTORIA,12 CONDOS - WALKUP APARTMENTS,2,578,1001,R4,"25-25 31ST AVENUE, 2A",2A,11106.0,1.0,,1.0,,,2022.0,2,R2,725000,2025-08-28,40.765641,-73.926219,401.0,22.0,4000000.0,4005780005.0,73.0,QN0103,2025,8,True,CONDOS - WALKUP APARTMENTS
Queens,ASTORIA,12 CONDOS - WALKUP APARTMENTS,2,578,1002,R4,"25-25 31ST AVENUE, 2B",2B,11106.0,1.0,,1.0,,,2022.0,2,R2,926608,2025-08-28,40.765641,-73.926219,401.0,22.0,4000000.0,4005780005.0,73.0,QN0103,2025,8,True,CONDOS - WALKUP APARTMENTS
Queens,BAYSIDE,01 ONE FAMILY DWELLINGS,1,5547,87,A2,200-07 46 AVE,,11361.0,1.0,0.0,1.0,4300.0,1060.0,1950.0,1,A2,1070000,2025-08-28,40.754821,-73.781265,411.0,19.0,4125289.0,4055470087.0,145102.0,QN1101,2025,8,True,ONE FAMILY DWELLINGS
Queens,BAYSIDE,01 ONE FAMILY DWELLINGS,1,6145,6,A1,200-12 36 AVENUE,,11361.0,1.0,0.0,1.0,3500.0,1720.0,1940.0,1,A1,1120000,2025-08-28,40.764072,-73.786148,411.0,19.0,4136007.0,4061450006.0,1133.0,QN1101,2025,8,True,ONE FAMILY DWELLINGS
Queens,BAYSIDE,09 COOPS - WALKUP APARTMENTS,2,7341,12,C6,"46-26 215 PLACE, 3A",,11361.0,,,,,,1950.0,2,C6,325000,2025-08-28,40.758255,-73.765931,411.0,19.0,4444166.0,4073410012.0,1441.0,QN1102,2025,8,True,COOPS - WALKUP APARTMENTS
Queens,BAYSIDE,10 COOPS - ELEVATOR APARTMENTS,2,5872,2,D4,"211-35 23RD AVENUE, IK",,11360.0,,,,,,1961.0,2,D4,570000,2025-08-28,40.780144,-73.77985,407.0,19.0,4443725.0,4058720002.0,99704.0,QN0703,2025,8,True,COOPS - ELEVATOR APARTMENTS
Queens,BAYSIDE,10 COOPS - ELEVATOR APARTMENTS,2,5938,3,D4,"17-85 215 STREET, 2L",,11360.0,,,,,,1969.0,2,D4,450000,2025-08-28,40.784921,-73.777144,407.0,19.0,4454650.0,4059380003.0,99703.0,QN0703,2025,8,True,COOPS - ELEVATOR APARTMENTS
Queens,BELLEROSE,01 ONE FAMILY DWELLINGS,1,8619,41,A1,85-28 252 STREET,,11426.0,1.0,0.0,1.0,4000.0,1434.0,1950.0,1,A1,900000,2025-08-28,40.733121,-73.714678,413.0,23.0,4175802.0,4086190041.0,157101.0,QN1302,2025,8,True,ONE FAMILY DWELLINGS
Queens,CAMBRIA HEIGHTS,01 ONE FAMILY DWELLINGS,1,12763,27,A2,118-52 227TH STREET,,11411.0,1.0,0.0,1.0,4000.0,1344.0,1950.0,1,A2,780000,2025-08-28,40.690821,-73.735304,413.0,27.0,4275055.0,4127630027.0,606.0,QN1304,2025,8,True,ONE FAMILY DWELLINGS
Queens,CAMBRIA HEIGHTS,01 ONE FAMILY DWELLINGS,1,12779,19,A2,219-04 119TH AVENUE,,11411.0,1.0,0.0,1.0,4000.0,1321.0,1950.0,1,A2,750000,2025-08-28,40.692051,-73.742573,413.0,27.0,4275422.0,4127790019.0,610.0,QN1304,2025,8,True,ONE FAMILY DWELLINGS
Queens,CORONA,13 CONDOS - ELEVATOR APARTMENTS,2,1773,1312,R4,"107-16 37 AVENUE, P3",4A,11368.0,1.0,,1.0,,,2011.0,2,R4,479000,2025-08-28,40.753927,-73.861064,403.0,21.0,4044477.0,4017737504.0,40302.0,QN0303,2025,8,True,CONDOS - ELEVATOR APARTMENTS
Queens,CORONA,15 CONDOS - 2-10 UNIT RESIDENTIAL,2C,1782,1002,R1,"112-09 38 AVENUE, 1A",1A,11368.0,1.0,,1.0,,,2005.0,2,R1,380000,2025-08-28,40.75367,-73.855084,403.0,21.0,4534025.0,4017827501.0,39902.0,QN0303,2025,8,True,CONDOS - 2-10 UNIT RESIDENTIAL
Queens,EAST ELMHURST,01 ONE FAMILY DWELLINGS,1,1106,44,A5,24-47 95 STREET,,11369.0,1.0,0.0,1.0,1852.0,1238.0,2023.0,1,A5,925000,2025-08-28,40.764726,-73.874532,403.0,21.0,4000000.0,4011060044.0,357.0,QN0302,2025,8,True,ONE FAMILY DWELLINGS
Queens,EAST ELMHURST,01 ONE FAMILY DWELLINGS,1,1664,20,A1,27-30 BUTLER STREET,,11369.0,1.0,0.0,1.0,4000.0,3212.0,1930.0,1,A1,880000,2025-08-28,40.765025,-73.864615,403.0,21.0,4041437.0,4016640020.0,371.0,QN0302,2025,8,True,ONE FAMILY DWELLINGS
Queens,ELMHURST,01 ONE FAMILY DWELLINGS,1,1570,22,A1,42-78 HAMPTON STREET,,11373.0,1.0,0.0,1.0,2500.0,1776.0,1925.0,1,A1,1350000,2025-08-28,40.743736,-73.875579,404.0,25.0,4039297.0,4015700022.0,467.0,QN0401,2025,8,True,ONE FAMILY DWELLINGS
Queens,ELMHURST,08 RENTALS - ELEVATOR APARTMENTS,2,1516,33,D1,86-15 ELMHURST AVENUE,,11373.0,66.0,0.0,66.0,14250.0,66000.0,1939.0,2,D1,7450000,2025-08-28,40.743913,-73.879144,404.0,25.0,4037466.0,4015160033.0,27101.0,QN0401,2025,8,True,RENTALS - ELEVATOR APARTMENTS
Queens,FLORAL PARK,02 TWO FAMILY DWELLINGS,1,8780,25,B2,268-04 83 AVENUE,,11040.0,2.0,0.0,2.0,4000.0,2184.0,1970.0,1,B2,1350000,2025-08-28,40.740762,-73.70143,413.0,23.0,4179637.0,4087800025.0,157901.0,QN1301,2025,8,True,TWO FAMILY DWELLINGS
Queens,FLUSHING-NORTH,01 ONE FAMILY DWELLINGS,1,5689,29,A1,58-18 186 STREET,,11365.0,1.0,0.0,1.0,4000.0,1196.0,1939.0,1,A1,1130000,2025-08-28,40.741691,-73.789129,411.0,20.0,4128446.0,4056890029.0,1417.0,QN1101,2025,8,True,ONE FAMILY DWELLINGS
Queens,FLUSHING-NORTH,10 COOPS - ELEVATOR APARTMENTS,2,4312,10,D4,"139-15 28TH ROAD, 6F",,,,,,,,1952.0,2,D4,255000,2025-08-28,40.772178,-73.829201,407.0,20.0,4443277.0,4043120010.0,88903.0,QN0704,2025,8,True,COOPS - ELEVATOR APARTMENTS
Queens,FLUSHING-NORTH,10 COOPS - ELEVATOR APARTMENTS,2,4981,78,D4,"140-39 34TH AVENUE, 5K",,11354.0,,,,,,1960.0,2,D4,400000,2025-08-28,40.76654,-73.82697,407.0,20.0,4112570.0,4049810078.0,1161.0,QN0707,2025,8,True,COOPS - ELEVATOR APARTMENTS
Queens,FLUSHING-NORTH,10 COOPS - ELEVATOR APARTMENTS,2,5028,7,D4,"38-15 149TH STREET, 4K",,11354.0,,,,,,1955.0,2,D4,306000,2025-08-28,40.764067,-73.816746,407.0,20.0,4113975.0,4050280007.0,1157.0,QN0704,2025,8,True,COOPS - ELEVATOR APARTMENTS
Queens,FLUSHING-NORTH,13 CONDOS - ELEVATOR APARTMENTS,2,5003,1380,R4,"144-49 NORTHERN BOULEVARD, 410",410,11354.0,1.0,,1.0,,,2021.0,2,R4,606465,2025-08-28,40.764722,-73.822978,407.0,20.0,4618435.0,4050037504.0,116301.0,QN0704,2025,8,True,CONDOS - ELEVATOR APARTMENTS
Queens,FLUSHING-NORTH,13 CONDOS - ELEVATOR APARTMENTS,2,5039,1407,R4,"132-49 41 ROAD, 2-A",2-A,11355.0,1.0,,1.0,,,2005.0,2,R4,550000,2025-08-28,40.756002,-73.832394,407.0,20.0,4534024.0,4050397505.0,84902.0,QN0707,2025,8,True,CONDOS - ELEVATOR APARTMENTS
Queens,FLUSHING-NORTH,13 CONDOS - ELEVATOR APARTMENTS,2,5040,1236,R4,"132-35 SANFORD AVENUE, 4N",4N,11355.0,1.0,,1.0,,,1960.0,2,R4,600000,2025-08-28,40.755121,-73.832114,407.0,20.0,4114213.0,4050407502.0,84902.0,QN0707,2025,8,True,CONDOS - ELEVATOR APARTMENTS
Queens,FLUSHING-NORTH,13 CONDOS - ELEVATOR APARTMENTS,2,5066,2810,R4,"131-02B 40TH ROAD, 15L",15L,11354.0,1.0,,1.0,,,2020.0,2,R4,658798,2025-08-28,40.755575,-73.836625,407.0,20.0,4624163.0,4050667508.0,871.0,QN0707,2025,8,True,CONDOS - ELEVATOR APARTMENTS
Queens,FLUSHING-NORTH,13 CONDOS - ELEVATOR APARTMENTS,2,5066,2835,R4,"131-02B 40TH ROAD, 17O",17O,11354.0,1.0,,1.0,,,2020.0,2,R4,618078,2025-08-28,40.755575,-73.836625,407.0,20.0,4624163.0,4050667508.0,871.0,QN0707,2025,8,True,CONDOS - ELEVATOR APARTMENTS
Queens,FLUSHING-NORTH,44 CONDO PARKING,4,5066,2367,RG,"131-02A 40TH ROAD, P67",P67,11354.0,,1.0,1.0,,,2020.0,4,RG,96330,2025-08-28,40.755575,-73.836625,407.0,20.0,4624162.0,4050667508.0,871.0,QN0707,2025,8,True,CONDO PARKING
Queens,FLUSHING-SOUTH,01 ONE FAMILY DWELLINGS,1,6750,62,A1,61-34 PARSONS BOULEVARD,,11365.0,1.0,0.0,1.0,2400.0,1648.0,1925.0,1,A1,860000,2025-08-28,40.737639,-73.81045,408.0,24.0,4146786.0,4067500062.0,122702.0,QN0802,2025,8,True,ONE FAMILY DWELLINGS
Queens,FOREST HILLS,01 ONE FAMILY DWELLINGS,1,3186,60,A5,67-17 HARROW STREET,,11375.0,1.0,0.0,1.0,2000.0,1512.0,1940.0,1,A5,1255000,2025-08-28,40.718151,-73.855872,406.0,29.0,4075678.0,4031860060.0,709.0,QN0602,2025,8,True,ONE FAMILY DWELLINGS
Queens,FOREST HILLS,01 ONE FAMILY DWELLINGS,1,3200,19,A5,68-28 GROTON STREET,,11375.0,1.0,0.0,1.0,1800.0,1152.0,1945.0,1,A5,1020000,2025-08-28,40.71787,-73.852994,406.0,29.0,4076385.0,4032000019.0,709.0,QN0602,2025,8,True,ONE FAMILY DWELLINGS
Queens,FOREST HILLS,01 ONE FAMILY DWELLINGS,1,3334,274,A5,408 BURNS STREET,,11375.0,1.0,0.0,1.0,1350.0,2052.0,1935.0,1,A5,1400000,2025-08-28,40.712859,-73.835334,406.0,29.0,4079643.0,4033340274.0,76901.0,QN0602,2025,8,True,ONE FAMILY DWELLINGS
Queens,FOREST HILLS,10 COOPS - ELEVATOR APARTMENTS,2,2133,16,D4,"102-10 66TH ROAD, 2C",,11375.0,,,,,,1964.0,2,D4,94000,2025-08-28,40.728526,-73.851538,406.0,29.0,4432046.0,4021330016.0,71304.0,QN0602,2025,8,True,COOPS - ELEVATOR APARTMENTS
Queens,FOREST HILLS,10 COOPS - ELEVATOR APARTMENTS,2,3292,36,D4,"110-07 73RD ROAD, 2A",,11375.0,,,,,,1933.0,2,D4,440000,2025-08-28,40.718025,-73.83943,406.0,29.0,4078801.0,4032920036.0,76901.0,QN0602,2025,8,True,COOPS - ELEVATOR APARTMENTS
Queens,GLEN OAKS,01 ONE FAMILY DWELLINGS,1,8554,5,A2,271-12 77TH AVENUE,,11040.0,1.0,0.0,1.0,4500.0,1195.0,1955.0,1,A2,857000,2025-08-28,40.752915,-73.704313,413.0,23.0,4174298.0,4085540005.0,155104.0,QN1301,2025,8,True,ONE FAMILY DWELLINGS
Queens,GLEN OAKS,09 COOPS - WALKUP APARTMENTS,2,8443,1,C6,"260-01 LANGSTON AVENUE, 117A5",,11004.0,,,,,,1949.0,2,C6,250000,2025-08-28,40.752035,-73.718982,413.0,23.0,4456488.0,4084430001.0,155103.0,QN1301,2025,8,True,COOPS - WALKUP APARTMENTS
Queens,GLEN OAKS,10 COOPS - ELEVATOR APARTMENTS,2,8489,1,D4,"270-10 GRAND CENTRAL PARKWAY, 21A",,11005.0,,,,,,1972.0,2,D4,550000,2025-08-28,40.759289,-73.713493,413.0,23.0,4456885.0,4084890001.0,155101.0,QN1301,2025,8,True,COOPS - ELEVATOR APARTMENTS
Queens,HILLCREST,13 CONDOS - ELEVATOR APARTMENTS,2,6713,1058,R4,"150-38 UNION TURNPIKE, 4J",4J,11367.0,1.0,,1.0,,,1973.0,2,R4,600000,2025-08-28,40.719087,-73.811999,408.0,24.0,4446721.0,4067137501.0,77905.0,QN0801,2025,8,True,CONDOS - ELEVATOR APARTMENTS
Queens,HOLLISWOOD,01 ONE FAMILY DWELLINGS,1,10526,111,A2,86-41 MARENGO STREET,,11423.0,1.0,0.0,1.0,9672.0,2349.0,1960.0,1,A2,1750000,2025-08-28,40.72325,-73.768114,408.0,23.0,4224297.0,4105260111.0,476.0,QN0804,2025,8,True,ONE FAMILY DWELLINGS
Queens,HOWARD BEACH,01 ONE FAMILY DWELLINGS,1,13979,1,A2,158-03 80TH STREET,,11414.0,1.0,0.0,1.0,5500.0,1000.0,1965.0,1,A2,1110000,2025-08-28,40.658816,-73.852465,410.0,32.0,4292771.0,4139790001.0,89201.0,QN1003,2025,8,True,ONE FAMILY DWELLINGS
Queens,HOWARD BEACH,10 COOPS - ELEVATOR APARTMENTS,2,11446,1,D4,"84-09 155TH AVENUE, 1N",,11414.0,,,,,,1964.0,2,D4,155000,2025-08-28,40.664771,-73.849431,410.0,32.0,4434863.0,4114460001.0,6201.0,QN1003,2025,8,True,COOPS - ELEVATOR APARTMENTS
Queens,HOWARD BEACH,13 CONDOS - ELEVATOR APARTMENTS,2,11417,4308,R4,"87-10 149TH AVENUE, 3H",3H,11414.0,1.0,,1.0,,,1969.0,2,R4,420000,2025-08-28,40.669836,-73.84801,410.0,32.0,4446839.0,4114177502.0,6201.0,QN1003,2025,8,True,CONDOS - ELEVATOR APARTMENTS
Queens,JACKSON HEIGHTS,09 COOPS - WALKUP APARTMENTS,2,1281,24,C6,"35-30 82ND STREET, 32",,11372.0,,,,,,1916.0,2,C6,410000,2025-08-28,40.751441,-73.884631,403.0,25.0,4029688.0,4012810024.0,283.0,QN0301,2025,8,True,COOPS - WALKUP APARTMENTS
Queens,JACKSON HEIGHTS,10 COOPS - ELEVATOR APARTMENTS,2,1277,58,D4,"35-25 77TH STREET, A14",,11372.0,,,,,,1937.0,2,D4,470000,2025-08-28,40.750963,-73.889262,403.0,25.0,4029590.0,4012770058.0,287.0,QN0301,2025,8,True,COOPS - ELEVATOR APARTMENTS
Queens,JACKSON HEIGHTS,10 COOPS - ELEVATOR APARTMENTS,2,1291,64,D4,"37-21 80 STREET, 1B",,11372.0,,,,,,1928.0,2,D4,155000,2025-08-28,40.749222,-73.886096,403.0,25.0,4030008.0,4012910064.0,283.0,QN0301,2025,8,True,COOPS - ELEVATOR APARTMENTS
Queens,JACKSON HEIGHTS,10 COOPS - ELEVATOR APARTMENTS,2,1451,32,D4,"90-11 35TH AVENUE, 1H",,11372.0,,,,,,1956.0,2,D4,170000,2025-08-28,40.752597,-73.877042,403.0,25.0,4035712.0,4014510032.0,27702.0,QN0301,2025,8,True,COOPS - ELEVATOR APARTMENTS
Queens,JACKSON HEIGHTS,10 COOPS - ELEVATOR APARTMENTS,2,1454,1,D4,"34-11 93RD STREET, 1A",,11372.0,,,,,,1955.0,2,D4,490000,2025-08-28,40.75445,-73.874732,403.0,25.0,4035798.0,4014540001.0,27302.0,QN0301,2025,8,True,COOPS - ELEVATOR APARTMENTS
Queens,JACKSON HEIGHTS,12 CONDOS - WALKUP APARTMENTS,2,1010,1016,R2,"22-16 79TH STREET, 2-AB",2-AB,11370.0,1.0,,1.0,,,,2,R2,415000,2025-08-28,40.76824,-73.890529,401.0,22.0,4449326.0,4010107501.0,317.0,QN0101,2025,8,True,CONDOS - WALKUP APARTMENTS
Queens,KEW GARDENS,10 COOPS - ELEVATOR APARTMENTS,2,3312,8,D4,"117-01 PARK LN S, D2N",,11418.0,,,,,,1935.0,2,D4,369000,2025-08-28,40.708113,-73.837069,409.0,29.0,4433884.0,4033120008.0,773.0,QN0901,2025,8,True,COOPS - ELEVATOR APARTMENTS
Queens,KEW GARDENS,10 COOPS - ELEVATOR APARTMENTS,2,9631,232,D4,"123-40 83RD AVENUE, 10M",,11415.0,,,,,,1960.0,2,D4,175000,2025-08-28,40.711375,-73.827001,409.0,29.0,4206485.0,4096310232.0,21601.0,QN0901,2025,8,True,COOPS - ELEVATOR APARTMENTS
Queens,LAURELTON,01 ONE FAMILY DWELLINGS,1,13153,3,A5,226-17 141ST AVENUE,,11413.0,1.0,0.0,1.0,1800.0,1224.0,1935.0,1,A5,630000,2025-08-28,40.66894,-73.748859,413.0,31.0,4282470.0,4131530003.0,650.0,QN1305,2025,8,True,ONE FAMILY DWELLINGS
Queens,LITTLE NECK,09 COOPS - WALKUP APARTMENTS,2,8349,36,C6,"252-24 58 AVENUE, 146",,11362.0,,,,,,1953.0,2,C6,450000,2025-08-28,40.76125,-73.72748,411.0,23.0,4455983.0,4083490036.0,152902.0,QN1103,2025,8,True,COOPS - WALKUP APARTMENTS
Queens,LONG ISLAND CITY,12 CONDOS - WALKUP APARTMENTS,2,397,1108,R4,"27-09 40TH AVENUE, 2E",2E,11101.0,1.0,,1.0,,,2023.0,2,R2,905001,2025-08-28,40.753003,-73.937003,401.0,26.0,4623439.0,4003970035.0,31.0,QN0105,2025,8,True,CONDOS - WALKUP APARTMENTS
Queens,LONG ISLAND CITY,12 CONDOS - WALKUP APARTMENTS,2,397,1112,R4,"27-09 40TH AVENUE, 3C",3C,11101.0,1.0,,1.0,,,2023.0,2,R2,1160000,2025-08-28,40.753003,-73.937003,401.0,26.0,4623439.0,4003970035.0,31.0,QN0105,2025,8,True,CONDOS - WALKUP APARTMENTS
Queens,LONG ISLAND CITY,13 CONDOS - ELEVATOR APARTMENTS,2,437,1501,R4,"23-15 44 DRIVE, 3204",3204,11101.0,1.0,,1.0,,,2018.0,2,R4,1120000,2025-08-28,40.747575,-73.94454,402.0,26.0,4005166.0,4004377502.0,1903.0,QN0201,2025,8,True,CONDOS - ELEVATOR APARTMENTS
Queens,LONG ISLAND CITY,21 OFFICE BUILDINGS,4,360,7,O3,37-31 10 STREET,,11101.0,0.0,1.0,1.0,5010.0,29794.0,2002.0,4,O3,4868750,2025-08-28,40.759554,-73.941924,401.0,26.0,4541801.0,4003600007.0,85.0,QN0105,2025,8,True,OFFICE BUILDINGS
Queens,LONG ISLAND CITY,44 CONDO PARKING,4,54,1026,RG,"11-30 45 ROAD, P2",P2,11101.0,,1.0,1.0,,,2016.0,4,RG,95000,2025-08-28,40.746929,-73.949225,402.0,26.0,4617933.0,4000547501.0,702.0,QN0201,2025,8,True,CONDO PARKING
Queens,LONG ISLAND CITY,44 CONDO PARKING,4,54,1029,RG,"11-30 45 ROAD, P5",P5,11101.0,,1.0,1.0,,,2016.0,4,RG,116610,2025-08-28,40.746929,-73.949225,402.0,26.0,4617933.0,4000547501.0,702.0,QN0201,2025,8,True,CONDO PARKING
Queens,MASPETH,01 ONE FAMILY DWELLINGS,1,2429,25,A5,48-05 67TH STREET,,11377.0,1.0,0.0,1.0,2000.0,1520.0,1935.0,1,A5,956000,2025-08-28,40.738268,-73.897698,402.0,26.0,4056247.0,4024290025.0,243.0,QN0203,2025,8,True,ONE FAMILY DWELLINGS
Queens,MASPETH,02 TWO FAMILY DWELLINGS,1,2333,1,B3,48-38 61 ST,,11377.0,2.0,0.0,2.0,2000.0,1520.0,1935.0,1,B3,988000,2025-08-28,40.737853,-73.903693,402.0,26.0,4053845.0,4023330001.0,243.0,QN0203,2025,8,True,TWO FAMILY DWELLINGS
Queens,MIDDLE VILLAGE,01 ONE FAMILY DWELLINGS,1,2847,135,A5,60-28 77TH PLACE,,11379.0,1.0,0.0,1.0,1800.0,1911.0,1945.0,1,A5,955000,2025-08-28,40.724659,-73.882263,405.0,30.0,4064551.0,4028470135.0,669.0,QN0501,2025,8,True,ONE FAMILY DWELLINGS
Queens,MIDDLE VILLAGE,01 ONE FAMILY DWELLINGS,1,3034,19,A2,64-28 75 STREET,,11379.0,1.0,0.0,1.0,2000.0,796.0,1940.0,1,A2,818888,2025-08-28,40.716128,-73.879829,405.0,30.0,4070678.0,4030340019.0,659.0,QN0504,2025,8,True,ONE FAMILY DWELLINGS
Queens,MIDDLE VILLAGE,02 TWO FAMILY DWELLINGS,1,2925,79,B1,61-09 69 PLACE,,11379.0,2.0,0.0,2.0,2085.0,1890.0,1960.0,1,B1,1050000,2025-08-28,40.719909,-73.889458,405.0,30.0,4066883.0,4029250079.0,66501.0,QN0504,2025,8,True,TWO FAMILY DWELLINGS
Queens,OAKLAND GARDENS,04 TAX CLASS 1 CONDOS,1A,7621,1347,R3,"219-86 64 AVENUE, 347",347,11364.0,1.0,,1.0,,,,1,R3,765000,2025-08-28,40.746901,-73.757335,411.0,23.0,4451910.0,4076217502.0,1367.0,QN1104,2025,8,True,TAX CLASS 1 CONDOS
Queens,OAKLAND GARDENS,09 COOPS - WALKUP APARTMENTS,2,7742,3,C6,"73-48 SPRINGFIELD BLVD, 051B2",,11364.0,,,,,,1952.0,2,C6,380000,2025-08-28,40.742001,-73.753105,411.0,23.0,4596706.0,4077420003.0,129104.0,QN1104,2025,8,True,COOPS - WALKUP APARTMENTS
Queens,OZONE PARK,02 TWO FAMILY DWELLINGS,1,9054,80,B3,97-30 84TH STREET,,11416.0,2.0,0.0,2.0,2000.0,1249.0,1925.0,1,B3,737500,2025-08-28,40.683024,-73.856056,409.0,32.0,4457225.0,4090540080.0,42.0,QN0904,2025,8,True,TWO FAMILY DWELLINGS
Queens,QUEENS VILLAGE,01 ONE FAMILY DWELLINGS,1,10761,1,A5,217-01 HEMPSTEAD AVENUE,,11429.0,1.0,0.0,1.0,1422.0,1528.0,1960.0,1,A5,515000,2025-08-28,40.714942,-73.741352,413.0,27.0,4230662.0,4107610001.0,568.0,QN1303,2025,8,True,ONE FAMILY DWELLINGS
Queens,QUEENS VILLAGE,01 ONE FAMILY DWELLINGS,1,11087,64,A2,213-11 102 AVENUE,,11429.0,1.0,0.0,1.0,3333.0,1288.0,1930.0,1,A2,350000,2025-08-28,40.712972,-73.745032,413.0,27.0,4238864.0,4110870064.0,540.0,QN1303,2025,8,True,ONE FAMILY DWELLINGS
Queens,QUEENS VILLAGE,01 ONE FAMILY DWELLINGS,1,11154,39,A5,102-40 220 STREET,,11429.0,1.0,0.0,1.0,1716.0,1496.0,1960.0,1,A5,490000,2025-08-28,40.712656,-73.734139,413.0,27.0,4240541.0,4111540039.0,568.0,QN1303,2025,8,True,ONE FAMILY DWELLINGS
Queens,QUEENS VILLAGE,02 TWO FAMILY DWELLINGS,1,7880,27,B2,82-109 COUNTRY POINTE CIRCLE,,11427.0,2.0,0.0,2.0,1660.0,2200.0,2002.0,1,B2,1110000,2025-08-28,40.734108,-73.733747,413.0,23.0,4463229.0,4078800027.0,1567.0,QN1302,2025,8,True,TWO FAMILY DWELLINGS
Queens,QUEENS VILLAGE,22 STORE BUILDINGS,4,11151,16,K2,107-26 SPRINGFIELD BOULEVARD,,11412.0,0.0,2.0,2.0,1892.0,2185.0,1925.0,4,K2,1175000,2025-08-28,40.709944,-73.737627,413.0,27.0,4240478.0,4111510016.0,582.0,QN1303,2025,8,True,STORE BUILDINGS
Queens,QUEENS VILLAGE,22 STORE BUILDINGS,4,11151,18,K4,107-30 SPRINGFIELD BOULEVARD,,11412.0,1.0,1.0,2.0,1892.0,2242.0,1925.0,4,K4,1175000,2025-08-28,40.709941,-73.737627,413.0,27.0,4240480.0,4111510018.0,582.0,QN1303,2025,8,True,STORE BUILDINGS
Queens,QUEENS VILLAGE,22 STORE BUILDINGS,4,11151,19,K4,107-32 SPRINGFIELD BOULEVARD,,11412.0,1.0,1.0,2.0,1900.0,2360.0,1925.0,4,K4,1175000,2025-08-28,40.709941,-73.737627,413.0,27.0,4240481.0,4111510019.0,582.0,QN1303,2025,8,True,STORE BUILDINGS
Queens,REGO PARK,13 CONDOS - ELEVATOR APARTMENTS,2,2090,1140,R4,"97-12 63 DRIVE, PC",PC,11374.0,1.0,,1.0,,,1990.0,2,R4,124024,2025-08-28,40.730552,-73.860186,406.0,29.0,4312030.0,4020907501.0,71701.0,QN0601,2025,8,True,CONDOS - ELEVATOR APARTMENTS
Queens,REGO PARK,13 CONDOS - ELEVATOR APARTMENTS,2,3104,1012,R4,"65-38 AUSTIN STREET, 2J",2J,11374.0,1.0,,1.0,,,2015.0,2,R4,668000,2025-08-28,40.725811,-73.859615,406.0,30.0,4593968.0,4031047501.0,69701.0,QN0601,2025,8,True,CONDOS - ELEVATOR APARTMENTS
Queens,RICHMOND HILL,02 TWO FAMILY DWELLINGS,1,9430,17,B2,101-28 113 STREET,,11419.0,2.0,0.0,2.0,3000.0,1920.0,1920.0,1,B2,999990,2025-08-28,40.688196,-73.83084,409.0,29.0,4198853.0,4094300017.0,108.0,QN0903,2025,8,True,TWO FAMILY DWELLINGS
Queens,RICHMOND HILL,03 THREE FAMILY DWELLINGS,1,9317,12,C0,91-50 111 STREET,,11418.0,3.0,0.0,3.0,2500.0,2424.0,1920.0,1,C0,950000,2025-08-28,40.693289,-73.835425,409.0,29.0,4195532.0,4093170012.0,12601.0,QN0902,2025,8,True,THREE FAMILY DWELLINGS
Queens,ROSEDALE,02 TWO FAMILY DWELLINGS,1,13666,73,B2,255-24 148TH AVENUE,,11422.0,2.0,0.0,2.0,3000.0,1980.0,2005.0,1,B2,999000,2025-08-28,40.655114,-73.733864,413.0,31.0,4290376.0,4136660073.0,66402.0,QN1307,2025,8,True,TWO FAMILY DWELLINGS
Queens,SO. JAMAICA-BAISLEY PARK,01 ONE FAMILY DWELLINGS,1,11977,60,A1,114-29 146TH STREET,,11436.0,1.0,0.0,1.0,2000.0,896.0,1925.0,1,A1,417500,2025-08-28,40.684749,-73.796913,412.0,28.0,4259454.0,4119770060.0,190.0,QN1203,2025,8,True,ONE FAMILY DWELLINGS
Queens,SO. JAMAICA-BAISLEY PARK,01 ONE FAMILY DWELLINGS,1,11997,313,A1,116-36 140TH STREET,,11436.0,1.0,0.0,1.0,2280.0,1025.0,1920.0,1,A1,750000,2025-08-28,40.679314,-73.801642,412.0,28.0,4260062.0,4119970313.0,186.0,QN1203,2025,8,True,ONE FAMILY DWELLINGS
Queens,SO. JAMAICA-BAISLEY PARK,01 ONE FAMILY DWELLINGS,1,12050,206,A1,123-36 147TH STREET,,11436.0,1.0,0.0,1.0,2433.0,1552.0,1925.0,1,A1,805000,2025-08-28,40.675363,-73.7914,412.0,28.0,4261683.0,4120500206.0,18401.0,QN1203,2025,8,True,ONE FAMILY DWELLINGS
Queens,SO. JAMAICA-BAISLEY PARK,01 ONE FAMILY DWELLINGS,1,12371,352,A2,170-19 118 ROAD,,11434.0,1.0,0.0,1.0,3000.0,1368.0,1925.0,1,A2,660000,2025-08-28,40.685161,-73.775177,412.0,28.0,4268159.0,4123710352.0,282.0,QN1203,2025,8,True,ONE FAMILY DWELLINGS
Queens,SOUTH OZONE PARK,02 TWO FAMILY DWELLINGS,1,11606,35,S2,125-15 111 AVE,,11420.0,2.0,1.0,3.0,2000.0,2480.0,1925.0,1,S2,705000,2025-08-28,40.682167,-73.815507,410.0,28.0,4249744.0,4116060035.0,170.0,QN1001,2025,8,True,TWO FAMILY DWELLINGS
Queens,SPRINGFIELD GARDENS,01 ONE FAMILY DWELLINGS,1,12586,41,A2,142-03 168TH STREET,,11434.0,1.0,0.0,1.0,2963.0,1040.0,1930.0,1,A2,325000,2025-08-28,40.669951,-73.771785,412.0,28.0,4270970.0,4125860041.0,330.0,QN1204,2025,8,True,ONE FAMILY DWELLINGS
Queens,SPRINGFIELD GARDENS,01 ONE FAMILY DWELLINGS,1,12729,21,A2,131-10 SPRINGFIELD BLVD,,11413.0,1.0,0.0,1.0,4200.0,1932.0,1950.0,1,A2,680000,2025-08-28,40.683962,-73.751164,412.0,27.0,4274166.0,4127290021.0,352.0,QN1205,2025,8,True,ONE FAMILY DWELLINGS
Queens,ST. ALBANS,01 ONE FAMILY DWELLINGS,1,12398,212,A1,114-56 176TH STREET,,11434.0,1.0,0.0,1.0,5000.0,2184.0,1940.0,1,A1,960000,2025-08-28,40.692363,-73.773375,412.0,27.0,4268671.0,4123980212.0,432.0,QN1205,2025,8,True,ONE FAMILY DWELLINGS
Queens,ST. ALBANS,02 TWO FAMILY DWELLINGS,1,11067,45,B3,116-45 195TH STREET,,11412.0,2.0,0.0,2.0,2500.0,1654.0,1920.0,1,B3,652500,2025-08-28,40.693652,-73.757089,412.0,27.0,4238358.0,4110670045.0,528.0,QN1205,2025,8,True,TWO FAMILY DWELLINGS
Queens,WHITESTONE,01 ONE FAMILY DWELLINGS,1,4738,42,A2,21-04 157 STREET,,11357.0,1.0,0.0,1.0,4263.0,1825.0,1960.0,1,A2,500000,2025-08-28,40.779113,-73.806154,407.0,19.0,4107554.0,4047380042.0,1033.0,QN0702,2025,8,True,ONE FAMILY DWELLINGS
Queens,WHITESTONE,09 COOPS - WALKUP APARTMENTS,2,4756,1,C6,"16-22 163RD STREET, 6-348",,11357.0,,,,,,1951.0,2,C6,355000,2025-08-28,40.783942,-73.800026,407.0,19.0,4455043.0,4047560001.0,1017.0,QN0703,2025,8,True,COOPS - WALKUP APARTMENTS
Queens,WOODHAVEN,22 STORE BUILDINGS,4,8980,32,K1,86-11 ATLANTIC AVENUE,,11421.0,0.0,1.0,1.0,5500.0,6200.0,1931.0,4,K1,1538000,2025-08-28,40.686267,-73.855501,409.0,32.0,4438424.0,4089800032.0,8.0,QN0905,2025,8,True,STORE BUILDINGS
Queens,WOODSIDE,02 TWO FAMILY DWELLINGS,1,1300,19,B3,4019 68TH ST,,11377.0,2.0,0.0,2.0,2000.0,2500.0,1915.0,1,B3,1500000,2025-08-28,40.745777,-73.897124,402.0,26.0,4030308.0,4013000019.0,263.0,QN0203,2025,8,True,TWO FAMILY DWELLINGS
Queens,WOODSIDE,10 COOPS - ELEVATOR APARTMENTS,2,1111,1,D4,"30-31 HOBART STREET, 3I",,11377.0,,,,,,1935.0,2,D4,317000,2025-08-28,40.759048,-73.906813,401.0,22.0,4431255.0,4011110001.0,295.0,QN0104,2025,8,True,COOPS - ELEVATOR APARTMENTS
Staten Island,BULLS HEAD,02 TWO FAMILY DWELLINGS,1,1497,56,B2,476 WILLOW ROAD WEST,,10314.0,2.0,0.0,2.0,4830.0,2504.0,1970.0,1,B2,980000,2025-08-28,40.616909,-74.152961,501.0,49.0,5029936.0,5014970056.0,30301.0,SI0107,2025,8,True,TWO FAMILY DWELLINGS
Staten Island,CASTLETON CORNERS,01 ONE FAMILY DWELLINGS,1,368,24,A1,30 SAWYER AVENUE,,10314.0,1.0,0.0,1.0,5000.0,2552.0,1950.0,1,A0,540000,2025-08-28,40.617186,-74.126289,501.0,50.0,5010317.0,5003680024.0,151.0,SI0105,2025,8,True,ONE FAMILY DWELLINGS
Staten Island,ELTINGVILLE,01 ONE FAMILY DWELLINGS,1,5370,14,A2,102 HALES AVENUE,,10312.0,1.0,0.0,1.0,5850.0,1060.0,1955.0,1,A2,777000,2025-08-28,40.534322,-74.160165,503.0,51.0,5069538.0,5053700014.0,15602.0,SI0302,2025,8,True,ONE FAMILY DWELLINGS
Staten Island,GRASMERE,01 ONE FAMILY DWELLINGS,1,3176,78,A5,31 COBBLERS LANE,,10304.0,1.0,0.0,1.0,3000.0,1488.0,1999.0,1,A5,685000,2025-08-28,40.602533,-74.085748,502.0,50.0,5128891.0,5031760078.0,50.0,SI0201,2025,8,True,ONE FAMILY DWELLINGS
Staten Island,GREAT KILLS,01 ONE FAMILY DWELLINGS,1,4610,205,A5,44 LINTON PLACE,,10308.0,1.0,0.0,1.0,2730.0,1584.0,1994.0,1,A5,785000,2025-08-28,40.557905,-74.152344,503.0,51.0,5115879.0,5046100205.0,14605.0,SI0302,2025,8,True,ONE FAMILY DWELLINGS
Staten Island,GREAT KILLS,01 ONE FAMILY DWELLINGS,1,5267,27,A1,320 THORNYCROFT AVENUE,,10312.0,1.0,0.0,1.0,5000.0,2375.0,1965.0,1,A1,1288000,2025-08-28,40.540323,-74.157758,503.0,51.0,5067290.0,5052670027.0,15601.0,SI0302,2025,8,True,ONE FAMILY DWELLINGS
Staten Island,GREAT KILLS,01 ONE FAMILY DWELLINGS,1,5531,54,A1,340 BARTLETT AVENUE,,10312.0,1.0,0.0,1.0,4000.0,2016.0,1978.0,1,A1,725000,2025-08-28,40.556448,-74.167937,503.0,51.0,5073704.0,5055310054.0,14607.0,SI0302,2025,8,True,ONE FAMILY DWELLINGS
Staten Island,HUGUENOT,01 ONE FAMILY DWELLINGS,1,6338,104,A2,576 SHELDON AVENUE,,10312.0,1.0,0.0,1.0,4000.0,2004.0,1975.0,1,A2,890000,2025-08-28,40.541691,-74.19451,503.0,51.0,5081609.0,5063380104.0,17009.0,SI0304,2025,8,True,ONE FAMILY DWELLINGS
Staten Island,HUGUENOT,01 ONE FAMILY DWELLINGS,1,6884,66,A5,818 SINCLAIR AVENUE,,10309.0,1.0,0.0,1.0,2688.0,1120.0,1983.0,1,A5,730000,2025-08-28,40.540134,-74.202813,503.0,51.0,5084360.0,5068840066.0,20804.0,SI0304,2025,8,True,ONE FAMILY DWELLINGS
Staten Island,NEW SPRINGVILLE,04 TAX CLASS 1 CONDOS,1A,2450,1104,R3,"7 KATHY PLACE, 1A",1A,10314.0,1.0,,1.0,,,1975.0,1,R3,490000,2025-08-28,40.578576,-74.162676,502.0,51.0,5162347.0,5024507501.0,27702.0,SI0204,2025,8,True,TAX CLASS 1 CONDOS
Staten Island,NEW SPRINGVILLE,04 TAX CLASS 1 CONDOS,1A,2450,1597,R3,127 DEVON LOOP,,10314.0,1.0,,1.0,,,1979.0,1,R3,356775,2025-08-28,40.581118,-74.160194,502.0,51.0,5171360.0,5024507505.0,27702.0,SI0204,2025,8,True,TAX CLASS 1 CONDOS
Staten Island,PORT RICHMOND,01 ONE FAMILY DWELLINGS,1,1120,37,A1,220 NICHOLAS AVENUE,,10302.0,1.0,0.0,1.0,3000.0,1472.0,1920.0,1,A1,612876,2025-08-28,40.63473,-74.140831,501.0,49.0,5026066.0,5011200037.0,213.0,SI0106,2025,8,True,ONE FAMILY DWELLINGS
Staten Island,RICHMONDTOWN,01 ONE FAMILY DWELLINGS,1,4396,17,A2,31 RENE DRIVE,,10306.0,1.0,0.0,1.0,4000.0,1040.0,1965.0,1,A2,878000,2025-08-28,40.565763,-74.133099,503.0,50.0,5060068.0,5043960017.0,138.0,SI0301,2025,8,True,ONE FAMILY DWELLINGS
Staten Island,STAPLETON,01 ONE FAMILY DWELLINGS,1,583,24,A9,15 OCCIDENT AVENUE,,10304.0,1.0,0.0,1.0,2250.0,1720.0,1975.0,1,A9,650000,2025-08-28,40.629888,-74.084771,501.0,49.0,5015058.0,5005830024.0,33.0,SI0104,2025,8,True,ONE FAMILY DWELLINGS
Staten Island,TOTTENVILLE,02 TWO FAMILY DWELLINGS,1,7826,226,B2,303 SPRAGUE AVENUE,,10307.0,2.0,0.0,2.0,7315.0,2700.0,2005.0,1,B2,999000,2025-08-28,40.503638,-74.237546,503.0,51.0,5147878.0,5078260226.0,24402.0,SI0305,2025,8,True,TWO FAMILY DWELLINGS
Staten Island,WESTERLEIGH,01 ONE FAMILY DWELLINGS,1,457,416,A5,23 VOGEL LOOP,,10314.0,1.0,0.0,1.0,910.0,1515.0,1986.0,1,A5,583000,2025-08-28,40.614962,-74.131562,501.0,50.0,5101229.0,5004570416.0,197.0,SI0105,2025,8,True,ONE FAMILY DWELLINGS
Staten Island,WOODROW,01 ONE FAMILY DWELLINGS,1,6932,39,A2,184 RAMAPO AVENUE,,10309.0,1.0,0.0,1.0,4000.0,880.0,1955.0,1,A2,715000,2025-08-28,40.540196,-74.208088,503.0,51.0,5085069.0,5069320039.0,20803.0,SI0304,2025,8,True,ONE FAMILY DWELLINGS
Bronx,BAYCHESTER,01 ONE FAMILY DWELLINGS,1,4946,48,A1,3826 HARPER AVENUE,,10466.0,1.0,0.0,1.0,2850.0,1104.0,1930.0,1,A1,550000,2025-08-29,40.888689,-73.833191,212.0,12.0,2066422.0,2049460048.0,48401.0,BX1202,2025,8,True,ONE FAMILY DWELLINGS
Bronx,BAYCHESTER,02 TWO FAMILY DWELLINGS,1,4711,85,B1,3585 FISH AVENUE,,10469.0,2.0,0.0,2.0,2317.0,3056.0,1920.0,1,B1,999999,2025-08-29,40.878325,-73.851276,212.0,12.0,2059958.0,2047110085.0,382.0,BX1201,2025,8,True,TWO FAMILY DWELLINGS
Bronx,BRONXDALE,01 ONE FAMILY DWELLINGS,1,4607,28,A5,804 BARTHOLDI STREET,,10467.0,1.0,0.0,1.0,1615.0,1392.0,1950.0,1,A5,670000,2025-08-29,40.873805,-73.862582,212.0,12.0,2056456.0,2046070028.0,372.0,BX1201,2025,8,True,ONE FAMILY DWELLINGS
Bronx,CITY ISLAND,02 TWO FAMILY DWELLINGS,1,5632,1,B2,8 TIER STREET,,10464.0,2.0,0.0,2.0,11255.0,2304.0,1900.0,1,B2,1400000,2025-08-29,40.847713,-73.790939,210.0,13.0,2088663.0,2056320001.0,51601.0,BX1003,2025,8,True,TWO FAMILY DWELLINGS
Bronx,HIGHBRIDGE/MORRIS HEIGHTS,03 THREE FAMILY DWELLINGS,1,2877,404,C0,1737 POPHAM AVENUE,,10453.0,3.0,0.0,3.0,2146.0,3000.0,1993.0,1,C0,985000,2025-08-29,40.850827,-73.919397,205.0,14.0,2099863.0,2028770404.0,20502.0,BX0501,2025,8,True,THREE FAMILY DWELLINGS
Bronx,HIGHBRIDGE/MORRIS HEIGHTS,10 COOPS - ELEVATOR APARTMENTS,2,2510,50,D4,"1185 ANDERSON AVENUE, 1F",,10452.0,,,,,,1929.0,2,D4,310000,2025-08-29,40.836607,-73.92386,204.0,16.0,2098786.0,2025100050.0,199.0,BX0402,2025,8,True,COOPS - ELEVATOR APARTMENTS
Bronx,KINGSBRIDGE/JEROME PARK,10 COOPS - ELEVATOR APARTMENTS,2,3258,13,D4,"3311 GILES PLACE, 5E",,10463.0,,,,,,1962.0,2,D4,365000,2025-08-29,40.878834,-73.898538,208.0,11.0,2015803.0,2032580013.0,279.0,BX0801,2025,8,True,COOPS - ELEVATOR APARTMENTS
Bronx,MORRIS PARK/VAN NEST,02 TWO FAMILY DWELLINGS,1,4058,12,B9,928 PIERCE AVENUE,,10462.0,2.0,0.0,2.0,3325.0,2855.0,1966.0,1,B9,1180000,2025-08-29,40.843964,-73.855426,211.0,13.0,2043807.0,2040580012.0,244.0,BX1102,2025,8,True,TWO FAMILY DWELLINGS
Bronx,PARKCHESTER,13 CONDOS - ELEVATOR APARTMENTS,2,3944,3429,R4,"1705 PURDY STREET, 3D",3D,10462.0,1.0,,1.0,,,,2,R4,225000,2025-08-29,40.840982,-73.854486,209.0,18.0,2096760.0,2039447501.0,21001.0,BX0904,2025,8,True,CONDOS - ELEVATOR APARTMENTS
Bronx,PELHAM PARKWAY NORTH,02 TWO FAMILY DWELLINGS,1,4371,21,B1,1208 ASTOR AVENUE,,10469.0,2.0,0.0,2.0,5000.0,3163.0,1960.0,1,B1,1100000,2025-08-29,40.85977,-73.852691,211.0,13.0,2050359.0,2043710021.0,318.0,BX1103,2025,8,True,TWO FAMILY DWELLINGS
Bronx,RIVERDALE,01 ONE FAMILY DWELLINGS,1,5844,1900,A5,5450 VALLES AVE,,10471.0,1.0,0.0,1.0,1764.0,1944.0,1960.0,1,A5,805000,2025-08-29,40.902165,-73.899559,208.0,11.0,2084702.0,2058441900.0,345.0,BX0803,2025,8,True,ONE FAMILY DWELLINGS
Bronx,RIVERDALE,22 STORE BUILDINGS,4,5791,406,K1,3535 RIVERDALE AVENUE,,10463.0,0.0,3.0,3.0,3150.0,2772.0,1949.0,4,K1,1225000,2025-08-29,40.886057,-73.907001,208.0,11.0,2084138.0,2057910406.0,295.0,BX0803,2025,8,True,STORE BUILDINGS
Bronx,SOUNDVIEW,02 TWO FAMILY DWELLINGS,1,3773,61,B1,1233 BOYNTON AVENUE,,10472.0,2.0,0.0,2.0,2442.0,2400.0,1930.0,1,B1,310000,2025-08-29,40.829646,-73.878475,209.0,17.0,2025209.0,2037730061.0,54.0,BX0901,2025,8,True,TWO FAMILY DWELLINGS
Bronx,THROGS NECK,01 ONE FAMILY DWELLINGS,1D,5507,1,A8,"25 HOLLY PLACE, 25",,10465.0,,,,,,1921.0,1,A8,360000,2025-08-29,40.813065,-73.807276,210.0,13.0,2089376.0,2055070001.0,118.0,BX1002,2025,8,True,ONE FAMILY DWELLINGS
Bronx,WAKEFIELD,01 ONE FAMILY DWELLINGS,1,5100,3,A2,4409 MUNDY LANE,,10466.0,1.0,0.0,1.0,3162.0,1589.0,1930.0,1,A2,904000,2025-08-29,40.900874,-73.840276,212.0,11.0,2071597.0,2051000003.0,444.0,BX1203,2025,8,True,ONE FAMILY DWELLINGS
Brooklyn,WILLIAMSBURG-NORTH,12 CONDOS - WALKUP APARTMENTS,2,2383,1020,R2,"106 HAVEMEYER STREET, 4C",4C,11211.0,1.0,,1.0,,,,2,R2,220000,2025-12-02,40.713007,-73.956664,301.0,34.0,3256347.0,3023837501.0,519.0,BK0102,2025,12,True,CONDOS - WALKUP APARTMENTS
Brooklyn,WILLIAMSBURG-SOUTH,06 TAX CLASS 1 - OTHER,1,2436,30,G0,305 SOUTH 4 STREET,,11211.0,0.0,0.0,0.0,1425.0,1425.0,,1,G0,980000,2025-12-02,40.709202,-73.955519,301.0,34.0,3319533.0,3024360030.0,527.0,BK0102,2025,12,True,TAX CLASS 1 - OTHER
Brooklyn,WILLIAMSBURG-SOUTH,07 RENTALS - WALKUP APARTMENTS,2A,2436,29,C3,307 SOUTH 4 STREET,,11211.0,4.0,0.0,4.0,1425.0,2560.0,1899.0,2,C3,2245000,2025-12-02,40.70918,-73.955454,301.0,34.0,3063342.0,3024360029.0,527.0,BK0102,2025,12,True,RENTALS - WALKUP APARTMENTS
Brooklyn,WILLIAMSBURG-SOUTH,13 CONDOS - ELEVATOR APARTMENTS,2,2442,1012,R4,"338 BERRY STREET, 2G",2G,11249.0,1.0,,1.0,,,2014.0,2,R4,720000,2025-12-02,40.711983,-73.964777,301.0,34.0,3063420.0,3024427501.0,549.0,BK0102,2025,12,True,CONDOS - ELEVATOR APARTMENTS
Brooklyn,WYCKOFF HEIGHTS,03 THREE FAMILY DWELLINGS,1,3250,40,C0,397 STOCKHOLM STREET,,11237.0,3.0,0.0,3.0,2500.0,2720.0,1935.0,1,C0,1591000,2025-12-02,40.705374,-73.916973,304.0,37.0,3073996.0,3032500040.0,445.0,BK0401,2025,12,True,THREE FAMILY DWELLINGS
Brooklyn,WYCKOFF HEIGHTS,07 RENTALS - WALKUP APARTMENTS,2A,3302,22,C3,1516 GREENE AVENUE,,11237.0,4.0,0.0,4.0,3267.0,4200.0,1931.0,2,C3,1975000,2025-12-02,40.702951,-73.914664,304.0,37.0,3075534.0,3033020022.0,441.0,BK0401,2025,12,True,RENTALS - WALKUP APARTMENTS
Manhattan,ALPHABET CITY,17 CONDO COOPS,2,398,1102,R9,"186 EAST 2 STREET, 16",,10009.0,,,,,,1920.0,2,R9,525000,2025-12-02,40.722415,-73.984343,103.0,2.0,1075876.0,1003987502.0,3002.0,MN0303,2025,12,True,CONDO COOPS
Manhattan,CHELSEA,09 COOPS - WALKUP APARTMENTS,2C,719,34,C6,"409 WEST 21ST STREET, 1",,10011.0,,,,,,1900.0,2,C6,1520000,2025-12-02,40.745464,-74.002851,104.0,3.0,1012634.0,1007190034.0,89.0,MN0401,2025,12,True,COOPS - WALKUP APARTMENTS
Manhattan,CHELSEA,10 COOPS - ELEVATOR APARTMENTS,2,791,1,D0,"161 WEST 15TH STREET, 3C",,10011.0,,,,,,1938.0,2,D0,1600000,2025-12-02,40.739071,-73.998755,104.0,3.0,1014544.0,1007910001.0,81.0,MN0401,2025,12,True,COOPS - ELEVATOR APARTMENTS
Manhattan,CHINATOWN,13 CONDOS - ELEVATOR APARTMENTS,2,172,1110,R4,"376 BROADWAY, 17E",17E,10013.0,1.0,,1.0,,,1990.0,2,R4,615000,2025-12-02,40.717961,-74.003088,101.0,1.0,1001866.0,1001727501.0,31.0,MN0102,2025,12,True,CONDOS - ELEVATOR APARTMENTS
Manhattan,CIVIC CENTER,10 COOPS - ELEVATOR APARTMENTS,2,117,1,D4,"185 PARK ROW, 12E",,10038.0,,,,,,1960.0,2,D4,625000,2025-12-02,40.713218,-73.999805,103.0,1.0,1077407.0,1001170001.0,27.0,MN0301,2025,12,True,COOPS - ELEVATOR APARTMENTS
Manhattan,CIVIC CENTER,15 CONDOS - 2-10 UNIT RESIDENTIAL,2C,174,1003,R1,"65 LEONARD STREET, 3",3,10013.0,1.0,,1.0,,,1915.0,2,R1,2945000,2025-12-02,40.717566,-74.005512,101.0,1.0,1001911.0,1001747501.0,33.0,MN0102,2025,12,True,CONDOS - 2-10 UNIT RESIDENTIAL
Manhattan,FASHION,13 CONDOS - ELEVATOR APARTMENTS,2,838,1121,R4,"400 5 AVENUE, 46H",46H,10018.0,1.0,,1.0,,,2010.0,2,R4,1395000,2025-12-02,40.750038,-73.983409,105.0,4.0,1015937.0,1008387501.0,84.0,MN0502,2025,12,True,CONDOS - ELEVATOR APARTMENTS
Manhattan,FINANCIAL,21 OFFICE BUILDINGS,4,21,4,O4,65 BROADWAY,,10006.0,0.0,170.0,170.0,16716.0,335184.0,1917.0,4,O4,26735205,2025-12-02,40.707113,-74.012234,101.0,1.0,1000809.0,1000210004.0,13.0,MN0101,2025,12,True,OFFICE BUILDINGS
Manhattan,FLATIRON,10 COOPS - ELEVATOR APARTMENTS,2C,847,22,D0,"876 BROADWAY, 3",,10003.0,,,,,,1910.0,2,D0,4000000,2025-12-02,40.737964,-73.990073,105.0,2.0,1016146.0,1008470022.0,52.0,MN0501,2025,12,True,COOPS - ELEVATOR APARTMENTS
Manhattan,FLATIRON,13 CONDOS - ELEVATOR APARTMENTS,2,857,1029,R4,"241 5 AVENUE, 12A",12A,10016.0,1.0,,1.0,,,2012.0,2,R4,2000000,2025-12-02,40.74437,-73.987513,105.0,3.0,1016884.0,1008577502.0,56.0,MN0501,2025,12,True,CONDOS - ELEVATOR APARTMENTS
Manhattan,GRAMERCY,10 COOPS - ELEVATOR APARTMENTS,2,875,47,D4,"32 GRAMERCY PARK, 6B",,10003.0,,,,,,1956.0,2,D4,890000,2025-12-02,40.737011,-73.984646,106.0,2.0,1017928.0,1008750047.0,50.0,MN0602,2025,12,True,COOPS - ELEVATOR APARTMENTS
Manhattan,GRAMERCY,10 COOPS - ELEVATOR APARTMENTS,2,896,39,D4,"210 EAST 15TH STREET, 6A",,10003.0,,,,,,1963.0,2,D4,610000,2025-12-02,40.733647,-73.985917,106.0,2.0,1019521.0,1008960039.0,48.0,MN0602,2025,12,True,COOPS - ELEVATOR APARTMENTS
Manhattan,GRAMERCY,10 COOPS - ELEVATOR APARTMENTS,2,898,1,D4,"201 EAST 17TH STREET, 31E",,10003.0,,,,,,1973.0,2,D4,900000,2025-12-02,40.735052,-73.985411,106.0,2.0,1019551.0,1008980001.0,48.0,MN0602,2025,12,True,COOPS - ELEVATOR APARTMENTS
Manhattan,GREENWICH VILLAGE-CENTRAL,17 CONDO COOPS,2,560,1103,R9,"40 EAST 9 STREET, 14A",,10003.0,,,,,,1959.0,2,R9,1650000,2025-12-02,40.731808,-73.993473,102.0,2.0,1009091.0,1005607502.0,59.0,MN0202,2025,12,True,CONDO COOPS
Manhattan,HARLEM-CENTRAL,02 TWO FAMILY DWELLINGS,1,1915,138,B1,106 WEST 131 STREET,,10027.0,2.0,0.0,2.0,1665.0,2548.0,1910.0,1,B1,1910000,2025-12-02,40.811804,-73.943302,110.0,9.0,1058077.0,1019150138.0,226.0,MN1002,2025,12,True,TWO FAMILY DWELLINGS
Manhattan,HARLEM-CENTRAL,13 CONDOS - ELEVATOR APARTMENTS,2,1951,1012,R4,"11 HANCOCK PLACE, 501",501,10027.0,1.0,,1.0,,,2018.0,2,R4,1150000,2025-12-02,40.810581,-73.953916,109.0,9.0,1059296.0,1019517501.0,20901.0,MN0901,2025,12,True,CONDOS - ELEVATOR APARTMENTS
Manhattan,HARLEM-CENTRAL,13 CONDOS - ELEVATOR APARTMENTS,2,2046,1076,R4,"305 WEST 150TH STREET, 705",705,10039.0,1.0,,1.0,,,1921.0,2,R4,399000,2025-12-02,40.826085,-73.939774,110.0,9.0,1060853.0,1020467501.0,23502.0,MN1002,2025,12,True,CONDOS - ELEVATOR APARTMENTS
Manhattan,HARLEM-UPPER,07 RENTALS - WALKUP APARTMENTS,2A,2081,124,C2,511 WEST 149 STREET,,10031.0,6.0,0.0,6.0,1749.0,3528.0,1890.0,2,C2,1700000,2025-12-02,40.82804,-73.946352,109.0,7.0,1062130.0,1020810124.0,233.0,MN0903,2025,12,True,RENTALS - WALKUP APARTMENTS
Manhattan,INWOOD,10 COOPS - ELEVATOR APARTMENTS,2,2243,240,D4,"60 PARK TERRACE WEST, A74",,10034.0,,,,,,1939.0,2,D4,710000,2025-12-02,40.871164,-73.917568,112.0,10.0,1065008.0,1022430240.0,307.0,MN1203,2025,12,True,COOPS - ELEVATOR APARTMENTS
Manhattan,KIPS BAY,13 CONDOS - ELEVATOR APARTMENTS,2,969,1292,R4,"415 EAST 37 STREET, 30G",30G,10016.0,1.0,,1.0,,,1988.0,2,R4,1375000,2025-12-02,40.745564,-73.971822,106.0,4.0,1076168.0,1009697501.0,8601.0,MN0603,2025,12,True,CONDOS - ELEVATOR APARTMENTS
Manhattan,LOWER EAST SIDE,44 CONDO PARKING,4,353,1332,RG,"115 NORFOLK STREET, 8",8,10002.0,,1.0,1.0,,,2008.0,4,RG,85000,2025-12-02,40.719143,-73.986984,103.0,1.0,1088708.0,1003537503.0,18.0,MN0302,2025,12,True,CONDO PARKING
Manhattan,MIDTOWN EAST,10 COOPS - ELEVATOR APARTMENTS,2,1334,22,D4,"25 TUDOR CITY PLACE, 1405",,10017.0,,,,,,1928.0,2,D4,430000,2025-12-02,40.748545,-73.970799,106.0,4.0,1038655.0,1013340022.0,88.0,MN0603,2025,12,True,COOPS - ELEVATOR APARTMENTS
Manhattan,MIDTOWN EAST,10 COOPS - ELEVATOR APARTMENTS,2,1350,1,D4,"303 EAST 57TH STREET, 14G",,10022.0,,,,,,1968.0,2,D4,450000,2025-12-02,40.75922,-73.965059,106.0,4.0,1039997.0,1013500001.0,10802.0,MN0604,2025,12,True,COOPS - ELEVATOR APARTMENTS
Manhattan,MIDTOWN EAST,10 COOPS - ELEVATOR APARTMENTS,2,1370,46,D4,"400 EAST 59TH STREET, 15F",,10022.0,,,,,,1929.0,2,D4,1450000,2025-12-02,40.759469,-73.961633,106.0,5.0,1040640.0,1013700046.0,10601.0,MN0604,2025,12,True,COOPS - ELEVATOR APARTMENTS
Manhattan,MIDTOWN WEST,13 CONDOS - ELEVATOR APARTMENTS,2,1009,1355,R4,"111 WEST 56TH STREET, 38F",38F,10019.0,1.0,,1.0,,,1939.0,2,R4,1290000,2025-12-02,40.763906,-73.978276,105.0,6.0,1023455.0,1010090019.0,137.0,MN0502,2025,12,True,CONDOS - ELEVATOR APARTMENTS
Manhattan,MURRAY HILL,10 COOPS - ELEVATOR APARTMENTS,2,888,37,D4,"165 EAST 32ND STREET, 9D",,10016.0,,,,,,1964.0,2,D4,417000,2025-12-02,40.744811,-73.979909,106.0,4.0,1018480.0,1008880037.0,72.0,MN0603,2025,12,True,COOPS - ELEVATOR APARTMENTS
Manhattan,ROOSEVELT ISLAND,13 CONDOS - ELEVATOR APARTMENTS,2,1373,1482,R4,"425 MAIN STREET, 3P",3P,10044.0,1.0,,1.0,,,2006.0,2,R4,1275000,2025-12-02,40.758502,-73.952627,108.0,5.0,1087292.0,1013737502.0,23804.0,MN0801,2025,12,True,CONDOS - ELEVATOR APARTMENTS
Manhattan,SOHO,13 CONDOS - ELEVATOR APARTMENTS,2,490,1120,R4,"10 SULLIVAN STREET, 12A",12A,10012.0,1.0,,1.0,,,2016.0,2,R4,9250000,2025-12-02,40.724315,-74.004174,102.0,1.0,1089762.0,1004907502.0,47.0,MN0201,2025,12,True,CONDOS - ELEVATOR APARTMENTS
Manhattan,SOUTHBRIDGE,13 CONDOS - ELEVATOR APARTMENTS,2,91,1212,R4,"111 FULTON STREET, 308",308,10038.0,1.0,,1.0,,,1940.0,2,R4,1035000,2025-12-02,40.709749,-74.006792,101.0,1.0,1001263.0,1000917502.0,1501.0,MN0101,2025,12,True,CONDOS - ELEVATOR APARTMENTS
Manhattan,UPPER EAST SIDE (59-79),10 COOPS - ELEVATOR APARTMENTS,2,1417,1,D4,"201 EAST 62ND STREET, 2C",,10065.0,,,,,,1963.0,2,D4,1250000,2025-12-02,40.763296,-73.964869,108.0,5.0,1043826.0,1014170001.0,110.0,MN0801,2025,12,True,COOPS - ELEVATOR APARTMENTS
Manhattan,UPPER EAST SIDE (59-79),10 COOPS - ELEVATOR APARTMENTS,2,1451,23,D4,"363 EAST 76TH STREET, 2C",,10075.0,,,,,,1963.0,2,D4,1275000,2025-12-02,40.770704,-73.954832,108.0,5.0,1045174.0,1014510023.0,134.0,MN0801,2025,12,True,COOPS - ELEVATOR APARTMENTS
Manhattan,UPPER EAST SIDE (59-79),13 CONDOS - ELEVATOR APARTMENTS,2,1384,1012,R4,"28 EAST 70 STREET, PH-1",PH-1,10021.0,1.0,,1.0,,,1927.0,2,R4,8250000,2025-12-02,40.770375,-73.966168,108.0,4.0,1041317.0,1013847501.0,122.0,MN0802,2025,12,True,CONDOS - ELEVATOR APARTMENTS
Manhattan,UPPER EAST SIDE (59-79),13 CONDOS - ELEVATOR APARTMENTS,2,1455,1134,R4,"401 EAST 60 STREET, 6E",6E,10022.0,1.0,,1.0,,,,2,R4,877500,2025-12-02,40.760166,-73.961347,108.0,5.0,1045271.0,1014557501.0,10602.0,MN0801,2025,12,True,CONDOS - ELEVATOR APARTMENTS
Manhattan,UPPER EAST SIDE (59-79),13 CONDOS - ELEVATOR APARTMENTS,2,1455,1136,R4,"401 EAST 60 STREET, 8E",8E,10022.0,1.0,,1.0,,,,2,R4,890000,2025-12-02,40.760166,-73.961347,108.0,5.0,1045271.0,1014557501.0,10602.0,MN0801,2025,12,True,CONDOS - ELEVATOR APARTMENTS
Manhattan,UPPER EAST SIDE (59-79),15 CONDOS - 2-10 UNIT RESIDENTIAL,2C,1385,1002,R1,"11 EAST 70 STREET, 1A",1A,10021.0,1.0,,1.0,,,1910.0,2,R1,2100000,2025-12-02,40.770873,-73.967316,108.0,4.0,1076289.0,1013857501.0,130.0,MN0802,2025,12,True,CONDOS - 2-10 UNIT RESIDENTIAL
Manhattan,UPPER EAST SIDE (79-96),10 COOPS - ELEVATOR APARTMENTS,2C,1493,67,D4,"4 EAST 82ND STREET, 3R",,10028.0,,,,,,1920.0,2,D4,578000,2025-12-02,40.7788,-73.961983,108.0,4.0,1046683.0,1014930067.0,142.0,MN0802,2025,12,True,COOPS - ELEVATOR APARTMENTS
Manhattan,UPPER EAST SIDE (79-96),10 COOPS - ELEVATOR APARTMENTS,2,1579,15,D4,"525 EAST 82ND STREET, 5C",,10028.0,,,,,,1962.0,2,D4,1170000,2025-12-02,40.772858,-73.947833,108.0,5.0,1051163.0,1015790015.0,13604.0,MN0803,2025,12,True,COOPS - ELEVATOR APARTMENTS
Manhattan,UPPER EAST SIDE (79-96),10 COOPS - ELEVATOR APARTMENTS,2,1582,40,D4,"520 EAST 86TH STREET, 1/2C",,10028.0,,,,,,1929.0,2,D4,1850000,2025-12-02,40.775597,-73.946286,108.0,5.0,1051249.0,1015820040.0,14401.0,MN0803,2025,12,True,COOPS - ELEVATOR APARTMENTS
Manhattan,UPPER EAST SIDE (79-96),13 CONDOS - ELEVATOR APARTMENTS,2,1496,1064,R4,"30 EAST 85TH STREET, 5D",5D,10028.0,1.0,,1.0,,,1987.0,2,R4,1353150,2025-12-02,40.780356,-73.959754,108.0,4.0,1072932.0,1014967501.0,15001.0,MN0802,2025,12,True,CONDOS - ELEVATOR APARTMENTS
Manhattan,UPPER EAST SIDE (79-96),13 CONDOS - ELEVATOR APARTMENTS,2,1542,1539,R4,"301 EAST 79 STREET, PH N",PH N,10075.0,1.0,,1.0,,,1974.0,2,R4,830000,2025-12-02,40.773193,-73.954693,108.0,5.0,1049261.0,1015427501.0,138.0,MN0803,2025,12,True,CONDOS - ELEVATOR APARTMENTS
Manhattan,UPPER WEST SIDE (59-79),13 CONDOS - ELEVATOR APARTMENTS,2,1140,1386,R4,"155 WEST 68 STREET, 21-22",21-22,10023.0,1.0,,1.0,,,1965.0,2,R4,1500000,2025-12-02,40.775704,-73.982659,107.0,6.0,1028950.0,1011407501.0,15302.0,MN0701,2025,12,True,CONDOS - ELEVATOR APARTMENTS
Manhattan,UPPER WEST SIDE (59-79),17 CONDO COOPS,2,1158,1007,R9,"160 WEST END AVENUE, 25C",,10023.0,,,,,,1963.0,2,R9,517000,2025-12-02,40.776193,-73.984984,107.0,6.0,1070689.0,1011587501.0,15501.0,MN0701,2025,12,True,CONDO COOPS
Manhattan,UPPER WEST SIDE (59-79),17 CONDO COOPS,2,1179,1308,R9,"205 WEST END AVENUE, 23H",,10023.0,,,,,,1962.0,2,R9,2513000,2025-12-02,40.778573,-73.986377,107.0,6.0,1070766.0,1011797503.0,15502.0,MN0701,2025,12,True,CONDO COOPS
Manhattan,UPPER WEST SIDE (79-96),07 RENTALS - WALKUP APARTMENTS,2B,1211,20,C5,137 WEST 80TH STREET,,10024.0,9.0,0.0,9.0,2146.0,6425.0,1900.0,2,C5,5400000,2025-12-02,40.783111,-73.976099,107.0,6.0,1031967.0,1012110020.0,165.0,MN0702,2025,12,True,RENTALS - WALKUP APARTMENTS
Manhattan,UPPER WEST SIDE (79-96),09 COOPS - WALKUP APARTMENTS,2C,1198,11,C6,"39 WEST 84TH STREET, 4A",,10024.0,,,,,,1900.0,2,C6,440000,2025-12-02,40.784488,-73.971487,107.0,6.0,1031299.0,1011980011.0,169.0,MN0702,2025,12,True,COOPS - WALKUP APARTMENTS
Manhattan,UPPER WEST SIDE (79-96),10 COOPS - ELEVATOR APARTMENTS,2,1197,10,D4,"55 WEST 83RD STREET, BD",,10024.0,,,,,,1900.0,2,D4,549000,2025-12-02,40.784153,-73.972661,107.0,6.0,1031222.0,1011970010.0,169.0,MN0702,2025,12,True,COOPS - ELEVATOR APARTMENTS
Manhattan,UPPER WEST SIDE (79-96),10 COOPS - ELEVATOR APARTMENTS,2,1249,29,D4,"565 WEST END AVENUE, 14D",,10024.0,,,,,,1938.0,2,D4,1275000,2025-12-02,40.78983,-73.977176,107.0,6.0,1033974.0,1012490029.0,175.0,MN0702,2025,12,True,COOPS - ELEVATOR APARTMENTS
Manhattan,UPPER WEST SIDE (79-96),10 COOPS - ELEVATOR APARTMENTS,2,1250,1,D4,"160 RIVERSIDE DRIVE, 12D",,10024.0,,,,,,1923.0,2,D4,1900000,2025-12-02,40.791181,-73.979,107.0,6.0,1034003.0,1012500001.0,175.0,MN0702,2025,12,True,COOPS - ELEVATOR APARTMENTS
Manhattan,UPPER WEST SIDE (79-96),13 CONDOS - ELEVATOR APARTMENTS,2,1243,1648,R4,"250 WEST 96TH STREET, 8D",8D,10025.0,1.0,,1.0,,,2021.0,2,R4,3300000,2025-12-02,40.794849,-73.972277,107.0,7.0,1091732.0,1012437504.0,183.0,MN0702,2025,12,True,CONDOS - ELEVATOR APARTMENTS
Manhattan,UPPER WEST SIDE (96-116),10 COOPS - ELEVATOR APARTMENTS,2,1851,12,D4,"127 WEST 96TH STREET, 3H",,10025.0,,,,,,1930.0,2,D4,695000,2025-12-02,40.793267,-73.968475,107.0,7.0,1055893.0,1018510012.0,181.0,MN0702,2025,12,True,COOPS - ELEVATOR APARTMENTS
Manhattan,WASHINGTON HEIGHTS UPPER,08 RENTALS - ELEVATOR APARTMENTS,2,2174,77,D7,126 NAGLE AVENUE,,10040.0,87.0,8.0,95.0,14740.0,66056.0,1913.0,2,D7,16900000,2025-12-02,40.861029,-73.92633,112.0,10.0,1064180.0,1021740077.0,285.0,MN1202,2025,12,True,RENTALS - ELEVATOR APARTMENTS
Queens,ASTORIA,13 CONDOS - ELEVATOR APARTMENTS,2,574,1314,R4,"27-23 CRESCENT STREET, 5B",5B,11102.0,1.0,,1.0,,,2023.0,2,R4,1265000,2025-12-02,40.769746,-73.924171,401.0,22.0,4000000.0,4005740048.0,71.0,QN0103,2025,12,True,CONDOS - ELEVATOR APARTMENTS
Queens,BAYSIDE,03 THREE FAMILY DWELLINGS,1,7304,8,C0,46-07 204 STREET,,11361.0,3.0,0.0,3.0,3341.0,2016.0,1965.0,1,C0,1100000,2025-12-02,40.755436,-73.778094,411.0,19.0,4156669.0,4073040008.0,145102.0,QN1101,2025,12,True,THREE FAMILY DWELLINGS
Queens,BEECHHURST,10 COOPS - ELEVATOR APARTMENTS,2,4591,118,D4,"9-20 166TH STREET, 4D",,11357.0,,,,,,1958.0,2,D4,389000,2025-12-02,40.792638,-73.797794,407.0,19.0,4104168.0,4045910118.0,991.0,QN0702,2025,12,True,COOPS - ELEVATOR APARTMENTS
Queens,BEECHHURST,10 COOPS - ELEVATOR APARTMENTS,2,4602,125,D4,"167-05 12 AVE, 5B",,11357.0,,,,,,1958.0,2,D4,350000,2025-12-02,40.791385,-73.796663,407.0,19.0,4104356.0,4046020125.0,991.0,QN0702,2025,12,True,COOPS - ELEVATOR APARTMENTS
Queens,BELLEROSE,01 ONE FAMILY DWELLINGS,1,8639,80,A1,248-43 88 ROAD,,11426.0,1.0,0.0,1.0,4807.0,1476.0,1925.0,1,A1,880000,2025-12-02,40.728298,-73.717898,413.0,23.0,4176302.0,4086390080.0,1617.0,QN1302,2025,12,True,ONE FAMILY DWELLINGS
Queens,BRIARWOOD,01 ONE FAMILY DWELLINGS,1,6639,19,A1,141-32 GRAND CENTRAL PKWY,,11435.0,1.0,0.0,1.0,3400.0,1600.0,1940.0,1,A1,895000,2025-12-02,40.715639,-73.816929,408.0,24.0,4143652.0,4066390019.0,22001.0,QN0805,2025,12,True,ONE FAMILY DWELLINGS
Queens,COLLEGE POINT,02 TWO FAMILY DWELLINGS,1,4054,8,B1,119-18 14 AVENUE,,11356.0,2.0,0.0,2.0,2918.0,2680.0,1955.0,1,B1,1100000,2025-12-02,40.785901,-73.848402,407.0,19.0,4098025.0,4040540008.0,929.0,QN0701,2025,12,True,TWO FAMILY DWELLINGS
Queens,CORONA,10 COOPS - ELEVATOR APARTMENTS,2,1908,1,D4,"55-25 98 PLACE, 3J",,11368.0,,,,,,1965.0,2,D4,360000,2025-12-02,40.738722,-73.861724,404.0,21.0,4431637.0,4019080001.0,44302.0,QN0402,2025,12,True,COOPS - ELEVATOR APARTMENTS
Queens,ELMHURST,13 CONDOS - ELEVATOR APARTMENTS,2,1352,1010,R4,"70-65 QUEENS BOULEVARD, 3I",3I,11377.0,1.0,,1.0,,,2021.0,2,R4,496860,2025-12-02,40.73955,-73.892042,402.0,26.0,4032013.0,4013527501.0,485.0,QN0401,2025,12,True,CONDOS - ELEVATOR APARTMENTS
Queens,ELMHURST,13 CONDOS - ELEVATOR APARTMENTS,2,1352,1316,R4,"70-40 45TH AVENUE, 5J",5J,11377.0,1.0,,1.0,,,2020.0,2,R4,722958,2025-12-02,40.740329,-73.89383,402.0,26.0,4607500.0,4013520009.0,485.0,QN0401,2025,12,True,CONDOS - ELEVATOR APARTMENTS
Queens,FAR ROCKAWAY,01 ONE FAMILY DWELLINGS,1,15685,68,A2,14-67 EGMONT PLACE,,11691.0,1.0,0.0,1.0,5000.0,1844.0,1960.0,1,A2,480000,2025-12-02,40.610836,-73.767619,414.0,31.0,4299863.0,4156850068.0,100801.0,QN1401,2025,12,True,ONE FAMILY DWELLINGS
Queens,FAR ROCKAWAY,02 TWO FAMILY DWELLINGS,1,15766,35,B2,24-07 BROOKHAVEN AVENUE,,11691.0,2.0,0.0,2.0,2123.0,2072.0,2007.0,1,B2,777000,2025-12-02,40.599816,-73.760815,414.0,31.0,4538832.0,4157660035.0,99801.0,QN1401,2025,12,True,TWO FAMILY DWELLINGS
Queens,FLUSHING-NORTH,01 ONE FAMILY DWELLINGS,1,5407,28,A1,149-52 BEECH AVENUE,,11355.0,1.0,0.0,1.0,4000.0,1607.0,1925.0,1,A1,1320000,2025-12-02,40.759191,-73.812612,407.0,20.0,4121986.0,4054070028.0,1187.0,QN0705,2025,12,True,ONE FAMILY DWELLINGS
Queens,FLUSHING-NORTH,01 ONE FAMILY DWELLINGS,1,5527,33,A1,45-07 UTOPIA PARKWAY,,11358.0,1.0,0.0,1.0,3000.0,1392.0,1925.0,1,A1,500000,2025-12-02,40.755095,-73.792649,411.0,19.0,4124737.0,4055270033.0,1459.0,QN1101,2025,12,True,ONE FAMILY DWELLINGS
Queens,FLUSHING-NORTH,02 TWO FAMILY DWELLINGS,1,5354,22,B1,40-12 190TH STREET,,11358.0,2.0,0.0,2.0,2500.0,1632.0,1935.0,1,B1,1165000,2025-12-02,40.760657,-73.791631,411.0,19.0,4120774.0,4053540022.0,1175.0,QN0704,2025,12,True,TWO FAMILY DWELLINGS
Queens,FLUSHING-NORTH,10 COOPS - ELEVATOR APARTMENTS,2,4343,125,D4,"140-21 31 ROAD, 3F",,11354.0,,,,,,1957.0,2,D4,308000,2025-12-02,40.770685,-73.827623,407.0,20.0,4440071.0,4043430125.0,88903.0,QN0704,2025,12,True,COOPS - ELEVATOR APARTMENTS
Queens,FLUSHING-NORTH,13 CONDOS - ELEVATOR APARTMENTS,2,5022,1671,R4,"143-58 38TH AVENUE, 320",320,11357.0,1.0,,1.0,,,2023.0,2,R4,580362,2025-12-02,40.762478,-73.823613,407.0,20.0,4000000.0,4050220031.0,865.0,QN0707,2025,12,True,CONDOS - ELEVATOR APARTMENTS
Queens,FLUSHING-NORTH,13 CONDOS - ELEVATOR APARTMENTS,2,5066,2855,R4,"131-02B 40TH ROAD, 19M",19M,11354.0,1.0,,1.0,,,2020.0,2,R4,663261,2025-12-02,40.755575,-73.836625,407.0,20.0,4624163.0,4050667508.0,871.0,QN0707,2025,12,True,CONDOS - ELEVATOR APARTMENTS
Queens,FLUSHING-NORTH,13 CONDOS - ELEVATOR APARTMENTS,2,5193,1141,R4,"43-17 UNION STREET, 6G",6G,11355.0,1.0,,1.0,,,2005.0,2,R4,725000,2025-12-02,40.754358,-73.821356,407.0,20.0,4534926.0,4051937502.0,859.0,QN0707,2025,12,True,CONDOS - ELEVATOR APARTMENTS
Queens,FLUSHING-SOUTH,01 ONE FAMILY DWELLINGS,1,6622,15,A5,141-28 72ND CRESCENT,,11367.0,1.0,0.0,1.0,2670.0,1680.0,1945.0,1,A5,1200000,2025-12-02,40.725576,-73.822884,408.0,24.0,4143457.0,4066220015.0,77902.0,QN0801,2025,12,True,ONE FAMILY DWELLINGS
Queens,FLUSHING-SOUTH,02 TWO FAMILY DWELLINGS,1,6756,103,B3,61-27 160 STREET,,11365.0,2.0,0.0,2.0,2500.0,1216.0,1920.0,1,B3,990000,2025-12-02,40.738061,-73.808482,408.0,24.0,4146883.0,4067560103.0,122703.0,QN0802,2025,12,True,TWO FAMILY DWELLINGS
Queens,FLUSHING-SOUTH,09 COOPS - WALKUP APARTMENTS,2,6633,1,C6,"141-12 79TH AVENUE, 1I",,11367.0,,,,,,1940.0,2,C6,300000,2025-12-02,40.718174,-73.819368,408.0,24.0,4620046.0,4066330001.0,77903.0,QN0801,2025,12,True,COOPS - WALKUP APARTMENTS
Queens,FOREST HILLS,10 COOPS - ELEVATOR APARTMENTS,2,2212,14,D4,"69-10 108TH STREET, 1N",,11375.0,,,,,,1953.0,2,D4,698888,2025-12-02,40.724684,-73.84537,406.0,29.0,4052235.0,4022120014.0,739.0,QN0602,2025,12,True,COOPS - ELEVATOR APARTMENTS
Queens,FOREST HILLS,10 COOPS - ELEVATOR APARTMENTS,2,2234,6,D4,"110-20 71ST AVENUE, 106",,11375.0,,,,,,1951.0,2,D4,170000,2025-12-02,40.722413,-73.841176,406.0,29.0,4052569.0,4022340006.0,75702.0,QN0602,2025,12,True,COOPS - ELEVATOR APARTMENTS
Queens,HOWARD BEACH,01 ONE FAMILY DWELLINGS,1,14017,42,A1,160-27 79TH STREET,,11414.0,1.0,0.0,1.0,4000.0,2200.0,1970.0,1,A1,1250000,2025-12-02,40.654918,-73.852455,410.0,32.0,4293434.0,4140170042.0,89201.0,QN1003,2025,12,True,ONE FAMILY DWELLINGS
Queens,JACKSON HEIGHTS,01 ONE FAMILY DWELLINGS,1,1127,65,A5,30-29 78 STREET,,11370.0,1.0,0.0,1.0,2000.0,2035.0,1960.0,1,A5,999000,2025-12-02,40.760134,-73.889976,403.0,25.0,4025002.0,4011270065.0,30903.0,QN0301,2025,12,True,ONE FAMILY DWELLINGS
Queens,KEW GARDENS,13 CONDOS - ELEVATOR APARTMENTS,2,3330,1029,R4,"83-36 BEVERLY ROAD, 5A",5A,11374.0,1.0,,1.0,,,1966.0,2,R4,420000,2025-12-02,40.707732,-73.831465,409.0,29.0,4079530.0,4033300033.0,775.0,QN0901,2025,12,True,CONDOS - ELEVATOR APARTMENTS
Queens,KEW GARDENS,44 CONDO PARKING,4,3321,1145,RG,"83-71 116 STREET, P13",P13,11418.0,,1.0,1.0,,,2001.0,4,RG,45000,2025-12-02,40.704441,-73.835787,409.0,29.0,4518452.0,4033217503.0,134.0,QN0901,2025,12,True,CONDO PARKING
Queens,LAURELTON,01 ONE FAMILY DWELLINGS,1,13192,161,A2,228-15 MENTONE AVENUE,,11413.0,1.0,0.0,1.0,10288.0,1015.0,1925.0,1,A2,475000,2025-12-02,40.667352,-73.747149,413.0,31.0,4283678.0,4131920161.0,682.0,QN1305,2025,12,True,ONE FAMILY DWELLINGS
Queens,LITTLE NECK,09 COOPS - WALKUP APARTMENTS,2,8349,36,C6,"252-15 60TH AVENUE, 114",,11362.0,,,,,,1953.0,2,C6,375000,2025-12-02,40.759515,-73.727115,411.0,23.0,4561285.0,4083490036.0,152902.0,QN1103,2025,12,True,COOPS - WALKUP APARTMENTS
Queens,MIDDLE VILLAGE,01 ONE FAMILY DWELLINGS,1,2820,80,A1,71-52 58TH ROAD,,11378.0,1.0,0.0,1.0,2500.0,1120.0,1925.0,1,A1,981000,2025-12-02,40.72556,-73.889452,405.0,30.0,4063247.0,4028200080.0,495.0,QN0501,2025,12,True,ONE FAMILY DWELLINGS
Queens,OAKLAND GARDENS,09 COOPS - WALKUP APARTMENTS,2,7668,10,C6,"67-58A 223RD PLACE, 385",,11364.0,,,,,,1949.0,2,C6,368000,2025-12-02,40.744962,-73.752542,411.0,23.0,4452992.0,4076680010.0,1377.0,QN1104,2025,12,True,COOPS - WALKUP APARTMENTS
Queens,OAKLAND GARDENS,09 COOPS - WALKUP APARTMENTS,2,7754,3,C6,"219-52 75TH AVENUE, 235A1",,11364.0,,,,,,1952.0,2,C6,349000,2025-12-02,40.738945,-73.753867,411.0,23.0,4444518.0,4077540003.0,129104.0,QN1104,2025,12,True,COOPS - WALKUP APARTMENTS
Queens,OZONE PARK,02 TWO FAMILY DWELLINGS,1,9031,21,B1,95-34 92 STREET,,11416.0,2.0,0.0,2.0,1650.0,1668.0,1920.0,1,B1,487200,2025-12-02,40.686197,-73.849858,409.0,32.0,4187540.0,4090310021.0,36.0,QN0904,2025,12,True,TWO FAMILY DWELLINGS
Queens,QUEENS VILLAGE,01 ONE FAMILY DWELLINGS,1,10814,33,A1,94-56 225TH STREET,,11428.0,1.0,0.0,1.0,2800.0,1292.0,1920.0,1,A1,765000,2025-12-02,40.721204,-73.72996,413.0,23.0,4231397.0,4108140033.0,568.0,QN1303,2025,12,True,ONE FAMILY DWELLINGS
Queens,REGO PARK,13 CONDOS - ELEVATOR APARTMENTS,2,3173,1108,R4,"102-10 QUEENS BOULEVARD, 302",302,11375.0,1.0,,1.0,,,2007.0,2,R4,495000,2025-12-02,40.72588,-73.851407,406.0,29.0,4536985.0,4031737502.0,71305.0,QN0602,2025,12,True,CONDOS - ELEVATOR APARTMENTS
Queens,RIDGEWOOD,02 TWO FAMILY DWELLINGS,1,3485,21,B3,20-26 LINDEN STREET,,11385.0,2.0,0.0,2.0,2500.0,1260.0,1920.0,1,B3,800000,2025-12-02,40.707193,-73.90558,405.0,30.0,4083400.0,4034850021.0,589.0,QN0502,2025,12,True,TWO FAMILY DWELLINGS
Queens,RIDGEWOOD,03 THREE FAMILY DWELLINGS,1,3438,37,C0,586 ONDERDONK AVENUE,,11385.0,3.0,0.0,3.0,2500.0,2750.0,1920.0,1,C0,1388000,2025-12-02,40.705258,-73.909388,405.0,34.0,4082115.0,4034380037.0,547.0,QN0502,2025,12,True,THREE FAMILY DWELLINGS
Queens,SO. JAMAICA-BAISLEY PARK,01 ONE FAMILY DWELLINGS,1,12013,126,A1,117-31 141ST STREET,,11436.0,1.0,0.0,1.0,1900.0,1040.0,1940.0,1,A1,520000,2025-12-02,40.678069,-73.800481,412.0,28.0,4260604.0,4120130126.0,182.0,QN1203,2025,12,True,ONE FAMILY DWELLINGS
Queens,SOUTH JAMAICA,02 TWO FAMILY DWELLINGS,1,11940,212,B2,14503 FERNDALE AVENUE,,11435.0,2.0,0.0,2.0,3500.0,1406.0,1930.0,1,B2,1149999,2025-12-02,40.688878,-73.801018,412.0,28.0,4258115.0,4119400212.0,196.0,QN1202,2025,12,True,TWO FAMILY DWELLINGS
Queens,SOUTH OZONE PARK,14 RENTALS - 4-10 UNIT,2A,11700,9,S9,133-01 ROCKAWAY BOULEVARD,,11420.0,3.0,2.0,5.0,2510.0,4000.0,1920.0,2,S9,1375000,2025-12-02,40.674709,-73.805268,410.0,28.0,4253204.0,4117000009.0,180.0,QN1001,2025,12,True,RENTALS - 4-10 UNIT
Queens,SPRINGFIELD GARDENS,01 ONE FAMILY DWELLINGS,1,12664,59,A1,188-51 120 ROAD,,11412.0,1.0,0.0,1.0,2500.0,1308.0,1930.0,1,A1,859000,2025-12-02,40.686337,-73.75943,412.0,27.0,4272943.0,4126640059.0,394.0,QN1205,2025,12,True,ONE FAMILY DWELLINGS
Queens,ST. ALBANS,01 ONE FAMILY DWELLINGS,1,10953,16,A1,194-29 112 AVENUE,,11412.0,1.0,0.0,1.0,2267.0,1040.0,1940.0,1,A1,790000,2025-12-02,40.7013,-73.761331,412.0,27.0,4234605.0,4109530016.0,524.0,QN1205,2025,12,True,ONE FAMILY DWELLINGS
Queens,WOODHAVEN,02 TWO FAMILY DWELLINGS,1,8863,26,B3,85-42 89 STREET,,11421.0,2.0,0.0,2.0,2017.0,1120.0,1901.0,1,B3,501600,2025-12-02,40.695098,-73.856142,409.0,32.0,4181850.0,4088630026.0,14.0,QN0905,2025,12,True,TWO FAMILY DWELLINGS
Queens,WOODHAVEN,02 TWO FAMILY DWELLINGS,1,8868,53,B1,86-21 89 STREET,,11421.0,2.0,0.0,2.0,2319.0,2208.0,1910.0,1,B1,700800,2025-12-02,40.693879,-73.855842,409.0,32.0,4182035.0,4088680053.0,14.0,QN0905,2025,12,True,TWO FAMILY DWELLINGS
Queens,WOODHAVEN,03 THREE FAMILY DWELLINGS,1,8967,31,C0,85-13 91 AVENUE,,11421.0,3.0,0.0,3.0,2020.0,2080.0,1915.0,1,C0,710400,2025-12-02,40.687815,-73.857211,409.0,32.0,4185488.0,4089670031.0,8.0,QN0905,2025,12,True,THREE FAMILY DWELLINGS
Staten Island,ARDEN HEIGHTS,02 TWO FAMILY DWELLINGS,1,6024,22,B9,25 GEYSER DRIVE,,10312.0,2.0,0.0,2.0,1710.0,1316.0,1975.0,1,B9,720000,2025-12-02,40.549363,-74.199149,503.0,51.0,5079310.0,5060240022.0,17013.0,SI0303,2025,12,True,TWO FAMILY DWELLINGS
Staten Island,BULLS HEAD,01 ONE FAMILY DWELLINGS,1,1680,109,A5,15 LUDWIG LANE,,10303.0,1.0,0.0,1.0,1960.0,1800.0,2000.0,1,A5,585000,2025-12-02,40.622323,-74.157991,501.0,49.0,5129516.0,5016800109.0,30302.0,SI0107,2025,12,True,ONE FAMILY DWELLINGS
Staten Island,BULLS HEAD,02 TWO FAMILY DWELLINGS,1,1577,43,B9,24 NADAL PLACE,,10314.0,2.0,0.0,2.0,3675.0,2022.0,1970.0,1,B9,720000,2025-12-02,40.612827,-74.167272,502.0,50.0,5031136.0,5015770043.0,29104.0,SI0204,2025,12,True,TWO FAMILY DWELLINGS
Staten Island,DONGAN HILLS-OLD TOWN,01 ONE FAMILY DWELLINGS,1,3222,41,A5,4 MCCORMACK PLACE,,10305.0,1.0,0.0,1.0,1710.0,1152.0,1986.0,1,A5,512500,2025-12-02,40.596541,-74.083,502.0,50.0,5091137.0,5032220041.0,64.0,SI0201,2025,12,True,ONE FAMILY DWELLINGS
Staten Island,ELTINGVILLE,02 TWO FAMILY DWELLINGS,1,5609,34,B2,50 READING AVENUE,,10312.0,2.0,0.0,2.0,6000.0,2668.0,1985.0,1,B2,1095000,2025-12-02,40.555338,-74.170417,503.0,51.0,5074593.0,5056090034.0,17012.0,SI0302,2025,12,True,TWO FAMILY DWELLINGS
Staten Island,ELTINGVILLE,02 TWO FAMILY DWELLINGS,1,5706,76,B2,149 RENSSELAER AVENUE,,10312.0,2.0,0.0,2.0,4400.0,1720.0,1970.0,1,B2,995000,2025-12-02,40.548249,-74.182324,503.0,51.0,5077284.0,5057060076.0,17015.0,SI0303,2025,12,True,TWO FAMILY DWELLINGS
Staten Island,GRASMERE,05 TAX CLASS 1 VACANT LAND,1B,3040,216,V0,102 POUCH TERRACE,,10305.0,0.0,0.0,0.0,6440.0,0.0,,1,V0,500000,2025-12-02,40.602337,-74.075837,502.0,50.0,,,2002.0,SI0201,2025,12,True,TAX CLASS 1 VACANT LAND
Staten Island,MANOR HEIGHTS,01 ONE FAMILY DWELLINGS,1,812,17,A5,236 QUEEN STREET,,10314.0,1.0,0.0,1.0,2477.0,1396.0,1997.0,1,A5,871000,2025-12-02,40.602739,-74.129283,502.0,50.0,5128378.0,5008120017.0,18703.0,SI0203,2025,12,True,ONE FAMILY DWELLINGS
Staten Island,OAKWOOD-BEACH,01 ONE FAMILY DWELLINGS,1,4674,5,A5,491 TARRYTOWN AVENUE,,10306.0,1.0,0.0,1.0,6500.0,1120.0,1996.0,1,A5,630000,2025-12-02,40.558248,-74.120052,503.0,50.0,5152508.0,5046740005.0,12805.0,SI0301,2025,12,True,ONE FAMILY DWELLINGS
Staten Island,PORT IVORY,01 ONE FAMILY DWELLINGS,1,1263,162,A2,154 SOUTH AVENUE,,10303.0,1.0,0.0,1.0,2500.0,648.0,1925.0,1,A2,470000,2025-12-02,40.636774,-74.166165,501.0,49.0,5028421.0,5012630162.0,31902.0,SI0107,2025,12,True,ONE FAMILY DWELLINGS
Staten Island,SOUTH BEACH,01 ONE FAMILY DWELLINGS,1,3362,80,A2,275 HURLBERT STREET,,10305.0,1.0,0.0,1.0,4922.0,1124.0,1960.0,1,A2,800000,2025-12-02,40.590451,-74.08503,502.0,50.0,5049799.0,5033620080.0,7001.0,SI0201,2025,12,True,ONE FAMILY DWELLINGS
Staten Island,STAPLETON,01 ONE FAMILY DWELLINGS,1,527,78,A5,25 TAPPEN COURT,,10304.0,1.0,0.0,1.0,1080.0,1000.0,1989.0,1,A5,443000,2025-12-02,40.625681,-74.08054,501.0,49.0,5094735.0,5005270078.0,21.0,SI0102,2025,12,True,ONE FAMILY DWELLINGS
Staten Island,TODT HILL,01 ONE FAMILY DWELLINGS,1,892,35,A3,25 THE OVAL,,10304.0,1.0,0.0,1.0,18974.0,6984.0,1950.0,1,A3,2350000,2025-12-02,40.588968,-74.106213,502.0,50.0,5022978.0,5008920035.0,181.0,SI0203,2025,12,True,ONE FAMILY DWELLINGS
Staten Island,TOTTENVILLE,01 ONE FAMILY DWELLINGS,1,8038,54,A5,46 PARKER STREET,,10307.0,1.0,0.0,1.0,2500.0,721.0,1925.0,1,A5,570000,2025-12-02,40.514388,-74.238336,503.0,51.0,5089038.0,5080380054.0,248.0,SI0305,2025,12,True,ONE FAMILY DWELLINGS
Staten Island,WEST NEW BRIGHTON,01 ONE FAMILY DWELLINGS,1,132,221,A1,112 DELAFIELD AVENUE,,10301.0,1.0,0.0,1.0,4000.0,1632.0,1925.0,1,A1,810000,2025-12-02,40.632507,-74.102057,501.0,49.0,5003318.0,5001320221.0,67.0,SI0104,2025,12,True,ONE FAMILY DWELLINGS
Staten Island,WILLOWBROOK,02 TWO FAMILY DWELLINGS,1,1982,69,B3,15 BOONE STREET,,10314.0,2.0,0.0,2.0,5400.0,2520.0,1960.0,1,B3,1500000,2025-12-02,40.601549,-74.138327,502.0,50.0,5034298.0,5019820069.0,27302.0,SI0203,2025,12,True,TWO FAMILY DWELLINGS
Bronx,BATHGATE,03 THREE FAMILY DWELLINGS,1,3036,16,C0,4354 PARK AVENUE,,10457.0,3.0,0.0,3.0,3525.0,2316.0,1899.0,1,C0,1050000,2025-12-03,40.851257,-73.897293,206.0,15.0,2011275.0,2030360016.0,395.0,BX0602,2025,12,True,THREE FAMILY DWELLINGS
Bronx,BAYCHESTER,01 ONE FAMILY DWELLINGS,1,4745,65,S1,1602 TILLOTSON AVENUE,,10469.0,1.0,1.0,2.0,2408.0,1798.0,1899.0,1,S1,764000,2025-12-03,40.876705,-73.844959,212.0,12.0,2061176.0,2047450065.0,358.0,BX1202,2025,12,True,ONE FAMILY DWELLINGS
Bronx,BAYCHESTER,01 ONE FAMILY DWELLINGS,1,4957,57,A1,3919 MURDOCK AVENUE,,10466.0,1.0,0.0,1.0,2500.0,1534.0,1930.0,1,A1,1146000,2025-12-03,40.889268,-73.839432,212.0,12.0,2066684.0,2049570057.0,426.0,BX1202,2025,12,True,ONE FAMILY DWELLINGS
Bronx,BAYCHESTER,02 TWO FAMILY DWELLINGS,1,5226,25,B1,2019 GIVAN AVENUE,,10475.0,2.0,0.0,2.0,2025.0,2125.0,1963.0,1,B1,950000,2025-12-03,40.87773,-73.835837,212.0,12.0,2072383.0,2052260025.0,46208.0,BX1202,2025,12,True,TWO FAMILY DWELLINGS
Bronx,BRONXDALE,02 TWO FAMILY DWELLINGS,1,4605,36,B3,820 SOUTH OAK DRIVE,,10467.0,2.0,0.0,2.0,3920.0,2481.0,1901.0,1,B3,866250,2025-12-03,40.871982,-73.862242,212.0,12.0,2056414.0,2046050036.0,372.0,BX1201,2025,12,True,TWO FAMILY DWELLINGS
Bronx,FORDHAM,29 COMMERCIAL GARAGES,4,3186,17,G1,2218 JEROME AVENUE,,10453.0,0.0,1.0,1.0,14800.0,29600.0,1928.0,4,G1,8912500,2025-12-03,40.857192,-73.90459,205.0,14.0,2014055.0,2031860017.0,239.0,BX0503,2025,12,True,COMMERCIAL GARAGES
Bronx,RIVERDALE,10 COOPS - ELEVATOR APARTMENTS,2,5779,820,D4,"3840 GREYSTONE AVENUE, 3A",,10463.0,,,,,,1951.0,2,D4,240000,2025-12-03,40.888257,-73.904958,208.0,11.0,2084039.0,2057790820.0,335.0,BX0803,2025,12,True,COOPS - ELEVATOR APARTMENTS
Bronx,RIVERDALE,10 COOPS - ELEVATOR APARTMENTS,2,5856,378,D4,"6485 BROADWAY, 2K",,10471.0,,,,,,1961.0,2,D4,365000,2025-12-03,40.905352,-73.896457,208.0,11.0,2091886.0,2058560378.0,345.0,BX0803,2025,12,True,COOPS - ELEVATOR APARTMENTS
Bronx,RIVERDALE,10 COOPS - ELEVATOR APARTMENTS,2,5904,86,D4,"3755 HENRY HUDSON PARKWAY, 4A",,10463.0,,,,,,1961.0,2,D4,551000,2025-12-03,40.889213,-73.909777,208.0,11.0,2085777.0,2059040086.0,30701.0,BX0803,2025,12,True,COOPS - ELEVATOR APARTMENTS
Bronx,RIVERDALE,10 COOPS - ELEVATOR APARTMENTS,2,5904,86,D4,"3755 HENRY HUDSON PARKWAY, 4B",,10463.0,,,,,,1961.0,2,D4,299000,2025-12-03,40.889213,-73.909777,208.0,11.0,2085777.0,2059040086.0,30701.0,BX0803,2025,12,True,COOPS - ELEVATOR APARTMENTS
Bronx,SCHUYLERVILLE/PELHAM BAY,22 STORE BUILDINGS,4,4248,56,K1,3261-3271 WESTCHESTER AVENUE,,10461.0,0.0,5.0,5.0,9446.0,15602.0,2015.0,4,K1,3950000,2025-12-03,40.852506,-73.828044,210.0,13.0,2124671.0,2042480056.0,300.0,BX1003,2025,12,True,STORE BUILDINGS
Bronx,WESTCHESTER,01 ONE FAMILY DWELLINGS,1,4077,24,A1,1538 SILVER STREET,,10461.0,1.0,0.0,1.0,2500.0,1857.0,1901.0,1,A1,565000,2025-12-03,40.843747,-73.847222,210.0,18.0,2044124.0,2040770024.0,200.0,BX1001,2025,12,True,ONE FAMILY DWELLINGS
Bronx,WOODLAWN,10 COOPS - ELEVATOR APARTMENTS,2,3398,44,D4,"4380 VIREO AVENUE, 5D",,10470.0,,,,,,1958.0,2,D4,140000,2025-12-03,40.901183,-73.862761,212.0,11.0,2019824.0,2033980044.0,45102.0,BX1203,2025,12,True,COOPS - ELEVATOR APARTMENTS
Brooklyn,BATH BEACH,13 CONDOS - ELEVATOR APARTMENTS,2,6447,1017,R4,"8800 BAY PARKWAY, 4B",4B,11214.0,1.0,,1.0,,,2023.0,2,R4,768779,2025-12-03,40.597902,-73.998019,311.0,47.0,3427394.0,3064477501.0,292.0,BK1102,2025,12,True,CONDOS - ELEVATOR APARTMENTS
Brooklyn,BEDFORD STUYVESANT,01 ONE FAMILY DWELLINGS,1,1642,20,A9,700 MONROE ST,,11221.0,1.0,0.0,1.0,2000.0,1600.0,1899.0,1,A9,600000,2025-12-03,40.687977,-73.928699,303.0,36.0,3044988.0,3016420020.0,385.0,BK0302,2025,12,True,ONE FAMILY DWELLINGS
Brooklyn,BEDFORD STUYVESANT,02 TWO FAMILY DWELLINGS,1,1839,71,B3,183 HALSEY STREET,,11216.0,2.0,0.0,2.0,1875.0,3224.0,1901.0,1,B3,2500000,2025-12-03,40.682283,-73.945759,303.0,36.0,3052789.0,3018390071.0,267.0,BK0301,2025,12,True,TWO FAMILY DWELLINGS
Brooklyn,BEDFORD STUYVESANT,02 TWO FAMILY DWELLINGS,1,1986,6,B3,270 GATES AVE,,11216.0,2.0,0.0,2.0,1330.0,3332.0,1899.0,1,B3,850000,2025-12-03,40.685589,-73.955975,303.0,36.0,3057003.0,3019860006.0,229.0,BK0301,2025,12,True,TWO FAMILY DWELLINGS
Brooklyn,BENSONHURST,02 TWO FAMILY DWELLINGS,1,6269,1,B1,1401 80 STREET,,11228.0,2.0,0.0,2.0,2000.0,2724.0,1930.0,1,S2,1800000,2025-12-03,40.616116,-74.00813,311.0,38.0,3162599.0,3062690001.0,186.0,BK1101,2025,12,True,TWO FAMILY DWELLINGS
Brooklyn,BOERUM HILL,07 RENTALS - WALKUP APARTMENTS,2A,197,1,C2,"143 NEVINS STREET, 4",,11217.0,5.0,0.0,5.0,1200.0,3200.0,1900.0,2,C2,1125000,2025-12-03,40.684273,-73.983879,302.0,33.0,3001420.0,3001970001.0,39.0,BK0202,2025,12,True,RENTALS - WALKUP APARTMENTS
Brooklyn,BOROUGH PARK,01 ONE FAMILY DWELLINGS,1,6582,66,A9,1495 DAHILL ROAD,,11204.0,1.0,0.0,1.0,2500.0,1392.0,1930.0,1,A9,346750,2025-12-03,40.611439,-73.97454,311.0,44.0,3173476.0,3065820066.0,440.0,BK1204,2025,12,True,ONE FAMILY DWELLINGS
Brooklyn,BOROUGH PARK,02 TWO FAMILY DWELLINGS,1,5700,34,B1,868 58TH STREET,,11220.0,2.0,0.0,2.0,2003.0,2916.0,1925.0,1,B1,1670000,2025-12-03,40.635782,-74.006979,312.0,43.0,3140526.0,3057000034.0,10402.0,BK1201,2025,12,True,TWO FAMILY DWELLINGS
Brooklyn,BRIGHTON BEACH,10 COOPS - ELEVATOR APARTMENTS,2,8679,7,D4,"3101 OCEAN PARKWAY, 3H",,11235.0,,,,,,1956.0,2,D4,325000,2025-12-03,40.575857,-73.968617,313.0,48.0,3245024.0,3086790007.0,36001.0,BK1303,2025,12,True,COOPS - ELEVATOR APARTMENTS
Brooklyn,BROWNSVILLE,01 ONE FAMILY DWELLINGS,1,3555,19,A5,2029 STRAUSS STREET,,11212.0,1.0,0.0,1.0,2000.0,1624.0,1930.0,1,A5,990000,2025-12-03,40.664305,-73.915175,316.0,41.0,3081676.0,3035550019.0,898.0,BK1602,2025,12,True,ONE FAMILY DWELLINGS
Brooklyn,BUSHWICK,03 THREE FAMILY DWELLINGS,1,3374,20,C0,1170 PUTNAM AVENUE,,11221.0,3.0,0.0,3.0,1750.0,2364.0,1901.0,1,C0,999000,2025-12-03,40.689967,-73.916898,304.0,37.0,3077171.0,3033740020.0,399.0,BK0402,2025,12,True,THREE FAMILY DWELLINGS
Brooklyn,BUSHWICK,03 THREE FAMILY DWELLINGS,2A,3385,61,C2,1391 JEFFERSON AVENUE,,11237.0,5.0,0.0,5.0,2000.0,4400.0,1901.0,1,C0,2690000,2025-12-03,40.6949,-73.909741,304.0,37.0,3077725.0,3033850061.0,435.0,BK0402,2025,12,True,THREE FAMILY DWELLINGS
Brooklyn,CANARSIE,01 ONE FAMILY DWELLINGS,1,8220,107,A9,9303 AVENUE K,,11236.0,1.0,0.0,1.0,2000.0,1000.0,1930.0,1,A9,501930,2025-12-03,40.638448,-73.899999,318.0,46.0,3230896.0,3082200107.0,990.0,BK1803,2025,12,True,ONE FAMILY DWELLINGS
Brooklyn,CANARSIE,02 TWO FAMILY DWELLINGS,1,8084,14,B9,1418 E 88TH ST,,11236.0,2.0,0.0,2.0,2000.0,2760.0,1960.0,1,B9,537127,2025-12-03,40.630637,-73.897856,318.0,46.0,3227845.0,3080840014.0,1026.0,BK1803,2025,12,True,TWO FAMILY DWELLINGS
Brooklyn,CANARSIE,03 THREE FAMILY DWELLINGS,1,8327,20,C0,9506 SEAVIEW CT,,11236.0,3.0,0.0,3.0,1710.0,2497.0,1975.0,1,C0,1197000,2025-12-03,40.631074,-73.889029,318.0,46.0,3235219.0,3083270020.0,102801.0,BK1803,2025,12,True,THREE FAMILY DWELLINGS
Brooklyn,CONEY ISLAND,01 ONE FAMILY DWELLINGS,1,7007,146,A5,3215 MERMAID AVENUE,,11224.0,1.0,0.0,1.0,990.0,1680.0,1999.0,1,A5,703000,2025-12-03,40.575079,-73.998823,313.0,47.0,3395003.0,3070070146.0,328.0,BK1302,2025,12,True,ONE FAMILY DWELLINGS
Brooklyn,CYPRESS HILLS,01 ONE FAMILY DWELLINGS,1,3674,1,A2,123 BRADFORD STREET,,11207.0,1.0,0.0,1.0,1500.0,704.0,1910.0,1,A2,945000,2025-12-03,40.676658,-73.893189,305.0,37.0,3083368.0,3036740001.0,1198.0,BK0502,2025,12,True,ONE FAMILY DWELLINGS
Brooklyn,CYPRESS HILLS,01 ONE FAMILY DWELLINGS,1,4123,50,A1,579 RIDGEWOOD AVENUE,,11208.0,1.0,0.0,1.0,1763.0,2160.0,1901.0,1,A1,800000,2025-12-03,40.686699,-73.86759,305.0,37.0,3091970.0,3041230050.0,118202.0,BK0501,2025,12,True,ONE FAMILY DWELLINGS
Brooklyn,CYPRESS HILLS,03 THREE FAMILY DWELLINGS,1,3674,2,C0,121 BRADFORD STREET,,11207.0,3.0,0.0,3.0,2000.0,1400.0,1901.0,1,C0,945000,2025-12-03,40.676696,-73.8932,305.0,37.0,3083369.0,3036740002.0,1198.0,BK0502,2025,12,True,THREE FAMILY DWELLINGS
Brooklyn,CYPRESS HILLS,14 RENTALS - 4-10 UNIT,2A,3940,19,S4,2981 FULTON STREET,,11208.0,4.0,1.0,5.0,2462.0,4875.0,1910.0,2,S4,1200000,2025-12-03,40.679905,-73.884809,305.0,37.0,3087677.0,3039400019.0,117201.0,BK0501,2025,12,True,RENTALS - 4-10 UNIT
Brooklyn,CYPRESS HILLS,29 COMMERCIAL GARAGES,4,3660,1,G9,35 PENNSYLVANIA AVENUE,,11207.0,0.0,1.0,1.0,1720.0,3360.0,1985.0,4,G9,730000,2025-12-03,40.677353,-73.897255,305.0,37.0,3319597.0,3036600001.0,1198.0,BK0502,2025,12,True,COMMERCIAL GARAGES
Brooklyn,DYKER HEIGHTS,01 ONE FAMILY DWELLINGS,1,6199,22,A5,1238 73RD STREET,,11228.0,1.0,0.0,1.0,1500.0,1242.0,1920.0,1,A5,980000,2025-12-03,40.622182,-74.007424,310.0,38.0,3158795.0,3061990022.0,200.0,BK1002,2025,12,True,ONE FAMILY DWELLINGS
Brooklyn,FLATBUSH-CENTRAL,09 COOPS - WALKUP APARTMENTS,2,5071,34,C6,"68 STRATFORD ROAD, 10",,11218.0,,,,,,1931.0,2,C6,932500,2025-12-03,40.647389,-73.969395,314.0,40.0,3116323.0,3050710034.0,506.0,BK1402,2025,12,True,COOPS - WALKUP APARTMENTS
Brooklyn,FLATBUSH-CENTRAL,13 CONDOS - ELEVATOR APARTMENTS,2,5100,1028,R4,"608 OCEAN AVENUE, 804",804,11226.0,1.0,,1.0,,,2024.0,2,R4,550000,2025-12-03,40.647979,-73.960623,314.0,40.0,3000000.0,3051000066.0,51002.0,BK1401,2025,12,True,CONDOS - ELEVATOR APARTMENTS
Brooklyn,FLATBUSH-EAST,01 ONE FAMILY DWELLINGS,1,4684,2,A5,51 EAST 58 STREET,,11203.0,1.0,0.0,1.0,1625.0,2350.0,1945.0,1,A5,830000,2025-12-03,40.654114,-73.922886,317.0,41.0,3102433.0,3046840002.0,864.0,BK1703,2025,12,True,ONE FAMILY DWELLINGS
Brooklyn,FLATBUSH-EAST,01 ONE FAMILY DWELLINGS,1,4726,17,A9,334 EAST 55TH ST,,11203.0,1.0,0.0,1.0,2000.0,1404.0,1925.0,1,A9,525000,2025-12-03,40.649644,-73.92532,317.0,45.0,3103957.0,3047260017.0,938.0,BK1703,2025,12,True,ONE FAMILY DWELLINGS
Brooklyn,FLATBUSH-EAST,01 ONE FAMILY DWELLINGS,1,7635,53,A9,1074 EAST 36 STREET,,11210.0,1.0,0.0,1.0,2000.0,1209.0,1920.0,1,A9,610000,2025-12-03,40.624464,-73.940626,318.0,45.0,3208994.0,3076350053.0,738.0,BK1801,2025,12,True,ONE FAMILY DWELLINGS
Brooklyn,FLATBUSH-CENTRAL,07 RENTALS - WALKUP APARTMENTS,2A,5237,26,C2,624 EAST 17TH STREET,,11226.0,6.0,0.0,6.0,4000.0,6200.0,1936.0,2,C2,2600000,2023-01-30,40.635502,-73.96143,314.0,45.0,3121213.0,3052370026.0,518.0,BK1402,2023,1,True,RENTALS - WALKUP APARTMENTS
Brooklyn,EAST NEW YORK,13 CONDOS - ELEVATOR APARTMENTS,2,4423,1464,R4,"12321 FLATLANDS AVENUE, 15 2J",15 2J,11207.0,1.0,,1.0,,,,2,R4,380000,2023-01-30,40.655641,-73.879574,305.0,42.0,,,1078.0,BK0503,2023,1,True,CONDOS - ELEVATOR APARTMENTS
Brooklyn,FLATBUSH-EAST,01 ONE FAMILY DWELLINGS,1,4986,71,A5,791 EAST 39TH STREET,,11210.0,1.0,0.0,1.0,1933.0,1710.0,1940.0,1,A5,725000,2023-01-30,40.637798,-73.939508,317.0,45.0,3113319.0,3049860071.0,782.0,BK1702,2023,1,True,ONE FAMILY DWELLINGS
Brooklyn,FLATBUSH-CENTRAL,12 CONDOS - WALKUP APARTMENTS,2,5074,1003,R2,"45 ARGYLE ROAD, 1C",1C,11218.0,1.0,,1.0,,,1925.0,2,R2,600000,2023-01-30,40.648495,-73.96769,314.0,40.0,3116432.0,3050747501.0,506.0,BK1402,2023,1,True,CONDOS - WALKUP APARTMENTS
Brooklyn,FLATBUSH-CENTRAL,02 TWO FAMILY DWELLINGS,1,5168,32,B1,262 EAST 25TH STREET,,11226.0,2.0,0.0,2.0,2000.0,2080.0,1901.0,1,B1,835000,2023-01-30,40.643588,-73.953635,317.0,40.0,3119017.0,3051680032.0,79202.0,BK1701,2023,1,True,TWO FAMILY DWELLINGS
Brooklyn,FLATLANDS,10 COOPS - ELEVATOR APARTMENTS,2,7776,26,D4,"1270 EAST 51 STREET, 5B",,11234.0,,,,,,1966.0,2,D4,255000,2023-01-30,40.629792,-73.927035,318.0,46.0,3215591.0,3077760026.0,728.0,BK1801,2023,1,True,COOPS - ELEVATOR APARTMENTS
Brooklyn,GRAVESEND,03 THREE FAMILY DWELLINGS,1,6632,44,C0,345 QUENTIN ROAD,,11223.0,3.0,0.0,3.0,3306.0,2296.0,1930.0,1,C0,31170,2023-01-30,40.606613,-73.973206,311.0,44.0,3175895.0,3066320044.0,424.0,BK1103,2023,1,True,THREE FAMILY DWELLINGS
Brooklyn,GRAVESEND,02 TWO FAMILY DWELLINGS,1,6667,8,B2,1806 WEST 13TH STREET,,11223.0,2.0,0.0,2.0,2850.0,2436.0,1915.0,1,B2,1480000,2023-01-30,40.602301,-73.985311,311.0,43.0,3177671.0,3066670008.0,404.0,BK1103,2023,1,True,TWO FAMILY DWELLINGS
Brooklyn,GREENPOINT,13 CONDOS - ELEVATOR APARTMENTS,2,2599,1209,R4,"183 MCGUINNESS BOULEVARD, 3A",3A,11222.0,1.0,,1.0,,,2020.0,2,R4,1103000,2023-01-30,40.728548,-73.950419,301.0,33.0,3065398.0,3025997503.0,573.0,BK0101,2023,1,True,CONDOS - ELEVATOR APARTMENTS
Brooklyn,GRAVESEND,04 TAX CLASS 1 CONDOS,1A,6916,1404,R3,"147 28TH AVENUE, 1A",1A,11214.0,1.0,,1.0,,,2002.0,1,R3,504563,2023-01-30,40.587553,-73.987211,313.0,47.0,3321084.0,3069167505.0,31401.0,BK1301,2023,1,True,TAX CLASS 1 CONDOS
Brooklyn,OCEAN HILL,12 CONDOS - WALKUP APARTMENTS,2,1498,1031,R2,"741 MACDONOUGH STREET, D2",D2,11233.0,1.0,,1.0,,,1992.0,2,R2,595000,2023-01-30,40.684151,-73.916455,316.0,41.0,3040238.0,3014987501.0,373.0,BK1601,2023,1,True,CONDOS - WALKUP APARTMENTS
Brooklyn,MIDWOOD,22 STORE BUILDINGS,4,7656,37,K4,1781 OCEAN AVENUE,,11230.0,2.0,5.0,7.0,2400.0,6720.0,1931.0,4,K4,3450000,2023-01-30,40.618309,-73.954978,314.0,44.0,3210001.0,3076560037.0,758.0,BK1403,2023,1,True,STORE BUILDINGS
Brooklyn,OCEAN PARKWAY-NORTH,01 ONE FAMILY DWELLINGS,1,6496,2,A5,806 FOSTER AVENUE,,11230.0,1.0,0.0,1.0,1960.0,1460.0,1920.0,1,A5,1165000,2023-01-30,40.631162,-73.969107,314.0,45.0,3170129.0,3064960002.0,460.0,BK1402,2023,1,True,ONE FAMILY DWELLINGS
Brooklyn,OCEAN PARKWAY-NORTH,10 COOPS - ELEVATOR APARTMENTS,2,5389,10,D4,"430 OCEAN PARKWAY, 6N",,11218.0,,,,,,1941.0,2,D4,649000,2023-01-30,40.637951,-73.973088,312.0,39.0,3126780.0,3053890010.0,490.0,BK1203,2023,1,True,COOPS - ELEVATOR APARTMENTS
Brooklyn,OCEAN PARKWAY-SOUTH,10 COOPS - ELEVATOR APARTMENTS,2,7224,50,D4,"2531 EAST 7TH STREET, 5J",,11235.0,,,,,,1953.0,2,D4,432000,2023-01-30,40.588357,-73.962271,313.0,48.0,3196017.0,3072240050.0,370.0,BK1301,2023,1,True,COOPS - ELEVATOR APARTMENTS
Brooklyn,PARK SLOPE,09 COOPS - WALKUP APARTMENTS,2C,994,68,C6,"363 7TH STREET, 2R",,11215.0,,,,,,1920.0,2,C6,930000,2023-01-30,40.66988,-73.984225,306.0,39.0,3021696.0,3009940068.0,137.0,BK0602,2023,1,True,COOPS - WALKUP APARTMENTS
Brooklyn,PROSPECT HEIGHTS,09 COOPS - WALKUP APARTMENTS,2,1172,19,C6,"274 ST. JOHNS PLACE, 1A",,11238.0,,,,,,1912.0,2,C6,659000,2023-01-30,40.674035,-73.968308,308.0,35.0,3029354.0,3011720019.0,207.0,BK0801,2023,1,True,COOPS - WALKUP APARTMENTS
Brooklyn,SHEEPSHEAD BAY,10 COOPS - ELEVATOR APARTMENTS,2,7397,1,D4,"1075 SHEEPSHEAD BAY RD, 5T",,11229.0,,,,,,1963.0,2,D4,300000,2023-01-30,40.593667,-73.95861,315.0,48.0,3201740.0,3073970001.0,584.0,BK1501,2023,1,True,COOPS - ELEVATOR APARTMENTS
Brooklyn,PROSPECT HEIGHTS,12 CONDOS - WALKUP APARTMENTS,2,1145,1106,R2,"658 BERGEN STREET, 1F",1F,11238.0,1.0,,1.0,,,2007.0,2,R2,1525000,2023-01-30,40.67928,-73.967584,308.0,35.0,3395388.0,3011457502.0,205.0,BK0801,2023,1,True,CONDOS - WALKUP APARTMENTS
Brooklyn,WILLIAMSBURG-CENTRAL,12 CONDOS - WALKUP APARTMENTS,2,2168,1032,R2,"15 JULIANA PLACE, 59",59,11249.0,1.0,,1.0,,,,2,R2,1300000,2023-01-30,40.705871,-73.965321,301.0,34.0,3343932.0,3021687501.0,545.0,BK0103,2023,1,True,CONDOS - WALKUP APARTMENTS
Brooklyn,WILLIAMSBURG-NORTH,13 CONDOS - ELEVATOR APARTMENTS,2,2312,1030,R4,"510 DRIGGS AVENUE, 2F",2F,11211.0,1.0,,1.0,,,2020.0,2,R4,2031409,2023-01-30,40.717994,-73.955423,301.0,33.0,3000000.0,3023127501.0,517.0,BK0102,2023,1,True,CONDOS - ELEVATOR APARTMENTS
Brooklyn,WILLIAMSBURG-NORTH,13 CONDOS - ELEVATOR APARTMENTS,2,2297,1106,R4,"125 N 10TH STREET, SGF",SGF,11249.0,1.0,,1.0,,,2007.0,2,R4,1075000,2023-01-30,40.72008,-73.956868,301.0,33.0,3397613.0,3022977502.0,517.0,BK0102,2023,1,True,CONDOS - ELEVATOR APARTMENTS
Brooklyn,WILLIAMSBURG-NORTH,08 RENTALS - ELEVATOR APARTMENTS,2,2378,11,D1,50 NORTH FIRST STREET,,11249.0,46.0,0.0,46.0,15800.0,54698.0,2008.0,2,D1,34926000,2023-01-30,40.716786,-73.964796,301.0,33.0,3062564.0,3023780011.0,555.0,BK0102,2023,1,True,RENTALS - ELEVATOR APARTMENTS
Brooklyn,WILLIAMSBURG-SOUTH,03 THREE FAMILY DWELLINGS,1,2407,3,C0,721 DRIGGS AVENUE,,11211.0,3.0,0.0,3.0,1273.0,2775.0,1899.0,1,C0,1550000,2023-01-30,40.713126,-73.960289,301.0,34.0,3062979.0,3024070003.0,523.0,BK0102,2023,1,True,THREE FAMILY DWELLINGS
Manhattan,CHELSEA,13 CONDOS - ELEVATOR APARTMENTS,2,694,1162,R4,"555 WEST 22ND STREET, 8BW",8BW,10011.0,1.0,,1.0,,,2019.0,2,R4,9855956,2023-01-30,40.74756,-74.005919,104.0,3.0,1012322.0,1006947502.0,9901.0,MN0401,2023,1,True,CONDOS - ELEVATOR APARTMENTS
Manhattan,CHELSEA,09 COOPS - WALKUP APARTMENTS,2,720,77,C6,"460 WEST 23RD STREET, 3B",,10011.0,,,,,,1900.0,2,C6,530000,2023-01-30,40.747176,-74.002974,104.0,3.0,1012716.0,1007200077.0,93.0,MN0401,2023,1,True,COOPS - WALKUP APARTMENTS
Manhattan,CLINTON,13 CONDOS - ELEVATOR APARTMENTS,2,1104,1011,R4,"611 WEST 56TH STREET, 3F",3F,10019.0,1.0,,1.0,,,2018.0,2,R4,990000,2023-01-30,40.769861,-73.992404,104.0,6.0,1090820.0,1011047501.0,13502.0,MN0402,2023,1,True,CONDOS - ELEVATOR APARTMENTS
Manhattan,CIVIC CENTER,13 CONDOS - ELEVATOR APARTMENTS,2,170,1133,R4,"108 LEONARD STREET, 11B",11B,10013.0,1.0,,1.0,,,1900.0,2,R4,3563921,2023-01-30,40.71646,-74.0032,101.0,1.0,1001835.0,1001707501.0,31.0,MN0102,2023,1,True,CONDOS - ELEVATOR APARTMENTS
Manhattan,FINANCIAL,13 CONDOS - ELEVATOR APARTMENTS,2,26,1082,R4,"15 BROAD STREET, 1530",1530,10005.0,1.0,,1.0,,,1914.0,2,R4,1127500,2023-01-30,40.706531,-74.011022,101.0,1.0,1078988.0,1000267501.0,7.0,MN0101,2023,1,True,CONDOS - ELEVATOR APARTMENTS
Manhattan,FLATIRON,13 CONDOS - ELEVATOR APARTMENTS,2,849,1406,R4,"141 5 AVENUE, 7",7,10010.0,1.0,,1.0,,,1900.0,2,R4,3350000,2023-01-30,40.739965,-73.990722,105.0,3.0,1016227.0,1008497505.0,52.0,MN0501,2023,1,True,CONDOS - ELEVATOR APARTMENTS
Manhattan,GREENWICH VILLAGE-CENTRAL,07 RENTALS - WALKUP APARTMENTS,2,539,28,C7,217 THOMPSON STREET,,10012.0,45.0,2.0,47.0,5000.0,25144.0,1920.0,2,C7,31550000,2023-01-30,40.729031,-73.999174,102.0,2.0,1008678.0,1005390028.0,65.0,MN0202,2023,1,True,RENTALS - WALKUP APARTMENTS
Manhattan,GREENWICH VILLAGE-WEST,10 COOPS - ELEVATOR APARTMENTS,2,626,12,D4,"61 JANE STREET, 15G",,10014.0,,,,,,1963.0,2,D4,1450000,2023-01-30,40.738146,-74.005849,102.0,3.0,1011645.0,1006260012.0,79.0,MN0203,2023,1,True,COOPS - ELEVATOR APARTMENTS
Manhattan,GREENWICH VILLAGE-WEST,01 ONE FAMILY DWELLINGS,1,615,21,A4,252 WEST 12TH STREET,,10014.0,1.0,0.0,1.0,1764.0,4073.0,1910.0,1,A4,23140000,2023-01-30,40.7376,-74.00284,102.0,3.0,1011010.0,1006150021.0,77.0,MN0203,2023,1,True,ONE FAMILY DWELLINGS
Manhattan,HARLEM-CENTRAL,13 CONDOS - ELEVATOR APARTMENTS,2,1599,1118,R4,"1400 5 AVENUE, 4H",4H,10026.0,1.0,,1.0,,,2003.0,2,R4,800000,2023-01-30,40.800159,-73.94684,110.0,9.0,1086518.0,1015997501.0,190.0,MN1001,2023,1,True,CONDOS - ELEVATOR APARTMENTS
Manhattan,HARLEM-CENTRAL,10 COOPS - ELEVATOR APARTMENTS,2,1748,1,D4,"1901 MADISON AVE, 225",,10035.0,,,,,,1994.0,2,D4,359000,2023-01-30,40.804082,-73.941907,111.0,9.0,1084826.0,1017480001.0,198.0,MN1102,2023,1,True,COOPS - ELEVATOR APARTMENTS
Manhattan,HARLEM-CENTRAL,10 COOPS - ELEVATOR APARTMENTS,2,1749,21,D4,"1931 MADISON AVE, 7C",,10035.0,,,,,,1920.0,2,D4,220000,2023-01-30,40.80505,-73.940851,111.0,9.0,1054006.0,1017490021.0,198.0,MN1102,2023,1,True,COOPS - ELEVATOR APARTMENTS
Manhattan,LOWER EAST SIDE,10 COOPS - ELEVATOR APARTMENTS,2,331,1,D4,"504 GRAND STREET, D45",,10002.0,,,,,,1929.0,2,D4,590000,2023-01-30,40.714672,-73.982328,103.0,1.0,1004064.0,1003310001.0,12.0,MN0302,2023,1,True,COOPS - ELEVATOR APARTMENTS
Manhattan,INWOOD,09 COOPS - WALKUP APARTMENTS,2,2240,1,C6,"109 SEAMAN AVENUE, 3H",,10034.0,,,,,,1918.0,2,C6,539000,2023-01-30,40.86852,-73.92387,112.0,10.0,1064970.0,1022400001.0,295.0,MN1203,2023,1,True,COOPS - WALKUP APARTMENTS
Manhattan,LOWER EAST SIDE,10 COOPS - ELEVATOR APARTMENTS,2,311,13,D4,"210 EAST BROADWAY, H1505",,10002.0,,,,,,1960.0,2,D4,600000,2023-01-30,40.714277,-73.987696,103.0,1.0,1077607.0,1003110013.0,1401.0,MN0302,2023,1,True,COOPS - ELEVATOR APARTMENTS
Manhattan,MIDTOWN EAST,10 COOPS - ELEVATOR APARTMENTS,2,1334,22,D4,"25 TUDOR CITY PLACE, 505",,10017.0,,,,,,1928.0,2,D4,453000,2023-01-30,40.748542,-73.970803,106.0,4.0,1038655.0,1013340022.0,88.0,MN0603,2023,1,True,COOPS - ELEVATOR APARTMENTS
Manhattan,MIDTOWN WEST,10 COOPS - ELEVATOR APARTMENTS,2,1010,61,D4,"180 WEST 58TH STREET, 7B",,10019.0,,,,,,1909.0,2,D4,925000,2023-01-30,40.765995,-73.979459,105.0,6.0,1023740.0,1010100061.0,137.0,MN0502,2023,1,True,COOPS - ELEVATOR APARTMENTS
Manhattan,MIDTOWN WEST,10 COOPS - ELEVATOR APARTMENTS,2,1049,1,D4,"345 WEST 58TH STREET, 11JK",,10019.0,,,,,,1957.0,2,D4,2100000,2023-01-30,40.768216,-73.984292,104.0,6.0,1082934.0,1010490001.0,145.0,MN0701,2023,1,True,COOPS - ELEVATOR APARTMENTS
Manhattan,MORNINGSIDE HEIGHTS,10 COOPS - ELEVATOR APARTMENTS,2,1978,1,D4,"100 LASALLE STREET, 12B",,10027.0,,,,,,1956.0,2,D4,605000,2023-01-30,40.813512,-73.959058,109.0,7.0,1084114.0,1019780001.0,211.0,MN0901,2023,1,True,COOPS - ELEVATOR APARTMENTS
Manhattan,MURRAY HILL,13 CONDOS - ELEVATOR APARTMENTS,2,859,1588,R4,"277 FIFTH AVENUE, 36A",36A,10016.0,1.0,,1.0,,,2017.0,2,R4,4743000,2023-01-30,40.74566,-73.986041,105.0,2.0,1090386.0,1008597504.0,74.0,MN0501,2023,1,True,CONDOS - ELEVATOR APARTMENTS
Manhattan,MIDTOWN WEST,45 CONDO HOTELS,4,1274,1335,RH,"768 5 AVENUE, 1241",1241,10019.0,,1.0,1.0,,,,4,RH,1250000,2023-01-30,40.764155,-73.973951,105.0,4.0,1035253.0,1012747504.0,11201.0,MN0502,2023,1,True,CONDO HOTELS
Manhattan,TRIBECA,13 CONDOS - ELEVATOR APARTMENTS,2,16,8112,R4,"2 SOUTH END AVENUE, 7D",7D,10280.0,1.0,,1.0,,,1990.0,2,R4,695000,2023-01-30,40.708037,-74.017656,101.0,1.0,1082813.0,1000167511.0,31704.0,MN0101,2023,1,True,CONDOS - ELEVATOR APARTMENTS
Manhattan,TRIBECA,08 RENTALS - ELEVATOR APARTMENTS,2,16,180,D8,"20 RIVER TERRACE, 4E",,10282.0,293.0,1.0,294.0,16653.0,356786.0,2002.0,2,D8,1585000,2023-01-30,40.716942,-74.016298,101.0,1.0,1086174.0,1000160180.0,31703.0,MN0101,2023,1,True,RENTALS - ELEVATOR APARTMENTS
Manhattan,TRIBECA,08 RENTALS - ELEVATOR APARTMENTS,2,16,180,D8,"20 RIVER TERRACE, 6C",,10282.0,293.0,1.0,294.0,16653.0,356786.0,2002.0,2,D8,970000,2023-01-30,40.716942,-74.016298,101.0,1.0,1086174.0,1000160180.0,31703.0,MN0101,2023,1,True,RENTALS - ELEVATOR APARTMENTS
Manhattan,UPPER EAST SIDE (59-79),13 CONDOS - ELEVATOR APARTMENTS,2,1375,1418,R4,"520 PARK AVENUE, 23",23,10022.0,1.0,,1.0,,,2015.0,2,R4,21500000,2023-01-30,40.763943,-73.970041,108.0,4.0,1090526.0,1013757504.0,11401.0,MN0802,2023,1,True,CONDOS - ELEVATOR APARTMENTS
Manhattan,UPPER EAST SIDE (59-79),10 COOPS - ELEVATOR APARTMENTS,2,1409,61,D4,"120 EAST 75TH STREET, 2C",,10021.0,,,,,,1923.0,2,D4,1865000,2023-01-30,40.772721,-73.961629,108.0,4.0,1043103.0,1014090061.0,128.0,MN0802,2023,1,True,COOPS - ELEVATOR APARTMENTS
Manhattan,UPPER EAST SIDE (59-79),10 COOPS - ELEVATOR APARTMENTS,2,1403,33,D4,"150 EAST 69TH STREET, 18K",,10021.0,,,,,,1959.0,2,D4,3150000,2023-01-30,40.76822,-73.963007,108.0,4.0,1042479.0,1014030033.0,120.0,MN0802,2023,1,True,COOPS - ELEVATOR APARTMENTS
Manhattan,UPPER EAST SIDE (59-79),10 COOPS - ELEVATOR APARTMENTS,2,1421,37,D4,"220 EAST 67TH STREET, 4J",,10065.0,,,,,,1964.0,2,D4,458000,2023-01-30,40.766276,-73.962279,108.0,5.0,1043874.0,1014210037.0,118.0,MN0801,2023,1,True,COOPS - ELEVATOR APARTMENTS
Manhattan,UPPER EAST SIDE (59-79),10 COOPS - ELEVATOR APARTMENTS,2,1444,8,D4,"315 EAST 69TH STREET, 10C",,10021.0,,,,,,1961.0,2,D4,325000,2023-01-30,40.766508,-73.9589,108.0,5.0,1044818.0,1014440008.0,12601.0,MN0801,2023,1,True,COOPS - ELEVATOR APARTMENTS
Manhattan,UPPER EAST SIDE (59-79),17 CONDO COOPS,2,1445,1002,R9,"300 EAST 71ST STREET, 15G",,10021.0,,,,,,1960.0,2,R9,1220000,2023-01-30,40.767963,-73.958512,108.0,5.0,1044853.0,1014457501.0,12601.0,MN0801,2023,1,True,CONDO COOPS
Manhattan,UPPER EAST SIDE (79-96),10 COOPS - ELEVATOR APARTMENTS,2,1565,9,D4,"415 EAST 85TH STREET, 7F",,10028.0,,,,,,1959.0,2,D4,420000,2023-01-30,40.775856,-73.949048,108.0,5.0,1050534.0,1015650009.0,14401.0,MN0803,2023,1,True,COOPS - ELEVATOR APARTMENTS
Manhattan,UPPER EAST SIDE (79-96),10 COOPS - ELEVATOR APARTMENTS,2,1550,7,D4,"309 EAST 87TH STREET, 4J",,10128.0,,,,,,1959.0,2,D4,612500,2023-01-30,40.777994,-73.949902,108.0,5.0,1050047.0,1015500007.0,14602.0,MN0803,2023,1,True,COOPS - ELEVATOR APARTMENTS
Manhattan,UPPER WEST SIDE (59-79),10 COOPS - ELEVATOR APARTMENTS,2,1128,29,D4,"151 CENTRAL PARK WEST, 12W",,10023.0,,,,,,1907.0,2,D4,5094998,2023-01-30,40.778219,-73.974509,107.0,6.0,1028765.0,1011280029.0,161.0,MN0702,2023,1,True,COOPS - ELEVATOR APARTMENTS
Manhattan,UPPER EAST SIDE (79-96),46 CONDO STORE BUILDINGS,2,1515,2131,R4,"1289 LEXINGTON AVENUE, 10A",10A,10028.0,,1.0,1.0,,,2018.0,4,RK,3600000,2023-01-30,40.779973,-73.955226,108.0,4.0,1090530.0,1015157505.0,14802.0,MN0802,2023,1,True,CONDO STORE BUILDINGS
Manhattan,UPPER EAST SIDE (79-96),13 CONDOS - ELEVATOR APARTMENTS,2,1562,1004,R4,"450 EAST 83 STREET, 2C",2C,10028.0,1.0,,1.0,,,2005.0,2,R4,999000,2023-01-30,40.77444,-73.949663,108.0,5.0,1087459.0,1015627501.0,13604.0,MN0803,2023,1,True,CONDOS - ELEVATOR APARTMENTS
Manhattan,UPPER WEST SIDE (59-79),13 CONDOS - ELEVATOR APARTMENTS,2,1142,1105,R4,"155 WEST 70TH STREET, 5A",5A,10023.0,1.0,,1.0,,,,2,R4,1050000,2023-01-30,40.776824,-73.981431,107.0,6.0,1029749.0,1011427502.0,157.0,MN0701,2023,1,True,CONDOS - ELEVATOR APARTMENTS
Manhattan,UPPER WEST SIDE (59-79),43 CONDO OFFICE BUILDINGS,4,1158,1801,RB,"200 AMSTERDAM AVENUE, PU",PU,10023.0,,1.0,1.0,,,2018.0,4,RB,4904250,2023-01-30,40.77678,-73.982987,107.0,6.0,1030358.0,1011587508.0,15501.0,MN0701,2023,1,True,CONDO OFFICE BUILDINGS
Manhattan,UPPER WEST SIDE (96-116),13 CONDOS - ELEVATOR APARTMENTS,2,1882,1051,R4,"527 CATHEDRAL PARKWAY, 76",76,10025.0,1.0,,1.0,,,1920.0,2,R4,970000,2023-01-30,40.803512,-73.965118,109.0,7.0,1056918.0,1018827501.0,199.0,MN0901,2023,1,True,CONDOS - ELEVATOR APARTMENTS
Manhattan,WASHINGTON HEIGHTS LOWER,10 COOPS - ELEVATOR APARTMENTS,2,2139,523,D4,"371 FORT WASHINGTON AVENUE, 2E",,10033.0,,,,,,1923.0,2,D4,785000,2023-01-30,40.847579,-73.939642,112.0,10.0,1063449.0,1021390523.0,255.0,MN1201,2023,1,True,COOPS - ELEVATOR APARTMENTS
Staten Island,BULLS HEAD,02 TWO FAMILY DWELLINGS,1,1655,51,B9,198 REGIS DRIVE,,10314.0,2.0,0.0,2.0,3540.0,1912.0,1974.0,1,B9,785000,2023-01-30,40.620137,-74.161268,501.0,49.0,5032556.0,5016550051.0,30301.0,SI0107,2023,1,True,TWO FAMILY DWELLINGS
Manhattan,WASHINGTON HEIGHTS UPPER,10 COOPS - ELEVATOR APARTMENTS,2,2180,326,D4,"153 BENNETT AVENUE, 6C",,10040.0,,,,,,1951.0,2,D4,575000,2023-01-30,40.855286,-73.934358,112.0,10.0,1084213.0,1021800326.0,279.0,MN1202,2023,1,True,COOPS - ELEVATOR APARTMENTS
Manhattan,WASHINGTON HEIGHTS UPPER,10 COOPS - ELEVATOR APARTMENTS,2,2180,633,D4,"4501 BROADWAY, 5A",,10040.0,,,,,,1951.0,2,D4,345000,2023-01-30,40.858405,-73.931759,112.0,10.0,1085397.0,1021800633.0,279.0,MN1202,2023,1,True,COOPS - ELEVATOR APARTMENTS
Staten Island,DONGAN HILLS,01 ONE FAMILY DWELLINGS,1,3295,50,A2,99 ATLANTIC AVENUE,,10304.0,1.0,0.0,1.0,4758.0,2896.0,1955.0,1,A2,990000,2023-01-30,40.593465,-74.095174,502.0,50.0,5048522.0,5032950050.0,9602.0,SI0201,2023,1,True,ONE FAMILY DWELLINGS
Staten Island,DONGAN HILLS,01 ONE FAMILY DWELLINGS,1,3295,57,A2,87 ATLANTIC AVENUE,,10304.0,1.0,0.0,1.0,4766.0,962.0,1955.0,1,A2,710000,2023-01-30,40.593616,-74.095462,502.0,50.0,5048525.0,5032950057.0,9602.0,SI0201,2023,1,True,ONE FAMILY DWELLINGS
Staten Island,GRASMERE,01 ONE FAMILY DWELLINGS,1,3050,48,A2,490 STEUBEN STREET,,10305.0,1.0,0.0,1.0,5243.0,1248.0,1950.0,1,A2,800000,2023-01-30,40.603151,-74.07721,502.0,50.0,5045061.0,5030500048.0,50.0,SI0201,2023,1,True,ONE FAMILY DWELLINGS
Staten Island,GREAT KILLS,02 TWO FAMILY DWELLINGS,1,5296,66,B2,110 WINCHESTER AVENUE,,10312.0,2.0,0.0,2.0,4085.0,2328.0,1975.0,1,B2,870000,2023-01-30,40.535677,-74.153013,503.0,51.0,5068111.0,5052960066.0,15601.0,SI0302,2023,1,True,TWO FAMILY DWELLINGS
Staten Island,GREAT KILLS-BAY TERRACE,04 TAX CLASS 1 CONDOS,1A,5016,1012,R3,"3436 AMBOY ROAD, 3436",3436,10306.0,1.0,,1.0,,,1991.0,1,R3,370000,2023-01-30,40.557822,-74.13774,503.0,51.0,5122610.0,5050167501.0,13204.0,SI0301,2023,1,True,TAX CLASS 1 CONDOS
Staten Island,HUGUENOT,02 TWO FAMILY DWELLINGS,1,6879,43,B2,240 VERNON AVENUE,,10309.0,2.0,0.0,2.0,10089.0,2948.0,1980.0,1,B2,985000,2023-01-30,40.53539,-74.201763,503.0,51.0,5084244.0,5068790043.0,20804.0,SI0304,2023,1,True,TWO FAMILY DWELLINGS
Staten Island,NEW DORP-HEIGHTS,01 ONE FAMILY DWELLINGS,1,4349,21,A5,53 BARBARA STREET,,10306.0,1.0,0.0,1.0,3108.0,1600.0,1965.0,1,A5,536000,2023-01-30,40.568689,-74.129887,503.0,50.0,5059578.0,5043490021.0,138.0,SI0301,2023,1,True,ONE FAMILY DWELLINGS
Staten Island,PORT RICHMOND,01 ONE FAMILY DWELLINGS,1,1123,122,A5,41 NEWARK AVENUE,,10302.0,1.0,0.0,1.0,1386.0,1200.0,2003.0,1,A5,405000,2023-01-30,40.637213,-74.143856,501.0,49.0,5147379.0,5011230122.0,20701.0,SI0106,2023,1,True,ONE FAMILY DWELLINGS
Staten Island,OAKWOOD-BEACH,01 ONE FAMILY DWELLINGS,1,4719,10,A5,291 FAIRBANKS AVENUE,,10306.0,1.0,0.0,1.0,2200.0,1380.0,1965.0,1,A5,572500,2023-01-30,40.557721,-74.125018,503.0,50.0,5063540.0,5047190010.0,12805.0,SI0301,2023,1,True,ONE FAMILY DWELLINGS
Staten Island,NEW SPRINGVILLE,13 CONDOS - ELEVATOR APARTMENTS,2,2450,1631,R4,"2 ELMWOOD PARK DRIVE, 204",204,10314.0,1.0,,1.0,,,1983.0,2,R4,290000,2023-01-30,40.581202,-74.162664,502.0,51.0,5040473.0,5024507506.0,27702.0,SI0204,2023,1,True,CONDOS - ELEVATOR APARTMENTS
Staten Island,WEST NEW BRIGHTON,01 ONE FAMILY DWELLINGS,1,210,73,A1,567 CARY AVENUE,,10310.0,1.0,0.0,1.0,3100.0,2000.0,1925.0,1,A1,367000,2023-01-30,40.632203,-74.120812,501.0,49.0,5005620.0,5002100073.0,13302.0,SI0106,2023,1,True,ONE FAMILY DWELLINGS
Staten Island,SUNNYSIDE,01 ONE FAMILY DWELLINGS,1,668,17,A5,156 LABAU AVENUE,,10301.0,1.0,0.0,1.0,2079.0,1500.0,2004.0,1,A5,710000,2023-01-30,40.611227,-74.10465,501.0,49.0,5148165.0,5006680017.0,16901.0,SI0105,2023,1,True,ONE FAMILY DWELLINGS
Queens,ASTORIA,10 COOPS - ELEVATOR APARTMENTS,2,557,3,D4,"21-10 33RD ROAD, 11A",,11106.0,,,,,,1950.0,2,D4,545000,2023-01-30,40.76377,-73.932419,401.0,22.0,4430864.0,4005570003.0,45.0,QN0105,2023,1,True,COOPS - ELEVATOR APARTMENTS
Queens,ARVERNE,02 TWO FAMILY DWELLINGS,1,16062,19,B2,613 BARBADOES DRIVE,,11692.0,2.0,0.0,2.0,2800.0,2094.0,2022.0,1,B2,936790,2023-01-30,40.597083,-73.803477,414.0,31.0,4623403.0,4160620019.0,954.0,QN1402,2023,1,True,TWO FAMILY DWELLINGS
Queens,ASTORIA,10 COOPS - ELEVATOR APARTMENTS,2,534,15,D4,"14-17 31ST AVENUE, 2F",,11106.0,,,,,,1914.0,2,D4,348000,2023-01-30,40.767966,-73.931324,401.0,22.0,4005912.0,4005340015.0,79.0,QN0102,2023,1,True,COOPS - ELEVATOR APARTMENTS
Queens,BAYSIDE,09 COOPS - WALKUP APARTMENTS,2,7342,28,C6,"215-47 47TH AVENUE, 2D",,11361.0,,,,,,1950.0,2,C6,230000,2023-01-30,40.757403,-73.76536,411.0,19.0,4444168.0,4073420028.0,1441.0,QN1102,2023,1,True,COOPS - WALKUP APARTMENTS
Queens,BAYSIDE,13 CONDOS - ELEVATOR APARTMENTS,2,5893,1604,R4,"2 BAY CLUB DRIVE, 5P",5P,11360.0,1.0,,1.0,,,1972.0,2,R4,555000,2023-01-30,40.779194,-73.781044,407.0,19.0,4610766.0,4058937501.0,99704.0,QN0703,2023,1,True,CONDOS - ELEVATOR APARTMENTS
Queens,BEECHHURST,01 ONE FAMILY DWELLINGS,1,4577,26,A5,7-15 160TH STREET,,11357.0,1.0,0.0,1.0,1600.0,1024.0,1945.0,1,A5,740000,2023-01-30,40.79413,-73.801411,407.0,19.0,4104008.0,4045770026.0,991.0,QN0702,2023,1,True,ONE FAMILY DWELLINGS
Queens,BELLEROSE,02 TWO FAMILY DWELLINGS,1,7965,44,B3,241-32 86TH ROAD,,11426.0,2.0,0.0,2.0,3100.0,1680.0,1920.0,1,B3,780000,2023-01-30,40.731235,-73.724817,413.0,23.0,4166792.0,4079650044.0,157102.0,QN1302,2023,1,True,TWO FAMILY DWELLINGS
Queens,BRIARWOOD,02 TWO FAMILY DWELLINGS,1,9731,9,B1,148-20 85 AVE,,11435.0,2.0,0.0,2.0,5100.0,2580.0,1950.0,1,B1,1180000,2023-01-30,40.711184,-73.81016,408.0,24.0,4208289.0,4097310009.0,232.0,QN0805,2023,1,True,TWO FAMILY DWELLINGS
Queens,BROAD CHANNEL,01 ONE FAMILY DWELLINGS,1,15319,34,A1,14-05 CROSS BAY BOULEVARD,,11693.0,1.0,0.0,1.0,2800.0,1650.0,1925.0,1,A1,435000,2023-01-30,40.602907,-73.82008,414.0,32.0,4297097.0,4153190034.0,107201.0,QN1403,2023,1,True,ONE FAMILY DWELLINGS
Queens,BROAD CHANNEL,01 ONE FAMILY DWELLINGS,1,15457,10,A2,611 WEST ROAD,,11693.0,1.0,0.0,1.0,2800.0,800.0,1935.0,1,A2,470000,2023-01-30,40.608254,-73.816169,414.0,32.0,4312774.0,4154570010.0,107201.0,QN1403,2023,1,True,ONE FAMILY DWELLINGS
Queens,BROAD CHANNEL,01 ONE FAMILY DWELLINGS,1,15320,37,A2,1509 CROSS BAY BLVD,,11693.0,1.0,0.0,1.0,5000.0,1954.0,1945.0,1,A2,680000,2023-01-30,40.602197,-73.82019,414.0,32.0,4297141.0,4153200037.0,107201.0,QN1403,2023,1,True,ONE FAMILY DWELLINGS
Queens,BELLEROSE,01 ONE FAMILY DWELLINGS,1,8662,28,A1,247-54 90 AVENUE,,11426.0,1.0,0.0,1.0,2870.0,1740.0,2005.0,1,A1,800000,2023-01-30,40.726414,-73.719635,413.0,23.0,4550858.0,4086620028.0,1617.0,QN1302,2023,1,True,ONE FAMILY DWELLINGS
Queens,CORONA,10 COOPS - ELEVATOR APARTMENTS,2,1727,8,D4,"113-15 34TH AVENUE, 5A",,11368.0,,,,,,1953.0,2,D4,138000,2023-01-30,40.757096,-73.855882,403.0,21.0,4431570.0,4017270008.0,381.0,QN0303,2023,1,True,COOPS - ELEVATOR APARTMENTS
Queens,DOUGLASTON,01 ONE FAMILY DWELLINGS,1,8080,29,A1,233-39 39TH AVENUE,,11363.0,1.0,0.0,1.0,3780.0,2184.0,1975.0,1,A1,915000,2023-01-30,40.769812,-73.752439,411.0,19.0,4168615.0,4080800029.0,1483.0,QN1103,2023,1,True,ONE FAMILY DWELLINGS
Queens,CORONA,02 TWO FAMILY DWELLINGS,1,1977,28,B3,103-30 42ND AVENUE,,11368.0,2.0,0.0,2.0,1560.0,1678.0,1920.0,1,B3,815000,2023-01-30,40.747994,-73.861864,404.0,21.0,4048584.0,4019770028.0,40501.0,QN0402,2023,1,True,TWO FAMILY DWELLINGS
Queens,FAR ROCKAWAY,22 STORE BUILDINGS,4,15566,17,K1,536 BEACH 20TH STREET,,11691.0,0.0,1.0,1.0,10000.0,3960.0,1965.0,4,K1,1600000,2023-01-30,40.599993,-73.753929,414.0,31.0,4298307.0,4155660017.0,101003.0,QN1401,2023,1,True,STORE BUILDINGS
Queens,FLORAL PARK,03 THREE FAMILY DWELLINGS,1,8773,5,C0,261-11 HILLSIDE AVENUE,,11004.0,3.0,0.0,3.0,1900.0,2536.0,1965.0,1,C0,885000,2023-01-30,40.737582,-73.707218,413.0,23.0,4179432.0,4087730005.0,157902.0,QN1301,2023,1,True,THREE FAMILY DWELLINGS
Queens,FLUSHING-NORTH,01 ONE FAMILY DWELLINGS,1,5173,1,A5,146-01 56TH ROAD,,11355.0,1.0,0.0,1.0,3017.0,1653.0,1935.0,1,A5,920000,2023-01-30,40.745758,-73.820701,407.0,20.0,4116741.0,4051730001.0,837.0,QN0706,2023,1,True,ONE FAMILY DWELLINGS
Queens,FLUSHING-NORTH,10 COOPS - ELEVATOR APARTMENTS,2,4772,1,D4,"26-25 UNION STREET, 2F",,11354.0,,,,,,1954.0,2,D4,250000,2023-01-30,40.774287,-73.826278,407.0,20.0,4449961.0,4047720001.0,1047.0,QN0704,2023,1,True,COOPS - ELEVATOR APARTMENTS
Queens,FLUSHING-NORTH,02 TWO FAMILY DWELLINGS,1,5105,52,B1,42-68 SAULL STREET,,11355.0,2.0,0.0,2.0,2295.0,1890.0,1950.0,1,B1,1700000,2023-01-30,40.752696,-73.82937,407.0,20.0,4115199.0,4051050052.0,79702.0,QN0707,2023,1,True,TWO FAMILY DWELLINGS
Queens,FLUSHING-NORTH,03 THREE FAMILY DWELLINGS,1,5132,6,C0,137-07 BOOTH MEMORIAL AVE,,11355.0,3.0,0.0,3.0,5568.0,2400.0,1935.0,1,C0,1850000,2023-01-30,40.746996,-73.82788,407.0,20.0,4115608.0,4051320006.0,799.0,QN0706,2023,1,True,THREE FAMILY DWELLINGS
Queens,FLUSHING-NORTH,13 CONDOS - ELEVATOR APARTMENTS,2,4414,1020,R4,"31-22 UNION STREET, 6-D",6-D,11354.0,1.0,,1.0,,,1964.0,2,R4,548800,2023-01-30,40.769654,-73.826615,407.0,20.0,4534969.0,4044147501.0,88902.0,QN0707,2023,1,True,CONDOS - ELEVATOR APARTMENTS
Queens,FLUSHING-NORTH,13 CONDOS - ELEVATOR APARTMENTS,2,5374,1508,R4,"42-18 147TH STREET, 2G",2G,11355.0,1.0,,1.0,,,2019.0,2,R4,581116,2023-01-30,40.759229,-73.817044,407.0,20.0,4121274.0,4053747505.0,861.0,QN0705,2023,1,True,CONDOS - ELEVATOR APARTMENTS
Queens,FLUSHING-SOUTH,01 ONE FAMILY DWELLINGS,1,6967,25,A1,164-11 76TH AVENUE,,11366.0,1.0,0.0,1.0,4000.0,1136.0,1930.0,1,A1,915000,2023-01-30,40.725812,-73.804382,408.0,24.0,4150800.0,4069670025.0,1241.0,QN0802,2023,1,True,ONE FAMILY DWELLINGS
Queens,FOREST HILLS,01 ONE FAMILY DWELLINGS,1,3241,27,A1,71-48 MANSE STREET,,11375.0,1.0,0.0,1.0,2500.0,1003.0,1920.0,1,A1,1068000,2023-01-30,40.711612,-73.84886,406.0,29.0,4077568.0,4032410027.0,731.0,QN0602,2023,1,True,ONE FAMILY DWELLINGS
Queens,GLEN OAKS,10 COOPS - ELEVATOR APARTMENTS,2,8489,1,D4,"269-10 GRAND CENTRAL PARKWAY, 5H",,11005.0,,,,,,1972.0,2,D4,455000,2023-01-30,40.759283,-73.715237,413.0,23.0,4453535.0,4084890001.0,155101.0,QN1301,2023,1,True,COOPS - ELEVATOR APARTMENTS
Queens,FOREST HILLS,10 COOPS - ELEVATOR APARTMENTS,2,2225,19,D4,"71-36 110TH STREET, 4A",,11375.0,,,,,,1949.0,2,D4,230000,2023-01-30,40.721494,-73.841131,406.0,29.0,4052427.0,4022250019.0,739.0,QN0602,2023,1,True,COOPS - ELEVATOR APARTMENTS
Queens,FOREST HILLS,17 CONDO COOPS,2,2239,1002,R9,"111-20 73RD AVENUE, 14E",,11375.0,,,,,,1966.0,2,R9,525000,2023-01-30,40.719418,-73.838362,406.0,29.0,4307915.0,4022397501.0,75701.0,QN0602,2023,1,True,CONDO COOPS
Queens,GLENDALE,01 ONE FAMILY DWELLINGS,1,3861,22,A1,88-40 UNION TURNPIKE,,11385.0,1.0,0.0,1.0,2700.0,2070.0,1930.0,1,A1,1145000,2023-01-30,40.705079,-73.859381,405.0,32.0,4094531.0,4038610022.0,639.0,QN0503,2023,1,True,ONE FAMILY DWELLINGS
Queens,HOLLIS,01 ONE FAMILY DWELLINGS,1,10879,44,A1,99-78 211TH PLACE,,11429.0,1.0,0.0,1.0,3300.0,1420.0,1925.0,1,A1,710000,2023-01-30,40.713751,-73.747575,413.0,27.0,4232735.0,4108790044.0,540.0,QN1303,2023,1,True,ONE FAMILY DWELLINGS
Queens,HOLLIS,01 ONE FAMILY DWELLINGS,1,10377,21,A1,104-12 FARMERS BOULEVARD,,11412.0,1.0,0.0,1.0,4144.0,1932.0,1910.0,1,A1,730000,2023-01-30,40.706143,-73.767221,412.0,27.0,4457664.0,4103770021.0,404.0,QN1205,2023,1,True,ONE FAMILY DWELLINGS
Queens,HILLCREST,01 ONE FAMILY DWELLINGS,1,6859,24,S1,158-12 82ND DRIVE,,11432.0,1.0,1.0,2.0,2843.0,1760.0,1930.0,1,S1,1200000,2023-01-30,40.716837,-73.807818,408.0,24.0,4148529.0,4068590024.0,1267.0,QN0802,2023,1,True,ONE FAMILY DWELLINGS
Queens,JACKSON HEIGHTS,01 ONE FAMILY DWELLINGS,1,1465,69,A1,35-07 91ST STREET,,11372.0,1.0,0.0,1.0,2100.0,1984.0,1920.0,1,A1,950000,2023-01-30,40.752352,-73.876248,403.0,25.0,4036065.0,4014650069.0,275.0,QN0301,2023,1,True,ONE FAMILY DWELLINGS
Queens,HOWARD BEACH,09 COOPS - WALKUP APARTMENTS,2,13943,1,C6,"156-23 80TH STREET, 301",,11414.0,,,,,,1960.0,2,C6,299999,2023-01-30,40.661948,-73.85324,410.0,32.0,4460511.0,4139430001.0,6202.0,QN1003,2023,1,True,COOPS - WALKUP APARTMENTS
Queens,JACKSON HEIGHTS,02 TWO FAMILY DWELLINGS,1,1362,42,B3,88-05 30TH AVENUE,,11369.0,2.0,0.0,2.0,1800.0,1665.0,1960.0,1,B3,915000,2023-01-30,40.76184,-73.880584,403.0,22.0,4032358.0,4013620042.0,329.0,QN0302,2023,1,True,TWO FAMILY DWELLINGS
Queens,HOLLIS,10 COOPS - ELEVATOR APARTMENTS,2,9917,13,D4,"88-30 182ND STREET, 3K",,11423.0,,,,,,1955.0,2,D4,120000,2023-01-30,40.712937,-73.78044,412.0,23.0,4212406.0,4099170013.0,468.0,QN1201,2023,1,True,COOPS - ELEVATOR APARTMENTS
Queens,JACKSON HEIGHTS,09 COOPS - WALKUP APARTMENTS,2,1456,56,C6,"35-35 82ND STREET, 44",,11372.0,,,,,,1920.0,2,C6,303000,2023-01-30,40.751439,-73.884609,403.0,25.0,4035819.0,4014560056.0,283.0,QN0301,2023,1,True,COOPS - WALKUP APARTMENTS
Queens,JACKSON HEIGHTS,10 COOPS - ELEVATOR APARTMENTS,2,1435,29,D4,"87-09 34TH AVENUE, 3F",,11372.0,,,,,,1951.0,2,D4,400000,2023-01-30,40.754248,-73.880197,403.0,25.0,4035358.0,4014350029.0,279.0,QN0301,2023,1,True,COOPS - ELEVATOR APARTMENTS
Queens,JACKSON HEIGHTS,10 COOPS - ELEVATOR APARTMENTS,2,1277,58,D4,"3525 77TH STREET, B23",,11372.0,,,,,,1937.0,2,D4,445000,2023-01-30,40.750963,-73.889262,403.0,25.0,4029590.0,4012770058.0,287.0,QN0301,2023,1,True,COOPS - ELEVATOR APARTMENTS
Queens,JAMAICA HILLS,10 COOPS - ELEVATOR APARTMENTS,2,9860,40,D4,"84-50 169TH STREET, 516",,11432.0,,,,,,1955.0,2,D4,100000,2023-01-30,40.715144,-73.795284,408.0,24.0,4210913.0,4098600040.0,454.0,QN0805,2023,1,True,COOPS - ELEVATOR APARTMENTS
Queens,JAMAICA HILLS,10 COOPS - ELEVATOR APARTMENTS,2,9860,40,D4,"84-50 169TH STREET, 102",,11432.0,,,,,,1955.0,2,D4,320000,2023-01-30,40.715144,-73.795284,408.0,24.0,4210913.0,4098600040.0,454.0,QN0805,2023,1,True,COOPS - ELEVATOR APARTMENTS
Queens,LITTLE NECK,09 COOPS - WALKUP APARTMENTS,2,8353,1,C6,"249-09 61ST AVENUE, 457",,11362.0,,,,,,1952.0,2,C6,420000,2023-01-30,40.757082,-73.729262,411.0,23.0,4456058.0,4083530001.0,152902.0,QN1103,2023,1,True,COOPS - WALKUP APARTMENTS
Queens,LITTLE NECK,01 ONE FAMILY DWELLINGS,1,8125,62,A0,40-11 249TH STREET,,11363.0,1.0,0.0,1.0,4000.0,1170.0,1955.0,1,A0,920000,2023-01-30,40.772677,-73.742185,411.0,19.0,4169230.0,4081250062.0,1479.0,QN1103,2023,1,True,ONE FAMILY DWELLINGS
Queens,LONG ISLAND CITY,13 CONDOS - ELEVATOR APARTMENTS,2,43,1011,R4,"10-64 JACKSON AVENUE, 4C",4C,11101.0,1.0,,1.0,,,2021.0,2,R4,738000,2023-01-30,40.742668,-73.952321,402.0,26.0,4000248.0,4000437501.0,701.0,QN0201,2023,1,True,CONDOS - ELEVATOR APARTMENTS
Queens,LONG ISLAND CITY,13 CONDOS - ELEVATOR APARTMENTS,2,56,1113,R4,"11-49 47TH AVENUE, 4A",4A,11101.0,1.0,,1.0,,,2016.0,2,R4,1150000,2023-01-30,40.744827,-73.949667,402.0,26.0,4619677.0,4000567502.0,702.0,QN0201,2023,1,True,CONDOS - ELEVATOR APARTMENTS
Queens,LITTLE NECK,09 COOPS - WALKUP APARTMENTS,2,8363,1,C6,"251-14 61ST AVENUE, 1122",,11362.0,,,,,,1952.0,2,C6,310000,2023-01-30,40.7575,-73.727196,411.0,23.0,4456195.0,4083630001.0,152902.0,QN1103,2023,1,True,COOPS - WALKUP APARTMENTS
Queens,LITTLE NECK,01 ONE FAMILY DWELLINGS,1,8251,71,A1,252-20 BRATTLE AVENUE,,11362.0,1.0,0.0,1.0,4066.0,2040.0,1930.0,1,A1,1140000,2023-01-30,40.765653,-73.729765,411.0,19.0,4171418.0,4082510071.0,150702.0,QN1103,2023,1,True,ONE FAMILY DWELLINGS
Queens,MASPETH,02 TWO FAMILY DWELLINGS,1,2639,45,B3,54-40 ARNOLD AVENUE,,11378.0,2.0,0.0,2.0,2500.0,1580.0,1920.0,1,B3,775000,2023-01-30,40.713979,-73.909986,405.0,30.0,4059318.0,4026390045.0,59502.0,QN0501,2023,1,True,TWO FAMILY DWELLINGS
Queens,MASPETH,01 ONE FAMILY DWELLINGS,1,2639,47,A2,54-42 ARNOLD AVENUE,,11378.0,1.0,0.0,1.0,2500.0,625.0,1910.0,1,A2,775000,2023-01-30,40.71399,-73.909975,405.0,30.0,4059319.0,4026390047.0,59502.0,QN0501,2023,1,True,ONE FAMILY DWELLINGS
Queens,LONG ISLAND CITY,29 COMMERCIAL GARAGES,4,297,39,G7,53-36 35TH STREET,,11101.0,0.0,0.0,0.0,2521.0,0.0,,4,G7,1000000,2023-01-30,40.735305,-73.937622,402.0,26.0,4003579.0,4002970039.0,19901.0,QN0202,2023,1,True,COMMERCIAL GARAGES
Queens,MIDDLE VILLAGE,02 TWO FAMILY DWELLINGS,1,2984,15,B1,63-24 75TH PLACE,,11379.0,2.0,0.0,2.0,2700.0,3162.0,1965.0,1,B1,400000,2023-01-30,40.718412,-73.880561,405.0,30.0,4068945.0,4029840015.0,661.0,QN0504,2023,1,True,TWO FAMILY DWELLINGS
Queens,OAKLAND GARDENS,09 COOPS - WALKUP APARTMENTS,2,7628,2,C6,"67-04 218TH STREET, UPPER",,11364.0,,,,,,1949.0,2,C6,284000,2023-01-30,40.744572,-73.757971,411.0,23.0,4459882.0,4076280002.0,1367.0,QN1104,2023,1,True,COOPS - WALKUP APARTMENTS
Queens,QUEENS VILLAGE,01 ONE FAMILY DWELLINGS,1,11232,12,A5,215-14 MURDOCK AVENUE,,11429.0,1.0,0.0,1.0,2158.0,1688.0,1935.0,1,A5,360000,2023-01-30,40.703389,-73.739867,413.0,27.0,4242072.0,4112320012.0,582.0,QN1303,2023,1,True,ONE FAMILY DWELLINGS
Queens,QUEENS VILLAGE,01 ONE FAMILY DWELLINGS,1,10662,101,A1,89-98 218TH PLACE,,11427.0,1.0,0.0,1.0,4000.0,1152.0,1930.0,1,A1,399000,2023-01-30,40.726247,-73.743321,413.0,23.0,4228222.0,4106620101.0,556.0,QN1303,2023,1,True,ONE FAMILY DWELLINGS
Queens,REGO PARK,10 COOPS - ELEVATOR APARTMENTS,2,2086,50,D4,"98-20 62ND DRIVE, 10A",,11374.0,,,,,,1955.0,2,D4,189000,2023-01-30,40.733194,-73.859213,406.0,24.0,4431953.0,4020860050.0,71701.0,QN0601,2023,1,True,COOPS - ELEVATOR APARTMENTS
Queens,QUEENS VILLAGE,03 THREE FAMILY DWELLINGS,1,7950,99,C0,235-08 HILLSIDE AVENUE,,11427.0,3.0,0.0,3.0,1960.0,2479.0,1950.0,1,C0,965000,2023-01-30,40.733369,-73.734764,413.0,23.0,4166437.0,4079500099.0,1621.0,QN1302,2023,1,True,THREE FAMILY DWELLINGS
Queens,REGO PARK,13 CONDOS - ELEVATOR APARTMENTS,2,3100,1117,R4,"65-50 WETHEROLE STREET, 5C",5C,11374.0,1.0,,1.0,,,1963.0,2,R4,370000,2023-01-30,40.726191,-73.858691,406.0,30.0,4072617.0,4031007502.0,69701.0,QN0601,2023,1,True,CONDOS - ELEVATOR APARTMENTS
Queens,REGO PARK,13 CONDOS - ELEVATOR APARTMENTS,2,2090,1247,R4,"97-25 64TH AVENUE, C11",C11,11374.0,1.0,,1.0,,,1950.0,2,R4,313000,2023-01-30,40.729881,-73.859884,406.0,29.0,4050457.0,4020900047.0,71701.0,QN0601,2023,1,True,CONDOS - ELEVATOR APARTMENTS
Queens,REGO PARK,13 CONDOS - ELEVATOR APARTMENTS,2,2090,1283,R4,"97-25 64TH AVENUE, E11",E11,11374.0,1.0,,1.0,,,1950.0,2,R4,323000,2023-01-30,40.729881,-73.859884,406.0,29.0,4050457.0,4020900047.0,71701.0,QN0601,2023,1,True,CONDOS - ELEVATOR APARTMENTS
Queens,REGO PARK,17 CONDO COOPS,2,2111,1002,R9,"99-60 63RD ROAD, 9AA",,11374.0,,,,,,1952.0,2,R9,400000,2023-01-30,40.732774,-73.85505,406.0,24.0,4440232.0,4021117501.0,721.0,QN0602,2023,1,True,CONDO COOPS
Queens,RIDGEWOOD,07 RENTALS - WALKUP APARTMENTS,2,3526,72,C7,65-22 FRESH POND ROAD,,11385.0,34.0,5.0,39.0,9188.0,29880.0,1930.0,2,C7,6500000,2023-01-30,40.709482,-73.898774,405.0,30.0,4084786.0,4035260072.0,593.0,QN0502,2023,1,True,RENTALS - WALKUP APARTMENTS
Queens,SO. JAMAICA-BAISLEY PARK,02 TWO FAMILY DWELLINGS,1,12388,195,B2,120-08 172ND STREET,,11434.0,2.0,0.0,2.0,3160.0,1870.0,2000.0,1,B2,860000,2023-01-30,40.683302,-73.773207,412.0,28.0,4462899.0,4123880195.0,284.0,QN1203,2023,1,True,TWO FAMILY DWELLINGS
Queens,SO. JAMAICA-BAISLEY PARK,02 TWO FAMILY DWELLINGS,1,12047,53,B3,144-08 123RD AVENUE,,11436.0,2.0,0.0,2.0,2000.0,1050.0,1920.0,1,B3,20000,2023-01-30,40.67485,-73.794921,412.0,28.0,4261559.0,4120470053.0,18401.0,QN1203,2023,1,True,TWO FAMILY DWELLINGS
Queens,SO. JAMAICA-BAISLEY PARK,02 TWO FAMILY DWELLINGS,1,12356,17,B3,117-17 165 STREET,,11434.0,2.0,0.0,2.0,2560.0,2741.0,1920.0,1,B3,1184500,2023-01-30,40.684566,-73.781106,412.0,28.0,4267692.0,4123560017.0,284.0,QN1203,2023,1,True,TWO FAMILY DWELLINGS
Queens,ST. ALBANS,01 ONE FAMILY DWELLINGS,1,10285,3,A1,175-06 111TH AVENUE,,11433.0,1.0,0.0,1.0,4000.0,1324.0,1935.0,1,A1,480000,2023-01-30,40.696085,-73.777632,412.0,27.0,4219337.0,4102850003.0,434.0,QN1205,2023,1,True,ONE FAMILY DWELLINGS
Queens,SUNNYSIDE,10 COOPS - ELEVATOR APARTMENTS,2,125,28,D4,"46-01 39TH AVENUE, 508",,11104.0,,,,,,1961.0,2,D4,400000,2023-01-30,40.749359,-73.917409,402.0,26.0,4000857.0,4001250028.0,169.0,QN0202,2023,1,True,COOPS - ELEVATOR APARTMENTS
Queens,WOODSIDE,13 CONDOS - ELEVATOR APARTMENTS,2,2324,1031,R4,"63-14 QUEENS BOULEVARD, 3H",3H,11377.0,1.0,,1.0,,,2008.0,2,R4,753000,2023-01-30,40.741176,-73.901923,402.0,26.0,4053628.0,4023247501.0,245.0,QN0203,2023,1,True,CONDOS - ELEVATOR APARTMENTS
Queens,WHITESTONE,30 WAREHOUSES,4,4487,150,E9,151-11 6 ROAD,,11357.0,0.0,2.0,2.0,23995.0,2284.0,1965.0,4,E9,12100000,2023-01-30,40.795946,-73.812732,407.0,19.0,4538420.0,4044870150.0,981.0,QN0702,2023,1,True,WAREHOUSES
Queens,WHITESTONE,29 COMMERCIAL GARAGES,4,4487,151,G7,151-17 POWELLS COVE BLVD,,11357.0,0.0,0.0,0.0,24058.0,0.0,,4,G7,12100000,2023-01-30,40.795231,-73.813081,407.0,19.0,4102747.0,4045210116.0,987.0,QN0702,2023,1,True,COMMERCIAL GARAGES
Manhattan,CLINTON,17 CONDO COOPS,2,1073,1456,R4,"500 WEST 45TH STREET, 525",,10036.0,,,,,,2017.0,2,R9,1080975,2023-01-31,40.76166,-73.994347,104.0,3.0,1090444.0,1010737505.0,12901.0,MN0402,2023,1,True,CONDO COOPS
Bronx,CITY ISLAND,12 CONDOS - WALKUP APARTMENTS,2,5643,1004,R2,"190 FORDHAM STREET, 2",2,10464.0,1.0,,1.0,,,1897.0,2,R2,299999,2023-01-31,40.847655,-73.784647,210.0,13.0,2082595.0,2056437501.0,51601.0,BX1003,2023,1,True,CONDOS - WALKUP APARTMENTS
Bronx,COUNTRY CLUB,01 ONE FAMILY DWELLINGS,1,5408,271,A1,3177 PARSIFAL PLACE,,10465.0,1.0,0.0,1.0,2120.0,1984.0,1940.0,1,A1,620000,2023-01-31,40.839586,-73.822031,210.0,13.0,2075239.0,2054080271.0,27401.0,BX1003,2023,1,True,ONE FAMILY DWELLINGS
Bronx,PARKCHESTER,13 CONDOS - ELEVATOR APARTMENTS,2,3937,2831,R4,"1545 ARCHER ROAD, 7C",7C,10462.0,1.0,,1.0,,,,2,R4,175000,2023-01-31,40.839444,-73.863246,209.0,18.0,2096613.0,2039377501.0,21602.0,BX0904,2023,1,True,CONDOS - ELEVATOR APARTMENTS
Bronx,MOUNT HOPE/MOUNT EDEN,02 TWO FAMILY DWELLINGS,1,2802,32,B2,256 MT HOPE PLACE,,10457.0,2.0,0.0,2.0,2375.0,1830.0,1905.0,1,B2,845000,2023-01-31,40.848049,-73.904328,205.0,15.0,2007563.0,2028020032.0,23302.0,BX0502,2023,1,True,TWO FAMILY DWELLINGS
Bronx,MORRIS PARK/VAN NEST,01 ONE FAMILY DWELLINGS,1,4066,19,A1,1561 HAIGHT AVENUE,,10461.0,1.0,0.0,1.0,2500.0,1850.0,1925.0,1,A1,575000,2023-01-31,40.845485,-73.849889,211.0,13.0,2043990.0,2040660019.0,256.0,BX1102,2023,1,True,ONE FAMILY DWELLINGS
Bronx,RIVERDALE,01 ONE FAMILY DWELLINGS,1,5880,711,A1,6033 DELAFIELD AVENUE,,10471.0,1.0,0.0,1.0,2310.0,1564.0,1930.0,1,A1,770000,2023-01-31,40.908917,-73.902573,208.0,11.0,2085487.0,2058800711.0,337.0,BX0803,2023,1,True,ONE FAMILY DWELLINGS
Bronx,PARKCHESTER,13 CONDOS - ELEVATOR APARTMENTS,2,3943,5373,R4,"1504 METROPOLITAN AVENUE, 7C",7C,10462.0,1.0,,1.0,,,,2,R4,200000,2023-01-31,40.839252,-73.858779,209.0,18.0,2096751.0,2039437501.0,21002.0,BX0904,2023,1,True,CONDOS - ELEVATOR APARTMENTS
Bronx,PELHAM PARKWAY SOUTH,02 TWO FAMILY DWELLINGS,1,4323,16,B1,2142 MATTHEWS AVENUE,,10462.0,2.0,0.0,2.0,2500.0,2110.0,1960.0,1,B1,725000,2023-01-31,40.855196,-73.862899,211.0,13.0,2049447.0,2043230016.0,228.0,BX1101,2023,1,True,TWO FAMILY DWELLINGS
Bronx,PELHAM PARKWAY SOUTH,01 ONE FAMILY DWELLINGS,1,4323,17,S1,2144 MATTHEWS AVENUE,,10462.0,1.0,1.0,2.0,2500.0,2110.0,1960.0,1,S1,725000,2023-01-31,40.855237,-73.862895,211.0,13.0,2049448.0,2043230017.0,228.0,BX1101,2023,1,True,ONE FAMILY DWELLINGS
Bronx,SOUNDVIEW,02 TWO FAMILY DWELLINGS,1,3456,54,B1,257 NEWMAN AVENUE,,10473.0,2.0,0.0,2.0,5193.0,3304.0,1992.0,1,B1,775000,2023-01-31,40.810642,-73.854509,209.0,18.0,2090502.0,2034560054.0,4.0,BX0902,2023,1,True,TWO FAMILY DWELLINGS
Bronx,RIVERDALE,10 COOPS - ELEVATOR APARTMENTS,2,5792,445,D4,"525 WEST 235TH STREET, 7D",,10463.0,,,,,,1954.0,2,D4,365000,2023-01-31,40.885375,-73.908401,208.0,11.0,2084149.0,2057920445.0,295.0,BX0803,2023,1,True,COOPS - ELEVATOR APARTMENTS
Bronx,SOUNDVIEW,02 TWO FAMILY DWELLINGS,1,3473,8,B3,1881 OBRIEN AVENUE,,10473.0,2.0,0.0,2.0,2500.0,2940.0,1935.0,1,B3,775000,2023-01-31,40.811214,-73.857585,209.0,18.0,2086889.0,2034730008.0,2.0,BX0902,2023,1,True,TWO FAMILY DWELLINGS
Bronx,SOUNDVIEW,22 STORE BUILDINGS,4,3767,62,K1,1271 WHITE PLAINS ROAD,,10472.0,0.0,1.0,1.0,4102.0,2850.0,1925.0,4,K1,1300000,2023-01-31,40.832615,-73.862577,209.0,18.0,2024871.0,2037670062.0,72.0,BX0903,2023,1,True,STORE BUILDINGS
Bronx,SOUNDVIEW,07 RENTALS - WALKUP APARTMENTS,2A,3747,63,C3,1131 FTELEY AVENUE,,10472.0,4.0,0.0,4.0,2500.0,3200.0,1928.0,2,C3,999999,2023-01-31,40.827827,-73.87123,209.0,18.0,2024049.0,2037470063.0,68.0,BX0901,2023,1,True,RENTALS - WALKUP APARTMENTS
Bronx,SOUNDVIEW,03 THREE FAMILY DWELLINGS,1,3492,63,C0,461 COMMONWEALTH AVENUE,,10473.0,3.0,0.0,3.0,1964.0,2745.0,1970.0,1,C0,925000,2023-01-31,40.813944,-73.864097,209.0,18.0,2020616.0,2034920063.0,2.0,BX0902,2023,1,True,THREE FAMILY DWELLINGS
Brooklyn,BATH BEACH,09 COOPS - WALKUP APARTMENTS,2,6462,40,C6,"290 BAY 17TH STREET, B2",,11214.0,,,,,,1949.0,2,C6,314000,2023-01-31,40.601914,-74.009431,311.0,47.0,3328638.0,3064620040.0,176.0,BK1102,2023,1,True,COOPS - WALKUP APARTMENTS
Bronx,WAKEFIELD,02 TWO FAMILY DWELLINGS,1,5045,39,B1,750 EAST 237 STREET,,10466.0,2.0,0.0,2.0,1842.0,1980.0,1965.0,1,B1,615000,2023-01-31,40.896629,-73.853326,212.0,11.0,2069849.0,2050450039.0,434.0,BX1203,2023,1,True,TWO FAMILY DWELLINGS
Queens,JACKSON HEIGHTS,10 COOPS - ELEVATOR APARTMENTS,2,1420,1,D4,"90-10 32ND AVENUE, 601",,11369.0,,,,,,1953.0,2,D4,340000,2023-03-21,40.758478,-73.87811,403.0,25.0,4431373.0,4014200001.0,351.0,QN0301,2023,3,True,COOPS - ELEVATOR APARTMENTS
Queens,JACKSON HEIGHTS,02 TWO FAMILY DWELLINGS,1,1422,9,B3,32-10 93RD STREET,,11369.0,2.0,0.0,2.0,2000.0,1480.0,1945.0,1,B3,600000,2023-03-21,40.758228,-73.87544,403.0,21.0,4034850.0,4014220009.0,351.0,QN0301,2023,3,True,TWO FAMILY DWELLINGS
Queens,JACKSON HEIGHTS,10 COOPS - ELEVATOR APARTMENTS,2,1447,1,D4,"86-10 34TH AVENUE, 116",,11372.0,,,,,,1937.0,2,D4,585000,2023-03-21,40.754136,-73.88111,403.0,25.0,4035594.0,4014470001.0,279.0,QN0301,2023,3,True,COOPS - ELEVATOR APARTMENTS
Queens,LONG ISLAND CITY,13 CONDOS - ELEVATOR APARTMENTS,2,85,1017,R4,"45-30 PEARSON STREET, 5C",5C,11101.0,1.0,,1.0,,,2021.0,2,R4,1300000,2023-03-21,40.745467,-73.944448,402.0,26.0,4623857.0,4000857501.0,1901.0,QN0201,2023,3,True,CONDOS - ELEVATOR APARTMENTS
Queens,LONG ISLAND CITY,13 CONDOS - ELEVATOR APARTMENTS,2,85,1024,R4,"45-30 PEARSON STREET, 6C",6C,11101.0,1.0,,1.0,,,2021.0,2,R4,1320000,2023-03-21,40.745467,-73.944448,402.0,26.0,4623857.0,4000857501.0,1901.0,QN0201,2023,3,True,CONDOS - ELEVATOR APARTMENTS
Queens,LITTLE NECK,02 TWO FAMILY DWELLINGS,1,8129,139,B2,9 CORNELL LANE,,11363.0,2.0,0.0,2.0,3800.0,1687.0,1920.0,1,B2,940000,2023-03-21,40.769268,-73.737278,411.0,19.0,4169394.0,4081290139.0,1479.0,QN1103,2023,3,True,TWO FAMILY DWELLINGS
Queens,LITTLE NECK,09 COOPS - WALKUP APARTMENTS,2,8373,2,C6,"249-09 64TH AVENUE, 1206",,11362.0,,,,,,1952.0,2,C6,230000,2023-03-21,40.754757,-73.727676,411.0,23.0,4456175.0,4083730002.0,152902.0,QN1103,2023,3,True,COOPS - WALKUP APARTMENTS
Queens,LITTLE NECK,06 TAX CLASS 1 - OTHER,1,8129,157,G0,43-20 CORNELL LANE,,11363.0,0.0,0.0,0.0,5600.0,0.0,1950.0,1,G0,50000,2023-03-21,40.769736,-73.737742,411.0,19.0,,,1479.0,QN1103,2023,3,True,TAX CLASS 1 - OTHER
Queens,LONG ISLAND CITY,13 CONDOS - ELEVATOR APARTMENTS,2,85,1023,R4,"45-30 PEARSON STREET, 6B",6B,11101.0,1.0,,1.0,,,2021.0,2,R4,938486,2023-03-21,40.745467,-73.944448,402.0,26.0,4623857.0,4000857501.0,1901.0,QN0201,2023,3,True,CONDOS - ELEVATOR APARTMENTS
Queens,LITTLE NECK,01 ONE FAMILY DWELLINGS,1,8253,99,A3,251-47 THORNHILL AVENUE,,11362.0,1.0,0.0,1.0,10725.0,2604.0,1960.0,1,A3,1650000,2023-03-21,40.763995,-73.729653,411.0,19.0,4171471.0,4082530099.0,150702.0,QN1103,2023,3,True,ONE FAMILY DWELLINGS
Queens,MIDDLE VILLAGE,01 ONE FAMILY DWELLINGS,1,2934,44,A5,6176 77TH PLACE,,11379.0,1.0,0.0,1.0,1800.0,1152.0,1940.0,1,A5,745000,2023-03-21,40.722554,-73.880586,405.0,30.0,4067218.0,4029340044.0,671.0,QN0504,2023,3,True,ONE FAMILY DWELLINGS
Queens,LONG ISLAND CITY,13 CONDOS - ELEVATOR APARTMENTS,2,437,1106,R4,"23-15 44TH DRIVE, 304",304,11101.0,1.0,,1.0,,,2018.0,2,R4,690336,2023-03-21,40.747575,-73.94454,402.0,26.0,4005166.0,4004377502.0,1903.0,QN0201,2023,3,True,CONDOS - ELEVATOR APARTMENTS
Queens,LONG ISLAND CITY,29 COMMERCIAL GARAGES,4,434,8,G2,43-05 CRESCENT STREET,,11101.0,0.0,2.0,2.0,5385.0,4405.0,1931.0,4,G2,10000000,2023-03-21,40.748735,-73.942265,402.0,26.0,4005155.0,4004340008.0,1902.0,QN0201,2023,3,True,COMMERCIAL GARAGES
Queens,QUEENS VILLAGE,01 ONE FAMILY DWELLINGS,1,10669,128,A1,88-27 212 STREET,,11427.0,1.0,0.0,1.0,3000.0,1580.0,1930.0,1,A1,735000,2023-03-21,40.724301,-73.753593,413.0,23.0,4228608.0,4106690128.0,548.0,QN1303,2023,3,True,ONE FAMILY DWELLINGS
Queens,REGO PARK,10 COOPS - ELEVATOR APARTMENTS,2,3099,42,D4,"65-65 WETHEROLE ST, 2O",,11374.0,,,,,,1959.0,2,D4,309270,2023-03-21,40.726059,-73.85828,406.0,29.0,4072612.0,4030990042.0,71306.0,QN0602,2023,3,True,COOPS - ELEVATOR APARTMENTS
Queens,REGO PARK,02 TWO FAMILY DWELLINGS,1,3135,82,B1,6568 ELLWELL CRESCENT,,11374.0,2.0,0.0,2.0,4159.0,3113.0,1952.0,1,B1,1420000,2023-03-21,40.720138,-73.860341,406.0,30.0,4073948.0,4031350082.0,69702.0,QN0601,2023,3,True,TWO FAMILY DWELLINGS
Queens,REGO PARK,17 CONDO COOPS,2,2111,1002,R9,"99-05 63RD DRIVE, 7Z",,11374.0,,,,,,1952.0,2,R9,1675562,2023-03-21,40.731752,-73.856193,406.0,24.0,4539430.0,4021117501.0,721.0,QN0602,2023,3,True,CONDO COOPS
Queens,REGO PARK,17 CONDO COOPS,2,2111,1002,R9,"99-60 63RD ROAD, 14V",,11374.0,,,,,,1952.0,2,R9,364241,2023-03-21,40.732774,-73.85505,406.0,24.0,4440232.0,4021117501.0,721.0,QN0602,2023,3,True,CONDO COOPS
Queens,RIDGEWOOD,02 TWO FAMILY DWELLINGS,1,3366,47,B1,2241 HARMAN STREET,,11385.0,2.0,0.0,2.0,2800.0,2160.0,1930.0,1,B1,1345000,2023-03-21,40.711945,-73.906695,405.0,30.0,4433954.0,4033660047.0,59501.0,QN0502,2023,3,True,TWO FAMILY DWELLINGS
Queens,REGO PARK,17 CONDO COOPS,2,2118,1003,R9,"99-52 66TH ROAD, 7P",,11374.0,,,,,,,2,R9,254000,2023-03-21,40.727763,-73.854051,406.0,29.0,4432026.0,4021187501.0,71304.0,QN0602,2023,3,True,CONDO COOPS
Queens,REGO PARK,44 CONDO PARKING,4,2119,1209,RG,"100-25 QUEENS BLVD, P-47",P-47,11375.0,,1.0,1.0,,,1959.0,4,RG,51745,2023-03-21,40.726849,-73.853385,406.0,29.0,4307726.0,4021197501.0,71303.0,QN0602,2023,3,True,CONDO PARKING
Queens,RICHMOND HILL,02 TWO FAMILY DWELLINGS,1,9293,14,B3,89-04 104TH STREET,,11418.0,2.0,0.0,2.0,2500.0,1834.0,1930.0,1,B3,899000,2023-03-21,40.693455,-73.842615,409.0,29.0,4194449.0,4092930014.0,28.0,QN0902,2023,3,True,TWO FAMILY DWELLINGS
Queens,ROSEDALE,01 ONE FAMILY DWELLINGS,1,13238,44,A1,13626 243RD STREET,,11422.0,1.0,0.0,1.0,4000.0,1660.0,1925.0,1,A1,240000,2023-03-21,40.669637,-73.733114,413.0,31.0,4284444.0,4132380044.0,638.0,QN1307,2023,3,True,ONE FAMILY DWELLINGS
Queens,ROCKAWAY PARK,12 CONDOS - WALKUP APARTMENTS,2,16173,1050,R2,"179 BEACH 100TH STREET, 7B",7B,11694.0,1.0,,1.0,,,2006.0,2,R2,552000,2023-03-21,40.583462,-73.82087,414.0,32.0,4533097.0,4161737501.0,94201.0,QN1402,2023,3,True,CONDOS - WALKUP APARTMENTS
Queens,ROCKAWAY PARK,01 ONE FAMILY DWELLINGS,1,16164,204,A6,108-12N ROCKAWAY BEACH BLVD,,11694.0,1.0,0.0,1.0,592.0,315.0,1920.0,1,A6,170000,2023-03-21,40.58175,-73.830318,414.0,32.0,,,938.0,QN1403,2023,3,True,ONE FAMILY DWELLINGS
Queens,SO. JAMAICA-BAISLEY PARK,01 ONE FAMILY DWELLINGS,1,12352,471,A1,116-12 171ST STREET,,11434.0,1.0,0.0,1.0,2400.0,1280.0,1925.0,1,A1,535606,2023-03-21,40.687874,-73.776906,412.0,28.0,4267573.0,4123520471.0,282.0,QN1203,2023,3,True,ONE FAMILY DWELLINGS
Queens,SUNNYSIDE,01 ONE FAMILY DWELLINGS,1,2297,34,A9,50-05 47TH STREET,,11377.0,1.0,0.0,1.0,1900.0,1328.0,1940.0,1,A9,865000,2023-03-21,40.737,-73.918969,402.0,26.0,4053342.0,4022970034.0,23501.0,QN0202,2023,3,True,ONE FAMILY DWELLINGS
Queens,SUNNYSIDE,10 COOPS - ELEVATOR APARTMENTS,2,131,4,D4,"50-05 43RD AVENUE, 3D",,11377.0,,,,,,1932.0,2,D4,305000,2023-03-21,40.74446,-73.91447,402.0,26.0,4000969.0,4001310004.0,25302.0,QN0202,2023,3,True,COOPS - ELEVATOR APARTMENTS
Queens,WHITESTONE,01 ONE FAMILY DWELLINGS,1,4509,37,A1,150-112 POWELLS COVE BOULEVARD,,11357.0,1.0,0.0,1.0,4517.0,2221.0,2020.0,1,A1,1771755,2023-03-21,40.797655,-73.815498,407.0,19.0,4620765.0,4045090037.0,981.0,QN0702,2023,3,True,ONE FAMILY DWELLINGS
Queens,SUNNYSIDE,01 ONE FAMILY DWELLINGS,1,154,5,A5,45-09 SKILLMAN AVE,,11104.0,1.0,0.0,1.0,1441.0,1012.0,1940.0,1,A5,1075000,2023-03-21,40.746662,-73.918747,402.0,26.0,4001575.0,4001540005.0,183.0,QN0202,2023,3,True,ONE FAMILY DWELLINGS
Bronx,BAYCHESTER,01 ONE FAMILY DWELLINGS,1,4761,3,A2,1 FOX TERRACE,,10469.0,1.0,0.0,1.0,1042.0,852.0,1935.0,1,A2,360000,2023-03-22,40.872653,-73.844129,212.0,12.0,2061731.0,2047610003.0,358.0,BX1202,2023,3,True,ONE FAMILY DWELLINGS
Bronx,CITY ISLAND,12 CONDOS - WALKUP APARTMENTS,2,5643,1017,R2,"190 FORDHAM STREET, 15",15,10464.0,1.0,,1.0,,,1897.0,2,R2,515000,2023-03-22,40.847655,-73.784647,210.0,13.0,2082595.0,2056437501.0,51601.0,BX1003,2023,3,True,CONDOS - WALKUP APARTMENTS
Bronx,CROTONA PARK,02 TWO FAMILY DWELLINGS,1,2953,11,B1,1824 PROSPECT AVENUE,,10457.0,2.0,0.0,2.0,2700.0,2991.0,1901.0,1,B1,202500,2023-03-22,40.84201,-73.891163,206.0,15.0,2010016.0,2029530011.0,367.0,BX0602,2023,3,True,TWO FAMILY DWELLINGS
Bronx,KINGSBRIDGE HTS/UNIV HTS,02 TWO FAMILY DWELLINGS,1,3240,17,B1,2690 HEATH AVENUE,,10463.0,2.0,0.0,2.0,3075.0,2688.0,1930.0,1,B1,870000,2023-03-22,40.871301,-73.905513,207.0,14.0,2015199.0,2032400017.0,269.0,BX0701,2023,3,True,TWO FAMILY DWELLINGS
Bronx,KINGSBRIDGE/JEROME PARK,29 COMMERCIAL GARAGES,4,3260,31,G9,2921 HEATH AVENUE,,10463.0,1.0,1.0,2.0,2250.0,3150.0,1901.0,4,G9,700000,2023-03-22,40.875015,-73.903447,208.0,14.0,2092465.0,2032600031.0,273.0,BX0801,2023,3,True,COMMERCIAL GARAGES
Bronx,PELHAM PARKWAY NORTH,02 TWO FAMILY DWELLINGS,1,4445,17,B1,2530 BRONXWOOD AVENUE,,10469.0,2.0,0.0,2.0,2000.0,2160.0,1950.0,1,B1,832200,2023-03-22,40.863733,-73.861612,211.0,13.0,2051584.0,2044450017.0,324.0,BX1104,2023,3,True,TWO FAMILY DWELLINGS
Bronx,PELHAM PARKWAY NORTH,02 TWO FAMILY DWELLINGS,1,4440,13,B1,2520 BARNES AVENUE,,10467.0,2.0,0.0,2.0,2100.0,1971.0,1945.0,1,B1,550000,2023-03-22,40.863735,-73.863565,211.0,13.0,2051517.0,2044400013.0,328.0,BX1104,2023,3,True,TWO FAMILY DWELLINGS
Bronx,RIVERDALE,10 COOPS - ELEVATOR APARTMENTS,2,5946,52,D4,"5355 HENRY HUDSON PARKWAY, 9J",,10471.0,,,,,,1952.0,2,D4,450000,2023-03-22,40.900321,-73.906915,208.0,11.0,2086250.0,2059460052.0,323.0,BX0803,2023,3,True,COOPS - ELEVATOR APARTMENTS
Bronx,SCHUYLERVILLE/PELHAM BAY,07 RENTALS - WALKUP APARTMENTS,2A,4243,14,C3,2850 EAST 197 STREET,,10461.0,4.0,0.0,4.0,2500.0,2400.0,1928.0,2,C3,997000,2023-03-22,40.85464,-73.832637,210.0,13.0,2047603.0,2042430014.0,300.0,BX1003,2023,3,True,RENTALS - WALKUP APARTMENTS
Bronx,RIVERDALE,10 COOPS - ELEVATOR APARTMENTS,2,5953,38,D4,"5700 ARLINGTON AVENUE, 20A",,10471.0,,,,,,1961.0,2,D4,230000,2023-03-22,40.906656,-73.906827,208.0,11.0,2086319.0,2059530038.0,323.0,BX0803,2023,3,True,COOPS - ELEVATOR APARTMENTS
Bronx,SCHUYLERVILLE/PELHAM BAY,01 ONE FAMILY DWELLINGS,1,5391,6,A1,2916 DUDLEY AVENUE,,10461.0,1.0,0.0,1.0,2605.0,1184.0,1930.0,1,A1,361900,2023-03-22,40.841097,-73.832201,210.0,13.0,2074569.0,2053910006.0,264.0,BX1002,2023,3,True,ONE FAMILY DWELLINGS
Bronx,SOUNDVIEW,29 COMMERCIAL GARAGES,4,3713,5,G1,1501 BRUCKNER BOULEVARD,,10472.0,0.0,1.0,1.0,10000.0,1044.0,1961.0,4,G1,350000,2023-03-22,40.823737,-73.878851,209.0,17.0,2023419.0,2037130005.0,5001.0,BX0901,2023,3,True,COMMERCIAL GARAGES
Bronx,WILLIAMSBRIDGE,02 TWO FAMILY DWELLINGS,1,4872,68,B1,1050 EAST 226 STREET,,10466.0,2.0,0.0,2.0,2289.0,1919.0,1930.0,1,B1,921000,2023-03-22,40.885336,-73.850143,212.0,12.0,2064982.0,2048720068.0,404.0,BX1201,2023,3,True,TWO FAMILY DWELLINGS
Bronx,WILLIAMSBRIDGE,03 THREE FAMILY DWELLINGS,1,4825,35,C0,647 EAST 223 STREET,,10466.0,3.0,0.0,3.0,2856.0,4200.0,2003.0,1,C0,650000,2023-03-22,40.886958,-73.862978,212.0,12.0,2062948.0,2048250035.0,394.0,BX1201,2023,3,True,THREE FAMILY DWELLINGS
Brooklyn,BAY RIDGE,03 THREE FAMILY DWELLINGS,1,5932,29,C0,652 74TH STREET,,11209.0,3.0,0.0,3.0,2000.0,3120.0,1899.0,1,C0,1150623,2023-03-22,40.628074,-74.01869,310.0,47.0,3148446.0,3059320029.0,134.0,BK1001,2023,3,True,THREE FAMILY DWELLINGS
Brooklyn,BAY RIDGE,07 RENTALS - WALKUP APARTMENTS,2,5873,84,C1,419 OVINGTON AVENUE,,11209.0,32.0,0.0,32.0,8622.0,25650.0,1925.0,2,C1,3600000,2023-03-22,40.633412,-74.023177,310.0,47.0,3145771.0,3058730084.0,130.0,BK1001,2023,3,True,RENTALS - WALKUP APARTMENTS
Brooklyn,BEDFORD STUYVESANT,02 TWO FAMILY DWELLINGS,1,1668,40,B1,756 HALSEY STREET,,11233.0,2.0,0.0,2.0,1800.0,2510.0,1899.0,1,B1,36000,2023-03-22,40.684766,-73.924033,303.0,41.0,3046661.0,3016680040.0,383.0,BK0302,2023,3,True,TWO FAMILY DWELLINGS
Brooklyn,BEDFORD STUYVESANT,01 ONE FAMILY DWELLINGS,1,1809,17,A4,360 QUINCY STREET,,11216.0,1.0,0.0,1.0,2000.0,1210.0,1899.0,1,A4,1925000,2023-03-22,40.687411,-73.946653,303.0,36.0,3050937.0,3018090017.0,265.0,BK0301,2023,3,True,ONE FAMILY DWELLINGS
Brooklyn,BAY RIDGE,13 CONDOS - ELEVATOR APARTMENTS,2,6133,1221,R4,"9956 3RD AVENUE, 503",503,11209.0,1.0,,1.0,,,2020.0,2,R4,696483,2023-03-22,40.613292,-74.035614,310.0,47.0,3428832.0,3061337503.0,5602.0,BK1001,2023,3,True,CONDOS - ELEVATOR APARTMENTS
Brooklyn,BEDFORD STUYVESANT,01 ONE FAMILY DWELLINGS,1,1678,43,A4,574 MAC DONOUGH STREET,,11233.0,1.0,0.0,1.0,1833.0,2392.0,1899.0,1,A4,1300000,2023-03-22,40.683294,-73.923797,303.0,41.0,3047312.0,3016780043.0,381.0,BK0302,2023,3,True,ONE FAMILY DWELLINGS
Brooklyn,BOROUGH PARK,02 TWO FAMILY DWELLINGS,1,5525,28,B3,1752 61ST STREET,,11204.0,2.0,0.0,2.0,3000.0,1024.0,1905.0,1,B3,1600000,2023-03-22,40.622077,-73.98893,311.0,43.0,3132420.0,3055250028.0,248.0,BK1101,2023,3,True,TWO FAMILY DWELLINGS
Brooklyn,BROOKLYN HEIGHTS,10 COOPS - ELEVATOR APARTMENTS,2,252,8,D4,"2 GRACE COURT, 2Y/3Y",,11201.0,,,,,,1930.0,2,D4,2275000,2023-03-22,40.694458,-73.998327,302.0,33.0,3002142.0,3002520008.0,301.0,BK0201,2023,3,True,COOPS - ELEVATOR APARTMENTS
Brooklyn,BROWNSVILLE,02 TWO FAMILY DWELLINGS,1,3534,49,B3,152 GRAFTON ST,,11212.0,2.0,0.0,2.0,2000.0,1568.0,1930.0,1,B3,60000,2023-03-22,40.664714,-73.918238,316.0,41.0,3081259.0,3035340049.0,900.0,BK1602,2023,3,True,TWO FAMILY DWELLINGS
Brooklyn,CANARSIE,02 TWO FAMILY DWELLINGS,1,7958,85,B1,592 EAST 80TH STREET,,11236.0,2.0,0.0,2.0,2000.0,2256.0,1960.0,1,B1,985000,2023-03-22,40.63906,-73.917246,318.0,45.0,3222524.0,3079580085.0,950.0,BK1803,2023,3,True,TWO FAMILY DWELLINGS
Brooklyn,CANARSIE,02 TWO FAMILY DWELLINGS,1,8213,75,B1,982 EAST 106TH STREET,,11236.0,2.0,0.0,2.0,1800.0,1560.0,1960.0,1,B1,868314,2023-03-22,40.646519,-73.892376,318.0,46.0,3230619.0,3082130075.0,984.0,BK1803,2023,3,True,TWO FAMILY DWELLINGS
Brooklyn,CANARSIE,02 TWO FAMILY DWELLINGS,1,7984,62,B1,648 EAST 80TH STREET,,11236.0,2.0,0.0,2.0,2200.0,3342.0,1970.0,1,B1,775000,2023-03-22,40.637665,-73.915691,318.0,45.0,3223583.0,3079840062.0,950.0,BK1803,2023,3,True,TWO FAMILY DWELLINGS
Brooklyn,CROWN HEIGHTS,02 TWO FAMILY DWELLINGS,1,1256,18,B1,974 ST JOHNS PLACE,,11213.0,2.0,0.0,2.0,2371.0,2348.0,1915.0,1,B1,1550000,2023-03-22,40.6714,-73.94606,308.0,35.0,3032367.0,3012560018.0,339.0,BK0802,2023,3,True,TWO FAMILY DWELLINGS
Brooklyn,CROWN HEIGHTS,01 ONE FAMILY DWELLINGS,1,1384,63,A5,1335 LINCOLN PLACE,,11213.0,1.0,0.0,1.0,2406.0,1260.0,1901.0,1,A5,1100000,2023-03-22,40.66982,-73.932345,308.0,35.0,3037080.0,3013840063.0,35101.0,BK0802,2023,3,True,ONE FAMILY DWELLINGS
Brooklyn,CROWN HEIGHTS,15 CONDOS - 2-10 UNIT RESIDENTIAL,2C,1273,1206,R1,"1015 PRESIDENT STREET, 3R",3R,11225.0,1.0,,1.0,,,1920.0,2,R1,860000,2023-03-22,40.668729,-73.957713,309.0,35.0,3033153.0,3012737503.0,325.0,BK0901,2023,3,True,CONDOS - 2-10 UNIT RESIDENTIAL
Brooklyn,CROWN HEIGHTS,07 RENTALS - WALKUP APARTMENTS,2,1209,55,C5,1395 DEAN STREET,,11216.0,25.0,0.0,25.0,4577.0,7500.0,1931.0,2,C5,3600000,2023-03-22,40.676495,-73.942685,308.0,36.0,3030167.0,3012090055.0,313.0,BK0802,2023,3,True,RENTALS - WALKUP APARTMENTS
Brooklyn,CROWN HEIGHTS,08 RENTALS - ELEVATOR APARTMENTS,2,1280,1,D7,951 CARROLL STREET,,11225.0,38.0,3.0,41.0,6750.0,30642.0,1927.0,2,D7,400000,2023-03-22,40.667947,-73.95852,309.0,35.0,3033446.0,3012800001.0,325.0,BK0901,2023,3,True,RENTALS - ELEVATOR APARTMENTS
Brooklyn,FLATBUSH-CENTRAL,07 RENTALS - WALKUP APARTMENTS,2,5221,41,C1,2102 NEWKIRK AVENUE,,11226.0,22.0,0.0,22.0,6100.0,15680.0,1931.0,2,C1,2250000,2023-03-22,40.638294,-73.957559,314.0,45.0,3120618.0,3052210041.0,51601.0,BK1401,2023,3,True,RENTALS - WALKUP APARTMENTS
Brooklyn,FLATBUSH-EAST,03 THREE FAMILY DWELLINGS,1,4680,7,C0,858 LINDEN BOULEVARD,,11203.0,3.0,0.0,3.0,2975.0,3954.0,1920.0,1,C0,830000,2023-03-22,40.654069,-73.926202,317.0,41.0,3102279.0,3046800007.0,866.0,BK1703,2023,3,True,THREE FAMILY DWELLINGS
Brooklyn,FLATLANDS,10 COOPS - ELEVATOR APARTMENTS,2,7777,26,D4,"1275 EAST 51ST STREET, 1S",,11234.0,,,,,,1965.0,2,D4,317000,2023-03-22,40.629688,-73.927003,318.0,46.0,3215627.0,3077770026.0,728.0,BK1801,2023,3,True,COOPS - ELEVATOR APARTMENTS
Brooklyn,FLATBUSH-NORTH,07 RENTALS - WALKUP APARTMENTS,2A,4616,67,C3,119 ROCKAWAY PARKWAY,,11212.0,4.0,0.0,4.0,2750.0,3198.0,1930.0,2,C3,1132540,2023-03-22,40.663608,-73.922878,317.0,41.0,3100166.0,3046160067.0,892.0,BK1704,2023,3,True,RENTALS - WALKUP APARTMENTS
Brooklyn,GRAVESEND,02 TWO FAMILY DWELLINGS,1,6577,51,B1,1412 WEST 7TH STREET,,11204.0,2.0,0.0,2.0,1150.0,1790.0,1930.0,1,B1,1150000,2023-03-22,40.611899,-73.981448,311.0,43.0,3173278.0,3065770051.0,432.0,BK1101,2023,3,True,TWO FAMILY DWELLINGS
Brooklyn,GREENPOINT,15 CONDOS - 2-10 UNIT RESIDENTIAL,2C,2720,1004,R1,"173 BAYARD STREET, 2R",2R,11222.0,1.0,,1.0,,,2017.0,2,R1,965000,2023-03-22,40.72046,-73.945547,301.0,33.0,3425992.0,3027207501.0,499.0,BK0101,2023,3,True,CONDOS - 2-10 UNIT RESIDENTIAL
Brooklyn,GRAVESEND,22 STORE BUILDINGS,4,7142,19,K1,2801 86TH STREET,,11223.0,0.0,2.0,2.0,1430.0,1400.0,1967.0,4,K1,675000,2023-03-22,40.592844,-73.978796,315.0,47.0,3193236.0,3071420019.0,386.0,BK1501,2023,3,True,STORE BUILDINGS
Brooklyn,KENSINGTON,04 TAX CLASS 1 CONDOS,1C,5311,1002,R6,"33 CLARA ST, 2",2,11218.0,1.0,,1.0,,,,1,R6,975000,2023-03-22,40.643829,-73.98185,312.0,39.0,3256666.0,3053117501.0,496.0,BK1203,2023,3,True,TAX CLASS 1 CONDOS
Brooklyn,OCEAN HILL,02 TWO FAMILY DWELLINGS,1,1519,35,S2,306 MARION STREET,,11233.0,2.0,1.0,3.0,2000.0,4120.0,1931.0,1,S2,1775000,2023-03-22,40.681006,-73.917555,303.0,41.0,3041241.0,3015190035.0,379.0,BK0302,2023,3,True,TWO FAMILY DWELLINGS
Brooklyn,MARINE PARK,02 TWO FAMILY DWELLINGS,1,8521,70,B1,2064 EAST 36TH STREET,,11234.0,2.0,0.0,2.0,1600.0,1867.0,1940.0,1,B1,750000,2023-03-22,40.608753,-73.930249,318.0,46.0,3240944.0,3085210070.0,658.0,BK1802,2023,3,True,TWO FAMILY DWELLINGS
Brooklyn,OCEAN PARKWAY-SOUTH,10 COOPS - ELEVATOR APARTMENTS,2,7238,115,D4,"2650 OCEAN PARKWAY, 5A",,11235.0,,,,,,1962.0,2,D4,25000,2023-03-22,40.585466,-73.966438,313.0,47.0,3196066.0,3072380115.0,37401.0,BK1301,2023,3,True,COOPS - ELEVATOR APARTMENTS
Brooklyn,OLD MILL BASIN,01 ONE FAMILY DWELLINGS,1,8408,118,A5,1567 EAST 66TH STREET,,11234.0,1.0,0.0,1.0,2000.0,1251.0,1930.0,1,A5,610000,2023-03-22,40.618583,-73.912362,318.0,46.0,3237176.0,3084080118.0,69602.0,BK1802,2023,3,True,ONE FAMILY DWELLINGS
Brooklyn,OCEAN PARKWAY-SOUTH,10 COOPS - ELEVATOR APARTMENTS,2,7181,1,D4,"2310 OCEAN PARKWAY, 2I",,11223.0,,,,,,1954.0,2,D4,195000,2023-03-22,40.593013,-73.964713,315.0,44.0,3194790.0,3071810001.0,390.0,BK1501,2023,3,True,COOPS - ELEVATOR APARTMENTS
Brooklyn,PARK SLOPE,10 COOPS - ELEVATOR APARTMENTS,2,1064,18,D4,"39 PLAZA ST W, 9A",,11217.0,,,,,,1927.0,2,D4,1795000,2023-03-22,40.673665,-73.971437,306.0,39.0,3024625.0,3010640018.0,159.0,BK0602,2023,3,True,COOPS - ELEVATOR APARTMENTS
Brooklyn,PROSPECT HEIGHTS,03 THREE FAMILY DWELLINGS,1,1164,85,C0,187 STERLING PLACE,,11238.0,3.0,0.0,3.0,1200.0,4364.0,1899.0,1,C0,2520000,2023-03-22,40.676289,-73.971335,308.0,35.0,3029073.0,3011640085.0,163.0,BK0801,2023,3,True,THREE FAMILY DWELLINGS
Brooklyn,PROSPECT HEIGHTS,03 THREE FAMILY DWELLINGS,1,1158,31,C0,200 PROSPECT PLACE,,11238.0,3.0,0.0,3.0,2729.0,3272.0,1899.0,1,C0,3150000,2023-03-22,40.67793,-73.97017,308.0,35.0,3028732.0,3011580031.0,163.0,BK0801,2023,3,True,THREE FAMILY DWELLINGS
Brooklyn,SHEEPSHEAD BAY,02 TWO FAMILY DWELLINGS,1,7395,19,B3,1042 CRAWFORD AVENUE,,11223.0,2.0,0.0,2.0,4000.0,1980.0,1930.0,1,B3,1100000,2023-03-22,40.592463,-73.959424,315.0,48.0,3201693.0,3073950019.0,584.0,BK1501,2023,3,True,TWO FAMILY DWELLINGS
Brooklyn,WILLIAMSBURG-NORTH,13 CONDOS - ELEVATOR APARTMENTS,2,2340,1415,R4,"2 NORTHSIDE PIERS, 12F",12F,11249.0,1.0,,1.0,,,,2,R4,1130000,2023-03-22,40.7198,-73.963867,301.0,33.0,3397447.0,3023407503.0,555.0,BK0102,2023,3,True,CONDOS - ELEVATOR APARTMENTS
Brooklyn,WILLIAMSBURG-EAST,32 HOSPITAL AND HEALTH FACILITIES,4,2276,37,I9,741 FLUSHING AVENUE,,11206.0,0.0,1.0,1.0,8200.0,22430.0,1914.0,4,I9,6000000,2023-03-22,40.700622,-73.942859,301.0,33.0,3335515.0,3022760037.0,507.0,BK0103,2023,3,True,HOSPITAL AND HEALTH FACILITIES
Brooklyn,WILLIAMSBURG-EAST,13 CONDOS - ELEVATOR APARTMENTS,2,2741,1167,R4,"526 UNION AVENUE, 606",606,11211.0,1.0,,1.0,,,2020.0,2,R4,972429,2023-03-22,40.716205,-73.951961,301.0,33.0,3068238.0,3027417502.0,515.0,BK0102,2023,3,True,CONDOS - ELEVATOR APARTMENTS
Manhattan,ALPHABET CITY,07 RENTALS - WALKUP APARTMENTS,2,400,60,C4,195 EAST 4TH STREET,,10009.0,18.0,0.0,18.0,2404.0,8975.0,1913.0,2,C4,5750000,2023-03-22,40.724051,-73.984328,103.0,2.0,1005043.0,1004000060.0,32.0,MN0303,2023,3,True,RENTALS - WALKUP APARTMENTS
Brooklyn,WILLIAMSBURG-SOUTH,13 CONDOS - ELEVATOR APARTMENTS,2,2413,1117,R4,"305 UNION AVENUE, PHA",PHA,11211.0,1.0,,1.0,,,2017.0,2,R4,2050000,2023-03-22,40.70962,-73.950905,301.0,34.0,3063055.0,3024137502.0,513.0,BK0102,2023,3,True,CONDOS - ELEVATOR APARTMENTS
Manhattan,CHELSEA,13 CONDOS - ELEVATOR APARTMENTS,2,694,1208,R4,"555 WEST 22ND STREET, 14AW",14AW,10011.0,1.0,,1.0,,,2019.0,2,R4,10950000,2023-03-22,40.74756,-74.005919,104.0,3.0,1012322.0,1006947502.0,9901.0,MN0401,2023,3,True,CONDOS - ELEVATOR APARTMENTS
Manhattan,CHINATOWN,13 CONDOS - ELEVATOR APARTMENTS,2,171,1236,R4,"101 LEONARD STREET, 7A",7A,10013.0,1.0,,1.0,,,1920.0,2,R4,1210000,2023-03-22,40.716825,-74.00391,101.0,1.0,1001838.0,1001717503.0,31.0,MN0102,2023,3,True,CONDOS - ELEVATOR APARTMENTS
Manhattan,CIVIC CENTER,13 CONDOS - ELEVATOR APARTMENTS,2,170,1130,R4,"108 LEONARD STREET, 10P",10P,10013.0,1.0,,1.0,,,1900.0,2,R4,4556713,2023-03-22,40.71646,-74.0032,101.0,1.0,1001835.0,1001707501.0,31.0,MN0102,2023,3,True,CONDOS - ELEVATOR APARTMENTS
Manhattan,EAST VILLAGE,13 CONDOS - ELEVATOR APARTMENTS,2,446,1212,R4,"75 FIRST AVENUE, 5C",5C,10003.0,1.0,,1.0,,,2017.0,2,R4,999000,2023-03-22,40.725541,-73.986795,103.0,2.0,1088693.0,1004467503.0,38.0,MN0303,2023,3,True,CONDOS - ELEVATOR APARTMENTS
Manhattan,FINANCIAL,11 SPECIAL CONDO BILLING LOTS,2,23,1196,R4,"1 WALL STREET, 1212",1212,10005.0,1.0,,1.0,,,1930.0,2,RR,980000,2023-03-22,40.707278,-74.01191,101.0,1.0,1000815.0,1000237501.0,7.0,MN0101,2023,3,True,SPECIAL CONDO BILLING LOTS
Manhattan,GRAMERCY,10 COOPS - ELEVATOR APARTMENTS,2,881,47,D4,"160 EAST 26TH STREET, 2A",,10010.0,,,,,,1925.0,2,D4,390000,2023-03-22,40.740906,-73.982195,106.0,2.0,1018115.0,1008810047.0,68.0,MN0602,2023,3,True,COOPS - ELEVATOR APARTMENTS
Manhattan,GREENWICH VILLAGE-WEST,17 CONDO COOPS,2,616,1002,R9,"2 HORATIO STREET, 17G",,10014.0,,,,,,1929.0,2,R9,3200000,2023-03-22,40.738753,-74.002504,102.0,3.0,1067567.0,1006167501.0,77.0,MN0203,2023,3,True,CONDO COOPS
Manhattan,HARLEM-CENTRAL,13 CONDOS - ELEVATOR APARTMENTS,2,1829,1022,R4,"2098 FREDRICK DOUGLASS BL, 4E",4E,10026.0,1.0,,1.0,,,,2,R4,730000,2023-03-22,40.802798,-73.95654,110.0,9.0,1087078.0,1018297501.0,216.0,MN1001,2023,3,True,CONDOS - ELEVATOR APARTMENTS
Manhattan,HARLEM-UPPER,10 COOPS - ELEVATOR APARTMENTS,2,2063,46,D4,"435 CONVENT AVENUE, 1",,10031.0,,,,,,1902.0,2,D4,276000,2023-03-22,40.827043,-73.944463,109.0,9.0,1061524.0,1020630046.0,231.0,MN0903,2023,3,True,COOPS - ELEVATOR APARTMENTS
Manhattan,HARLEM-UPPER,10 COOPS - ELEVATOR APARTMENTS,2,2075,11,D4,"523 WEST 143RD STREET, 3C",,10031.0,,,,,,1910.0,2,D4,530000,2023-03-22,40.82463,-73.95017,109.0,7.0,1061882.0,1020750011.0,229.0,MN0903,2023,3,True,COOPS - ELEVATOR APARTMENTS
Manhattan,HARLEM-UPPER,07 RENTALS - WALKUP APARTMENTS,2,2079,57,C1,"558 WEST 148 STREET, 4A",,10031.0,20.0,0.0,20.0,4996.0,17013.0,1920.0,2,C1,325000,2023-03-22,40.827796,-73.947758,109.0,7.0,1062005.0,1020790057.0,233.0,MN0903,2023,3,True,RENTALS - WALKUP APARTMENTS
Manhattan,HARLEM-CENTRAL,13 CONDOS - ELEVATOR APARTMENTS,2,2006,1109,R4,"2351 ADAM CLAYTON POWELL JR BLVD, 204",204,10030.0,1.0,,1.0,,,2015.0,2,R4,975000,2023-03-22,40.81695,-73.942488,110.0,9.0,1090558.0,1020067502.0,228.0,MN1002,2023,3,True,CONDOS - ELEVATOR APARTMENTS
Manhattan,HARLEM-CENTRAL,13 CONDOS - ELEVATOR APARTMENTS,2,1820,1423,R4,"145 CENTRAL PARK NORTH, 8B",8B,10026.0,1.0,,1.0,,,2018.0,2,R4,1923666,2023-03-22,40.798861,-73.953902,110.0,9.0,1090808.0,1018207505.0,216.0,MN1001,2023,3,True,CONDOS - ELEVATOR APARTMENTS
Manhattan,MIDTOWN EAST,10 COOPS - ELEVATOR APARTMENTS,2,1361,21,D4,"1 BEEKMAN PLACE, GRDNA",,10022.0,,,,,,1931.0,2,D4,1336500,2023-03-22,40.752872,-73.96513,106.0,4.0,1040079.0,1013610021.0,8603.0,MN0604,2023,3,True,COOPS - ELEVATOR APARTMENTS
Manhattan,MURRAY HILL,13 CONDOS - ELEVATOR APARTMENTS,2,892,1357,R4,"45 PARK AVENUE, 1201",1201,10016.0,1.0,,1.0,,,2006.0,2,R4,2200000,2023-03-22,40.74878,-73.980092,106.0,4.0,1087674.0,1008927503.0,80.0,MN0603,2023,3,True,CONDOS - ELEVATOR APARTMENTS
Manhattan,MURRAY HILL,13 CONDOS - ELEVATOR APARTMENTS,2,859,1545,R4,"277 FIFTH AVENUE, 22C",22C,10016.0,1.0,,1.0,,,2017.0,2,R4,2032000,2023-03-22,40.74566,-73.986041,105.0,2.0,1090386.0,1008597504.0,74.0,MN0501,2023,3,True,CONDOS - ELEVATOR APARTMENTS
Manhattan,MURRAY HILL,10 COOPS - ELEVATOR APARTMENTS,2,917,17,D4,"225 EAST 36TH STREET, 14J",,10016.0,,,,,,1963.0,2,D4,440000,2023-03-22,40.746532,-73.976036,106.0,4.0,1020204.0,1009170017.0,78.0,MN0603,2023,3,True,COOPS - ELEVATOR APARTMENTS
Manhattan,MURRAY HILL,13 CONDOS - ELEVATOR APARTMENTS,2,859,1605,R4,"277 FIFTH AVENUE, 41C",41C,10016.0,1.0,,1.0,,,2017.0,2,R4,4320000,2023-03-22,40.74566,-73.986041,105.0,2.0,1090386.0,1008597504.0,74.0,MN0501,2023,3,True,CONDOS - ELEVATOR APARTMENTS
Manhattan,MURRAY HILL,13 CONDOS - ELEVATOR APARTMENTS,2,862,1384,R4,"325 5 AVENUE, 18G",18G,10016.0,1.0,,1.0,,,2005.0,2,R4,1060500,2023-03-22,40.747428,-73.985282,105.0,4.0,1087309.0,1008627503.0,74.0,MN0501,2023,3,True,CONDOS - ELEVATOR APARTMENTS
Manhattan,TRIBECA,13 CONDOS - ELEVATOR APARTMENTS,2,212,1207,R4,"1 YORK STREET, 3E",3E,10013.0,1.0,,1.0,,,1890.0,2,R4,3610000,2023-03-22,40.721085,-74.005754,101.0,1.0,1002736.0,1002127503.0,33.0,MN0102,2023,3,True,CONDOS - ELEVATOR APARTMENTS
Manhattan,UPPER EAST SIDE (59-79),10 COOPS - ELEVATOR APARTMENTS,2,1466,37,D4,"420 EAST 72ND STREET, 7B",,10021.0,,,,,,1962.0,2,D4,1650000,2023-03-22,40.767383,-73.955018,108.0,5.0,1045839.0,1014660037.0,124.0,MN0801,2023,3,True,COOPS - ELEVATOR APARTMENTS
Manhattan,UPPER EAST SIDE (59-79),10 COOPS - ELEVATOR APARTMENTS,2,1409,40,D4,"196 EAST 75TH STREET, 3F",,10021.0,,,,,,1961.0,2,D4,1311863,2023-03-22,40.771811,-73.959478,108.0,4.0,1043090.0,1014090040.0,128.0,MN0802,2023,3,True,COOPS - ELEVATOR APARTMENTS
Manhattan,UPPER EAST SIDE (59-79),17 CONDO COOPS,2,1458,1202,R9,"420 EAST 64TH STREET, E7K",,10065.0,,,,,,,2,R9,292500,2023-03-22,40.762323,-73.958725,108.0,5.0,1085199.0,1014587503.0,10602.0,MN0801,2023,3,True,CONDO COOPS
Manhattan,UPPER EAST SIDE (79-96),10 COOPS - ELEVATOR APARTMENTS,2,1507,1,D4,"1140 FIFTH AVENUE, 12B",,10128.0,,,,,,1922.0,2,D4,2350000,2023-03-22,40.787205,-73.95594,108.0,8.0,1047418.0,1015070001.0,16001.0,MN0802,2023,3,True,COOPS - ELEVATOR APARTMENTS
Manhattan,UPPER EAST SIDE (79-96),10 COOPS - ELEVATOR APARTMENTS,2,1556,23,D4,"345 EAST 93 STREET, 16E",,10128.0,,,,,,1974.0,2,D4,547500,2023-03-22,40.781501,-73.946545,108.0,5.0,1050288.0,1015560023.0,15402.0,MN0803,2023,3,True,COOPS - ELEVATOR APARTMENTS
Manhattan,UPPER EAST SIDE (79-96),13 CONDOS - ELEVATOR APARTMENTS,2,1537,2381,R4,"1641 3 AVENUE, 29F",29F,10128.0,1.0,,1.0,,,,2,R4,950000,2023-03-22,40.782491,-73.951292,108.0,5.0,,,15403.0,MN0803,2023,3,True,CONDOS - ELEVATOR APARTMENTS
Manhattan,UPPER EAST SIDE (79-96),10 COOPS - ELEVATOR APARTMENTS,2,1576,14,D4,"515 EAST 79TH STREET, 21B",,10075.0,,,,,,1981.0,2,D4,745000,2023-03-22,40.771017,-73.949524,108.0,5.0,1050766.0,1015760014.0,13602.0,MN0803,2023,3,True,COOPS - ELEVATOR APARTMENTS
Manhattan,UPPER EAST SIDE (79-96),10 COOPS - ELEVATOR APARTMENTS,2,1566,29,D4,"444 EAST 87TH STREET, 2B",,10128.0,,,,,,1905.0,2,D4,282000,2023-03-22,40.777107,-73.947841,108.0,5.0,1050555.0,1015660029.0,14402.0,MN0803,2023,3,True,COOPS - ELEVATOR APARTMENTS
Manhattan,UPPER WEST SIDE (59-79),10 COOPS - ELEVATOR APARTMENTS,2,1120,23,D4,"1 WEST 67TH STREET, 510",,10023.0,,,,,,1917.0,2,D4,3050000,2023-03-22,40.773219,-73.978702,107.0,6.0,1028242.0,1011200023.0,15301.0,MN0701,2023,3,True,COOPS - ELEVATOR APARTMENTS
Manhattan,UPPER EAST SIDE (79-96),22 STORE BUILDINGS,4,1547,31,K4,350 EAST 85TH STREET,,10028.0,1.0,1.0,2.0,2043.0,3789.0,1900.0,4,K4,3500000,2023-03-22,40.77668,-73.951044,108.0,5.0,1049969.0,1015470031.0,14601.0,MN0803,2023,3,True,STORE BUILDINGS
Manhattan,UPPER WEST SIDE (59-79),10 COOPS - ELEVATOR APARTMENTS,2,1179,19,D4,"303 WEST 66TH STREET, 4EW",,10023.0,,,,,,1962.0,2,D4,1050000,2023-03-22,40.776108,-73.987432,107.0,6.0,1030923.0,1011790019.0,15502.0,MN0701,2023,3,True,COOPS - ELEVATOR APARTMENTS
Manhattan,UPPER EAST SIDE (96-110),10 COOPS - ELEVATOR APARTMENTS,2,1614,1,D4,"1270 5 AVENUE, 12M",,10029.0,,,,,,1959.0,2,D4,640000,2023-03-22,40.795745,-73.950029,111.0,9.0,1051578.0,1016140001.0,17401.0,MN1101,2023,3,True,COOPS - ELEVATOR APARTMENTS
Manhattan,UPPER WEST SIDE (79-96),10 COOPS - ELEVATOR APARTMENTS,2,1206,42,D4,"10 WEST 93RD STREET, 1C",,10025.0,,,,,,1915.0,2,D4,340000,2023-03-22,40.789976,-73.966686,107.0,6.0,1080931.0,1012060042.0,177.0,MN0702,2023,3,True,COOPS - ELEVATOR APARTMENTS
Manhattan,UPPER WEST SIDE (59-79),13 CONDOS - ELEVATOR APARTMENTS,2,1171,3037,R4,"120 RIVERSIDE BOULEVARD, 5C",5C,10069.0,1.0,,1.0,,,,2,R4,675000,2023-03-22,40.776668,-73.989233,107.0,6.0,1086247.0,1011717504.0,15102.0,MN0701,2023,3,True,CONDOS - ELEVATOR APARTMENTS
Manhattan,UPPER WEST SIDE (79-96),10 COOPS - ELEVATOR APARTMENTS,2,1210,37,D4,"102 WEST 80TH STREET, 17",,10024.0,,,,,,1901.0,2,D4,290000,2023-03-22,40.782759,-73.975308,107.0,6.0,1031765.0,1012100037.0,165.0,MN0702,2023,3,True,COOPS - ELEVATOR APARTMENTS
Manhattan,UPPER WEST SIDE (79-96),10 COOPS - ELEVATOR APARTMENTS,2,1248,27,D4,"305 WEST 86TH ST, 15C",,10024.0,,,,,,1926.0,2,D4,930650,2023-03-22,40.789015,-73.978152,107.0,6.0,1033940.0,1012480027.0,175.0,MN0702,2023,3,True,COOPS - ELEVATOR APARTMENTS
Manhattan,UPPER WEST SIDE (59-79),13 CONDOS - ELEVATOR APARTMENTS,2,1171,4318,R4,"60 RIVERSIDE BOULEVARD, 1202",1202,10069.0,1.0,,1.0,,,2008.0,2,R4,961000,2023-03-22,40.774566,-73.99132,107.0,6.0,1087835.0,1011717508.0,15102.0,MN0701,2023,3,True,CONDOS - ELEVATOR APARTMENTS
Manhattan,UPPER WEST SIDE (79-96),46 CONDO STORE BUILDINGS,4,1227,1001,RK,"207 WEST 79TH STREET, COM1",COM1,10024.0,,1.0,1.0,,,2015.0,4,RK,5841788,2023-03-22,40.783314,-73.978703,107.0,6.0,1090527.0,1012277501.0,167.0,MN0702,2023,3,True,CONDO STORE BUILDINGS
Manhattan,UPPER WEST SIDE (79-96),10 COOPS - ELEVATOR APARTMENTS,2,1250,6,D4,"345 WEST 88TH STREET, 9D",,10024.0,,,,,,1915.0,2,D4,587500,2023-03-22,40.790637,-73.977942,107.0,6.0,1034004.0,1012500006.0,175.0,MN0702,2023,3,True,COOPS - ELEVATOR APARTMENTS
Manhattan,UPPER WEST SIDE (79-96),10 COOPS - ELEVATOR APARTMENTS,2,1252,50,D4,"685 WEST END AVENUE, 10F",,10025.0,,,,,,1928.0,2,D4,900000,2023-03-22,40.793521,-73.974485,107.0,6.0,1034135.0,1012520050.0,179.0,MN0702,2023,3,True,COOPS - ELEVATOR APARTMENTS
Staten Island,ARDEN HEIGHTS,01 ONE FAMILY DWELLINGS,1,6029,62,A5,39A LOMBARD COURT,,10312.0,1.0,0.0,1.0,960.0,1152.0,1986.0,1,A5,458350,2023-03-22,40.553683,-74.200915,503.0,51.0,5079541.0,5060290062.0,17013.0,SI0303,2023,3,True,ONE FAMILY DWELLINGS
Staten Island,ARDEN HEIGHTS,01 ONE FAMILY DWELLINGS,1,5744,37,A5,455 ILYSSA WAY,,10312.0,1.0,0.0,1.0,560.0,1553.0,1996.0,1,A5,495000,2023-03-22,40.560391,-74.186622,503.0,51.0,5120889.0,5057440037.0,17007.0,SI0303,2023,3,True,ONE FAMILY DWELLINGS
Staten Island,ELTINGVILLE,01 ONE FAMILY DWELLINGS,1,5326,43,A2,371 SYCAMORE STREET,,10312.0,1.0,0.0,1.0,6000.0,1240.0,1960.0,1,A2,650000,2023-03-22,40.539216,-74.162328,503.0,51.0,5068830.0,5053260043.0,15602.0,SI0302,2023,3,True,ONE FAMILY DWELLINGS
Staten Island,CONCORD,01 ONE FAMILY DWELLINGS,1,2897,163,A5,219A PIERCE STREET,,10304.0,1.0,0.0,1.0,592.0,1248.0,1987.0,1,A5,339900,2023-03-22,40.607267,-74.082768,501.0,49.0,5091026.0,5028970163.0,4004.0,SI0103,2023,3,True,ONE FAMILY DWELLINGS
Staten Island,CASTLETON CORNERS,02 TWO FAMILY DWELLINGS,1,355,110,B2,94 EGBERT AVENUE,,10310.0,2.0,0.0,2.0,8800.0,2600.0,1905.0,1,B2,380000,2023-03-22,40.624902,-74.12563,501.0,50.0,5009798.0,5003550110.0,151.0,SI0105,2023,3,True,TWO FAMILY DWELLINGS
Staten Island,EMERSON HILL,01 ONE FAMILY DWELLINGS,1,836,136,A1,76 NICOLE LOOP,,10301.0,1.0,0.0,1.0,5361.0,2200.0,1997.0,1,A1,1167500,2023-03-22,40.609303,-74.098524,502.0,50.0,5150888.0,5008360136.0,17701.0,SI0203,2023,3,True,ONE FAMILY DWELLINGS
Staten Island,GREAT KILLS,01 ONE FAMILY DWELLINGS,1,5296,59,A2,120 WINCHESTER AVENUE,,10312.0,1.0,0.0,1.0,5000.0,1225.0,1940.0,1,A2,540000,2023-03-22,40.535805,-74.153232,503.0,51.0,5068108.0,5052960059.0,15601.0,SI0302,2023,3,True,ONE FAMILY DWELLINGS
Staten Island,MARINERS HARBOR,01 ONE FAMILY DWELLINGS,1,1188,175,A5,41 GIORDAN COURT,,10303.0,1.0,0.0,1.0,2002.0,1600.0,1990.0,1,A5,450000,2023-03-22,40.636322,-74.153877,501.0,49.0,5101615.0,5011880175.0,223.0,SI0107,2023,3,True,ONE FAMILY DWELLINGS
Staten Island,MIDLAND BEACH,01 ONE FAMILY DWELLINGS,1,3881,6,A2,517 GREELEY AVENUE,,10306.0,1.0,0.0,1.0,4000.0,1000.0,1940.0,1,A2,715000,2023-03-22,40.571601,-74.097021,502.0,50.0,5055035.0,5038810006.0,11203.0,SI0202,2023,3,True,ONE FAMILY DWELLINGS
Staten Island,PORT RICHMOND,01 ONE FAMILY DWELLINGS,1,1006,81,A5,60 HEBERTON AVENUE,,10302.0,1.0,0.0,1.0,1176.0,924.0,1910.0,1,A5,404275,2023-03-22,40.638322,-74.130213,501.0,49.0,5023744.0,5010060081.0,20702.0,SI0106,2023,3,True,ONE FAMILY DWELLINGS
Staten Island,PORT RICHMOND,02 TWO FAMILY DWELLINGS,1,1005,14,B3,"96 ANN STREET, 2",,10302.0,2.0,0.0,2.0,5875.0,2100.0,1931.0,1,B3,665000,2023-03-22,40.638671,-74.132221,501.0,49.0,5162234.0,5010050014.0,20702.0,SI0106,2023,3,True,TWO FAMILY DWELLINGS
Staten Island,NEW SPRINGVILLE,04 TAX CLASS 1 CONDOS,1A,2450,3063,R3,37 RUMSON ROAD,,10314.0,1.0,,1.0,,,1978.0,1,R3,440000,2023-03-22,40.577059,-74.160181,502.0,51.0,5135764.0,5024507510.0,27702.0,SI0204,2023,3,True,TAX CLASS 1 CONDOS
Staten Island,WEST NEW BRIGHTON,01 ONE FAMILY DWELLINGS,1,187,60,A1,22 TOMPKINS COURT,,10310.0,1.0,0.0,1.0,5612.0,630.0,1930.0,1,A1,405000,2023-03-22,40.639771,-74.120379,501.0,49.0,5005147.0,5001870060.0,13302.0,SI0106,2023,3,True,ONE FAMILY DWELLINGS
Staten Island,WOODROW,02 TWO FAMILY DWELLINGS,1,7267,166,B2,46 RED CEDAR LANE,,10309.0,2.0,0.0,2.0,5500.0,2700.0,1996.0,1,B2,745000,2023-03-22,40.539527,-74.222081,503.0,51.0,5128055.0,5072670166.0,22601.0,SI0304,2023,3,True,TWO FAMILY DWELLINGS
Queens,ASTORIA,10 COOPS - ELEVATOR APARTMENTS,2,557,3,D4,"21-25 34 AVE, 3C",,11106.0,,,,,,1950.0,2,D4,600000,2023-03-22,40.762324,-73.932886,401.0,22.0,4430871.0,4005570003.0,45.0,QN0105,2023,3,True,COOPS - ELEVATOR APARTMENTS
Queens,ASTORIA,10 COOPS - ELEVATOR APARTMENTS,2,534,15,D4,"14-23 31ST AVENUE, 2C",,11106.0,,,,,,1914.0,2,D4,295000,2023-03-22,40.767901,-73.931173,401.0,22.0,4005912.0,4005340015.0,79.0,QN0102,2023,3,True,COOPS - ELEVATOR APARTMENTS
Queens,ARVERNE,02 TWO FAMILY DWELLINGS,1,15839,6,B2,322 BEACH 48TH STREET,,11691.0,2.0,0.0,2.0,951.0,2310.0,2005.0,1,B2,585494,2023-03-22,40.594019,-73.778865,414.0,31.0,4532817.0,4158390006.0,97204.0,QN1402,2023,3,True,TWO FAMILY DWELLINGS
Queens,BEECHHURST,10 COOPS - ELEVATOR APARTMENTS,2,4588,1,D4,"7-15 162ND STREET, 6D",,11357.0,,,,,,1958.0,2,D4,320000,2023-03-22,40.793984,-73.799613,407.0,19.0,4104140.0,4045880001.0,991.0,QN0702,2023,3,True,COOPS - ELEVATOR APARTMENTS
Queens,BAYSIDE,10 COOPS - ELEVATOR APARTMENTS,2,5872,2,D4,"211-40 18TH AVENUE, 5J",,11360.0,,,,,,1961.0,2,D4,265000,2023-03-22,40.782663,-73.780701,407.0,19.0,4443724.0,4058720002.0,99704.0,QN0703,2023,3,True,COOPS - ELEVATOR APARTMENTS
Queens,BAYSIDE,13 CONDOS - ELEVATOR APARTMENTS,2,5893,1269,R4,"1 BAY CLUB DRIVE, 12U",12U,11360.0,1.0,,1.0,,,1972.0,2,R4,442000,2023-03-22,40.779012,-73.782085,407.0,19.0,4610630.0,4058937501.0,99704.0,QN0703,2023,3,True,CONDOS - ELEVATOR APARTMENTS
Queens,BAYSIDE,09 COOPS - WALKUP APARTMENTS,2,5778,1,C6,"199-18 16TH AVENUE, 2-6",,11357.0,,,,,,1955.0,2,C6,390000,2023-03-22,40.78411,-73.794122,407.0,19.0,4619014.0,4057780001.0,99701.0,QN0703,2023,3,True,COOPS - WALKUP APARTMENTS
Queens,BAYSIDE,09 COOPS - WALKUP APARTMENTS,2,6103,1,C6,"209-37 35TH AVENUE, 37",,11361.0,,,,,,1931.0,2,C6,386000,2023-03-22,40.768102,-73.777839,411.0,19.0,4447412.0,4061030001.0,1097.0,QN1102,2023,3,True,COOPS - WALKUP APARTMENTS
Queens,BAYSIDE,10 COOPS - ELEVATOR APARTMENTS,2,5938,3,D4,"17-85 215TH STREET, 10P",,11360.0,,,,,,1969.0,2,D4,525000,2023-03-22,40.784921,-73.777144,407.0,19.0,4454650.0,4059380003.0,99703.0,QN0703,2023,3,True,COOPS - ELEVATOR APARTMENTS
Queens,BELLEROSE,01 ONE FAMILY DWELLINGS,1,8585,25,A2,82-42 LITTLE NECK PARKWAY,,11004.0,1.0,0.0,1.0,3813.0,1188.0,1945.0,1,A2,742000,2023-03-22,40.73876,-73.715224,413.0,23.0,4175099.0,4085850025.0,157101.0,QN1302,2023,3,True,ONE FAMILY DWELLINGS
Queens,BELLEROSE,01 ONE FAMILY DWELLINGS,1,8580,31,A2,82-52 249TH STREET,,11426.0,1.0,0.0,1.0,4000.0,1576.0,1955.0,1,A2,765000,2023-03-22,40.737966,-73.719391,413.0,23.0,4174938.0,4085800031.0,157101.0,QN1302,2023,3,True,ONE FAMILY DWELLINGS
Queens,COLLEGE POINT,02 TWO FAMILY DWELLINGS,1,3996,38,B2,11-28 124TH STREET,,11356.0,2.0,0.0,2.0,2494.0,1960.0,1920.0,1,B2,799000,2023-03-22,40.787772,-73.843808,407.0,19.0,4096942.0,4039960038.0,947.0,QN0701,2023,3,True,TWO FAMILY DWELLINGS
Queens,COLLEGE POINT,33 EDUCATIONAL FACILITIES,4,3998,1,W2,123-15 14TH AVENUE,,11356.0,0.0,0.0,0.0,47952.0,68400.0,1932.0,4,W2,36860000,2023-03-22,40.785369,-73.844586,407.0,19.0,4096962.0,4039980001.0,947.0,QN0701,2023,3,True,EDUCATIONAL FACILITIES
Queens,EAST ELMHURST,01 ONE FAMILY DWELLINGS,1,1107,44,A5,24-39 96TH STREET,,11369.0,1.0,0.0,1.0,2850.0,1224.0,1955.0,1,A5,680000,2023-03-22,40.765491,-73.873758,403.0,21.0,4024415.0,4011070044.0,357.0,QN0302,2023,3,True,ONE FAMILY DWELLINGS
Queens,ELMHURST,14 RENTALS - 4-10 UNIT,2A,1604,40,S4,47-14 JUNCTION BOULEVARD,,11368.0,4.0,1.0,5.0,2083.0,5624.0,2006.0,2,S4,200000,2023-03-22,40.742843,-73.867493,404.0,25.0,4534427.0,4016040040.0,461.0,QN0401,2023,3,True,RENTALS - 4-10 UNIT
Queens,ELMHURST,13 CONDOS - ELEVATOR APARTMENTS,2,1310,1211,R4,"41-58 71ST STREET, 3C",3C,11377.0,1.0,,1.0,,,,2,R4,344000,2023-03-22,40.743589,-73.893962,402.0,26.0,4463149.0,4013107503.0,26502.0,QN0203,2023,3,True,CONDOS - ELEVATOR APARTMENTS
Queens,ELMHURST,13 CONDOS - ELEVATOR APARTMENTS,2,1352,1052,R4,"70-65 QUEENS BOULEVARD, 6L",6L,11377.0,1.0,,1.0,,,2021.0,2,R4,459342,2023-03-22,40.73955,-73.892042,402.0,26.0,4032013.0,4013527501.0,485.0,QN0401,2023,3,True,CONDOS - ELEVATOR APARTMENTS
Queens,FLUSHING-NORTH,01 ONE FAMILY DWELLINGS,1,5434,21,A1,149-38 HOLLYWOOD AVENUE,,11355.0,1.0,0.0,1.0,3000.0,1544.0,1920.0,1,A1,1120000,2023-03-22,40.75478,-73.812115,407.0,20.0,4122943.0,4054340021.0,1189.0,QN0705,2023,3,True,ONE FAMILY DWELLINGS
Queens,FLUSHING-NORTH,01 ONE FAMILY DWELLINGS,1,4775,40,A2,142-15 29TH ROAD,,11354.0,1.0,0.0,1.0,4000.0,1196.0,1955.0,1,A2,25000,2023-03-22,40.771638,-73.826339,407.0,20.0,4107944.0,4047750040.0,1047.0,QN0704,2023,3,True,ONE FAMILY DWELLINGS
Queens,FLUSHING-NORTH,13 CONDOS - ELEVATOR APARTMENTS,2,5066,1304,R4,"40-26 COLLEGE POINT BLVD, 8E",8E,11354.0,1.0,,1.0,,,2008.0,2,R4,930000,2023-03-22,40.757523,-73.834075,407.0,20.0,4539469.0,4050667503.0,871.0,QN0707,2023,3,True,CONDOS - ELEVATOR APARTMENTS
Brooklyn,CLINTON HILL,10 COOPS - ELEVATOR APARTMENTS,2,1902,1,D4,"201 CLINTON AVENUE, 11G",,11205.0,,,,,,1944.0,2,D4,690000,2023-04-13,40.691961,-73.968566,302.0,35.0,3322379.0,3019020001.0,195.0,BK0204,2023,4,True,COOPS - ELEVATOR APARTMENTS
Brooklyn,EAST NEW YORK,02 TWO FAMILY DWELLINGS,1,4327,15,B1,798 MILLER AVENUE,,11207.0,2.0,0.0,2.0,2500.0,2000.0,1920.0,1,B1,750000,2023-04-13,40.661108,-73.887144,305.0,42.0,3097423.0,3043270015.0,1104.0,BK0503,2023,4,True,TWO FAMILY DWELLINGS
Brooklyn,FLATBUSH-CENTRAL,13 CONDOS - ELEVATOR APARTMENTS,2,5121,1024,R4,"232 EAST 18TH STREET, 7A",7A,11226.0,1.0,,1.0,,,2019.0,2,R4,825000,2023-04-13,40.645616,-73.962361,314.0,40.0,3427232.0,3051217501.0,512.0,BK1401,2023,4,True,CONDOS - ELEVATOR APARTMENTS
Brooklyn,FLATBUSH-EAST,01 ONE FAMILY DWELLINGS,1,4935,23,A1,1186 BROOKLYN AVENUE,,11203.0,1.0,0.0,1.0,1410.0,1518.0,1930.0,1,A1,735000,2023-04-13,40.644404,-73.943094,317.0,45.0,3110916.0,3049350023.0,854.0,BK1702,2023,4,True,ONE FAMILY DWELLINGS
Brooklyn,FLATBUSH-EAST,02 TWO FAMILY DWELLINGS,1,4962,44,S2,4515 AVENUE D,,11203.0,2.0,1.0,3.0,2000.0,2800.0,1933.0,1,S2,990000,2023-04-13,40.64186,-73.933937,317.0,45.0,3112222.0,3049620044.0,838.0,BK1702,2023,4,True,TWO FAMILY DWELLINGS
Brooklyn,FLATBUSH-EAST,02 TWO FAMILY DWELLINGS,1,4920,52,B1,347 EAST 35TH STREET,,11203.0,2.0,0.0,2.0,2000.0,2060.0,1899.0,1,B1,750000,2023-04-13,40.64657,-73.944278,317.0,45.0,3110636.0,3049200052.0,854.0,BK1702,2023,4,True,TWO FAMILY DWELLINGS
Brooklyn,GRAVESEND,01 ONE FAMILY DWELLINGS,1,7169,17,A1,508 LAKE STREET,,11223.0,1.0,0.0,1.0,2843.0,1345.0,1901.0,1,A1,907000,2023-04-13,40.591377,-73.975041,315.0,47.0,3194330.0,3071690017.0,386.0,BK1501,2023,4,True,ONE FAMILY DWELLINGS
Brooklyn,GRAVESEND,02 TWO FAMILY DWELLINGS,1,6867,29,B9,8627 25TH AVE,,11214.0,2.0,0.0,2.0,1933.0,2720.0,1955.0,1,B9,1280000,2023-04-13,40.597286,-73.987843,311.0,43.0,3185691.0,3068670029.0,300.0,BK1103,2023,4,True,TWO FAMILY DWELLINGS
Brooklyn,GREENPOINT,13 CONDOS - ELEVATOR APARTMENTS,2,2596,1021,R4,"807 MANHATTAN AVENUE, 3D",3D,11222.0,1.0,,1.0,,,1908.0,2,R4,1675000,2023-04-13,40.727904,-73.953154,301.0,33.0,3065317.0,3025967501.0,561.0,BK0101,2023,4,True,CONDOS - ELEVATOR APARTMENTS
Brooklyn,MADISON,01 ONE FAMILY DWELLINGS,1,7337,34,A1,2068 BATCHELDER STREET,,11229.0,1.0,0.0,1.0,2544.0,1552.0,1935.0,1,A1,1235000,2023-04-13,40.601498,-73.939195,315.0,46.0,3199068.0,3073370034.0,566.0,BK1502,2023,4,True,ONE FAMILY DWELLINGS
Brooklyn,OCEAN HILL,02 TWO FAMILY DWELLINGS,1,1573,30,B9,8 JARDINE PLACE,,11233.0,2.0,0.0,2.0,1564.0,2040.0,1920.0,1,B9,1100000,2023-04-13,40.676937,-73.905169,316.0,37.0,3042774.0,3015730030.0,367.0,BK1601,2023,4,True,TWO FAMILY DWELLINGS
Brooklyn,PARK SLOPE,10 COOPS - ELEVATOR APARTMENTS,2,1065,31,D4,"78 8TH AVENUE, 6C",,11215.0,,,,,,1923.0,2,D4,620000,2023-04-13,40.673314,-73.973085,306.0,39.0,3024654.0,3010650031.0,157.0,BK0602,2023,4,True,COOPS - ELEVATOR APARTMENTS
Brooklyn,SHEEPSHEAD BAY,02 TWO FAMILY DWELLINGS,1,7405,754,B1,2351 EAST 27TH STREET,,11229.0,2.0,0.0,2.0,2183.0,1928.0,1950.0,1,B1,995000,2023-04-13,40.594498,-73.943663,315.0,48.0,3202543.0,3074050754.0,59402.0,BK1503,2023,4,True,TWO FAMILY DWELLINGS
Brooklyn,SEAGATE,01 ONE FAMILY DWELLINGS,1,7039,58,A1,4529 BEACH 45TH STREET,,11224.0,1.0,0.0,1.0,2912.0,1368.0,1965.0,1,A1,759500,2023-04-13,40.575471,-74.010871,313.0,47.0,3189467.0,3070390058.0,336.0,BK1302,2023,4,True,ONE FAMILY DWELLINGS
Brooklyn,SUNSET PARK,07 RENTALS - WALKUP APARTMENTS,2A,885,31,C2,278 19TH STREET,,11215.0,6.0,0.0,6.0,2504.0,3600.0,1931.0,2,C2,1103333,2023-04-13,40.661655,-73.990921,307.0,39.0,3017149.0,3008850031.0,143.0,BK0702,2023,4,True,RENTALS - WALKUP APARTMENTS
Manhattan,ALPHABET CITY,10 COOPS - ELEVATOR APARTMENTS,2,398,8,D4,"160 EAST 3RD STREET, 1-B",,10009.0,,,,,,1940.0,2,D4,600000,2023-04-13,40.723365,-73.984628,103.0,2.0,1004966.0,1003980008.0,3002.0,MN0303,2023,4,True,COOPS - ELEVATOR APARTMENTS
Manhattan,CLINTON,10 COOPS - ELEVATOR APARTMENTS,2,1067,8,D4,"457 WEST 57TH STREET, 615",,10019.0,,,,,,1929.0,2,D4,240000,2023-04-13,40.768585,-73.987271,104.0,6.0,1026882.0,1010670008.0,139.0,MN0402,2023,4,True,COOPS - ELEVATOR APARTMENTS
Manhattan,FINANCIAL,11 SPECIAL CONDO BILLING LOTS,2,23,1070,R4,"1 WALL STREET, 813",813,10005.0,1.0,,1.0,,,1930.0,2,RR,1320460,2023-04-13,40.707278,-74.01191,101.0,1.0,1000815.0,1000237501.0,7.0,MN0101,2023,4,True,SPECIAL CONDO BILLING LOTS
Manhattan,FINANCIAL,13 CONDOS - ELEVATOR APARTMENTS,2,44,1312,R4,"18 PINE STREET, 2208",2208,10005.0,1.0,,1.0,,,1928.0,2,R4,850000,2023-04-13,40.707665,-74.010135,101.0,1.0,1001022.0,1000447501.0,7.0,MN0101,2023,4,True,CONDOS - ELEVATOR APARTMENTS
Manhattan,FLATIRON,10 COOPS - ELEVATOR APARTMENTS,2,842,7,D4,"7 EAST 14TH STREET, 18B",,10003.0,,,,,,1965.0,2,D4,599000,2023-04-13,40.735859,-73.993245,105.0,2.0,1016062.0,1008420007.0,52.0,MN0501,2023,4,True,COOPS - ELEVATOR APARTMENTS
Manhattan,FLATIRON,13 CONDOS - ELEVATOR APARTMENTS,2,826,1012,R4,"1107 BROADWAY, 3D",3D,10010.0,1.0,,1.0,,,1915.0,2,R4,3361000,2023-04-13,40.742743,-73.989213,105.0,3.0,1015602.0,1008267501.0,58.0,MN0501,2023,4,True,CONDOS - ELEVATOR APARTMENTS
Manhattan,GREENWICH VILLAGE-WEST,10 COOPS - ELEVATOR APARTMENTS,2,637,81,D4,"167 PERRY STREET, 4H",,10014.0,,,,,,1987.0,2,D4,1225000,2023-04-13,40.734676,-74.009483,102.0,3.0,1012011.0,1006370081.0,75.0,MN0203,2023,4,True,COOPS - ELEVATOR APARTMENTS
Manhattan,GREENWICH VILLAGE-WEST,13 CONDOS - ELEVATOR APARTMENTS,2,624,1195,R4,"302 WEST 12TH STREET, 14B",14B,10014.0,1.0,,1.0,,,1910.0,2,R4,2050000,2023-04-13,40.737539,-74.004561,102.0,3.0,1067716.0,1006247503.0,77.0,MN0203,2023,4,True,CONDOS - ELEVATOR APARTMENTS
Manhattan,GREENWICH VILLAGE-CENTRAL,09 COOPS - WALKUP APARTMENTS,2C,575,32,C6,"44 WEST 12TH STREET, 3R",,10011.0,,,,,,1900.0,2,C6,860000,2023-04-13,40.735223,-73.995908,102.0,2.0,1009569.0,1005750032.0,63.0,MN0202,2023,4,True,COOPS - WALKUP APARTMENTS
Manhattan,GREENWICH VILLAGE-WEST,13 CONDOS - ELEVATOR APARTMENTS,2,637,1711,R4,"166 PERRY STREET, 4A",4A,10014.0,1.0,,1.0,,,1905.0,2,R4,2225000,2023-04-13,40.734668,-74.009414,102.0,3.0,1011994.0,1006377508.0,75.0,MN0203,2023,4,True,CONDOS - ELEVATOR APARTMENTS
Manhattan,HARLEM-CENTRAL,17 CONDO COOPS,2,2045,1203,R9,"102 BRADHURST AVENUE, RES 3",,10039.0,,,,,,2005.0,2,R9,575000,2023-04-13,40.824731,-73.941813,110.0,9.0,1087464.0,1020457502.0,259.0,MN1002,2023,4,True,CONDO COOPS
Manhattan,HARLEM-UPPER,02 TWO FAMILY DWELLINGS,1,2062,21,B9,433 WEST 147 STREET,,10031.0,2.0,0.0,2.0,3497.0,5032.0,1926.0,1,B9,4500000,2023-04-13,40.82575,-73.944786,109.0,9.0,1061441.0,1020620021.0,231.0,MN0903,2023,4,True,TWO FAMILY DWELLINGS
Manhattan,HARLEM-CENTRAL,10 COOPS - ELEVATOR APARTMENTS,2,2053,1,D4,"345 WEST 145TH STREET, 6B3",,10031.0,,,,,,1957.0,2,D4,441500,2023-04-13,40.82373,-73.944021,109.0,9.0,1061124.0,1020530001.0,231.0,MN0903,2023,4,True,COOPS - ELEVATOR APARTMENTS
Manhattan,KIPS BAY,13 CONDOS - ELEVATOR APARTMENTS,2,945,1229,R4,"685 FIRST AVENUE, 40F",40F,10016.0,1.0,,1.0,,,2016.0,2,R4,2460000,2023-04-13,40.747019,-73.971171,106.0,4.0,1089769.0,1009457502.0,88.0,MN0603,2023,4,True,CONDOS - ELEVATOR APARTMENTS
Manhattan,MIDTOWN EAST,10 COOPS - ELEVATOR APARTMENTS,2,1336,10,D4,"321 EAST 43RD STREET, 208",,10017.0,,,,,,1928.0,2,D4,540000,2023-04-13,40.750098,-73.970755,106.0,4.0,1038665.0,1013360010.0,88.0,MN0603,2023,4,True,COOPS - ELEVATOR APARTMENTS
Manhattan,MIDTOWN CBD,13 CONDOS - ELEVATOR APARTMENTS,2,1310,1523,R4,"150 EAST 56TH STREET, 4D",4D,10022.0,1.0,,1.0,,,1956.0,2,R4,785000,2023-04-13,40.760051,-73.969173,106.0,4.0,1036787.0,1013107503.0,100.0,MN0604,2023,4,True,CONDOS - ELEVATOR APARTMENTS
Manhattan,MIDTOWN EAST,10 COOPS - ELEVATOR APARTMENTS,2,1333,23,D4,"5 TUDOR CITY PLACE, 720",,10017.0,,,,,,1930.0,2,D4,435000,2023-04-13,40.748054,-73.971185,106.0,4.0,1038647.0,1013330023.0,88.0,MN0603,2023,4,True,COOPS - ELEVATOR APARTMENTS
Manhattan,MIDTOWN EAST,10 COOPS - ELEVATOR APARTMENTS,2,1367,35,D4,"430 EAST 56TH STREET, 4A",,10022.0,,,,,,1955.0,2,D4,430000,2023-04-13,40.757172,-73.962327,106.0,4.0,1040465.0,1013670035.0,10601.0,MN0604,2023,4,True,COOPS - ELEVATOR APARTMENTS
Manhattan,MIDTOWN WEST,13 CONDOS - ELEVATOR APARTMENTS,2,1032,1086,R4,"350 WEST 42ND STREET, 10G",10G,10036.0,1.0,,1.0,,,2004.0,2,R4,1315000,2023-04-13,40.757834,-73.99124,104.0,3.0,1087264.0,1010327501.0,115.0,MN0402,2023,4,True,CONDOS - ELEVATOR APARTMENTS
Manhattan,MIDTOWN WEST,13 CONDOS - ELEVATOR APARTMENTS,2,1040,1348,R4,"350 WEST 50TH STREET, 18F",18F,10019.0,1.0,,1.0,,,1989.0,2,R4,477627,2023-04-13,40.762988,-73.987791,104.0,3.0,1077841.0,1010407501.0,127.0,MN0402,2023,4,True,CONDOS - ELEVATOR APARTMENTS
Manhattan,MIDTOWN WEST,13 CONDOS - ELEVATOR APARTMENTS,2,1048,1169,R4,"347 WEST 57TH STREET, 7E",7E,10019.0,1.0,,1.0,,,,2,R4,625000,2023-04-13,40.767297,-73.984231,104.0,6.0,1026058.0,1010487501.0,139.0,MN0402,2023,4,True,CONDOS - ELEVATOR APARTMENTS
Manhattan,MURRAY HILL,13 CONDOS - ELEVATOR APARTMENTS,2,858,1387,R4,"30 EAST 29TH STREET, 31C",31C,10016.0,1.0,,1.0,,,2018.0,2,R4,2966828,2023-04-13,40.744485,-73.984926,105.0,2.0,1091575.0,1008587504.0,74.0,MN0501,2023,4,True,CONDOS - ELEVATOR APARTMENTS
Manhattan,MORNINGSIDE HEIGHTS,13 CONDOS - ELEVATOR APARTMENTS,2,1977,1077,R4,"543 WEST 122ND STREET, 11H",11H,10027.0,1.0,,1.0,,,2018.0,2,R4,2795096,2023-04-13,40.81133,-73.959901,109.0,7.0,1089829.0,1019777501.0,211.0,MN0901,2023,4,True,CONDOS - ELEVATOR APARTMENTS
Manhattan,TRIBECA,21 OFFICE BUILDINGS,4,193,50,O5,381 BROADWAY,,10013.0,0.0,7.0,7.0,3835.0,18300.0,1915.0,4,O5,16750000,2023-04-13,40.71812,-74.00298,101.0,1.0,1002220.0,1001930050.0,33.0,MN0102,2023,4,True,OFFICE BUILDINGS
Manhattan,TRIBECA,13 CONDOS - ELEVATOR APARTMENTS,2,16,1405,R4,"30 WEST STREET, 2D",2D,10004.0,1.0,,1.0,,,2005.0,2,R4,2080000,2023-04-13,40.706146,-74.016873,101.0,1.0,1087238.0,1000167514.0,31704.0,MN0101,2023,4,True,CONDOS - ELEVATOR APARTMENTS
Manhattan,UPPER EAST SIDE (59-79),10 COOPS - ELEVATOR APARTMENTS,2,1446,23,D4,"360 EAST 72ND STREET, A1503",,10021.0,,,,,,1963.0,2,D4,565000,2023-04-13,40.768146,-73.956834,108.0,5.0,1044862.0,1014460023.0,12601.0,MN0801,2023,4,True,COOPS - ELEVATOR APARTMENTS
Manhattan,UPPER EAST SIDE (59-79),10 COOPS - ELEVATOR APARTMENTS,2,1460,17,D4,"435 EAST 65TH STREET, 7-D",,10065.0,,,,,,1963.0,2,D4,500000,2023-04-13,40.762855,-73.957996,108.0,5.0,1045397.0,1014600017.0,116.0,MN0801,2023,4,True,COOPS - ELEVATOR APARTMENTS
Manhattan,UPPER EAST SIDE (59-79),10 COOPS - ELEVATOR APARTMENTS,2,1397,66,D4,"116 EAST 63RD STREET, 1D",,10065.0,,,,,,1920.0,2,D4,1280000,2023-04-13,40.765054,-73.967146,108.0,4.0,1042058.0,1013970066.0,11402.0,MN0802,2023,4,True,COOPS - ELEVATOR APARTMENTS
Manhattan,UPPER EAST SIDE (79-96),10 COOPS - ELEVATOR APARTMENTS,2,1499,51,D4,"40 EAST 88TH STREET, 11C",,10128.0,,,,,,1930.0,2,D4,1575000,2023-04-13,40.782005,-73.957514,108.0,4.0,1046921.0,1014990051.0,15002.0,MN0802,2023,4,True,COOPS - ELEVATOR APARTMENTS
Manhattan,UPPER EAST SIDE (79-96),10 COOPS - ELEVATOR APARTMENTS,2,1499,25,D4,"55 EAST 87TH STREET, 15E",,10128.0,,,,,,1963.0,2,D4,1816700,2023-04-13,40.781198,-73.957497,108.0,4.0,1046917.0,1014990025.0,15002.0,MN0802,2023,4,True,COOPS - ELEVATOR APARTMENTS
Manhattan,UPPER EAST SIDE (59-79),17 CONDO COOPS,2,1445,1002,R9,"300 EAST 71ST STREET, 19A",,10021.0,,,,,,1960.0,2,R9,830000,2023-04-13,40.767963,-73.958512,108.0,5.0,1044853.0,1014457501.0,12601.0,MN0801,2023,4,True,CONDO COOPS
Manhattan,UPPER EAST SIDE (59-79),17 CONDO COOPS,2,1397,1402,R9,"130 EAST 63 STREET, 6A",,10065.0,,,,,,1960.0,2,R9,1235000,2023-04-13,40.764872,-73.966713,108.0,4.0,1042069.0,1013977504.0,11402.0,MN0802,2023,4,True,CONDO COOPS
Manhattan,UPPER EAST SIDE (79-96),10 COOPS - ELEVATOR APARTMENTS,2,1511,53,D4,"140 EAST 83RD STREET, 4D",,10028.0,,,,,,1961.0,2,D4,600000,2023-04-13,40.777421,-73.956734,108.0,4.0,1047627.0,1015110053.0,140.0,MN0802,2023,4,True,COOPS - ELEVATOR APARTMENTS
Manhattan,UPPER EAST SIDE (79-96),10 COOPS - ELEVATOR APARTMENTS,2,1550,45,D4,"302 EAST 88TH STREET, 7D",,10128.0,,,,,,1957.0,2,D4,800000,2023-04-13,40.779082,-73.95058,108.0,5.0,1050058.0,1015500045.0,14602.0,MN0803,2023,4,True,COOPS - ELEVATOR APARTMENTS
Manhattan,UPPER EAST SIDE (79-96),10 COOPS - ELEVATOR APARTMENTS,2,1521,51,D4,"150 EAST 93RD STREET, 4E",,10128.0,,,,,,1923.0,2,D4,538000,2023-04-13,40.783844,-73.952144,108.0,5.0,1048364.0,1015210051.0,15801.0,MN0802,2023,4,True,COOPS - ELEVATOR APARTMENTS
Manhattan,UPPER EAST SIDE (79-96),13 CONDOS - ELEVATOR APARTMENTS,2,1545,1105,R4,"333 EAST 82ND STREET, 3B",3B,10028.0,1.0,,1.0,,,2021.0,2,R4,2275000,2023-04-13,40.774921,-73.952724,108.0,5.0,1091733.0,1015457502.0,138.0,MN0803,2023,4,True,CONDOS - ELEVATOR APARTMENTS
Manhattan,UPPER EAST SIDE (79-96),10 COOPS - ELEVATOR APARTMENTS,2,1579,23,D4,"60 EAST END AVENUE, 22A",,10028.0,,,,,,1973.0,2,D4,2200000,2023-04-13,40.772501,-73.946559,108.0,5.0,1051164.0,1015790023.0,13604.0,MN0803,2023,4,True,COOPS - ELEVATOR APARTMENTS
Manhattan,UPPER EAST SIDE (79-96),10 COOPS - ELEVATOR APARTMENTS,2,1589,23,D4,"33 EAST END AVENUE, 8BC",,10028.0,,,,,,1942.0,2,D4,1949000,2023-04-13,40.771513,-73.946903,108.0,5.0,1051378.0,1015890023.0,13601.0,MN0803,2023,4,True,COOPS - ELEVATOR APARTMENTS
Manhattan,UPPER EAST SIDE (79-96),13 CONDOS - ELEVATOR APARTMENTS,2,1519,1033,R4,"181 EAST 90TH STREET, 9C",9C,10128.0,1.0,,1.0,,,2003.0,2,R4,2925000,2023-04-13,40.781635,-73.95269,108.0,5.0,1048263.0,1015197501.0,14802.0,MN0802,2023,4,True,CONDOS - ELEVATOR APARTMENTS
Manhattan,UPPER EAST SIDE (79-96),10 COOPS - ELEVATOR APARTMENTS,2,1589,34,D4,"45 EAST END AVENUE, 2AJK",,10028.0,,,,,,1951.0,2,D4,2375000,2023-04-13,40.771938,-73.946942,108.0,5.0,1051379.0,1015890034.0,13601.0,MN0803,2023,4,True,COOPS - ELEVATOR APARTMENTS
Manhattan,UPPER EAST SIDE (79-96),13 CONDOS - ELEVATOR APARTMENTS,2,1491,1161,R4,"900 PARK AVENUE, 16A",16A,10075.0,1.0,,1.0,,,,2,R4,2200000,2023-04-13,40.776022,-73.960768,108.0,4.0,1046471.0,1014917501.0,142.0,MN0802,2023,4,True,CONDOS - ELEVATOR APARTMENTS
Manhattan,UPPER WEST SIDE (79-96),10 COOPS - ELEVATOR APARTMENTS,2,1232,57,D4,"252 WEST 85TH STREET, 4D",,10024.0,,,,,,1914.0,2,D4,1385000,2023-04-13,40.787868,-73.977582,107.0,6.0,1033123.0,1012320057.0,171.0,MN0702,2023,4,True,COOPS - ELEVATOR APARTMENTS
Manhattan,UPPER WEST SIDE (79-96),10 COOPS - ELEVATOR APARTMENTS,2,1196,29,D4,"225 CENTRAL PARK WEST, 704",,10024.0,,,,,,1926.0,2,D4,940000,2023-04-13,40.783101,-73.970946,107.0,6.0,1031181.0,1011960029.0,169.0,MN0702,2023,4,True,COOPS - ELEVATOR APARTMENTS
Manhattan,UPPER WEST SIDE (79-96),44 CONDO PARKING,4,1251,1006,RG,"190 RIVERSIDE DRIVE, COM6",COM6,10024.0,,1.0,1.0,,,,4,RG,13000000,2023-04-13,40.792682,-73.976757,107.0,6.0,1034093.0,1012517501.0,179.0,MN0702,2023,4,True,CONDO PARKING
Manhattan,UPPER WEST SIDE (79-96),13 CONDOS - ELEVATOR APARTMENTS,2,1210,1255,R4,"186 WEST 80TH STREET, 7A",7A,10024.0,1.0,,1.0,,,1920.0,2,R4,750000,2023-04-13,40.783734,-73.977623,107.0,6.0,1082723.0,1012107502.0,165.0,MN0702,2023,4,True,CONDOS - ELEVATOR APARTMENTS
Manhattan,UPPER WEST SIDE (96-116),10 COOPS - ELEVATOR APARTMENTS,2,1892,49,D4,"300 WEST 108TH STREET, 2B",,10025.0,,,,,,1924.0,2,D4,1300000,2023-04-13,40.803033,-73.967857,107.0,7.0,1057285.0,1018920049.0,195.0,MN0703,2023,4,True,COOPS - ELEVATOR APARTMENTS
Staten Island,ARDEN HEIGHTS,02 TWO FAMILY DWELLINGS,1,6013,43,B2,562 JEFFERSON BOULEVARD,,10312.0,2.0,0.0,2.0,4000.0,2398.0,2022.0,1,B2,1170988,2023-04-13,40.549393,-74.191363,503.0,51.0,5172122.0,5060130043.0,17014.0,SI0303,2023,4,True,TWO FAMILY DWELLINGS
Staten Island,BULLS HEAD,01 ONE FAMILY DWELLINGS,1,1690,65,A5,44 SUMMERFIELD PLACE,,10303.0,1.0,0.0,1.0,1551.0,1162.0,1994.0,1,A5,582403,2023-04-13,40.625202,-74.160415,501.0,49.0,5122376.0,5016900065.0,30302.0,SI0107,2023,4,True,ONE FAMILY DWELLINGS
Staten Island,ARDEN HEIGHTS,01 ONE FAMILY DWELLINGS,1,5741,50,A5,160 ILYSSA WAY,,10312.0,1.0,0.0,1.0,560.0,1553.0,1996.0,1,A5,435000,2023-04-13,40.560407,-74.183304,503.0,51.0,5126453.0,5057410050.0,17007.0,SI0303,2023,4,True,ONE FAMILY DWELLINGS
Staten Island,EMERSON HILL,01 ONE FAMILY DWELLINGS,1,838,379,A1,212 COVERLY AVENUE,,10301.0,1.0,0.0,1.0,12825.0,1753.0,1955.0,1,A1,810000,2023-04-13,40.604522,-74.097736,502.0,50.0,5021702.0,5008380379.0,17701.0,SI0203,2023,4,True,ONE FAMILY DWELLINGS
Staten Island,MARINERS HARBOR,01 ONE FAMILY DWELLINGS,1,1229,118,A5,44 JOURNEAY STREET,,10303.0,1.0,0.0,1.0,2178.0,1403.0,1991.0,1,A5,320000,2023-04-13,40.632222,-74.159359,501.0,49.0,5108028.0,5012290118.0,231.0,SI0107,2023,4,True,ONE FAMILY DWELLINGS
Staten Island,NEW DORP,01 ONE FAMILY DWELLINGS,1,3617,30,A1,251 BRYANT AVENUE,,10306.0,1.0,0.0,1.0,6000.0,1416.0,1935.0,1,A1,605000,2023-04-13,40.574611,-74.107904,502.0,50.0,5052242.0,5036170030.0,122.0,SI0202,2023,4,True,ONE FAMILY DWELLINGS
Staten Island,MARINERS HARBOR,04 TAX CLASS 1 CONDOS,1A,1222,1002,R3,"275 MAPLE PARKWAY, 122",122,10303.0,1.0,,1.0,,,1989.0,1,R3,225000,2023-04-13,40.626912,-74.15663,501.0,49.0,5119941.0,5012227501.0,231.0,SI0107,2023,4,True,TAX CLASS 1 CONDOS
Staten Island,LIVINGSTON,01 ONE FAMILY DWELLINGS,1,72,97,A5,118 TYSEN STREET,,10301.0,1.0,0.0,1.0,5226.0,1545.0,1910.0,1,A5,580000,2023-04-13,40.642599,-74.099496,501.0,49.0,5001801.0,5000720097.0,81.0,SI0101,2023,4,True,ONE FAMILY DWELLINGS
Staten Island,NEW DORP-HEIGHTS,01 ONE FAMILY DWELLINGS,1,942,108,A5,12 ALTAMONT STREET,,10306.0,1.0,0.0,1.0,2090.0,1600.0,1993.0,1,A5,622999,2023-04-13,40.577895,-74.117935,502.0,50.0,5111316.0,5009420108.0,181.0,SI0203,2023,4,True,ONE FAMILY DWELLINGS
Staten Island,RICHMONDTOWN-LIGHTHS HILL,01 ONE FAMILY DWELLINGS,1,2306,106,A3,131 MEISNER AVENUE,,10306.0,1.0,0.0,1.0,9850.0,3071.0,1950.0,1,A3,1750000,2023-04-13,40.579444,-74.13205,502.0,50.0,5037368.0,5023060106.0,279.0,SI0203,2023,4,True,ONE FAMILY DWELLINGS
Staten Island,PRINCES BAY,01 ONE FAMILY DWELLINGS,1,6724,113,A1,133 WATERBURY AVENUE,,10309.0,1.0,0.0,1.0,3990.0,1870.0,2004.0,1,A1,835888,2023-04-13,40.524682,-74.203579,503.0,51.0,5147813.0,5067240113.0,198.0,SI0304,2023,4,True,ONE FAMILY DWELLINGS
Staten Island,RICHMONDTOWN,02 TWO FAMILY DWELLINGS,1,4315,10,B2,214 BISHOP STREET,,10306.0,2.0,0.0,2.0,4160.0,1984.0,1970.0,1,B2,365000,2023-04-13,40.574378,-74.128641,503.0,50.0,5059036.0,5043150010.0,138.0,SI0301,2023,4,True,TWO FAMILY DWELLINGS
Staten Island,SOUTH BEACH,01 ONE FAMILY DWELLINGS,1,3396,43,A2,17 VULCAN STREET,,10305.0,1.0,0.0,1.0,18350.0,1000.0,1940.0,1,A2,1100000,2023-04-13,40.590662,-74.078168,502.0,50.0,5107525.0,5033960043.0,7002.0,SI0201,2023,4,True,ONE FAMILY DWELLINGS
Staten Island,SILVER LAKE,02 TWO FAMILY DWELLINGS,1,250,28,B2,36 UNIVERSITY PLACE,,10301.0,2.0,0.0,2.0,2500.0,1275.0,1935.0,1,B2,680000,2023-04-13,40.630791,-74.099428,501.0,49.0,5006759.0,5002500028.0,5901.0,SI0104,2023,4,True,TWO FAMILY DWELLINGS
Staten Island,TOTTENVILLE,05 TAX CLASS 1 VACANT LAND,1B,8017,1,V0,87 CRAIG AVENUE,,10307.0,0.0,0.0,0.0,3800.0,0.0,,1,V0,1272813,2023-04-13,40.515431,-74.2397,503.0,51.0,5000000.0,5080170001.0,248.0,SI0305,2023,4,True,TAX CLASS 1 VACANT LAND
Queens,BEECHHURST,10 COOPS - ELEVATOR APARTMENTS,2,4574,80,D4,"166-25 POWELLS COVE BLVD, 21L",,11357.0,,,,,,1956.0,2,D4,425000,2023-04-13,40.793952,-73.79719,407.0,19.0,4103995.0,4045740080.0,991.0,QN0702,2023,4,True,COOPS - ELEVATOR APARTMENTS
Queens,BAYSIDE,10 COOPS - ELEVATOR APARTMENTS,2,5878,75,D4,"209-20 18TH AVENUE, 4H",,11360.0,,,,,,1960.0,2,D4,280000,2023-04-13,40.781919,-73.783419,407.0,19.0,4443742.0,4058780075.0,99704.0,QN0703,2023,4,True,COOPS - ELEVATOR APARTMENTS
Queens,BEECHHURST,01 ONE FAMILY DWELLINGS,1,4542,37,A5,154-79 RIVERSIDE DRIVE,,11357.0,1.0,0.0,1.0,2050.0,1478.0,1960.0,1,A5,938000,2023-04-13,40.795249,-73.804175,407.0,19.0,4103183.0,4045420037.0,987.0,QN0702,2023,4,True,ONE FAMILY DWELLINGS
Queens,BELLEROSE,01 ONE FAMILY DWELLINGS,1,8572,124,A2,81-29 249TH STREET,,11426.0,1.0,0.0,1.0,4000.0,1248.0,1955.0,1,A2,800000,2023-04-13,40.7402,-73.720194,413.0,23.0,4174733.0,4085720124.0,157101.0,QN1302,2023,4,True,ONE FAMILY DWELLINGS
Queens,CAMBRIA HEIGHTS,01 ONE FAMILY DWELLINGS,1,11280,18,A5,216-06 115TH TERRACE,,11411.0,1.0,0.0,1.0,1328.0,864.0,1940.0,1,A5,540000,2023-04-13,40.700171,-73.741773,413.0,27.0,4243118.0,4112800018.0,598.0,QN1304,2023,4,True,ONE FAMILY DWELLINGS
Queens,CAMBRIA HEIGHTS,01 ONE FAMILY DWELLINGS,1,11333,6,A5,116-75 232ND STREET,,11411.0,1.0,0.0,1.0,2028.0,1088.0,1960.0,1,A5,550000,2023-04-13,40.692188,-73.729522,413.0,27.0,4244740.0,4113330006.0,622.0,QN1304,2023,4,True,ONE FAMILY DWELLINGS
Queens,COLLEGE POINT,01 ONE FAMILY DWELLINGS,1,3957,47,A1,6-16 129 STREET,,11356.0,1.0,0.0,1.0,5000.0,1903.0,1920.0,1,A1,775000,2023-04-13,40.791221,-73.838979,407.0,19.0,4096481.0,4039570047.0,939.0,QN0701,2023,4,True,ONE FAMILY DWELLINGS
Queens,EAST ELMHURST,44 CONDO PARKING,4,1700,1025,RP,"32- 60 106TH STREET, P04",P04,11369.0,,1.0,1.0,,,2017.0,4,RP,30000,2023-04-13,40.758609,-73.862971,403.0,21.0,4607313.0,4017007501.0,365.0,QN0302,2023,4,True,CONDO PARKING
Queens,EAST ELMHURST,07 RENTALS - WALKUP APARTMENTS,2A,1369,33,C3,25-48 96TH STREET,,11369.0,4.0,0.0,4.0,1800.0,2204.0,1931.0,2,C3,901706,2023-04-13,40.763032,-73.87333,403.0,21.0,4032622.0,4013690033.0,361.0,QN0302,2023,4,True,RENTALS - WALKUP APARTMENTS
Queens,FLUSHING-NORTH,01 ONE FAMILY DWELLINGS,1,4997,45,A1,34-20 149TH STREET,,11354.0,1.0,0.0,1.0,3689.0,1890.0,1925.0,1,A1,900000,2023-04-13,40.767351,-73.817383,407.0,20.0,4113107.0,4049970045.0,1159.0,QN0704,2023,4,True,ONE FAMILY DWELLINGS
Queens,FLUSHING-NORTH,10 COOPS - ELEVATOR APARTMENTS,2,5136,37,D4,"42-42 COLDEN ST, F7",,11355.0,,,,,,1962.0,2,D4,380000,2023-04-13,40.753737,-73.826317,407.0,20.0,4115875.0,4051360037.0,79702.0,QN0707,2023,4,True,COOPS - ELEVATOR APARTMENTS
Queens,FLUSHING-SOUTH,09 COOPS - WALKUP APARTMENTS,2,6542,3,C6,"152-29 JEWEL AVENUE, 168A",,11367.0,,,,,,1951.0,2,C6,368000,2023-04-13,40.731937,-73.816733,408.0,24.0,4460464.0,4065420003.0,809.0,QN0801,2023,4,True,COOPS - WALKUP APARTMENTS
Queens,FOREST HILLS,01 ONE FAMILY DWELLINGS,1,3241,53,A1,71-11 NANSEN STREET,,11375.0,1.0,0.0,1.0,2117.0,1040.0,1920.0,1,A1,899888,2023-04-13,40.711202,-73.849849,406.0,29.0,4077594.0,4032410053.0,731.0,QN0602,2023,4,True,ONE FAMILY DWELLINGS
Queens,GLEN OAKS,10 COOPS - ELEVATOR APARTMENTS,2,8489,1,D4,"271-10 GRAND CENTRAL PARKWAY, 2X",,11005.0,,,,,,1972.0,2,D4,175000,2023-04-13,40.759289,-73.713493,413.0,23.0,4456886.0,4084890001.0,155101.0,QN1301,2023,4,True,COOPS - ELEVATOR APARTMENTS
Queens,FOREST HILLS,10 COOPS - ELEVATOR APARTMENTS,2,2268,13,D4,"77-14 113TH STREET, 6-N",,11375.0,,,,,,1940.0,2,D4,358343,2023-04-13,40.716527,-73.832403,406.0,29.0,4052804.0,4022680013.0,75701.0,QN0602,2023,4,True,COOPS - ELEVATOR APARTMENTS
Queens,FRESH MEADOWS,01 ONE FAMILY DWELLINGS,1,7187,85,A5,75-39 UTOPIA PARKWAY,,11366.0,1.0,0.0,1.0,1440.0,1296.0,1950.0,1,A5,700000,2023-04-13,40.727578,-73.792471,408.0,24.0,4154598.0,4071870085.0,1339.0,QN0803,2023,4,True,ONE FAMILY DWELLINGS
Queens,GLEN OAKS,09 COOPS - WALKUP APARTMENTS,2,8442,1,C6,"72-15 LITTLE NECK PKWY, GV112",,11004.0,,,,,,1948.0,2,C6,370000,2023-04-13,40.750169,-73.7203,413.0,23.0,4459022.0,4084420001.0,155103.0,QN1301,2023,4,True,COOPS - WALKUP APARTMENTS
Queens,JACKSON HEIGHTS,01 ONE FAMILY DWELLINGS,1,1467,66,A5,35-05 93RD STREET,,11372.0,1.0,0.0,1.0,900.0,1636.0,1945.0,1,A5,810000,2023-04-13,40.752551,-73.874386,403.0,25.0,4036160.0,4014670066.0,27301.0,QN0301,2023,4,True,ONE FAMILY DWELLINGS
Queens,JACKSON HEIGHTS,01 ONE FAMILY DWELLINGS,1,1359,47,A5,25-35 85TH STREET,,11370.0,1.0,0.0,1.0,2000.0,1360.0,1940.0,1,A5,790000,2023-04-13,40.763062,-73.883878,403.0,22.0,4032215.0,4013590047.0,329.0,QN0302,2023,4,True,ONE FAMILY DWELLINGS
Queens,JACKSON HEIGHTS,10 COOPS - ELEVATOR APARTMENTS,2,1470,12,D4,"37-20 83RD STREET, 5F",,11372.0,,,,,,1928.0,2,D4,281960,2023-04-13,40.749513,-73.883331,403.0,25.0,4449513.0,4014700012.0,283.0,QN0301,2023,4,True,COOPS - ELEVATOR APARTMENTS
Queens,JAMAICA ESTATES,04 TAX CLASS 1 CONDOS,1A,9882,1039,R3,"172-27 HIGHLAND AVENUE, 1H",1H,11432.0,1.0,,1.0,,,1989.0,1,R3,510000,2023-04-13,40.713296,-73.790369,408.0,24.0,4447707.0,4098827501.0,464.0,QN0804,2023,4,True,TAX CLASS 1 CONDOS
Queens,LITTLE NECK,09 COOPS - WALKUP APARTMENTS,2,8374,56,C6,"252-34 63RD AVENUE, 1356",,11362.0,,,,,,1952.0,2,C6,393000,2023-04-13,40.756403,-73.725266,411.0,23.0,4456334.0,4083740056.0,152902.0,QN1103,2023,4,True,COOPS - WALKUP APARTMENTS
Queens,MASPETH,03 THREE FAMILY DWELLINGS,1,2397,64,C0,66-44 JAY AVENUE,,11378.0,3.0,0.0,3.0,2500.0,3201.0,1915.0,1,C0,1360000,2023-04-13,40.728104,-73.897534,405.0,30.0,4055444.0,4023970064.0,511.0,QN0501,2023,4,True,THREE FAMILY DWELLINGS
Queens,MIDDLE VILLAGE,04 TAX CLASS 1 CONDOS,1A,3048,1009,R3,"66-17 69TH STREET, 2A",2A,11379.0,1.0,,1.0,,,,1,R3,545000,2023-04-13,40.714187,-73.887025,405.0,30.0,4071109.0,4030487501.0,659.0,QN0504,2023,4,True,TAX CLASS 1 CONDOS
Queens,MIDDLE VILLAGE,02 TWO FAMILY DWELLINGS,1,2828,15,B2,59-08 69TH PLACE,,11378.0,2.0,0.0,2.0,1328.0,1776.0,1920.0,1,B2,898000,2023-04-13,40.723658,-73.892482,405.0,30.0,4063547.0,4028280015.0,66701.0,QN0501,2023,4,True,TWO FAMILY DWELLINGS
Queens,QUEENS VILLAGE,01 ONE FAMILY DWELLINGS,1,11133,78,A5,114-29 COLFAX STREET,,11411.0,1.0,0.0,1.0,2600.0,1360.0,1940.0,1,A5,375000,2023-04-13,40.702295,-73.742717,413.0,27.0,4240027.0,4111330078.0,53401.0,QN1304,2023,4,True,ONE FAMILY DWELLINGS
Queens,OAKLAND GARDENS,09 COOPS - WALKUP APARTMENTS,2,7844,2,C6,"226-43 UNION TURNPIKE, B",,11364.0,,,,,,1950.0,2,C6,298000,2023-04-13,40.736352,-73.743928,411.0,23.0,4453331.0,4078440002.0,129104.0,QN1104,2023,4,True,COOPS - WALKUP APARTMENTS
Queens,QUEENS VILLAGE,01 ONE FAMILY DWELLINGS,1,10713,10,A2,91-26 221ST STREET,,11428.0,1.0,0.0,1.0,5000.0,1227.0,1950.0,1,A2,845000,2023-04-13,40.726142,-73.738346,413.0,23.0,4229530.0,4107130010.0,560.0,QN1303,2023,4,True,ONE FAMILY DWELLINGS
Queens,RICHMOND HILL,02 TWO FAMILY DWELLINGS,1,9381,82,B3,94-11 102ND STREET,,11416.0,2.0,0.0,2.0,1900.0,1336.0,1920.0,1,B3,455000,2023-04-13,40.689096,-73.842395,409.0,29.0,4197029.0,4093810082.0,114.0,QN0904,2023,4,True,TWO FAMILY DWELLINGS
Queens,RICHMOND HILL,02 TWO FAMILY DWELLINGS,1,9327,68,B3,87-67 117TH STREET,,11418.0,2.0,0.0,2.0,5060.0,2345.0,1901.0,1,B3,760000,2023-04-13,40.69898,-73.832339,409.0,29.0,4195899.0,4093270068.0,122.0,QN0902,2023,4,True,TWO FAMILY DWELLINGS
Queens,RICHMOND HILL,02 TWO FAMILY DWELLINGS,1,9417,70,B2,95-47 115TH STREET,,11419.0,2.0,0.0,2.0,1840.0,1740.0,1920.0,1,B2,619049,2023-04-13,40.691055,-73.830328,409.0,29.0,4198290.0,4094170070.0,120.0,QN0903,2023,4,True,TWO FAMILY DWELLINGS
Queens,SOUTH JAMAICA,02 TWO FAMILY DWELLINGS,1,12159,52,B2,155-04 110TH AVENUE,,11433.0,2.0,0.0,2.0,2080.0,1042.0,2005.0,1,B2,585000,2023-04-13,40.69092,-73.794633,412.0,28.0,4530443.0,4121590052.0,262.0,QN1202,2023,4,True,TWO FAMILY DWELLINGS
Queens,SPRINGFIELD GARDENS,01 ONE FAMILY DWELLINGS,1,12726,13,A2,191-19 WILLIAMSON AVENUE,,11413.0,1.0,0.0,1.0,3280.0,990.0,1950.0,1,A2,645000,2023-04-13,40.683805,-73.753735,412.0,27.0,4274089.0,4127260013.0,352.0,QN1205,2023,4,True,ONE FAMILY DWELLINGS
Queens,WOODSIDE,14 RENTALS - 4-10 UNIT,2A,1207,19,S4,38-33 WOODSIDE AVENUE,,11377.0,4.0,1.0,5.0,3150.0,4000.0,1985.0,2,S4,1200000,2023-04-13,40.749614,-73.909739,402.0,26.0,4027571.0,4012070019.0,255.0,QN0203,2023,4,True,RENTALS - 4-10 UNIT
Bronx,BAYCHESTER,02 TWO FAMILY DWELLINGS,1,4725,32,B1,1470 NEEDHAM AVE,,10469.0,2.0,0.0,2.0,2375.0,2106.0,1955.0,1,B1,640000,2023-04-14,40.879598,-73.849111,212.0,12.0,2060309.0,2047250032.0,386.0,BX1202,2023,4,True,TWO FAMILY DWELLINGS
Bronx,BAYCHESTER,03 THREE FAMILY DWELLINGS,1,4897,172,C0,1248 EAST 223 STREET,,10466.0,3.0,0.0,3.0,2500.0,2390.0,2007.0,1,C0,925000,2023-04-14,40.881007,-73.845672,212.0,12.0,2115116.0,2048970172.0,386.0,BX1202,2023,4,True,THREE FAMILY DWELLINGS
Bronx,FIELDSTON,10 COOPS - ELEVATOR APARTMENTS,2,5836,3250,D4,"5235 POST ROAD, 1K",,10471.0,,,,,,1964.0,2,D4,244000,2023-04-14,40.898333,-73.898479,208.0,11.0,2084624.0,2058363250.0,351.0,BX0803,2023,4,True,COOPS - ELEVATOR APARTMENTS
Bronx,COUNTRY CLUB,02 TWO FAMILY DWELLINGS,1,5472,46,B1,832 THROGS NECK EXPWY SR,,10465.0,2.0,0.0,2.0,2500.0,1836.0,1970.0,1,B1,783000,2023-04-14,40.830854,-73.81946,210.0,13.0,2077999.0,2054720046.0,160.0,BX1002,2023,4,True,TWO FAMILY DWELLINGS
Bronx,PARKCHESTER,13 CONDOS - ELEVATOR APARTMENTS,2,3938,3531,R4,"2033 MCGRAW AVE, 6F",6F,10462.0,1.0,,1.0,,,,2,R4,180000,2023-04-14,40.835126,-73.857722,209.0,18.0,2096661.0,2039387501.0,212.0,BX0904,2023,4,True,CONDOS - ELEVATOR APARTMENTS
Bronx,MORRIS PARK/VAN NEST,02 TWO FAMILY DWELLINGS,1,4100,18,B1,1641 LURTING AVENUE,,10461.0,2.0,0.0,2.0,2500.0,2268.0,1905.0,1,B1,835000,2023-04-14,40.846825,-73.852022,211.0,13.0,2044705.0,2041000018.0,254.0,BX1102,2023,4,True,TWO FAMILY DWELLINGS
Bronx,PELHAM PARKWAY NORTH,02 TWO FAMILY DWELLINGS,1,4463,5,B1,1237 MACE AVENUE,,10469.0,2.0,0.0,2.0,3150.0,1584.0,1955.0,1,B1,887000,2023-04-14,40.862922,-73.851607,211.0,13.0,2052308.0,2044630005.0,318.0,BX1103,2023,4,True,TWO FAMILY DWELLINGS
Bronx,SOUNDVIEW,02 TWO FAMILY DWELLINGS,1,3749,80,B9,1713 WATSON AVENUE,,10472.0,2.0,0.0,2.0,2400.0,2860.0,1955.0,1,B9,450000,2023-04-14,40.827251,-73.869573,209.0,18.0,2024172.0,2037490080.0,68.0,BX0901,2023,4,True,TWO FAMILY DWELLINGS
Bronx,WAKEFIELD,02 TWO FAMILY DWELLINGS,1,5007,43,B2,4221 GUNTHER AVENUE,,10466.0,2.0,0.0,2.0,2324.0,1860.0,1925.0,1,B2,480000,2023-04-14,40.894643,-73.850075,212.0,11.0,2068551.0,2050070043.0,430.0,BX1203,2023,4,True,TWO FAMILY DWELLINGS
Brooklyn,BEDFORD STUYVESANT,02 TWO FAMILY DWELLINGS,1,1652,65,B3,741 JEFFERSON AVENUE,,11221.0,2.0,0.0,2.0,1942.0,2757.0,1899.0,1,B3,625000,2023-04-14,40.685784,-73.928384,303.0,36.0,3045581.0,3016520065.0,385.0,BK0302,2023,4,True,TWO FAMILY DWELLINGS
Brooklyn,BEDFORD STUYVESANT,07 RENTALS - WALKUP APARTMENTS,2A,1843,10,C3,1 ARLINGTON PLACE,,11216.0,4.0,0.0,4.0,1600.0,2880.0,1900.0,2,C3,2900000,2023-04-14,40.681525,-73.95129,303.0,36.0,3053000.0,3018430010.0,245.0,BK0301,2023,4,True,RENTALS - WALKUP APARTMENTS
Brooklyn,BENSONHURST,10 COOPS - ELEVATOR APARTMENTS,2,6329,67,D4,"2021 84TH STREET, 3C",,11214.0,,,,,,1963.0,2,D4,390000,2023-04-14,40.605384,-73.996391,311.0,43.0,3165243.0,3063290067.0,288.0,BK1101,2023,4,True,COOPS - ELEVATOR APARTMENTS
Brooklyn,BENSONHURST,03 THREE FAMILY DWELLINGS,1,5554,54,C0,1845 66TH STREET,,11204.0,3.0,0.0,3.0,2500.0,2640.0,1930.0,1,C0,1630000,2023-04-14,40.617938,-73.98981,311.0,43.0,3133920.0,3055540054.0,252.0,BK1101,2023,4,True,THREE FAMILY DWELLINGS
Brooklyn,BERGEN BEACH,04 TAX CLASS 1 CONDOS,1A,8374,1254,R3,"24 COVE LANE, 10A",10A,11234.0,1.0,,1.0,,,1997.0,1,R3,704000,2023-04-14,40.624912,-73.908478,318.0,46.0,3343153.0,3083747503.0,69602.0,BK1802,2023,4,True,TAX CLASS 1 CONDOS
Brooklyn,BOERUM HILL,15 CONDOS - 2-10 UNIT RESIDENTIAL,2C,177,1106,R1,"367 ATLANTIC AVENUE, 3672",3672,11217.0,1.0,,1.0,,,1899.0,2,R1,1402130,2023-04-14,40.687428,-73.986085,302.0,33.0,3000689.0,3001777502.0,41.0,BK0202,2023,4,True,CONDOS - 2-10 UNIT RESIDENTIAL
Brooklyn,BENSONHURST,10 COOPS - ELEVATOR APARTMENTS,2,6329,67,D4,"2021 84TH STREET, 5C",,11214.0,,,,,,1963.0,2,D4,400000,2023-04-14,40.605384,-73.996391,311.0,43.0,3165243.0,3063290067.0,288.0,BK1101,2023,4,True,COOPS - ELEVATOR APARTMENTS
Brooklyn,BOERUM HILL,13 CONDOS - ELEVATOR APARTMENTS,2,186,1324,R4,"533 PACIFIC STREET, 6A",6A,11217.0,1.0,,1.0,,,2021.0,2,R4,2425000,2023-04-14,40.684298,-73.980104,302.0,33.0,3000000.0,3001860058.0,39.0,BK0202,2023,4,True,CONDOS - ELEVATOR APARTMENTS
Brooklyn,BOROUGH PARK,02 TWO FAMILY DWELLINGS,1,5715,52,B2,915 61 ST,,11219.0,2.0,0.0,2.0,2000.0,1760.0,1925.0,1,B2,1260000,2023-04-14,40.633301,-74.007476,312.0,43.0,3141186.0,3057150052.0,118.0,BK0703,2023,4,True,TWO FAMILY DWELLINGS
Brooklyn,BOROUGH PARK,03 THREE FAMILY DWELLINGS,1,5495,36,C0,5403 19TH AVENUE,,11204.0,3.0,0.0,3.0,2112.0,2607.0,1935.0,1,C0,1860000,2023-04-14,40.623973,-73.981675,312.0,44.0,3130975.0,3054950036.0,468.0,BK1204,2023,4,True,THREE FAMILY DWELLINGS
Brooklyn,BOROUGH PARK,15 CONDOS - 2-10 UNIT RESIDENTIAL,2C,5550,1002,R1,"6422 BAY PARKWAY, 3B",3B,11204.0,1.0,,1.0,,,2006.0,2,R1,530000,2023-04-14,40.614267,-73.981008,311.0,43.0,3395394.0,3055507502.0,254.0,BK1101,2023,4,True,CONDOS - 2-10 UNIT RESIDENTIAL
Brooklyn,BROWNSVILLE,01 ONE FAMILY DWELLINGS,1,3596,38,S1,72 RIVERDALE AVENUE,,11212.0,1.0,1.0,2.0,1000.0,1880.0,1930.0,1,S1,675000,2023-04-14,40.660152,-73.914272,316.0,41.0,3082233.0,3035960038.0,894.0,BK1602,2023,4,True,ONE FAMILY DWELLINGS
Brooklyn,BUSHWICK,02 TWO FAMILY DWELLINGS,1,3429,46,B2,1217 DECATUR ST,,11207.0,2.0,0.0,2.0,1800.0,9720.0,1915.0,1,B2,1635000,2023-04-14,40.689274,-73.907066,304.0,37.0,3079512.0,3034290046.0,411.0,BK0402,2023,4,True,TWO FAMILY DWELLINGS
Brooklyn,BUSHWICK,03 THREE FAMILY DWELLINGS,1,3321,37,C0,43 LINDEN STREET,,11221.0,3.0,0.0,3.0,1387.0,2394.0,1915.0,1,C0,681111,2023-04-14,40.690923,-73.921848,304.0,37.0,3076043.0,3033210037.0,397.0,BK0402,2023,4,True,THREE FAMILY DWELLINGS
Brooklyn,BUSHWICK,02 TWO FAMILY DWELLINGS,1,3422,61,B2,117 SCHAEFER STREET,,11207.0,2.0,0.0,2.0,2500.0,1828.0,1920.0,1,B2,775000,2023-04-14,40.687818,-73.909668,304.0,37.0,3326318.0,3034220061.0,413.0,BK0402,2023,4,True,TWO FAMILY DWELLINGS
Brooklyn,CANARSIE,02 TWO FAMILY DWELLINGS,1,8080,26,B1,1335 EAST 89TH STREET,,11236.0,2.0,0.0,2.0,2083.0,2829.0,1960.0,1,B1,650000,2023-04-14,40.632551,-73.898725,318.0,46.0,3227598.0,3080800026.0,1008.0,BK1803,2023,4,True,TWO FAMILY DWELLINGS
Brooklyn,CANARSIE,02 TWO FAMILY DWELLINGS,1,8272,8,B2,1261 EAST 105 STREET,,11236.0,2.0,0.0,2.0,5000.0,2330.0,1970.0,1,B2,900000,2023-04-14,40.641456,-73.887902,318.0,46.0,3233278.0,3082720008.0,1016.0,BK1803,2023,4,True,TWO FAMILY DWELLINGS
Brooklyn,CARROLL GARDENS,02 TWO FAMILY DWELLINGS,1,428,35,S2,288 SMITH STREET,,11231.0,2.0,1.0,3.0,1620.0,2280.0,1900.0,1,S2,2500000,2023-04-14,40.682035,-73.993658,306.0,39.0,3007029.0,3004280035.0,75.0,BK0601,2023,4,True,TWO FAMILY DWELLINGS
Brooklyn,CLINTON HILL,13 CONDOS - ELEVATOR APARTMENTS,2,2010,1318,R4,"532 CLINTON AVENUE, 5A",5A,11238.0,1.0,,1.0,,,2020.0,2,R4,2163871,2023-04-14,40.682403,-73.966689,302.0,35.0,3057546.0,3020100053.0,199.0,BK0204,2023,4,True,CONDOS - ELEVATOR APARTMENTS
Brooklyn,CONEY ISLAND,10 COOPS - ELEVATOR APARTMENTS,2,7274,1,D4,"458 NEPTUNE AVE, 11S",,11224.0,,,,,,1964.0,2,D4,335000,2023-04-14,40.579782,-73.970866,313.0,48.0,3196580.0,3072740001.0,35602.0,BK1302,2023,4,True,COOPS - ELEVATOR APARTMENTS
Brooklyn,CROWN HEIGHTS,12 CONDOS - WALKUP APARTMENTS,2,1190,1179,R2,"111 MONTGOMERY STREET, 6E",6E,11225.0,1.0,,1.0,,,2018.0,2,R2,1050000,2023-04-14,40.666575,-73.961012,309.0,35.0,3427012.0,3011907502.0,213.0,BK0901,2023,4,True,CONDOS - WALKUP APARTMENTS
Brooklyn,DYKER HEIGHTS,02 TWO FAMILY DWELLINGS,1,6307,58,B1,1153 84TH STREET,,11228.0,2.0,0.0,2.0,2500.0,1767.0,1940.0,1,B1,1430000,2023-04-14,40.617199,-74.015957,310.0,50.0,3164287.0,3063070058.0,166.0,BK1002,2023,4,True,TWO FAMILY DWELLINGS
Brooklyn,EAST NEW YORK,02 TWO FAMILY DWELLINGS,1,4282,12,B1,599 PINE STREET,,11208.0,2.0,0.0,2.0,2000.0,2100.0,1930.0,1,B1,699999,2023-04-14,40.67062,-73.869763,305.0,42.0,3096029.0,3042820012.0,120801.0,BK0505,2023,4,True,TWO FAMILY DWELLINGS
Brooklyn,FLATBUSH-CENTRAL,03 THREE FAMILY DWELLINGS,1,5192,53,C0,377 EAST 26TH STREET,,11226.0,3.0,0.0,3.0,2000.0,3480.0,1930.0,1,C0,930000,2023-04-14,40.641336,-73.952433,317.0,45.0,3119880.0,3051920053.0,79002.0,BK1701,2023,4,True,THREE FAMILY DWELLINGS
Brooklyn,FLATBUSH-CENTRAL,02 TWO FAMILY DWELLINGS,1,5129,44,B2,929 ROGERS AVENUE,,11226.0,2.0,0.0,2.0,2363.0,1440.0,1899.0,1,B2,595000,2023-04-14,40.647559,-73.952126,317.0,40.0,3117826.0,3051290044.0,824.0,BK1701,2023,4,True,TWO FAMILY DWELLINGS
Brooklyn,FLATBUSH-CENTRAL,02 TWO FAMILY DWELLINGS,1,5187,48,B3,2221 VANDERVEER PLACE,,11226.0,2.0,0.0,2.0,1800.0,1568.0,1901.0,1,B3,640000,2023-04-14,40.642,-73.956584,314.0,45.0,3119627.0,3051870048.0,79001.0,BK1401,2023,4,True,TWO FAMILY DWELLINGS
Brooklyn,FLATBUSH-CENTRAL,01 ONE FAMILY DWELLINGS,1,5223,64,A1,534 EAST 24TH STREET,,11210.0,1.0,0.0,1.0,5000.0,2578.0,1901.0,1,A1,1500000,2023-04-14,40.636589,-73.954566,314.0,45.0,3120694.0,3052230064.0,770.0,BK1401,2023,4,True,ONE FAMILY DWELLINGS
Brooklyn,FLATBUSH-EAST,30 WAREHOUSES,4,7932,256,E7,5601 FOSTER AVENUE,,11234.0,0.0,1.0,1.0,42000.0,72000.0,1990.0,4,E7,24798525,2023-04-14,40.637999,-73.922951,318.0,45.0,3319862.0,3079320256.0,94401.0,BK1801,2023,4,True,WAREHOUSES
Brooklyn,FLATBUSH-EAST,22 STORE BUILDINGS,4,7932,325,K1,5913 FOSTER AVENUE,,11234.0,0.0,2.0,2.0,4000.0,4000.0,1957.0,4,K1,1600000,2023-04-14,40.639773,-73.920204,318.0,45.0,3222216.0,3079320325.0,94401.0,BK1801,2023,4,True,STORE BUILDINGS
Brooklyn,FLATBUSH-EAST,30 WAREHOUSES,4,7932,364,E7,5633 FOSTER AVENUE,,11234.0,0.0,1.0,1.0,6000.0,12000.0,2019.0,4,E7,24798525,2023-04-14,40.638397,-73.922324,318.0,45.0,3406460.0,3079320364.0,94401.0,BK1801,2023,4,True,WAREHOUSES
Brooklyn,FLATBUSH-EAST,29 COMMERCIAL GARAGES,4,7932,320,G2,1500 RALPH AVENUE,,11236.0,0.0,3.0,3.0,13750.0,8195.0,1960.0,4,G2,2550000,2023-04-14,40.640399,-73.919489,318.0,45.0,3222215.0,3079320320.0,94401.0,BK1801,2023,4,True,COMMERCIAL GARAGES
Brooklyn,FLATBUSH-NORTH,13 CONDOS - ELEVATOR APARTMENTS,2,4837,1223,R4,"323 LENOX ROAD, 4F",4F,11226.0,1.0,,1.0,,,2022.0,2,R4,741707,2023-04-14,40.654244,-73.948647,317.0,40.0,3107782.0,3048377503.0,818.0,BK1701,2023,4,True,CONDOS - ELEVATOR APARTMENTS
Brooklyn,GERRITSEN BEACH,01 ONE FAMILY DWELLINGS,1,8955,94,A1,114 ASTER COURT,,11229.0,1.0,0.0,1.0,1785.0,1671.0,1925.0,1,A1,705000,2023-04-14,40.596354,-73.92983,315.0,46.0,3250237.0,3089550094.0,628.0,BK1503,2023,4,True,ONE FAMILY DWELLINGS
Brooklyn,GERRITSEN BEACH,01 ONE FAMILY DWELLINGS,1,8955,232,A1,120 DICTUM COURT,,11229.0,1.0,0.0,1.0,3570.0,1327.0,1925.0,1,A1,498750,2023-04-14,40.595787,-73.931109,315.0,46.0,3250289.0,3089550232.0,628.0,BK1503,2023,4,True,ONE FAMILY DWELLINGS
Brooklyn,GREENPOINT,15 CONDOS - 2-10 UNIT RESIDENTIAL,2C,2833,1706,R1,"88 HERBERT STREET, 4F",4F,11222.0,1.0,,1.0,,,2021.0,2,R1,702000,2023-04-14,40.720381,-73.941518,301.0,34.0,3429003.0,3028337507.0,477.0,BK0104,2023,4,True,CONDOS - 2-10 UNIT RESIDENTIAL
Brooklyn,GREENPOINT,02 TWO FAMILY DWELLINGS,1,2705,31,B9,179 KINGSLAND AVENUE,,11222.0,2.0,0.0,2.0,2000.0,1880.0,1910.0,1,B9,2650000,2023-04-14,40.722763,-73.941184,301.0,33.0,3067761.0,3027050031.0,591.0,BK0101,2023,4,True,TWO FAMILY DWELLINGS
Brooklyn,MARINE PARK,02 TWO FAMILY DWELLINGS,1,7673,4,B1,1408 EAST 38TH STREET,,11234.0,2.0,0.0,2.0,3906.0,1938.0,1950.0,1,B1,780000,2023-04-14,40.61997,-73.937885,318.0,45.0,3210637.0,3076730004.0,746.0,BK1801,2023,4,True,TWO FAMILY DWELLINGS
Brooklyn,BOROUGH PARK,01 ONE FAMILY DWELLINGS,1,5513,44,S1,5916 20TH AVENUE,,11204.0,1.0,1.0,2.0,2000.0,2480.0,1931.0,1,S1,1680000,2023-05-05,40.619815,-73.98245,312.0,44.0,3131902.0,3055130044.0,244.0,BK1204,2023,5,True,ONE FAMILY DWELLINGS
Brooklyn,BOROUGH PARK,02 TWO FAMILY DWELLINGS,1,5528,7,S2,6107 20TH AVENUE,,11204.0,2.0,1.0,3.0,2000.0,2310.0,1920.0,1,S2,980000,2023-05-05,40.618687,-73.983593,311.0,43.0,3132598.0,3055280007.0,246.0,BK1204,2023,5,True,TWO FAMILY DWELLINGS
Brooklyn,BOROUGH PARK,13 CONDOS - ELEVATOR APARTMENTS,2,5516,2205,R4,"1555 61 STREET, 3R",3R,11219.0,1.0,,1.0,,,2016.0,2,R4,1205000,2023-05-05,40.624781,-73.993368,312.0,44.0,3427076.0,3055167513.0,242.0,BK1202,2023,5,True,CONDOS - ELEVATOR APARTMENTS
Brooklyn,BRIGHTON BEACH,13 CONDOS - ELEVATOR APARTMENTS,2,8720,1426,R4,"60 OCEANA DRIVE WEST, 1A",1A,11235.0,1.0,,1.0,,,,2,R4,775000,2023-05-05,40.577017,-73.958786,313.0,48.0,3347773.0,3087207503.0,61002.0,BK1303,2023,5,True,CONDOS - ELEVATOR APARTMENTS
Brooklyn,BROOKLYN HEIGHTS,01 ONE FAMILY DWELLINGS,1,262,15,A4,33 GARDEN PLACE,,11201.0,1.0,0.0,1.0,2225.0,5625.0,1901.0,1,A4,9200000,2023-05-05,40.692407,-73.996343,302.0,33.0,3002418.0,3002620015.0,7.0,BK0201,2023,5,True,ONE FAMILY DWELLINGS
Brooklyn,CANARSIE,03 THREE FAMILY DWELLINGS,1,7988,13,C0,669 EAST 83RD STREET,,11236.0,3.0,0.0,3.0,4000.0,3630.0,1935.0,1,C0,1025000,2023-05-05,40.638802,-73.91315,318.0,46.0,3223823.0,3079880013.0,954.0,BK1803,2023,5,True,THREE FAMILY DWELLINGS
Brooklyn,CLINTON HILL,02 TWO FAMILY DWELLINGS,1,1978,8,B3,473 WAVERLY AVENUE,,11238.0,2.0,0.0,2.0,1513.0,2860.0,1901.0,1,B3,3795000,2023-05-05,40.683916,-73.965981,302.0,35.0,3056636.0,3019780008.0,199.0,BK0204,2023,5,True,TWO FAMILY DWELLINGS
Brooklyn,CROWN HEIGHTS,02 TWO FAMILY DWELLINGS,1,1394,13,B3,892 EASTERN PARKWAY,,11213.0,2.0,0.0,2.0,2412.0,3728.0,1901.0,1,B3,1900000,2023-05-05,40.669195,-73.938578,309.0,35.0,3037458.0,3013940013.0,33702.0,BK0901,2023,5,True,TWO FAMILY DWELLINGS
Brooklyn,CONEY ISLAND,02 TWO FAMILY DWELLINGS,1,7019,89,B1,2805 WEST 20TH STREET,,11224.0,2.0,0.0,2.0,1000.0,1520.0,1920.0,1,B1,499750,2023-05-05,40.578289,-73.987249,313.0,47.0,3189028.0,3070190089.0,326.0,BK1302,2023,5,True,TWO FAMILY DWELLINGS
Brooklyn,CROWN HEIGHTS,15 CONDOS - 2-10 UNIT RESIDENTIAL,2C,1219,1202,R1,"668 NOSTRAND AVENUE, 2F",2F,11216.0,1.0,,1.0,,,2019.0,2,R1,579384,2023-05-05,40.675626,-73.949972,308.0,36.0,3030669.0,3012197503.0,315.0,BK0802,2023,5,True,CONDOS - 2-10 UNIT RESIDENTIAL
Brooklyn,DYKER HEIGHTS,14 RENTALS - 4-10 UNIT,2A,5879,1,S9,6923 FT HAMILTON PARKWAY,,11228.0,2.0,2.0,4.0,1800.0,4614.0,1931.0,2,S9,1524000,2023-05-05,40.62853,-74.012353,310.0,38.0,3145948.0,3058790001.0,208.0,BK1002,2023,5,True,RENTALS - 4-10 UNIT
Brooklyn,DYKER HEIGHTS,01 ONE FAMILY DWELLINGS,1,5983,67,A9,953 80TH STREET,,11228.0,1.0,0.0,1.0,2500.0,1422.0,1920.0,1,A9,1200000,2023-05-05,40.622148,-74.01813,310.0,38.0,3151086.0,3059830067.0,140.0,BK1002,2023,5,True,ONE FAMILY DWELLINGS
Brooklyn,EAST NEW YORK,07 RENTALS - WALKUP APARTMENTS,2A,4055,23,C3,1102 SUTTER AVENUE,,11208.0,4.0,0.0,4.0,1800.0,2000.0,1901.0,2,C3,945000,2023-05-05,40.671927,-73.877836,305.0,42.0,3089908.0,3040550023.0,1194.0,BK0502,2023,5,True,RENTALS - WALKUP APARTMENTS
Brooklyn,FLATBUSH-CENTRAL,02 TWO FAMILY DWELLINGS,1,5226,28,S2,1376 FLATBUSH AVENUE,,11210.0,2.0,1.0,3.0,1600.0,3300.0,1933.0,1,S2,825000,2023-05-05,40.6367,-73.95177,314.0,45.0,3120843.0,3052260028.0,770.0,BK1401,2023,5,True,TWO FAMILY DWELLINGS
Brooklyn,FLATBUSH-CENTRAL,01 ONE FAMILY DWELLINGS,1,5244,40,A1,609 EAST 23RD STREET,,11210.0,1.0,0.0,1.0,5000.0,2632.0,1920.0,1,A1,1650000,2023-05-05,40.635115,-73.955212,314.0,45.0,3253160.0,3052440040.0,772.0,BK1401,2023,5,True,ONE FAMILY DWELLINGS
Brooklyn,FLATBUSH-EAST,10 COOPS - ELEVATOR APARTMENTS,2,7579,29,D4,"3320 AVENUE H, 6F",,11210.0,,,,,,1950.0,2,D4,318000,2023-05-05,40.631847,-73.944344,317.0,45.0,3413638.0,3075790029.0,776.0,BK1801,2023,5,True,COOPS - ELEVATOR APARTMENTS
Brooklyn,FLATBUSH-EAST,02 TWO FAMILY DWELLINGS,1,5000,24,B1,742 EAST 37TH STREET,,11210.0,2.0,0.0,2.0,1600.0,1824.0,1940.0,1,B1,685000,2023-05-05,40.638567,-73.941492,317.0,45.0,3113911.0,3050000024.0,782.0,BK1702,2023,5,True,TWO FAMILY DWELLINGS
Brooklyn,FLATBUSH-EAST,03 THREE FAMILY DWELLINGS,1,4990,78,C0,671 EAST 43RD STREET,,11203.0,3.0,0.0,3.0,1733.0,2193.0,1935.0,1,C0,845000,2023-05-05,40.638575,-73.93576,317.0,45.0,3113550.0,3049900078.0,836.0,BK1702,2023,5,True,THREE FAMILY DWELLINGS
Brooklyn,FORT GREENE,13 CONDOS - ELEVATOR APARTMENTS,2,2111,1017,R4,"1 HANSON PLACE, 10A",10A,11217.0,1.0,,1.0,,,,2,R4,850000,2023-05-05,40.685107,-73.977732,302.0,35.0,3059183.0,3021117501.0,35.0,BK0203,2023,5,True,CONDOS - ELEVATOR APARTMENTS
Brooklyn,FLATBUSH-LEFFERTS GARDEN,02 TWO FAMILY DWELLINGS,1,5047,65,B3,251 WINTHROP ST,,11225.0,2.0,0.0,2.0,2014.0,2037.0,1905.0,1,B3,1999999,2023-05-05,40.657009,-73.951766,309.0,40.0,3115777.0,3050470065.0,802.0,BK0902,2023,5,True,TWO FAMILY DWELLINGS
Brooklyn,GRAVESEND,44 CONDO PARKING,4,6653,1012,RG,"355 KINGS HIGHWAY, PS12",PS12,11223.0,,1.0,1.0,,,2003.0,4,RG,1118000,2023-05-05,40.604764,-73.976959,311.0,44.0,3388769.0,3066537501.0,424.0,BK1103,2023,5,True,CONDO PARKING
Brooklyn,GRAVESEND,13 CONDOS - ELEVATOR APARTMENTS,2,6678,1338,R4,"398 KINGS HIGHWAY, 601",601,11223.0,1.0,,1.0,,,2019.0,2,R4,471510,2023-05-05,40.604555,-73.975522,311.0,44.0,3000000.0,3066787504.0,412.0,BK1103,2023,5,True,CONDOS - ELEVATOR APARTMENTS
Brooklyn,MIDWOOD,13 CONDOS - ELEVATOR APARTMENTS,2,6766,1362,R4,"1587 EAST 19TH STREET, 6H",6H,11230.0,1.0,,1.0,,,2015.0,2,R4,555000,2023-05-05,40.61157,-73.954929,314.0,48.0,3413772.0,3067667504.0,546.0,BK1403,2023,5,True,CONDOS - ELEVATOR APARTMENTS
Brooklyn,OCEAN HILL,03 THREE FAMILY DWELLINGS,1,1452,20,C0,1890 BERGEN STREET,,11233.0,3.0,0.0,3.0,2420.0,2700.0,1901.0,1,C0,999000,2023-05-05,40.674378,-73.918544,316.0,41.0,3039032.0,3014520020.0,303.0,BK1601,2023,5,True,THREE FAMILY DWELLINGS
Brooklyn,OCEAN PARKWAY-NORTH,10 COOPS - ELEVATOR APARTMENTS,2,6612,52,D4,"1608 OCEAN PARKWAY, 5C",,11230.0,,,,,,1957.0,2,D4,340000,2023-05-05,40.609799,-73.967769,312.0,44.0,3174960.0,3066120052.0,438.0,BK1204,2023,5,True,COOPS - ELEVATOR APARTMENTS
Brooklyn,PARK SLOPE,04 TAX CLASS 1 CONDOS,1A,943,1018,R3,"385 DOUGLASS STREET, 2A",2A,11217.0,1.0,,1.0,,,1988.0,1,R3,900000,2023-05-05,40.678781,-73.980358,306.0,39.0,3255762.0,3009437501.0,131.0,BK0602,2023,5,True,TAX CLASS 1 CONDOS
Brooklyn,PARK SLOPE,01 ONE FAMILY DWELLINGS,1,936,37,A5,77 PROSPECT PLACE,,11217.0,1.0,0.0,1.0,3200.0,4500.0,1899.0,1,A5,4999999,2023-05-05,40.679161,-73.974846,306.0,39.0,3018780.0,3009360037.0,161.0,BK0801,2023,5,True,ONE FAMILY DWELLINGS
Brooklyn,PARK SLOPE,09 COOPS - WALKUP APARTMENTS,2C,976,8,C6,"307 SIXTH AVENUE, 1R",,11215.0,,,,,,1920.0,2,C6,1150000,2023-05-05,40.672163,-73.980483,306.0,39.0,3020988.0,3009760008.0,155.0,BK0602,2023,5,True,COOPS - WALKUP APARTMENTS
Brooklyn,PARK SLOPE,10 COOPS - ELEVATOR APARTMENTS,2,1064,24,D4,"47 PLAZA STREET WEST, 3B",,11217.0,,,,,,1928.0,2,D4,1550000,2023-05-05,40.673344,-73.971319,306.0,39.0,3024627.0,3010640024.0,159.0,BK0602,2023,5,True,COOPS - ELEVATOR APARTMENTS
Brooklyn,SHEEPSHEAD BAY,04 TAX CLASS 1 CONDOS,1A,8789,1073,R3,"2806 EAST 27TH STREET, 228",228,11235.0,1.0,,1.0,,,1993.0,1,R3,440000,2023-05-05,40.58472,-73.94172,315.0,48.0,3340060.0,3087897501.0,608.0,BK1503,2023,5,True,TAX CLASS 1 CONDOS
Brooklyn,WILLIAMSBURG-EAST,13 CONDOS - ELEVATOR APARTMENTS,2,2749,1337,R4,"139 SKILLMAN AVENUE, 5B",5B,11211.0,1.0,,1.0,,,2009.0,2,R4,780000,2023-05-05,40.715857,-73.945566,301.0,34.0,3397893.0,3027497504.0,497.0,BK0104,2023,5,True,CONDOS - ELEVATOR APARTMENTS
Brooklyn,WINDSOR TERRACE,13 CONDOS - ELEVATOR APARTMENTS,2,895,1138,R4,"35 MCDONALD AVENUE, 2D",2D,11218.0,1.0,,1.0,,,,2,R4,875000,2023-05-05,40.654248,-73.981598,307.0,39.0,3392302.0,3008957502.0,1502.0,BK0701,2023,5,True,CONDOS - ELEVATOR APARTMENTS
Manhattan,FASHION,45 CONDO HOTELS,4,830,1212,RH,"35 WEST 28TH STREET, PH42C",PH42C,10001.0,,1.0,1.0,,,2018.0,4,RH,3928577,2023-05-05,40.745512,-73.989242,105.0,3.0,1090462.0,1008307503.0,76.0,MN0501,2023,5,True,CONDO HOTELS
Manhattan,FASHION,13 CONDOS - ELEVATOR APARTMENTS,2,778,1146,R4,"215 WEST 28TH STREET, 9B",9B,10001.0,1.0,,1.0,,,2019.0,2,R4,1434556,2023-05-05,40.747544,-73.994063,105.0,3.0,1090814.0,1007787502.0,95.0,MN0501,2023,5,True,CONDOS - ELEVATOR APARTMENTS
Manhattan,EAST VILLAGE,14 RENTALS - 4-10 UNIT,2A,429,37,S5,15 AVENUE A,,10009.0,5.0,1.0,6.0,1580.0,6491.0,1900.0,2,S5,7300000,2023-05-05,40.722709,-73.985984,103.0,2.0,1005748.0,1004290037.0,3002.0,MN0303,2023,5,True,RENTALS - 4-10 UNIT
Manhattan,FASHION,43 CONDO OFFICE BUILDINGS,4,838,1309,RB,"35 WEST 36TH ST, 5W",5W,10018.0,,1.0,1.0,,,1911.0,4,RB,1939800,2023-05-05,40.750518,-73.985487,105.0,4.0,1015925.0,1008387503.0,84.0,MN0502,2023,5,True,CONDO OFFICE BUILDINGS
Manhattan,CLINTON,47 CONDO NON-BUSINESS STORAGE,4,1053,1280,RS,464 WEST 44TH STREET,S21,10036.0,,1.0,1.0,,,2006.0,4,RS,1312500,2023-05-05,40.76045,-73.993416,104.0,3.0,1087703.0,1010537503.0,12102.0,MN0402,2023,5,True,CONDO NON-BUSINESS STORAGE
Manhattan,CLINTON,13 CONDOS - ELEVATOR APARTMENTS,2,1076,1514,R4,"547 WEST 47TH STREET, PH02",PH02,10036.0,1.0,,1.0,,,2020.0,2,R4,1173000,2023-05-05,40.763527,-73.994852,104.0,3.0,1026982.0,1010767502.0,12902.0,MN0402,2023,5,True,CONDOS - ELEVATOR APARTMENTS
Manhattan,FLATIRON,13 CONDOS - ELEVATOR APARTMENTS,2,857,1112,R4,"76 MADISON AVENUE, 5A",5A,10016.0,1.0,,1.0,,,,2,R4,2462500,2023-05-05,40.743865,-73.98581,105.0,3.0,1087536.0,1008577501.0,56.0,MN0501,2023,5,True,CONDOS - ELEVATOR APARTMENTS
Manhattan,FLATIRON,13 CONDOS - ELEVATOR APARTMENTS,2,816,1055,R4,"22 WEST 15TH STREET, 16E",16E,10011.0,1.0,,1.0,,,,2,R4,1050000,2023-05-05,40.737141,-73.994212,105.0,2.0,1015294.0,1008167501.0,54.0,MN0501,2023,5,True,CONDOS - ELEVATOR APARTMENTS
Manhattan,GREENWICH VILLAGE-WEST,09 COOPS - WALKUP APARTMENTS,2,630,43,C6,"256 W 10 STREET, 6A",,10014.0,,,,,,1911.0,2,C6,3400000,2023-05-05,40.733661,-74.006802,102.0,3.0,1084966.0,1006300043.0,75.0,MN0203,2023,5,True,COOPS - WALKUP APARTMENTS
Manhattan,GREENWICH VILLAGE-WEST,09 COOPS - WALKUP APARTMENTS,2,642,48,C6,"82 HORATIO STREET, 1A",,10014.0,,,,,,1915.0,2,C6,590000,2023-05-05,40.73875,-74.007325,102.0,3.0,1012137.0,1006420048.0,79.0,MN0203,2023,5,True,COOPS - WALKUP APARTMENTS
Manhattan,GREENWICH VILLAGE-WEST,10 COOPS - ELEVATOR APARTMENTS,2,642,57,D0,"822 GREENWICH STREET, 4B",,10014.0,,,,,,1920.0,2,D0,3650000,2023-05-05,40.738418,-74.006477,102.0,3.0,1012143.0,1006420057.0,79.0,MN0203,2023,5,True,COOPS - ELEVATOR APARTMENTS
Manhattan,HARLEM-UPPER,09 COOPS - WALKUP APARTMENTS,2C,2089,49,C6,"655 RIVERSIDE DRIVE, 1A",,10031.0,,,,,,1926.0,2,C6,350000,2023-05-05,40.825633,-73.953215,109.0,7.0,1062350.0,1020890049.0,229.0,MN0903,2023,5,True,COOPS - WALKUP APARTMENTS
Manhattan,HARLEM-CENTRAL,07 RENTALS - WALKUP APARTMENTS,2A,1728,112,C3,53 W 130TH STREET,,10037.0,4.0,0.0,4.0,1998.0,4072.0,1910.0,2,C3,25000,2023-05-05,40.810279,-73.94158,110.0,9.0,1053816.0,1017280112.0,208.0,MN1002,2023,5,True,RENTALS - WALKUP APARTMENTS
Manhattan,KIPS BAY,10 COOPS - ELEVATOR APARTMENTS,2,930,1,D4,"305 EAST 24TH STREET, 17C",,10010.0,,,,,,1964.0,2,D4,1525000,2023-05-05,40.738424,-73.980092,106.0,2.0,1020599.0,1009300001.0,66.0,MN0603,2023,5,True,COOPS - ELEVATOR APARTMENTS
Manhattan,KIPS BAY,17 CONDO COOPS,2,945,1003,R9,"300 EAST 40TH STREET, 21W",,10016.0,,,,,,,2,R9,870000,2023-05-05,40.74848,-73.973022,106.0,4.0,1022051.0,1009457501.0,88.0,MN0603,2023,5,True,CONDO COOPS
Manhattan,LOWER EAST SIDE,13 CONDOS - ELEVATOR APARTMENTS,2,346,1248,R4,"202 BROOME STREET, 9F",9F,10002.0,1.0,,1.0,,,2018.0,2,R4,2125000,2023-05-05,40.717277,-73.987414,103.0,1.0,1089905.0,1003467503.0,1402.0,MN0302,2023,5,True,CONDOS - ELEVATOR APARTMENTS
Manhattan,MIDTOWN WEST,13 CONDOS - ELEVATOR APARTMENTS,2,1020,1133,R4,"1600 BROADWAY, 9B",9B,10019.0,1.0,,1.0,,,,2,R4,945000,2023-05-05,40.76035,-73.984713,105.0,3.0,1087187.0,1010207502.0,125.0,MN0502,2023,5,True,CONDOS - ELEVATOR APARTMENTS
Manhattan,MIDTOWN EAST,10 COOPS - ELEVATOR APARTMENTS,2,1371,38,D4,"25 SUTTON PLACE SOUTH, 7R",,10022.0,,,,,,1959.0,2,D4,900000,2023-05-05,40.75648,-73.961299,106.0,4.0,1040722.0,1013710038.0,10601.0,MN0604,2023,5,True,COOPS - ELEVATOR APARTMENTS
Manhattan,MIDTOWN WEST,13 CONDOS - ELEVATOR APARTMENTS,2,1047,2428,R4,"322 WEST 57TH STREET, 43V",43V,10019.0,1.0,,1.0,,,1978.0,2,R4,980000,2023-05-05,40.767077,-73.983755,104.0,6.0,1025450.0,1010477503.0,139.0,MN0402,2023,5,True,CONDOS - ELEVATOR APARTMENTS
Manhattan,MURRAY HILL,09 COOPS - WALKUP APARTMENTS,2C,867,26,C6,"23 EAST 37TH STREET, 1FR",,10016.0,,,,,,1925.0,2,C6,950000,2023-05-05,40.749554,-73.981283,106.0,4.0,1017201.0,1008670026.0,82.0,MN0502,2023,5,True,COOPS - WALKUP APARTMENTS
Manhattan,SOHO,09 COOPS - WALKUP APARTMENTS,2,518,32,C6,"150 SULLIVAN STREET, 9",,10012.0,,,,,,1900.0,2,C6,305000,2023-05-05,40.727167,-74.001808,102.0,1.0,1008072.0,1005180032.0,49.0,MN0201,2023,5,True,COOPS - WALKUP APARTMENTS
Manhattan,UPPER EAST SIDE (59-79),10 COOPS - ELEVATOR APARTMENTS,2,1443,11,D4,"333 EAST 68TH STREET, 3C",,10065.0,,,,,,1928.0,2,D4,2400000,2023-05-05,40.765869,-73.959333,108.0,5.0,1044754.0,1014430011.0,118.0,MN0801,2023,5,True,COOPS - ELEVATOR APARTMENTS
Manhattan,UPPER EAST SIDE (59-79),10 COOPS - ELEVATOR APARTMENTS,2,1439,1,D4,"301 EAST 64TH STREET, 3E",,10065.0,,,,,,1963.0,2,D4,450000,2023-05-05,40.763592,-73.961703,108.0,5.0,1044689.0,1014390001.0,118.0,MN0801,2023,5,True,COOPS - ELEVATOR APARTMENTS
Manhattan,UPPER EAST SIDE (59-79),17 CONDO COOPS,2,1458,1103,R9,"1175 YORK AVENUE, 3R",,10065.0,,,,,,1958.0,2,R9,437500,2023-05-05,40.761362,-73.95778,108.0,5.0,1045381.0,1014587502.0,10602.0,MN0801,2023,5,True,CONDO COOPS
Manhattan,UPPER EAST SIDE (79-96),13 CONDOS - ELEVATOR APARTMENTS,2,1515,1346,R4,"120 EAST 87TH STREET, R6-C",R6-C,10128.0,1.0,,1.0,,,1981.0,2,R4,1210000,2023-05-05,40.780505,-73.955901,108.0,4.0,1047955.0,1015157502.0,14802.0,MN0802,2023,5,True,CONDOS - ELEVATOR APARTMENTS
Manhattan,UPPER EAST SIDE (79-96),10 COOPS - ELEVATOR APARTMENTS,2,1563,32,D4,"444 EAST 84TH STREET, 2A",,10028.0,,,,,,1964.0,2,D4,625000,2023-05-05,40.775115,-73.949297,108.0,5.0,1050470.0,1015630032.0,13604.0,MN0803,2023,5,True,COOPS - ELEVATOR APARTMENTS
Manhattan,UPPER EAST SIDE (79-96),13 CONDOS - ELEVATOR APARTMENTS,2,1492,1010,R4,"45 EAST 80TH STREET, 5A",5A,10075.0,1.0,,1.0,,,1987.0,2,R4,1600000,2023-05-05,40.776857,-73.961258,108.0,4.0,1076323.0,1014927501.0,142.0,MN0802,2023,5,True,CONDOS - ELEVATOR APARTMENTS
Manhattan,UPPER WEST SIDE (59-79),13 CONDOS - ELEVATOR APARTMENTS,2,1118,1009,R4,"29 WEST 65TH STREET, 1J",1J,10023.0,1.0,,1.0,,,1939.0,2,R4,510000,2023-05-05,40.772212,-73.980197,107.0,6.0,1028173.0,1011187501.0,149.0,MN0701,2023,5,True,CONDOS - ELEVATOR APARTMENTS
Manhattan,UPPER WEST SIDE (59-79),07 RENTALS - WALKUP APARTMENTS,2B,1128,27,C1,3 WEST 75TH STREET,,10023.0,10.0,0.0,10.0,2148.0,6914.0,1900.0,2,C1,6600000,2023-05-05,40.77837,-73.974996,107.0,6.0,1028764.0,1011280027.0,161.0,MN0702,2023,5,True,RENTALS - WALKUP APARTMENTS
Manhattan,UPPER WEST SIDE (59-79),13 CONDOS - ELEVATOR APARTMENTS,2,1120,1112,R4,"45 WEST 67TH STREET, 20F",20F,10023.0,1.0,,1.0,,,1983.0,2,R4,1385000,2023-05-05,40.773595,-73.979594,107.0,6.0,1028260.0,1011207501.0,15301.0,MN0701,2023,5,True,CONDOS - ELEVATOR APARTMENTS
Manhattan,UPPER EAST SIDE (96-110),10 COOPS - ELEVATOR APARTMENTS,2,1602,1,D4,"1150 FIFTH AVENUE, 9D",,10128.0,,,,,,1924.0,2,D4,2600000,2023-05-05,40.787889,-73.955329,111.0,8.0,1051437.0,1016020001.0,16002.0,MN1101,2023,5,True,COOPS - ELEVATOR APARTMENTS
Manhattan,UPPER WEST SIDE (59-79),13 CONDOS - ELEVATOR APARTMENTS,2,1151,1254,R4,"10 WEST END AVENUE, 3J",3J,10023.0,1.0,,1.0,,,,2,R4,800000,2023-05-05,40.771986,-73.990169,107.0,6.0,1087651.0,1011517502.0,147.0,MN0701,2023,5,True,CONDOS - ELEVATOR APARTMENTS
Manhattan,UPPER WEST SIDE (96-116),10 COOPS - ELEVATOR APARTMENTS,2,1895,25,D4,"606 WEST 113 ST, 4B",,10025.0,,,,,,1925.0,2,D4,800000,2023-05-05,40.806367,-73.966013,109.0,7.0,1057338.0,1018950025.0,199.0,MN0901,2023,5,True,COOPS - ELEVATOR APARTMENTS
Manhattan,UPPER WEST SIDE (96-116),13 CONDOS - ELEVATOR APARTMENTS,2,1887,1018,R4,"306 WEST 97TH STREET, 44",44,10025.0,1.0,,1.0,,,1920.0,2,R4,1649000,2023-05-05,40.796043,-73.973006,107.0,7.0,1057061.0,1018877501.0,183.0,MN0702,2023,5,True,CONDOS - ELEVATOR APARTMENTS
Manhattan,UPPER WEST SIDE (96-116),17 CONDO COOPS,2,1874,1002,R9,"235 WEST 102ND STREET, 2F",,10025.0,,,,,,1910.0,2,R9,775000,2023-05-05,40.798669,-73.969437,107.0,7.0,1056558.0,1018747501.0,191.0,MN0703,2023,5,True,CONDO COOPS
Manhattan,UPPER WEST SIDE (79-96),13 CONDOS - ELEVATOR APARTMENTS,2,1216,1135,R4,"110 WEST 86TH STREET, 8B",8B,10024.0,1.0,,1.0,,,1929.0,2,R4,1500000,2023-05-05,40.786656,-73.972602,107.0,6.0,1077848.0,1012167502.0,169.0,MN0702,2023,5,True,CONDOS - ELEVATOR APARTMENTS
Staten Island,BULLS HEAD,01 ONE FAMILY DWELLINGS,1,1607,31,A2,10 ROMAN AVENUE,,10314.0,1.0,0.0,1.0,5760.0,1230.0,1950.0,1,A2,850000,2023-05-05,40.614807,-74.160805,502.0,50.0,5031646.0,5016070031.0,29104.0,SI0204,2023,5,True,ONE FAMILY DWELLINGS
Manhattan,WASHINGTON HEIGHTS UPPER,10 COOPS - ELEVATOR APARTMENTS,2,2179,500,D4,"689 FORT WASHINGTON AVENUE, 2M",,10040.0,,,,,,1928.0,2,D4,535000,2023-05-05,40.857216,-73.935538,112.0,10.0,1064381.0,1021790500.0,273.0,MN1202,2023,5,True,COOPS - ELEVATOR APARTMENTS
Staten Island,BULLS HEAD,04 TAX CLASS 1 CONDOS,1A,1651,1091,R3,"77 REGAL WALK, 104",104,10303.0,1.0,,1.0,,,1988.0,1,R3,495000,2023-05-05,40.621363,-74.165755,501.0,49.0,5134268.0,5016517501.0,30301.0,SI0107,2023,5,True,TAX CLASS 1 CONDOS
Staten Island,BULLS HEAD,04 TAX CLASS 1 CONDOS,1A,1668,1099,R3,"524 LISK AVENUE, N/A",,10303.0,1.0,,1.0,,,1985.0,1,R3,318000,2023-05-05,40.622984,-74.166638,501.0,49.0,5118413.0,5016687502.0,30302.0,SI0107,2023,5,True,TAX CLASS 1 CONDOS
Staten Island,DONGAN HILLS,01 ONE FAMILY DWELLINGS,1,3337,10,A2,288 DELAWARE AVENUE,,10305.0,1.0,0.0,1.0,5763.0,988.0,1945.0,1,A2,620000,2023-05-05,40.589659,-74.091096,502.0,50.0,5049280.0,5033370010.0,9602.0,SI0201,2023,5,True,ONE FAMILY DWELLINGS
Staten Island,CLOVE LAKES,01 ONE FAMILY DWELLINGS,1,280,28,A1,795 DAVIS AVENUE,,10310.0,1.0,0.0,1.0,3960.0,1981.0,1975.0,1,A1,875000,2023-05-05,40.623131,-74.107028,501.0,49.0,5007600.0,5002800028.0,121.0,SI0104,2023,5,True,ONE FAMILY DWELLINGS
Staten Island,GRASMERE,01 ONE FAMILY DWELLINGS,1,3060,49,A1,117 WINDERMERE ROAD,,10305.0,1.0,0.0,1.0,7830.0,1300.0,1925.0,1,A1,885000,2023-05-05,40.602096,-74.078905,502.0,50.0,5045077.0,5030600049.0,50.0,SI0201,2023,5,True,ONE FAMILY DWELLINGS
Staten Island,ELTINGVILLE,02 TWO FAMILY DWELLINGS,1,5701,7,B2,701 CARLTON BOULEVARD,,10312.0,2.0,0.0,2.0,3920.0,2200.0,1970.0,1,B2,735000,2023-05-05,40.547778,-74.177767,503.0,51.0,5077216.0,5057010007.0,17012.0,SI0302,2023,5,True,TWO FAMILY DWELLINGS
Staten Island,GREAT KILLS,01 ONE FAMILY DWELLINGS,1,4589,64,A5,541 GREAVES AVENUE,,10308.0,1.0,0.0,1.0,1200.0,1300.0,1990.0,1,A5,510000,2023-05-05,40.56555,-74.153887,503.0,51.0,5102476.0,5045890064.0,14605.0,SI0302,2023,5,True,ONE FAMILY DWELLINGS
Staten Island,MIDLAND BEACH,01 ONE FAMILY DWELLINGS,1,3816,12,A5,296 BADEN PLACE,,10306.0,1.0,0.0,1.0,2185.0,1600.0,2004.0,1,A5,477750,2023-05-05,40.571105,-74.092417,502.0,50.0,5054770.0,5038160012.0,11203.0,SI0202,2023,5,True,ONE FAMILY DWELLINGS
Staten Island,MARINERS HARBOR,01 ONE FAMILY DWELLINGS,1,1216,54,A1,228 VAN PELT AVENUE,,10303.0,1.0,0.0,1.0,6888.0,1227.0,1915.0,1,A1,590000,2023-05-05,40.630251,-74.155384,501.0,49.0,5027589.0,5012160054.0,231.0,SI0107,2023,5,True,ONE FAMILY DWELLINGS
Staten Island,NEW SPRINGVILLE,13 CONDOS - ELEVATOR APARTMENTS,2,2450,2048,R4,"11 WINDHAM LOOP, 2KK",2KK,10314.0,1.0,,1.0,,,1979.0,2,R4,318000,2023-05-05,40.578131,-74.162851,502.0,51.0,5112323.0,5024507509.0,27702.0,SI0204,2023,5,True,CONDOS - ELEVATOR APARTMENTS
Staten Island,PORT RICHMOND,01 ONE FAMILY DWELLINGS,1,1044,33,A1,453 HEBERTON AVENUE,,10302.0,1.0,0.0,1.0,3330.0,1644.0,1910.0,1,A1,509000,2023-05-05,40.63055,-74.136171,501.0,49.0,5024635.0,5010440033.0,213.0,SI0106,2023,5,True,ONE FAMILY DWELLINGS
Staten Island,ROSSVILLE-CHARLESTON,01 ONE FAMILY DWELLINGS,1,7596,272,A5,73 TILLER COURT,,10309.0,1.0,0.0,1.0,1550.0,2650.0,2007.0,1,A5,725000,2023-05-05,40.53269,-74.239844,503.0,51.0,5155426.0,5075960272.0,22602.0,SI0305,2023,5,True,ONE FAMILY DWELLINGS
Staten Island,TOMPKINSVILLE,01 ONE FAMILY DWELLINGS,1,569,2,A5,103 SWAN STREET,,10301.0,1.0,0.0,1.0,2250.0,1600.0,2001.0,1,A5,27965,2023-05-05,40.634908,-74.078634,501.0,49.0,5147330.0,5005690002.0,17.0,SI0102,2023,5,True,ONE FAMILY DWELLINGS
Queens,ASTORIA,13 CONDOS - ELEVATOR APARTMENTS,2,503,1121,R4,"11-24 31ST AVENUE, 7A",7A,11106.0,1.0,,1.0,,,2007.0,2,R4,925000,2023-05-05,40.769291,-73.934659,401.0,22.0,4540105.0,4005037502.0,81.0,QN0102,2023,5,True,CONDOS - ELEVATOR APARTMENTS
Queens,ASTORIA,13 CONDOS - ELEVATOR APARTMENTS,2,577,1315,R4,"30-38 29TH STREET, 6A",6A,11102.0,1.0,,1.0,,,2020.0,2,R4,565000,2023-05-05,40.766611,-73.923839,401.0,22.0,4006950.0,4005777503.0,73.0,QN0103,2023,5,True,CONDOS - ELEVATOR APARTMENTS
Queens,BAYSIDE,13 CONDOS - ELEVATOR APARTMENTS,2,5944,1012,R4,"214-10 15TH AVENUE, 3C",3C,11360.0,1.0,,1.0,,,2019.0,2,R4,639461,2023-05-05,40.787259,-73.779891,407.0,19.0,4618534.0,4059447501.0,99703.0,QN0703,2023,5,True,CONDOS - ELEVATOR APARTMENTS
Queens,BAYSIDE,10 COOPS - ELEVATOR APARTMENTS,2,5878,50,D4,"18-35 CORPORAL KENNEDY STREET, 3F",,11360.0,,,,,,1961.0,2,D4,419000,2023-05-05,40.780921,-73.784148,407.0,19.0,4443738.0,4058780050.0,99704.0,QN0703,2023,5,True,COOPS - ELEVATOR APARTMENTS
Queens,BAYSIDE,04 TAX CLASS 1 CONDOS,1A,6283,1007,R3,"212-14 42ND AVENUE, 16A",16A,11361.0,1.0,,1.0,,,2005.0,1,R3,720500,2023-05-05,40.762546,-73.77171,411.0,19.0,4537286.0,4062837501.0,1467.0,QN1102,2023,5,True,TAX CLASS 1 CONDOS
Queens,BRIARWOOD,02 TWO FAMILY DWELLINGS,1,9670,4,B2,138-08 HOOVER AVENUE,,11435.0,2.0,0.0,2.0,4200.0,2360.0,1920.0,1,B2,550000,2023-05-05,40.714247,-73.820364,408.0,24.0,4206591.0,4096700004.0,22001.0,QN0805,2023,5,True,TWO FAMILY DWELLINGS
Queens,BELLE HARBOR,02 TWO FAMILY DWELLINGS,1,16194,46,B1,524 BEACH 127TH STREET,,11694.0,2.0,0.0,2.0,3500.0,2061.0,1950.0,1,B1,849000,2023-05-05,40.580768,-73.848699,414.0,32.0,4303985.0,4161940046.0,93401.0,QN1403,2023,5,True,TWO FAMILY DWELLINGS
Queens,CAMBRIA HEIGHTS,01 ONE FAMILY DWELLINGS,1,12757,90,A1,118-46 221ST STREET,,11411.0,1.0,0.0,1.0,4000.0,1340.0,1940.0,1,A1,225000,2023-05-05,40.692488,-73.740523,413.0,27.0,4274875.0,4127570090.0,608.0,QN1304,2023,5,True,ONE FAMILY DWELLINGS
Queens,CORONA,13 CONDOS - ELEVATOR APARTMENTS,2,1941,1022,R4,"102-14 LEWIS AVENUE, 3H",3H,11368.0,1.0,,1.0,,,2004.0,2,R4,315000,2023-05-05,40.740944,-73.858511,404.0,21.0,4531493.0,4019417501.0,44301.0,QN0402,2023,5,True,CONDOS - ELEVATOR APARTMENTS
Queens,CORONA,03 THREE FAMILY DWELLINGS,1,2004,36,C0,108-68 48TH AVENUE,,11368.0,3.0,0.0,3.0,1900.0,2764.0,1965.0,1,C0,1500000,2023-05-05,40.746472,-73.854418,404.0,21.0,4049535.0,4020040036.0,415.0,QN0402,2023,5,True,THREE FAMILY DWELLINGS
Queens,ELMHURST,01 ONE FAMILY DWELLINGS,1,2907,119,A5,54-34 82ND STREET,,11373.0,1.0,0.0,1.0,2350.0,2035.0,1960.0,1,A5,990000,2023-05-05,40.730906,-73.88275,404.0,30.0,4066297.0,4029070119.0,499.0,QN0401,2023,5,True,ONE FAMILY DWELLINGS
Queens,EAST ELMHURST,02 TWO FAMILY DWELLINGS,1,1657,1,B2,105-51 DITMARS BOULEVARD,,11369.0,2.0,0.0,2.0,6120.0,3797.0,1920.0,1,B2,1350000,2023-05-05,40.76634,-73.864659,403.0,21.0,4041242.0,4016570001.0,357.0,QN0302,2023,5,True,TWO FAMILY DWELLINGS
Queens,FLORAL PARK,01 ONE FAMILY DWELLINGS,1,8755,18,A1,82-45 261 STREET,,11004.0,1.0,0.0,1.0,4000.0,1997.0,1950.0,1,A1,1270000,2023-05-05,40.740437,-73.708486,413.0,23.0,4179029.0,4087550018.0,157902.0,QN1301,2023,5,True,ONE FAMILY DWELLINGS
Queens,FLUSHING-NORTH,01 ONE FAMILY DWELLINGS,1,5120,47,A1,56-05 136TH STREET,,11355.0,1.0,0.0,1.0,3300.0,1472.0,1940.0,1,A1,800000,2023-05-05,40.74911,-73.828701,407.0,20.0,4115332.0,4051200047.0,799.0,QN0706,2023,5,True,ONE FAMILY DWELLINGS
Queens,FLUSHING-NORTH,10 COOPS - ELEVATOR APARTMENTS,2,5024,24,D4,"144-44 38TH AVENUE, 5E",,11354.0,,,,,,1950.0,2,D4,295000,2023-05-05,40.763135,-73.821167,407.0,20.0,4445479.0,4050240024.0,863.0,QN0704,2023,5,True,COOPS - ELEVATOR APARTMENTS
Queens,FLUSHING-NORTH,10 COOPS - ELEVATOR APARTMENTS,2,4371,8,D4,"29-10 137TH STREET, 1F",,11354.0,,,,,,1960.0,2,D4,330000,2023-05-05,40.771336,-73.831525,407.0,20.0,4433321.0,4043710008.0,88902.0,QN0707,2023,5,True,COOPS - ELEVATOR APARTMENTS
Queens,FLUSHING-NORTH,02 TWO FAMILY DWELLINGS,1,4859,65,B2,157-54 21ST AVENUE,,11357.0,2.0,0.0,2.0,1818.0,1892.0,1965.0,1,B2,1165000,2023-05-05,40.779085,-73.804468,407.0,19.0,4109875.0,4048590065.0,1033.0,QN0702,2023,5,True,TWO FAMILY DWELLINGS
Queens,FLUSHING-NORTH,01 ONE FAMILY DWELLINGS,1,7408,36,A1,53-47 199TH STREET,,11365.0,1.0,0.0,1.0,5000.0,2595.0,1940.0,1,A1,1600000,2023-05-05,40.748224,-73.779125,411.0,20.0,4159326.0,4074080036.0,140902.0,QN1101,2023,5,True,ONE FAMILY DWELLINGS
Queens,FLUSHING-NORTH,02 TWO FAMILY DWELLINGS,1,5396,14,B1,42-17 165TH STREET,,11358.0,2.0,0.0,2.0,2400.0,2435.0,2019.0,1,B1,1527375,2023-05-05,40.759483,-73.80128,407.0,20.0,4618893.0,4053960014.0,1185.0,QN0705,2023,5,True,TWO FAMILY DWELLINGS
Queens,FLUSHING-NORTH,10 COOPS - ELEVATOR APARTMENTS,2,5136,37,D4,"42-42 COLDEN STREET, B18",,11355.0,,,,,,1962.0,2,D4,467000,2023-05-05,40.753737,-73.826317,407.0,20.0,4115875.0,4051360037.0,79702.0,QN0707,2023,5,True,COOPS - ELEVATOR APARTMENTS
Queens,FLUSHING-NORTH,11 SPECIAL CONDO BILLING LOTS,2,4972,1687,RR,"133-36 37TH AVENUE, 11A",11A,11354.0,1.0,0.0,1.0,85137.0,1101.0,2016.0,2,RR,1331422,2023-05-05,40.760612,-73.833642,407.0,20.0,4597144.0,4049727505.0,871.0,QN0707,2023,5,True,SPECIAL CONDO BILLING LOTS
Queens,FLUSHING-NORTH,22 STORE BUILDINGS,4,4957,41,K2,34-08 UNION STREET,,11354.0,0.0,5.0,5.0,4860.0,5875.0,1930.0,4,K2,4200000,2023-05-05,40.766642,-73.827464,407.0,20.0,4112115.0,4049570041.0,88902.0,QN0707,2023,5,True,STORE BUILDINGS
Queens,FLUSHING-SOUTH,01 ONE FAMILY DWELLINGS,1,6599,37,A5,136-52 71 ROAD,,11367.0,1.0,0.0,1.0,2000.0,1660.0,1940.0,1,A5,923000,2023-05-05,40.726357,-73.825559,408.0,24.0,4142773.0,4065990037.0,77902.0,QN0801,2023,5,True,ONE FAMILY DWELLINGS
Queens,FLUSHING-NORTH,43 CONDO OFFICE BUILDINGS,4,5039,1001,RB,"132-59 41ST ROAD, CA",CA,11355.0,,1.0,1.0,,,,4,RB,240000,2023-05-05,40.756071,-73.832245,407.0,20.0,4114187.0,4050397501.0,84902.0,QN0707,2023,5,True,CONDO OFFICE BUILDINGS
Queens,FLUSHING-SOUTH,04 TAX CLASS 1 CONDOS,1A,6802,1041,R3,"71-20 164TH STREET, 2143",2143,11365.0,1.0,,1.0,,,,1,R3,640000,2023-05-05,40.729879,-73.805193,408.0,24.0,4451609.0,4068027501.0,122704.0,QN0802,2023,5,True,TAX CLASS 1 CONDOS
Queens,FLUSHING-SOUTH,10 COOPS - ELEVATOR APARTMENTS,2,6698,40,D4,"15010 71 AVE, 5-K",,11367.0,,,,,,1952.0,2,D4,257000,2023-05-05,40.729238,-73.8177,408.0,24.0,4451496.0,4066980040.0,77906.0,QN0801,2023,5,True,COOPS - ELEVATOR APARTMENTS
Queens,FLUSHING-SOUTH,09 COOPS - WALKUP APARTMENTS,2,6679,1,C6,"147-14 72 AVENUE, 181A",,11367.0,,,,,,1949.0,2,C6,435000,2023-05-05,40.727431,-73.81913,408.0,24.0,4455352.0,4066790001.0,77907.0,QN0801,2023,5,True,COOPS - WALKUP APARTMENTS
Queens,FOREST HILLS,10 COOPS - ELEVATOR APARTMENTS,2,2223,38,D4,"108-37 71 AVE, PO1",,11375.0,,,,,,1966.0,2,D4,360000,2023-05-05,40.721785,-73.843353,406.0,29.0,4052344.0,4022230038.0,739.0,QN0602,2023,5,True,COOPS - ELEVATOR APARTMENTS
Queens,GLENDALE,12 CONDOS - WALKUP APARTMENTS,2,3637,1071,R2,"71-05 FRESH POND ROAD, E1C",E1C,11385.0,1.0,,1.0,,,,2,R2,382500,2023-05-05,40.701703,-73.894876,405.0,30.0,4436539.0,4036377501.0,581.0,QN0502,2023,5,True,CONDOS - WALKUP APARTMENTS
Queens,HOLLIS,02 TWO FAMILY DWELLINGS,1,10362,20,B1,102-25 184TH STREET,,11423.0,2.0,0.0,2.0,2000.0,1200.0,1935.0,1,B1,740000,2023-05-05,40.706959,-73.773368,412.0,27.0,4220681.0,4103620020.0,404.0,QN1205,2023,5,True,TWO FAMILY DWELLINGS
Queens,HOLLIS,01 ONE FAMILY DWELLINGS,1,10466,53,A1,9026 198 STREET,,11423.0,1.0,0.0,1.0,3125.0,1152.0,1925.0,1,A1,770000,2023-05-05,40.715352,-73.761829,412.0,23.0,4222498.0,4104660053.0,484.0,QN1206,2023,5,True,ONE FAMILY DWELLINGS
Queens,GLENDALE,01 ONE FAMILY DWELLINGS,1,3664,20,A1,70-22 72ND PLACE,,11385.0,1.0,0.0,1.0,5000.0,1456.0,1930.0,1,A1,685000,2023-05-05,40.706076,-73.87892,405.0,32.0,4089151.0,4036640020.0,623.0,QN0503,2023,5,True,ONE FAMILY DWELLINGS
Queens,JAMAICA,10 COOPS - ELEVATOR APARTMENTS,2,9842,76,D4,"8714 HOMELAWN STREET, 3F",,11432.0,,,,,,1927.0,2,D4,136000,2023-05-05,40.712352,-73.793128,408.0,24.0,4210557.0,4098420076.0,454.0,QN0805,2023,5,True,COOPS - ELEVATOR APARTMENTS
Queens,LAURELTON,01 ONE FAMILY DWELLINGS,1,12929,229,A2,219-17 133RD AVENUE,,11413.0,1.0,0.0,1.0,6723.0,1263.0,1950.0,1,A2,750000,2023-05-05,40.680544,-73.749518,413.0,31.0,4278426.0,4129290229.0,626.0,QN1305,2023,5,True,ONE FAMILY DWELLINGS
Queens,LONG ISLAND CITY,13 CONDOS - ELEVATOR APARTMENTS,2,85,1018,R4,"45-30 PEARSON STREET, 5D",5D,11101.0,1.0,,1.0,,,2021.0,2,R4,1305000,2023-05-05,40.745467,-73.944448,402.0,26.0,4623857.0,4000857501.0,1901.0,QN0201,2023,5,True,CONDOS - ELEVATOR APARTMENTS
Queens,LITTLE NECK,09 COOPS - WALKUP APARTMENTS,2,8337,1,C6,"57-07 MARATHON PARKWAY, 283",,11362.0,,,,,,1952.0,2,C6,312000,2023-05-05,40.759426,-73.731285,411.0,23.0,4459796.0,4083370001.0,152902.0,QN1103,2023,5,True,COOPS - WALKUP APARTMENTS
Queens,MASPETH,02 TWO FAMILY DWELLINGS,1,2739,52,B2,58-38 FRESH POND ROAD,,11378.0,2.0,0.0,2.0,2400.0,1926.0,1925.0,1,B2,1088000,2023-05-05,40.720692,-73.902866,405.0,30.0,4061186.0,4027390052.0,521.0,QN0501,2023,5,True,TWO FAMILY DWELLINGS
Queens,LONG ISLAND CITY,13 CONDOS - ELEVATOR APARTMENTS,2,85,1117,R4,"45-30 PEARSON STREET, PH1D",PH1D,11101.0,1.0,,1.0,,,2021.0,2,R4,1190000,2023-05-05,40.745467,-73.944448,402.0,26.0,4623857.0,4000857501.0,1901.0,QN0201,2023,5,True,CONDOS - ELEVATOR APARTMENTS
Queens,OAKLAND GARDENS,03 THREE FAMILY DWELLINGS,1,7606,23,C0,61-28 217TH STREET,,11364.0,3.0,0.0,3.0,2125.0,2824.0,1960.0,1,C0,1500000,2023-05-05,40.747347,-73.760314,411.0,23.0,4162078.0,4076060023.0,1367.0,QN1104,2023,5,True,THREE FAMILY DWELLINGS
Queens,QUEENS VILLAGE,01 ONE FAMILY DWELLINGS,1,11100,22,A1,215-28 104TH AVENUE,,11429.0,1.0,0.0,1.0,2500.0,1120.0,1925.0,1,A1,570000,2023-05-05,40.712045,-73.743286,413.0,27.0,4239174.0,4111000022.0,540.0,QN1303,2023,5,True,ONE FAMILY DWELLINGS
Queens,OZONE PARK,02 TWO FAMILY DWELLINGS,1,11498,120,B3,97-29 134TH AVENUE,,11417.0,2.0,0.0,2.0,2520.0,1446.0,1930.0,1,B3,829000,2023-05-05,40.675686,-73.839254,410.0,32.0,4248168.0,4114980120.0,86.0,QN1002,2023,5,True,TWO FAMILY DWELLINGS
Queens,QUEENS VILLAGE,09 COOPS - WALKUP APARTMENTS,2,7929,2,C6,"224-24 MANOR ROAD, 9-6",,11427.0,,,,,,1951.0,2,C6,262000,2023-05-05,40.733108,-73.743075,413.0,23.0,4459071.0,4079290002.0,1301.0,QN1302,2023,5,True,COOPS - WALKUP APARTMENTS
Queens,REGO PARK,10 COOPS - ELEVATOR APARTMENTS,2,3099,42,D4,"65-65 WETHEROLE STREET, 2C",,11374.0,,,,,,1959.0,2,D4,120000,2023-05-05,40.726059,-73.85828,406.0,29.0,4072612.0,4030990042.0,71306.0,QN0602,2023,5,True,COOPS - ELEVATOR APARTMENTS
Queens,REGO PARK,13 CONDOS - ELEVATOR APARTMENTS,2,2090,1229,R4,"97-25 64TH AVENUE, B11",B11,11374.0,1.0,,1.0,,,1950.0,2,R4,303000,2023-05-05,40.729881,-73.859884,406.0,29.0,4050457.0,4020900047.0,71701.0,QN0601,2023,5,True,CONDOS - ELEVATOR APARTMENTS
Queens,RICHMOND HILL,02 TWO FAMILY DWELLINGS,1,9313,41,B3,104-47 ATLANTIC AV,,11418.0,2.0,0.0,2.0,1526.0,1192.0,1910.0,1,B3,690000,2023-05-05,40.690453,-73.840762,409.0,29.0,4195378.0,4093130041.0,12602.0,QN0902,2023,5,True,TWO FAMILY DWELLINGS
Queens,RIDGEWOOD,07 RENTALS - WALKUP APARTMENTS,2A,3392,29,C2,1924 GROVE STREET,,11385.0,6.0,0.0,6.0,2500.0,5175.0,1915.0,2,C2,3050000,2023-05-05,40.706805,-73.907171,405.0,30.0,4080937.0,4033920029.0,589.0,QN0502,2023,5,True,RENTALS - WALKUP APARTMENTS
Queens,ROSEDALE,01 ONE FAMILY DWELLINGS,1,13746,38,A2,239-62 148TH ROAD,,11422.0,1.0,0.0,1.0,4000.0,1077.0,1950.0,1,A2,1100000,2023-05-05,40.654001,-73.745498,413.0,31.0,4291819.0,4137460038.0,694.0,QN1306,2023,5,True,ONE FAMILY DWELLINGS
Queens,SO. JAMAICA-BAISLEY PARK,01 ONE FAMILY DWELLINGS,1,11979,36,A1,14809 115TH AVE,,11436.0,1.0,0.0,1.0,2600.0,1072.0,1915.0,1,A1,325000,2023-05-05,40.684168,-73.794434,412.0,28.0,4259550.0,4119790036.0,190.0,QN1203,2023,5,True,ONE FAMILY DWELLINGS
Queens,SO. JAMAICA-BAISLEY PARK,01 ONE FAMILY DWELLINGS,1,12208,35,A9,153-28 118TH AVENUE,,11434.0,1.0,0.0,1.0,1350.0,730.0,1925.0,1,A9,419000,2023-05-05,40.681012,-73.788834,412.0,28.0,4265062.0,4122080035.0,28801.0,QN1203,2023,5,True,ONE FAMILY DWELLINGS
Queens,SO. JAMAICA-BAISLEY PARK,01 ONE FAMILY DWELLINGS,1,12202,16,A1,150-30 116TH ROAD,,11434.0,1.0,0.0,1.0,2000.0,995.0,1925.0,1,A1,610000,2023-05-05,40.682047,-73.791989,412.0,28.0,4264701.0,4122020016.0,272.0,QN1203,2023,5,True,ONE FAMILY DWELLINGS
Queens,SO. JAMAICA-BAISLEY PARK,01 ONE FAMILY DWELLINGS,1,12199,63,A1,115-13 159TH STREET,,11434.0,1.0,0.0,1.0,2000.0,888.0,1925.0,1,A1,550000,2023-05-05,40.686975,-73.786666,412.0,28.0,4264620.0,4121990063.0,276.0,QN1203,2023,5,True,ONE FAMILY DWELLINGS
Queens,SOUTH OZONE PARK,01 ONE FAMILY DWELLINGS,1,11601,27,A1,109-44 121ST STREET,,11420.0,1.0,0.0,1.0,4000.0,1262.0,1930.0,1,A1,790000,2023-05-05,40.682441,-73.820276,410.0,28.0,4249522.0,4116010027.0,166.0,QN1001,2023,5,True,ONE FAMILY DWELLINGS
Queens,SOUTH JAMAICA,02 TWO FAMILY DWELLINGS,1,12164,21,B3,110-11 160TH STREET,,11433.0,2.0,0.0,2.0,3500.0,1602.0,1925.0,1,B3,803400,2023-05-05,40.692184,-73.790688,412.0,28.0,4263603.0,4121640021.0,262.0,QN1202,2023,5,True,TWO FAMILY DWELLINGS
Queens,ST. ALBANS,01 ONE FAMILY DWELLINGS,1,10986,126,A5,112-10 COLFAX STREET,,11429.0,1.0,0.0,1.0,1368.0,1080.0,1955.0,1,A5,501249,2023-05-05,40.70493,-73.746386,413.0,27.0,4235617.0,4109860126.0,516.0,QN1303,2023,5,True,ONE FAMILY DWELLINGS
Queens,ST. ALBANS,01 ONE FAMILY DWELLINGS,1,12405,155,A1,11521 174TH STREET,,11434.0,1.0,0.0,1.0,4000.0,1764.0,1920.0,1,A1,645000,2023-05-05,40.69025,-73.775196,412.0,27.0,4268819.0,4124050155.0,432.0,QN1205,2023,5,True,ONE FAMILY DWELLINGS
Queens,ST. ALBANS,01 ONE FAMILY DWELLINGS,1,10282,125,A1,111-16 173RD STREET,,11433.0,1.0,0.0,1.0,2800.0,1488.0,1920.0,1,A1,390000,2023-05-05,40.694847,-73.779251,412.0,27.0,4219252.0,4102820125.0,434.0,QN1205,2023,5,True,ONE FAMILY DWELLINGS
Queens,WHITESTONE,01 ONE FAMILY DWELLINGS,1,4472,8,A1,3-16 149TH STREET,,11357.0,1.0,0.0,1.0,4000.0,2096.0,1945.0,1,A1,990000,2023-05-05,40.796899,-73.819852,407.0,19.0,4101800.0,4044720008.0,973.0,QN0702,2023,5,True,ONE FAMILY DWELLINGS
Queens,WHITESTONE,02 TWO FAMILY DWELLINGS,1,4688,8,B1,19-15 150TH STREET,,11357.0,2.0,0.0,2.0,4750.0,2598.0,1930.0,1,B1,1600000,2023-05-05,40.781821,-73.814119,407.0,19.0,4106446.0,4046880008.0,1033.0,QN0702,2023,5,True,TWO FAMILY DWELLINGS
Queens,WOODHAVEN,01 ONE FAMILY DWELLINGS,1,8860,26,A1,85-40 86TH STREET,,11421.0,1.0,0.0,1.0,2000.0,1568.0,1920.0,1,A1,670000,2023-05-05,40.694692,-73.858786,409.0,32.0,4181711.0,4088600026.0,12.0,QN0905,2023,5,True,ONE FAMILY DWELLINGS
Queens,WOODSIDE,10 COOPS - ELEVATOR APARTMENTS,2,1111,1,D4,"55-03 31ST AVENUE, 2O",,11377.0,,,,,,1935.0,2,D4,275000,2023-05-05,40.757113,-73.906275,401.0,22.0,4431251.0,4011110001.0,295.0,QN0104,2023,5,True,COOPS - ELEVATOR APARTMENTS
Bronx,FIELDSTON,10 COOPS - ELEVATOR APARTMENTS,2,5803,965,D4,"4414 CAYUGA AVENUE, 6E",,10471.0,,,,,,1930.0,2,D4,170000,2023-05-08,40.891826,-73.899147,208.0,11.0,2084221.0,2058030965.0,351.0,BX0803,2023,5,True,COOPS - ELEVATOR APARTMENTS
Bronx,FORDHAM,10 COOPS - ELEVATOR APARTMENTS,2,3173,13,D4,"2420 MORRIS AVE, 6B",,10468.0,,,,,,1955.0,2,D4,240000,2023-05-08,40.860979,-73.900264,205.0,14.0,2013904.0,2031730013.0,23703.0,BX0503,2023,5,True,COOPS - ELEVATOR APARTMENTS
Bronx,MORRISANIA/LONGWOOD,01 ONE FAMILY DWELLINGS,1,2661,126,A5,1146 FOREST AVENUE,,10456.0,1.0,0.0,1.0,2850.0,1320.0,1987.0,1,A5,569000,2023-05-08,40.827901,-73.902168,203.0,17.0,2100743.0,2026610126.0,135.0,BX0301,2023,5,True,ONE FAMILY DWELLINGS
Brooklyn,BEDFORD STUYVESANT,15 CONDOS - 2-10 UNIT RESIDENTIAL,2C,1662,1101,R1,"674 HANCOCK STREET, 1A",1A,11233.0,1.0,,1.0,,,2020.0,2,R1,778961,2023-07-14,40.685029,-73.928269,303.0,36.0,3046209.0,3016627501.0,383.0,BK0302,2023,7,True,CONDOS - 2-10 UNIT RESIDENTIAL
Brooklyn,BEDFORD STUYVESANT,15 CONDOS - 2-10 UNIT RESIDENTIAL,2C,1841,1003,R1,"355A HALSEY STREET, 3",3,11216.0,1.0,,1.0,,,1899.0,2,R1,950000,2023-07-14,40.683097,-73.938702,303.0,36.0,3052907.0,3018417501.0,275.0,BK0302,2023,7,True,CONDOS - 2-10 UNIT RESIDENTIAL
Brooklyn,BOERUM HILL,44 CONDO PARKING,4,180,1115,RG,"556 STATE STREET, P15",P15,11217.0,,1.0,1.0,,,,4,RG,189000,2023-07-14,40.685382,-73.978784,302.0,33.0,3388709.0,3001807502.0,39.0,BK0202,2023,7,True,CONDO PARKING
Brooklyn,BRIGHTON BEACH,13 CONDOS - ELEVATOR APARTMENTS,2,8676,1214,R4,"3037 BRIGHTON 6 STREET, 14",14,11235.0,1.0,,1.0,,,2006.0,2,R4,985000,2023-07-14,40.578646,-73.961834,313.0,48.0,3398177.0,3086767502.0,362.0,BK1303,2023,7,True,CONDOS - ELEVATOR APARTMENTS
Brooklyn,BRIGHTON BEACH,10 COOPS - ELEVATOR APARTMENTS,2,8689,55,D4,"3130 BRIGHTON 6 STREET, 6D",,11235.0,,,,,,1930.0,2,D4,430000,2023-07-14,40.576445,-73.961256,313.0,48.0,3245101.0,3086890055.0,36002.0,BK1303,2023,7,True,COOPS - ELEVATOR APARTMENTS
Brooklyn,BUSHWICK,02 TWO FAMILY DWELLINGS,1,3295,29,B2,11 BLEECKER STREET,,11221.0,2.0,0.0,2.0,2500.0,2000.0,1901.0,1,B2,999500,2023-07-14,40.69298,-73.923338,304.0,37.0,3075340.0,3032950029.0,395.0,BK0402,2023,7,True,TWO FAMILY DWELLINGS
Brooklyn,BUSHWICK,02 TWO FAMILY DWELLINGS,1,3447,15,B1,190 MOFFAT STREET,,11207.0,2.0,0.0,2.0,2000.0,2200.0,1915.0,1,B1,1750000,2023-07-14,40.687953,-73.905993,304.0,37.0,3080158.0,3034470015.0,411.0,BK0402,2023,7,True,TWO FAMILY DWELLINGS
Brooklyn,CANARSIE,02 TWO FAMILY DWELLINGS,1,8247,14,B1,1161 EAST 101 STREET,,11236.0,2.0,0.0,2.0,2000.0,1540.0,1955.0,1,B1,1109610,2023-07-14,40.641406,-73.8929,318.0,46.0,3232086.0,3082470014.0,1014.0,BK1803,2023,7,True,TWO FAMILY DWELLINGS
Brooklyn,CARROLL GARDENS,13 CONDOS - ELEVATOR APARTMENTS,2,478,1321,R4,"527 COURT STREET, 4C",4C,11231.0,1.0,,1.0,,,2010.0,2,R4,580000,2023-07-14,40.674849,-73.99951,306.0,39.0,3396859.0,3004787503.0,77.0,BK0601,2023,7,True,CONDOS - ELEVATOR APARTMENTS
Brooklyn,CROWN HEIGHTS,13 CONDOS - ELEVATOR APARTMENTS,2,1190,1009,R4,"12 CROWN STREET, A09",A09,11225.0,1.0,,1.0,,,1930.0,2,R4,790000,2023-07-14,40.667583,-73.96139,309.0,35.0,3029720.0,3011907501.0,213.0,BK0901,2023,7,True,CONDOS - ELEVATOR APARTMENTS
Brooklyn,CROWN HEIGHTS,10 COOPS - ELEVATOR APARTMENTS,2,1424,49,D4,"897 EMPIRE BOULEVARD, B6",,11213.0,,,,,,1931.0,2,D4,175000,2023-07-14,40.663524,-73.932683,309.0,41.0,3038411.0,3014240049.0,355.0,BK0901,2023,7,True,COOPS - ELEVATOR APARTMENTS
Brooklyn,CROWN HEIGHTS,15 CONDOS - 2-10 UNIT RESIDENTIAL,2C,1373,1005,R1,"1489 STERLING PLACE, 3A",3A,11213.0,1.0,,1.0,,,1901.0,2,R1,519000,2023-07-14,40.671405,-73.929445,308.0,36.0,3036574.0,3013737501.0,347.0,BK0802,2023,7,True,CONDOS - 2-10 UNIT RESIDENTIAL
Brooklyn,CROWN HEIGHTS,12 CONDOS - WALKUP APARTMENTS,2,1190,1162,R2,"111 MONTGOMERY STREET, 5D",5D,11225.0,1.0,,1.0,,,2018.0,2,R2,494000,2023-07-14,40.666575,-73.961012,309.0,35.0,3427012.0,3011907502.0,213.0,BK0901,2023,7,True,CONDOS - WALKUP APARTMENTS
Brooklyn,DYKER HEIGHTS,02 TWO FAMILY DWELLINGS,1,6178,121,B3,1338 71ST STREET,,11228.0,2.0,0.0,2.0,1808.0,1188.0,1930.0,1,B3,970000,2023-07-14,40.622017,-74.004135,310.0,38.0,3157705.0,3061780121.0,196.0,BK1002,2023,7,True,TWO FAMILY DWELLINGS
Brooklyn,DOWNTOWN-FULTON MALL,13 CONDOS - ELEVATOR APARTMENTS,2,164,1123,R4,"189 SCHERMERHORN STREET, 3G",3G,11201.0,1.0,,1.0,,,2007.0,2,R4,875000,2023-07-14,40.689165,-73.986503,302.0,33.0,3392981.0,3001647502.0,37.0,BK0202,2023,7,True,CONDOS - ELEVATOR APARTMENTS
Brooklyn,DOWNTOWN-METROTECH,13 CONDOS - ELEVATOR APARTMENTS,2,2060,1239,R4,"150 MYRTLE AVENUE, 3603",3603,11201.0,1.0,,1.0,,,2007.0,2,R4,2087500,2023-07-14,40.693606,-73.98308,302.0,35.0,3394020.0,3020607501.0,1502.0,BK0202,2023,7,True,CONDOS - ELEVATOR APARTMENTS
Brooklyn,FORT GREENE,02 TWO FAMILY DWELLINGS,1,2097,27,B1,19 ST FELIX STREET,,11217.0,2.0,0.0,2.0,1417.0,3133.0,2021.0,1,B1,4338188,2023-07-14,40.689059,-73.977781,302.0,35.0,3429503.0,3020970027.0,33.0,BK0203,2023,7,True,TWO FAMILY DWELLINGS
Brooklyn,FLATLANDS,02 TWO FAMILY DWELLINGS,1,7803,74,B1,1186 EAST 56TH STREET,,11234.0,2.0,0.0,2.0,2383.0,2478.0,1965.0,1,B1,690000,2023-07-14,40.626819,-73.921916,318.0,46.0,3216700.0,3078030074.0,678.0,BK1801,2023,7,True,TWO FAMILY DWELLINGS
Brooklyn,GOWANUS,02 TWO FAMILY DWELLINGS,1,451,4,B9,355 HOYT STREET,,11231.0,2.0,0.0,2.0,1371.0,2360.0,1899.0,1,B9,2675000,2023-07-14,40.679273,-73.992739,306.0,39.0,3007623.0,3004510004.0,77.0,BK0601,2023,7,True,TWO FAMILY DWELLINGS
Brooklyn,GOWANUS,04 TAX CLASS 1 CONDOS,1C,1033,1103,R6,"177 14TH ST, 3",3,11215.0,1.0,,1.0,,,1899.0,1,R6,1480000,2023-07-14,40.667619,-73.991799,306.0,38.0,3023366.0,3010337502.0,117.0,BK0601,2023,7,True,TAX CLASS 1 CONDOS
Brooklyn,GREENPOINT,02 TWO FAMILY DWELLINGS,1,2649,51,B1,176 ECKFORD STREET,,11222.0,2.0,0.0,2.0,1667.0,1680.0,1901.0,1,B1,2236000,2023-07-14,40.72535,-73.949649,301.0,33.0,3066218.0,3026490051.0,571.0,BK0101,2023,7,True,TWO FAMILY DWELLINGS
Brooklyn,GREENPOINT,13 CONDOS - ELEVATOR APARTMENTS,2,2719,1023,R4,"450 MANHATTAN AVENUE, 6B",6B,11222.0,1.0,,1.0,,,2006.0,2,R4,1595000,2023-07-14,40.719846,-73.947254,301.0,33.0,3392586.0,3027197501.0,499.0,BK0101,2023,7,True,CONDOS - ELEVATOR APARTMENTS
Brooklyn,GREENPOINT,03 THREE FAMILY DWELLINGS,1,2689,18,C0,69 SUTTON STREET,,11222.0,3.0,0.0,3.0,1750.0,2562.0,1899.0,1,C0,2498000,2023-07-14,40.725104,-73.940605,301.0,33.0,3067195.0,3026890018.0,591.0,BK0101,2023,7,True,THREE FAMILY DWELLINGS
Brooklyn,MARINE PARK,01 ONE FAMILY DWELLINGS,1,7696,38,A9,1565 EAST 34TH STREET,,11234.0,1.0,0.0,1.0,1800.0,1092.0,1925.0,1,A9,705000,2023-07-14,40.616582,-73.94145,318.0,45.0,3211693.0,3076960038.0,646.0,BK1802,2023,7,True,ONE FAMILY DWELLINGS
Brooklyn,MADISON,13 CONDOS - ELEVATOR APARTMENTS,2,6782,1602,R4,"1657 EAST 19TH STREET, 2A",2A,11229.0,1.0,,1.0,,,2021.0,2,R4,441090,2023-07-14,40.609547,-73.954548,315.0,48.0,3182539.0,3067820063.0,550.0,BK1502,2023,7,True,CONDOS - ELEVATOR APARTMENTS
Brooklyn,MARINE PARK,10 COOPS - ELEVATOR APARTMENTS,2,8818,43,D4,"2265 GERRITSEN AVENUE, 6K",,11229.0,,,,,,1962.0,2,D4,55000,2023-07-14,40.600603,-73.933754,315.0,46.0,3248245.0,3088180043.0,632.0,BK1503,2023,7,True,COOPS - ELEVATOR APARTMENTS
Brooklyn,OCEAN HILL,07 RENTALS - WALKUP APARTMENTS,2A,1509,66,C2,375 CHAUNCEY STREET,,11233.0,6.0,0.0,6.0,2600.0,5460.0,1906.0,2,C2,2235000,2023-07-14,40.681595,-73.91914,303.0,41.0,3040877.0,3015090066.0,379.0,BK0302,2023,7,True,RENTALS - WALKUP APARTMENTS
Brooklyn,PARK SLOPE SOUTH,13 CONDOS - ELEVATOR APARTMENTS,2,1052,1258,R4,"575 4TH AVENUE, 8F",8F,11215.0,1.0,,1.0,,,2018.0,2,R4,1525000,2023-07-14,40.66578,-73.992528,307.0,38.0,3428584.0,3010527503.0,14102.0,BK0701,2023,7,True,CONDOS - ELEVATOR APARTMENTS
Brooklyn,PARK SLOPE,09 COOPS - WALKUP APARTMENTS,2C,1095,3,C6,"1017 8TH AVENUE, 4",,11215.0,,,,,,1960.0,2,C6,1515000,2023-07-14,40.664991,-73.979843,306.0,39.0,3026186.0,3010950003.0,167.0,BK0602,2023,7,True,COOPS - WALKUP APARTMENTS
Brooklyn,PARK SLOPE,13 CONDOS - ELEVATOR APARTMENTS,2,961,1007,R4,"560 CARROLL STREET, 2C",2C,11215.0,1.0,,1.0,,,2007.0,2,R4,880000,2023-07-14,40.675927,-73.983355,306.0,39.0,3397513.0,3009617502.0,133.0,BK0602,2023,7,True,CONDOS - ELEVATOR APARTMENTS
Brooklyn,PARK SLOPE,10 COOPS - ELEVATOR APARTMENTS,2,1073,41,D4,"35 PROSPECT PARK WEST, 13D",,11215.0,,,,,,1929.0,2,D4,2880000,2023-07-14,40.670229,-73.972163,306.0,39.0,3025018.0,3010730041.0,165.0,BK0602,2023,7,True,COOPS - ELEVATOR APARTMENTS
Brooklyn,RED HOOK,02 TWO FAMILY DWELLINGS,1,587,110,B2,101 DIKEMAN STREET,,11231.0,2.0,0.0,2.0,1138.0,1320.0,1899.0,1,B2,1615000,2023-07-14,40.676569,-74.013235,306.0,38.0,3008736.0,3005870110.0,5301.0,BK0601,2023,7,True,TWO FAMILY DWELLINGS
Brooklyn,PROSPECT HEIGHTS,12 CONDOS - WALKUP APARTMENTS,2,1145,1123,R2,"658 BERGEN STREET, 4E",4E,11238.0,1.0,,1.0,,,2007.0,2,R2,1525000,2023-07-14,40.67928,-73.967584,308.0,35.0,3395388.0,3011457502.0,205.0,BK0801,2023,7,True,CONDOS - WALKUP APARTMENTS
Brooklyn,SHEEPSHEAD BAY,01 ONE FAMILY DWELLINGS,1,7433,120,A5,23 MARGARET CT,,11235.0,1.0,0.0,1.0,1250.0,1170.0,1920.0,1,A5,25000,2023-07-14,40.588899,-73.957425,315.0,48.0,3203912.0,3074330120.0,588.0,BK1501,2023,7,True,ONE FAMILY DWELLINGS
Brooklyn,WILLIAMSBURG-EAST,47 CONDO NON-BUSINESS STORAGE,4,2754,1221,RS,"154 SKILLMAN AVENUE, S5",S5,11211.0,,1.0,1.0,,,2007.0,4,RS,1100000,2023-07-14,40.715887,-73.945075,301.0,34.0,3391589.0,3027547504.0,497.0,BK0104,2023,7,True,CONDO NON-BUSINESS STORAGE
Brooklyn,WILLIAMSBURG-EAST,15 CONDOS - 2-10 UNIT RESIDENTIAL,2C,2776,1101,R1,"143 POWERS ST, 1",1,11211.0,1.0,,1.0,,,2021.0,2,R1,2250000,2023-07-14,40.712297,-73.944981,301.0,34.0,3428944.0,3027767502.0,495.0,BK0104,2023,7,True,CONDOS - 2-10 UNIT RESIDENTIAL
Brooklyn,WILLIAMSBURG-NORTH,07 RENTALS - WALKUP APARTMENTS,2A,2310,22,C3,118 NORTH 9TH STREET,,11249.0,4.0,0.0,4.0,2500.0,4000.0,1900.0,2,C3,4275000,2023-07-14,40.720001,-73.958257,301.0,33.0,3061751.0,3023100022.0,557.0,BK0102,2023,7,True,RENTALS - WALKUP APARTMENTS
Manhattan,ALPHABET CITY,07 RENTALS - WALKUP APARTMENTS,2B,402,44,C4,543 EAST 6 STREET,,10009.0,8.0,1.0,9.0,1820.0,7083.0,1930.0,2,C4,3250000,2023-07-14,40.725039,-73.982906,103.0,2.0,1005101.0,1004020044.0,32.0,MN0303,2023,7,True,RENTALS - WALKUP APARTMENTS
Brooklyn,WINDSOR TERRACE,10 COOPS - ELEVATOR APARTMENTS,2,5268,18,D4,"202 SEELEY ST, 4E",,11218.0,,,,,,1931.0,2,D4,940000,2023-07-14,40.655002,-73.975204,307.0,39.0,3122187.0,3052680018.0,50202.0,BK0701,2023,7,True,COOPS - ELEVATOR APARTMENTS
Manhattan,CHELSEA,13 CONDOS - ELEVATOR APARTMENTS,2,694,1132,R4,"555 WEST 22ND STREET, 5HW",5HW,10011.0,1.0,,1.0,,,2019.0,2,R4,6104250,2023-07-14,40.74756,-74.005919,104.0,3.0,1012322.0,1006947502.0,9901.0,MN0401,2023,7,True,CONDOS - ELEVATOR APARTMENTS
Manhattan,CHELSEA,10 COOPS - ELEVATOR APARTMENTS,2,799,35,D4,"101 WEST 23RD STREET, 3F",,10011.0,,,,,,1958.0,2,D4,259890,2023-07-14,40.743097,-73.993226,104.0,3.0,1014954.0,1007990035.0,91.0,MN0401,2023,7,True,COOPS - ELEVATOR APARTMENTS
Manhattan,CHELSEA,13 CONDOS - ELEVATOR APARTMENTS,2,694,1165,R4,"555 WEST 22ND STREET, 8EW",8EW,10011.0,1.0,,1.0,,,2019.0,2,R4,4900000,2023-07-14,40.74756,-74.005919,104.0,3.0,1012322.0,1006947502.0,9901.0,MN0401,2023,7,True,CONDOS - ELEVATOR APARTMENTS
Manhattan,CHELSEA,17 CONDO COOPS,2,721,1062,R9,"470 WEST 24 STREET, 8E",,10011.0,,,,,,,2,R9,903748,2023-07-14,40.747926,-74.0027,104.0,3.0,1067979.0,1007217501.0,93.0,MN0401,2023,7,True,CONDO COOPS
Manhattan,FINANCIAL,13 CONDOS - ELEVATOR APARTMENTS,2,18,1378,R4,"88 GREENWICH STREET, 2106",2106,10006.0,1.0,,1.0,,,1956.0,2,R4,1020000,2023-07-14,40.707731,-74.013706,101.0,1.0,1000794.0,1000187501.0,13.0,MN0101,2023,7,True,CONDOS - ELEVATOR APARTMENTS
Manhattan,EAST VILLAGE,07 RENTALS - WALKUP APARTMENTS,2,434,45,C1,425 EAST 6TH STREET,,10009.0,18.0,0.0,18.0,2270.0,9648.0,1920.0,2,C1,3000000,2023-07-14,40.726107,-73.985449,103.0,2.0,1005805.0,1004340045.0,32.0,MN0303,2023,7,True,RENTALS - WALKUP APARTMENTS
Manhattan,FINANCIAL,14 RENTALS - 4-10 UNIT,2A,29,47,S9,53 STONE STREET,,10004.0,4.0,2.0,6.0,1738.0,8690.0,1900.0,2,S9,15100000,2023-07-14,40.704407,-74.010247,101.0,1.0,1000845.0,1000290047.0,9.0,MN0101,2023,7,True,RENTALS - 4-10 UNIT
Manhattan,GRAMERCY,13 CONDOS - ELEVATOR APARTMENTS,2,900,1157,R4,"225 EAST 19TH STREET, 403",403,10003.0,1.0,,1.0,,,1920.0,2,R4,2225000,2023-07-14,40.735935,-73.983867,106.0,2.0,1090879.0,1009007501.0,64.0,MN0602,2023,7,True,CONDOS - ELEVATOR APARTMENTS
Manhattan,FINANCIAL,14 RENTALS - 4-10 UNIT,2A,29,46,S3,55 STONE STREET,,10004.0,3.0,1.0,4.0,1502.0,6008.0,1913.0,2,S3,15100000,2023-07-14,40.704424,-74.010221,101.0,1.0,1000844.0,1000290046.0,9.0,MN0101,2023,7,True,RENTALS - 4-10 UNIT
Manhattan,GRAMERCY,13 CONDOS - ELEVATOR APARTMENTS,2,874,1311,R4,"220 3 AVENUE, 3C",3C,10003.0,1.0,,1.0,,,1901.0,2,R4,1075000,2023-07-14,40.73624,-73.985047,106.0,2.0,1088759.0,1008747504.0,50.0,MN0602,2023,7,True,CONDOS - ELEVATOR APARTMENTS
Manhattan,GREENWICH VILLAGE-CENTRAL,01 ONE FAMILY DWELLINGS,1,576,60,A4,35 WEST 12TH STREET,,10011.0,1.0,0.0,1.0,983.0,2184.0,1901.0,1,A4,5750000,2023-07-14,40.735193,-73.995793,102.0,2.0,1009628.0,1005760060.0,63.0,MN0202,2023,7,True,ONE FAMILY DWELLINGS
Manhattan,GRAMERCY,10 COOPS - ELEVATOR APARTMENTS,2,880,42,D4,"330 THIRD AVE, 17K",,10010.0,,,,,,1964.0,2,D4,310000,2023-07-14,40.739811,-73.982451,106.0,2.0,1018079.0,1008800042.0,68.0,MN0602,2023,7,True,COOPS - ELEVATOR APARTMENTS
Manhattan,FLATIRON,13 CONDOS - ELEVATOR APARTMENTS,2,825,1124,R4,"39 WEST 23RD STREET, 12B",12B,10010.0,1.0,,1.0,,,2018.0,2,R4,2360000,2023-07-14,40.742131,-73.990931,105.0,3.0,1091569.0,1008257502.0,58.0,MN0501,2023,7,True,CONDOS - ELEVATOR APARTMENTS
Manhattan,GREENWICH VILLAGE-WEST,13 CONDOS - ELEVATOR APARTMENTS,2,625,1164,R4,"299 WEST 12TH STREET, 16J",16J,10014.0,1.0,,1.0,,,1930.0,2,R4,2625000,2023-07-14,40.737556,-74.005041,102.0,3.0,1011455.0,1006257501.0,77.0,MN0203,2023,7,True,CONDOS - ELEVATOR APARTMENTS
Manhattan,GREENWICH VILLAGE-CENTRAL,13 CONDOS - ELEVATOR APARTMENTS,2,539,1119,R4,"209 SULLIVAN STREET, 6-B",6-B,10012.0,1.0,,1.0,,,1910.0,2,R4,3100000,2023-07-14,40.729212,-74.000072,102.0,2.0,1089865.0,1005397501.0,65.0,MN0202,2023,7,True,CONDOS - ELEVATOR APARTMENTS
Manhattan,INWOOD,10 COOPS - ELEVATOR APARTMENTS,2,2243,289,D4,"100 PARK TERRACE WEST, 4M",,10034.0,,,,,,1951.0,2,D4,481000,2023-07-14,40.871943,-73.916497,112.0,10.0,1065021.0,1022430289.0,307.0,MN1203,2023,7,True,COOPS - ELEVATOR APARTMENTS
Manhattan,KIPS BAY,13 CONDOS - ELEVATOR APARTMENTS,2,936,2026,R4,"343 EAST 30TH STREET, 2-L",2-L,10016.0,1.0,,1.0,,,1962.0,2,R4,1550000,2023-07-14,40.741679,-73.97628,106.0,4.0,1083120.0,1009367501.0,7001.0,MN0603,2023,7,True,CONDOS - ELEVATOR APARTMENTS
Manhattan,HARLEM-WEST,09 COOPS - WALKUP APARTMENTS,2,2071,30,C6,"1608 AMSTERDAM AVE, 5C",,10031.0,,,,,,1910.0,2,C6,370000,2023-07-14,40.821641,-73.950248,109.0,7.0,1061736.0,1020710030.0,225.0,MN0903,2023,7,True,COOPS - WALKUP APARTMENTS
Manhattan,KIPS BAY,13 CONDOS - ELEVATOR APARTMENTS,2,969,1006,R4,"415 EAST 37TH STREET, 5E",5E,10016.0,1.0,,1.0,,,1988.0,2,R4,765000,2023-07-14,40.745564,-73.971822,106.0,4.0,1076168.0,1009697501.0,8601.0,MN0603,2023,7,True,CONDOS - ELEVATOR APARTMENTS
Manhattan,MIDTOWN EAST,13 CONDOS - ELEVATOR APARTMENTS,2,1331,1057,R4,"200 EAST 58TH STREET, 14D",14D,10022.0,1.0,,1.0,,,,2,R4,920000,2023-07-14,40.760774,-73.966704,106.0,4.0,1076271.0,1013317501.0,10803.0,MN0604,2023,7,True,CONDOS - ELEVATOR APARTMENTS
Manhattan,MIDTOWN EAST,10 COOPS - ELEVATOR APARTMENTS,2,1367,1,D4,"400 EAST 56TH STREET, 7J",,10022.0,,,,,,1969.0,2,D4,619000,2023-07-14,40.757576,-73.963283,106.0,4.0,1040460.0,1013670001.0,10601.0,MN0604,2023,7,True,COOPS - ELEVATOR APARTMENTS
Manhattan,MIDTOWN WEST,13 CONDOS - ELEVATOR APARTMENTS,2,1042,1136,R4,"310 WEST 52ND STREET, 7D",7D,10019.0,1.0,,1.0,,,2005.0,2,R4,1025000,2023-07-14,40.76374,-73.98568,104.0,3.0,1087538.0,1010427502.0,133.0,MN0402,2023,7,True,CONDOS - ELEVATOR APARTMENTS
Manhattan,MURRAY HILL,09 COOPS - WALKUP APARTMENTS,2C,886,14,C6,"119 EAST 30TH STREET, 3/4",,10016.0,,,,,,1920.0,2,C6,2995000,2023-07-14,40.74415,-73.982176,105.0,2.0,1018301.0,1008860014.0,72.0,MN0603,2023,7,True,COOPS - WALKUP APARTMENTS
Manhattan,TRIBECA,08 RENTALS - ELEVATOR APARTMENTS,2,16,195,D8,"315-325 NORTH END AVENUE, 6E",,10282.0,274.0,2.0,276.0,18270.0,356483.0,2004.0,2,D8,880583,2023-07-14,40.716593,-74.014787,101.0,1.0,1086507.0,1000160195.0,31703.0,MN0101,2023,7,True,RENTALS - ELEVATOR APARTMENTS
Manhattan,TRIBECA,08 RENTALS - ELEVATOR APARTMENTS,2,16,195,D8,"315-325 NORTH END AVENUE, 15C",,10282.0,274.0,2.0,276.0,18270.0,356483.0,2004.0,2,D8,864494,2023-07-14,40.716593,-74.014787,101.0,1.0,1086507.0,1000160195.0,31703.0,MN0101,2023,7,True,RENTALS - ELEVATOR APARTMENTS
Manhattan,TRIBECA,08 RENTALS - ELEVATOR APARTMENTS,2,16,195,D8,"315-325 NORTH END AVENUE, 4A",,10282.0,274.0,2.0,276.0,18270.0,356483.0,2004.0,2,D8,1582361,2023-07-14,40.716593,-74.014787,101.0,1.0,1086507.0,1000160195.0,31703.0,MN0101,2023,7,True,RENTALS - ELEVATOR APARTMENTS
Manhattan,UPPER EAST SIDE (79-96),07 RENTALS - WALKUP APARTMENTS,2,1510,45,C5,164 EAST 82ND STREET,,10028.0,20.0,0.0,20.0,2554.0,9835.0,1920.0,2,C5,17550741,2023-07-14,40.776608,-73.95677,108.0,4.0,1047577.0,1015100045.0,140.0,MN0802,2023,7,True,RENTALS - WALKUP APARTMENTS
Manhattan,UPPER EAST SIDE (79-96),07 RENTALS - WALKUP APARTMENTS,2,1510,46,C5,162 EAST 82ND STREET,,10028.0,17.0,0.0,17.0,2554.0,9835.0,1920.0,2,C5,17550741,2023-07-14,40.776625,-73.95681,108.0,4.0,1047578.0,1015100046.0,140.0,MN0802,2023,7,True,RENTALS - WALKUP APARTMENTS
Manhattan,UPPER EAST SIDE (59-79),13 CONDOS - ELEVATOR APARTMENTS,2,1461,1121,R4,"400 EAST 67TH STREET, 27C",27C,10065.0,1.0,,1.0,,,2006.0,2,R4,4550000,2023-07-14,40.764285,-73.958312,108.0,5.0,1087926.0,1014617501.0,116.0,MN0801,2023,7,True,CONDOS - ELEVATOR APARTMENTS
Manhattan,UPPER EAST SIDE (59-79),13 CONDOS - ELEVATOR APARTMENTS,2,1412,1174,R4,"188 EAST 78TH STREET, PH B",PH B,10075.0,1.0,,1.0,,,,2,R4,4120000,2023-07-14,40.773785,-73.958245,108.0,4.0,1082192.0,1014127502.0,140.0,MN0802,2023,7,True,CONDOS - ELEVATOR APARTMENTS
Manhattan,UPPER EAST SIDE (59-79),47 CONDO NON-BUSINESS STORAGE,4,1412,1194,RS,"188 EAST 78TH STREET, CEL20",CEL20,10075.0,,1.0,1.0,,,,4,RS,20000,2023-07-14,40.773785,-73.958245,108.0,4.0,1082192.0,1014127502.0,140.0,MN0802,2023,7,True,CONDO NON-BUSINESS STORAGE
Manhattan,UPPER EAST SIDE (79-96),10 COOPS - ELEVATOR APARTMENTS,2,1524,44,D4,"166 EAST 96TH STREET, 16A",,10128.0,,,,,,1928.0,2,D4,1112500,2023-07-14,40.785512,-73.950113,108.0,5.0,1048493.0,1015240044.0,15801.0,MN0802,2023,7,True,COOPS - ELEVATOR APARTMENTS
Manhattan,UPPER EAST SIDE (79-96),13 CONDOS - ELEVATOR APARTMENTS,2,1516,1230,R4,"180 EAST 88TH STREET, 24A",24A,10128.0,1.0,,1.0,,,2017.0,2,R4,3115000,2023-07-14,40.780378,-73.953652,108.0,5.0,1000000.0,1015167503.0,14802.0,MN0802,2023,7,True,CONDOS - ELEVATOR APARTMENTS
Manhattan,UPPER WEST SIDE (59-79),13 CONDOS - ELEVATOR APARTMENTS,2,1113,1133,R4,"30 WEST 61ST STREET, 26A",26A,10023.0,1.0,,1.0,,,,2,R4,5150000,2023-07-14,40.769998,-73.982739,107.0,6.0,1027195.0,1011137501.0,145.0,MN0701,2023,7,True,CONDOS - ELEVATOR APARTMENTS
Manhattan,UPPER WEST SIDE (59-79),10 COOPS - ELEVATOR APARTMENTS,2,1125,24,D4,"15 WEST 72ND STREET, 14GH",,10023.0,,,,,,1964.0,2,D4,2145000,2023-07-14,40.77671,-73.977102,107.0,6.0,1028636.0,1011250024.0,157.0,MN0701,2023,7,True,COOPS - ELEVATOR APARTMENTS
Manhattan,UPPER WEST SIDE (59-79),13 CONDOS - ELEVATOR APARTMENTS,2,1131,1006,R4,"2 COLUMBUS AVENUE, 3A",3A,10023.0,1.0,,1.0,,,,2,R4,1360000,2023-07-14,40.769476,-73.985122,107.0,6.0,1085729.0,1011317501.0,145.0,MN0701,2023,7,True,CONDOS - ELEVATOR APARTMENTS
Manhattan,UPPER WEST SIDE (59-79),10 COOPS - ELEVATOR APARTMENTS,2,1124,46,D4,"20 WEST 72ND STREET, 1101",,10023.0,,,,,,1925.0,2,D4,840000,2023-07-14,40.776727,-73.977188,107.0,6.0,1028620.0,1011240046.0,157.0,MN0701,2023,7,True,COOPS - ELEVATOR APARTMENTS
Manhattan,UPPER WEST SIDE (59-79),10 COOPS - ELEVATOR APARTMENTS,2,1179,19,D4,"303 WEST 66TH ST, 16JE",,10023.0,,,,,,1962.0,2,D4,960000,2023-07-14,40.776108,-73.987432,107.0,6.0,1030923.0,1011790019.0,15502.0,MN0701,2023,7,True,COOPS - ELEVATOR APARTMENTS
Manhattan,UPPER WEST SIDE (59-79),10 COOPS - ELEVATOR APARTMENTS,2,1179,19,D4,"303 WEST 66TH STREET, 9LW",,10023.0,,,,,,1962.0,2,D4,736000,2023-07-14,40.776108,-73.987432,107.0,6.0,1030923.0,1011790019.0,15502.0,MN0701,2023,7,True,COOPS - ELEVATOR APARTMENTS
Manhattan,UPPER WEST SIDE (59-79),13 CONDOS - ELEVATOR APARTMENTS,2,1115,1860,R4,"30 WEST 63RD STREET, 16N",16N,10023.0,1.0,,1.0,,,1979.0,2,R4,1733025,2023-07-14,40.77109,-73.981454,107.0,6.0,1027463.0,1011157503.0,149.0,MN0701,2023,7,True,CONDOS - ELEVATOR APARTMENTS
Manhattan,UPPER EAST SIDE (79-96),13 CONDOS - ELEVATOR APARTMENTS,2,1584,1060,R4,"170 EAST END AVENUE, 7E",7E,10128.0,1.0,,1.0,,,2005.0,2,R4,4250000,2023-07-14,40.776035,-73.943978,108.0,5.0,1087742.0,1015847501.0,14402.0,MN0803,2023,7,True,CONDOS - ELEVATOR APARTMENTS
Manhattan,UPPER WEST SIDE (59-79),13 CONDOS - ELEVATOR APARTMENTS,2,1167,1235,R4,"235 WEST 75TH STREET, 421",421,10023.0,1.0,,1.0,,,1901.0,2,R4,1475000,2023-07-14,40.781248,-73.981819,107.0,6.0,1079377.0,1011677503.0,163.0,MN0702,2023,7,True,CONDOS - ELEVATOR APARTMENTS
Manhattan,UPPER WEST SIDE (59-79),13 CONDOS - ELEVATOR APARTMENTS,2,1169,1305,R4,"378 WEST END AVENUE, 2B",2B,10024.0,1.0,,1.0,,,1967.0,2,R4,7975000,2023-07-14,40.783559,-73.981721,107.0,6.0,1090883.0,1011697504.0,163.0,MN0702,2023,7,True,CONDOS - ELEVATOR APARTMENTS
Manhattan,UPPER WEST SIDE (59-79),13 CONDOS - ELEVATOR APARTMENTS,2,1169,1227,R4,"221 WEST 77TH STREET, THE",THE,10024.0,1.0,,1.0,,,2015.0,2,R4,9000000,2023-07-14,40.782211,-73.980158,107.0,6.0,1090726.0,1011697503.0,163.0,MN0702,2023,7,True,CONDOS - ELEVATOR APARTMENTS
Manhattan,UPPER WEST SIDE (79-96),07 RENTALS - WALKUP APARTMENTS,2A,1219,26,C2,"109 WEST 88TH STREET, 1A",,10024.0,5.0,0.0,5.0,2013.0,7850.0,1910.0,2,C2,920000,2023-07-14,40.788048,-73.971807,107.0,6.0,1032304.0,1012190026.0,173.0,MN0702,2023,7,True,RENTALS - WALKUP APARTMENTS
Manhattan,UPPER WEST SIDE (59-79),17 CONDO COOPS,2,1179,1212,R9,"185 WEST END AVENUE, 8E",,10023.0,,,,,,1962.0,2,R9,610000,2023-07-14,40.777612,-73.986092,107.0,6.0,1070754.0,1011797502.0,15502.0,MN0701,2023,7,True,CONDO COOPS
Manhattan,UPPER WEST SIDE (59-79),13 CONDOS - ELEVATOR APARTMENTS,2,1171,2565,R4,"50 RIVERSIDE BOULEVARD, 10C",10C,10069.0,1.0,,1.0,,,2013.0,2,R4,5200000,2023-07-14,40.774324,-73.991616,107.0,6.0,1089742.0,1011717509.0,15102.0,MN0701,2023,7,True,CONDOS - ELEVATOR APARTMENTS
Manhattan,UPPER WEST SIDE (96-116),17 CONDO COOPS,2,1874,1002,R9,"235 WEST 102ND STREET, 9L",,10025.0,,,,,,1910.0,2,R9,390000,2023-07-14,40.798669,-73.969437,107.0,7.0,1056558.0,1018747501.0,191.0,MN0703,2023,7,True,CONDO COOPS
Staten Island,BULLS HEAD,01 ONE FAMILY DWELLINGS,1,1702,32,A5,32 ADRIANNE LANE,,10303.0,1.0,0.0,1.0,1469.0,1159.0,1992.0,1,A5,440000,2023-07-14,40.623693,-74.157681,501.0,49.0,5111172.0,5017020032.0,30302.0,SI0107,2023,7,True,ONE FAMILY DWELLINGS
Staten Island,ANNADALE,01 ONE FAMILY DWELLINGS,1,6219,16,A5,94 LORRAIN AVE,,10312.0,1.0,0.0,1.0,1650.0,1700.0,2004.0,1,A5,300000,2023-07-14,40.541567,-74.174365,503.0,51.0,5146154.0,5062190016.0,17005.0,SI0304,2023,7,True,ONE FAMILY DWELLINGS
Staten Island,ELTINGVILLE,01 ONE FAMILY DWELLINGS,1,5612,191,A5,73 MACON AVENUE,,10312.0,1.0,0.0,1.0,840.0,1380.0,1993.0,1,A5,438000,2023-07-14,40.557359,-74.171923,503.0,51.0,5110246.0,5056120191.0,17012.0,SI0302,2023,7,True,ONE FAMILY DWELLINGS
Staten Island,GRYMES HILL,02 TWO FAMILY DWELLINGS,1,615,165,B9,32 JAKE COURT,,10304.0,2.0,0.0,2.0,2780.0,2010.0,2003.0,1,B9,530000,2023-07-14,40.622252,-74.08586,501.0,49.0,5134445.0,5006150165.0,33.0,SI0104,2023,7,True,TWO FAMILY DWELLINGS
Staten Island,GREAT KILLS,12 CONDOS - WALKUP APARTMENTS,2,5491,1040,R2,"131 CORTELYOU AVENUE, 1-2",2-Jan,10312.0,1.0,,1.0,,,1972.0,2,R2,275000,2023-07-14,40.556483,-74.164097,503.0,51.0,5112296.0,5054917501.0,14607.0,SI0302,2023,7,True,CONDOS - WALKUP APARTMENTS
Staten Island,MANOR HEIGHTS,01 ONE FAMILY DWELLINGS,1,767,12,A5,37 LIVINGSTON AVENUE,,10314.0,1.0,0.0,1.0,2000.0,1128.0,1988.0,1,A5,590000,2023-07-14,40.604892,-74.12896,502.0,49.0,5089941.0,5007670012.0,18703.0,SI0203,2023,7,True,ONE FAMILY DWELLINGS
Staten Island,MANOR HEIGHTS,02 TWO FAMILY DWELLINGS,1,769,35,B9,582 WESTWOOD AVE,,10314.0,2.0,0.0,2.0,2123.0,1220.0,1998.0,1,B9,930000,2023-07-14,40.605683,-74.130445,502.0,49.0,5126992.0,5007690035.0,18703.0,SI0203,2023,7,True,TWO FAMILY DWELLINGS
Staten Island,MIDLAND BEACH,05 TAX CLASS 1 VACANT LAND,1B,3856,4,V0,845 QUINCY AVENUE,,10305.0,0.0,0.0,0.0,2000.0,0.0,,1,V0,61095,2023-07-14,40.575255,-74.086372,502.0,50.0,5000000.0,5038560004.0,11201.0,SI0202,2023,7,True,TAX CLASS 1 VACANT LAND
Staten Island,NEW SPRINGVILLE,01 ONE FAMILY DWELLINGS,1,2118,55,A5,191 PARK DRIVE NORTH,,10314.0,1.0,0.0,1.0,2258.0,1232.0,1975.0,1,A5,257500,2023-07-14,40.596799,-74.168204,502.0,51.0,5036023.0,5021180055.0,29106.0,SI0204,2023,7,True,ONE FAMILY DWELLINGS
Staten Island,PRINCES BAY,01 ONE FAMILY DWELLINGS,1,6993,170,A1,81 IDAHO AVENUE,,10309.0,1.0,0.0,1.0,10133.0,1416.0,1930.0,1,A1,745000,2023-07-14,40.52479,-74.213558,503.0,51.0,5085530.0,5069930170.0,20803.0,SI0304,2023,7,True,ONE FAMILY DWELLINGS
Staten Island,PORT IVORY,01 ONE FAMILY DWELLINGS,1,1277,324,A2,171 ARLINGTON PLACE,,10303.0,1.0,0.0,1.0,4360.0,912.0,1960.0,1,A2,530000,2023-07-14,40.635919,-74.169413,501.0,49.0,5028608.0,5012770324.0,31902.0,SI0107,2023,7,True,ONE FAMILY DWELLINGS
Staten Island,ROSSVILLE,04 TAX CLASS 1 CONDOS,1A,7041,1011,R3,"122 GERVIL STREET, N/A",,10309.0,1.0,,1.0,,,1985.0,1,R3,466000,2023-07-14,40.546697,-74.211962,503.0,51.0,5123172.0,5070417501.0,20805.0,SI0303,2023,7,True,TAX CLASS 1 CONDOS
Staten Island,ROSEBANK,01 ONE FAMILY DWELLINGS,1,2991,25,A2,461 CLIFTON AVENUE,,10305.0,1.0,0.0,1.0,4000.0,1050.0,1965.0,1,A2,693000,2023-07-14,40.609795,-74.075936,501.0,49.0,5044191.0,5029910025.0,36.0,SI0103,2023,7,True,ONE FAMILY DWELLINGS
Staten Island,TOTTENVILLE,02 TWO FAMILY DWELLINGS,1,7912,86,B2,119 SWINNERTON STREET,,10307.0,2.0,0.0,2.0,4875.0,3220.0,1988.0,1,B2,400000,2023-07-14,40.505546,-74.246633,503.0,51.0,5095757.0,5079120086.0,24401.0,SI0305,2023,7,True,TWO FAMILY DWELLINGS
Staten Island,WEST NEW BRIGHTON,02 TWO FAMILY DWELLINGS,1,123,15,B3,51 PORTLAND PLACE,,10301.0,2.0,0.0,2.0,3667.0,1156.0,1990.0,1,B3,517000,2023-07-14,40.634286,-74.094497,501.0,49.0,5103874.0,5001230015.0,75.0,SI0104,2023,7,True,TWO FAMILY DWELLINGS
Staten Island,TOTTENVILLE,22 STORE BUILDINGS,4,8047,1,K4,7481 AMBOY ROAD,,10307.0,1.0,2.0,3.0,8349.0,3289.0,1915.0,4,K4,950000,2023-07-14,40.509512,-74.245375,503.0,51.0,5104962.0,5080470001.0,248.0,SI0305,2023,7,True,STORE BUILDINGS
Queens,ASTORIA,13 CONDOS - ELEVATOR APARTMENTS,2,905,1131,R4,"25-40 SHORE BLVD, 6S",6S,11102.0,1.0,,1.0,,,1989.0,2,R4,500000,2023-07-14,40.775801,-73.928785,401.0,22.0,4438544.0,4009057501.0,91.0,QN0102,2023,7,True,CONDOS - ELEVATOR APARTMENTS
Queens,ASTORIA,13 CONDOS - ELEVATOR APARTMENTS,2,579,1308,R4,"31-22 29TH STREET, 4B",4B,11102.0,1.0,,1.0,,,2020.0,2,R4,860000,2023-07-14,40.764521,-73.925541,401.0,22.0,4007117.0,4005797503.0,75.0,QN0103,2023,7,True,CONDOS - ELEVATOR APARTMENTS
Queens,BAYSIDE,13 CONDOS - ELEVATOR APARTMENTS,2,5893,1745,R4,"2 BAY CLUB DRIVE, 10R",10R,11360.0,1.0,,1.0,,,1972.0,2,R4,348000,2023-07-14,40.779194,-73.781044,407.0,19.0,4610766.0,4058937501.0,99704.0,QN0703,2023,7,True,CONDOS - ELEVATOR APARTMENTS
Queens,BRIARWOOD,03 THREE FAMILY DWELLINGS,1,6636,44,C0,135-35 COOLIDGE AVENUE,,11435.0,3.0,0.0,3.0,2000.0,2680.0,1965.0,1,C0,1120000,2023-07-14,40.715231,-73.82293,408.0,24.0,4143606.0,4066360044.0,22001.0,QN0805,2023,7,True,THREE FAMILY DWELLINGS
Queens,BREEZY POINT,01 ONE FAMILY DWELLINGS,1D,16350,400,A8,"204-53 SEVENTH AVENUE, 2202",,11697.0,,,,,,1938.0,1,A8,1425000,2023-07-14,40.558008,-73.915357,414.0,32.0,4467205.0,4163500400.0,91603.0,QN1403,2023,7,True,ONE FAMILY DWELLINGS
Queens,CORONA,02 TWO FAMILY DWELLINGS,1,1713,22,B2,33-32 99TH STREET,,11368.0,2.0,0.0,2.0,2533.0,2364.0,1910.0,1,B2,1160000,2023-07-14,40.756396,-73.869365,403.0,21.0,4042455.0,4017130022.0,377.0,QN0303,2023,7,True,TWO FAMILY DWELLINGS
Queens,DOUGLASTON,09 COOPS - WALKUP APARTMENTS,2,8276,30,C6,"58-42 246TH CRESCENT, E-11L",,11362.0,,,,,,1953.0,2,C6,197000,2023-07-14,40.758108,-73.733496,411.0,23.0,4461396.0,4082760030.0,152901.0,QN1103,2023,7,True,COOPS - WALKUP APARTMENTS
Queens,ELMHURST,29 COMMERCIAL GARAGES,4,1303,30,G9,40-34 72ND STREET,,11377.0,0.0,3.0,3.0,1210.0,745.0,1928.0,4,G9,125000,2023-07-14,40.745977,-73.893464,404.0,25.0,4030395.0,4013030030.0,26501.0,QN0401,2023,7,True,COMMERCIAL GARAGES
Queens,FLORAL PARK,01 ONE FAMILY DWELLINGS,1,8799,17,A0,85-37 256TH STREET,,11001.0,1.0,0.0,1.0,4000.0,1283.0,1945.0,1,A0,600000,2023-07-14,40.733559,-73.710804,413.0,23.0,4180037.0,4087990017.0,157903.0,QN1301,2023,7,True,ONE FAMILY DWELLINGS
Queens,ELMHURST,10 COOPS - ELEVATOR APARTMENTS,2,1518,9,D4,"83-30 VIETOR AVENUE, 623",,11373.0,,,,,,1963.0,2,D4,318888,2023-07-14,40.742677,-73.881636,404.0,25.0,4037509.0,4015180009.0,27101.0,QN0401,2023,7,True,COOPS - ELEVATOR APARTMENTS
Queens,ELMHURST,29 COMMERCIAL GARAGES,4,1537,19,G7,79-30 ALBION AVENUE,,11373.0,0.0,0.0,0.0,10168.0,0.0,,4,G7,9550000,2023-07-14,40.739123,-73.884825,404.0,25.0,4000000.0,4015370019.0,485.0,QN0401,2023,7,True,COMMERCIAL GARAGES
Queens,ELMHURST,22 STORE BUILDINGS,4,1537,4,K7,78-01 QUEENS BOULEVARD,,11373.0,0.0,1.0,1.0,6000.0,3660.0,2006.0,4,K7,9550000,2023-07-14,40.738311,-73.885476,404.0,25.0,4038517.0,4015370004.0,485.0,QN0401,2023,7,True,STORE BUILDINGS
Queens,FAR ROCKAWAY,01 ONE FAMILY DWELLINGS,1,15815,26,A6,159 BEACH 24 STREET,,11691.0,1.0,0.0,1.0,1225.0,525.0,1930.0,1,A6,162000,2023-07-14,40.594106,-73.757804,414.0,31.0,4301628.0,4158150026.0,99802.0,QN1401,2023,7,True,ONE FAMILY DWELLINGS
Queens,FLUSHING-NORTH,01 ONE FAMILY DWELLINGS,1,5259,72,A1,33-37 190TH STREET,,11358.0,1.0,0.0,1.0,4000.0,1922.0,1935.0,1,A1,1150000,2023-07-14,40.766635,-73.791775,411.0,19.0,4119080.0,4052590072.0,1139.0,QN1101,2023,7,True,ONE FAMILY DWELLINGS
Queens,FLORAL PARK,01 ONE FAMILY DWELLINGS,1,8802,23,A2,85-29 259TH STREET,,11001.0,1.0,0.0,1.0,4000.0,1118.0,1955.0,1,A2,730000,2023-07-14,40.734458,-73.708217,413.0,23.0,4180095.0,4088020023.0,157903.0,QN1301,2023,7,True,ONE FAMILY DWELLINGS
Queens,FLUSHING-NORTH,10 COOPS - ELEVATOR APARTMENTS,2,5374,27,D4,"144-58 SANFORD AVENUE, 61",,11355.0,,,,,,1952.0,2,D4,473000,2023-07-14,40.759017,-73.820066,407.0,20.0,4594901.0,4053740027.0,861.0,QN0705,2023,7,True,COOPS - ELEVATOR APARTMENTS
Queens,FLUSHING-NORTH,13 CONDOS - ELEVATOR APARTMENTS,2,5066,1157,R4,"40-22 COLLEGE POINT BLVD, PH1-C",PH1-C,11354.0,1.0,,1.0,,,,2,R4,740000,2023-07-14,40.7578,-73.834161,407.0,20.0,4540380.0,4050667501.0,871.0,QN0707,2023,7,True,CONDOS - ELEVATOR APARTMENTS
Queens,FLUSHING-NORTH,13 CONDOS - ELEVATOR APARTMENTS,2,5003,1211,R4,"35-20 146TH STREET, 3G",3G,11354.0,1.0,,1.0,,,2017.0,2,R4,567165,2023-07-14,40.765817,-73.820846,407.0,20.0,4618853.0,4050037503.0,116301.0,QN0704,2023,7,True,CONDOS - ELEVATOR APARTMENTS
Queens,FLUSHING-NORTH,13 CONDOS - ELEVATOR APARTMENTS,2,5042,1534,R4,"133-17 SANFORD AVENUE, 3C",3C,11355.0,1.0,,1.0,,,1963.0,2,R4,490000,2023-07-14,40.755895,-73.830448,407.0,20.0,4114279.0,4050427505.0,84902.0,QN0707,2023,7,True,CONDOS - ELEVATOR APARTMENTS
Queens,FLUSHING-SOUTH,02 TWO FAMILY DWELLINGS,1,6617,31,B1,141-20 70TH AVENUE,,11367.0,2.0,0.0,2.0,2000.0,2808.0,1940.0,1,B1,1105000,2023-07-14,40.728965,-73.824286,408.0,24.0,4143199.0,4066170031.0,77902.0,QN0801,2023,7,True,TWO FAMILY DWELLINGS
Queens,FLUSHING-NORTH,13 CONDOS - ELEVATOR APARTMENTS,2,5374,1401,R4,"42-23 PARSONS BOULEVARD, 1A",1A,11355.0,1.0,,1.0,,,2018.0,2,R4,400530,2023-07-14,40.757771,-73.818943,407.0,20.0,4623045.0,0.0,861.0,QN0705,2023,7,True,CONDOS - ELEVATOR APARTMENTS
Queens,FLUSHING-SOUTH,10 COOPS - ELEVATOR APARTMENTS,2,6698,40,D4,"150-30 71ST AVENUE, 3C",,11367.0,,,,,,1952.0,2,D4,390000,2023-07-14,40.72924,-73.817686,408.0,24.0,4451490.0,4066980040.0,77906.0,QN0801,2023,7,True,COOPS - ELEVATOR APARTMENTS
Queens,GLEN OAKS,10 COOPS - ELEVATOR APARTMENTS,2,8489,1,D4,"269-10 GRAND CENTRAL PARKWAY, 27R",,11005.0,,,,,,1972.0,2,D4,320000,2023-07-14,40.759283,-73.715237,413.0,23.0,4453535.0,4084890001.0,155101.0,QN1301,2023,7,True,COOPS - ELEVATOR APARTMENTS
Queens,FOREST HILLS,13 CONDOS - ELEVATOR APARTMENTS,2,3257,1030,R4,"107-24 71 ROAD, 8B",8B,11375.0,1.0,,1.0,,,2005.0,2,R4,1240000,2023-07-14,40.720097,-73.843447,406.0,29.0,4533735.0,4032577501.0,737.0,QN0602,2023,7,True,CONDOS - ELEVATOR APARTMENTS
Queens,FOREST HILLS,10 COOPS - ELEVATOR APARTMENTS,2,3236,35,D4,"70-25 YELLOWSTONE BOULEVARD, 8O",,11375.0,,,,,,1965.0,2,D4,351000,2023-07-14,40.722598,-73.849816,406.0,29.0,4433878.0,4032360035.0,711.0,QN0602,2023,7,True,COOPS - ELEVATOR APARTMENTS
Queens,HOLLIS HILLS,01 ONE FAMILY DWELLINGS,1,7781,28,A2,8007 HOLLIS HILLS TERRACE,,11427.0,1.0,0.0,1.0,5700.0,2229.0,1945.0,1,A2,1295000,2023-08-28,40.732408,-73.76328,411.0,23.0,4164508.0,4077810028.0,129102.0,QN1104,2023,8,True,ONE FAMILY DWELLINGS
Queens,HOWARD BEACH,10 COOPS - ELEVATOR APARTMENTS,2,11434,75,D4,"153-25 88TH STREET, 4C",,11414.0,,,,,,1961.0,2,D4,105963,2023-08-28,40.666379,-73.847686,410.0,32.0,4247246.0,4114340075.0,6201.0,QN1003,2023,8,True,COOPS - ELEVATOR APARTMENTS
Queens,JACKSON HEIGHTS,02 TWO FAMILY DWELLINGS,1,1098,42,B1,86-10 ASTORIA BOULEVARD,,11369.0,2.0,0.0,2.0,2779.0,1440.0,1949.0,1,B1,1110000,2023-08-28,40.764252,-73.882674,403.0,22.0,4311553.0,4010980042.0,329.0,QN0302,2023,8,True,TWO FAMILY DWELLINGS
Queens,KEW GARDENS,10 COOPS - ELEVATOR APARTMENTS,2,3333,16,D4,"84-51 BEVERLY ROAD, 4M",,11415.0,,,,,,1941.0,2,D4,410000,2023-08-28,40.707307,-73.829908,409.0,29.0,4079580.0,4033330016.0,136.0,QN0901,2023,8,True,COOPS - ELEVATOR APARTMENTS
Queens,LONG ISLAND CITY,10 COOPS - ELEVATOR APARTMENTS,2,18,1,D4,"4-74 48 AVENUE, 11C",,11109.0,,,,,,1996.0,2,D4,515000,2023-08-28,40.74458,-73.956448,402.0,26.0,4000019.0,4000180001.0,101.0,QN0201,2023,8,True,COOPS - ELEVATOR APARTMENTS
Queens,MASPETH,02 TWO FAMILY DWELLINGS,1,2419,48,B1,47-06 67TH STREET,,11377.0,2.0,0.0,2.0,2363.0,1944.0,1930.0,1,B1,1350000,2023-08-28,40.738973,-73.897694,402.0,26.0,4056060.0,4024190048.0,243.0,QN0203,2023,8,True,TWO FAMILY DWELLINGS
Queens,LONG ISLAND CITY,44 CONDO PARKING,4,34,1285,RG,"5-25 BORDEN AVENUE, 9",9,11101.0,,1.0,1.0,,,2010.0,4,RG,80000,2023-08-28,40.741582,-73.955779,402.0,26.0,4539589.0,4000347502.0,701.0,QN0201,2023,8,True,CONDO PARKING
Queens,MASPETH,01 ONE FAMILY DWELLINGS,1,2782,12,A5,61-24 67TH STREET,,11379.0,1.0,0.0,1.0,2160.0,1683.0,1950.0,1,A5,940000,2023-08-28,40.717698,-73.893419,405.0,30.0,4062444.0,4027820012.0,66501.0,QN0504,2023,8,True,ONE FAMILY DWELLINGS
Queens,MIDDLE VILLAGE,03 THREE FAMILY DWELLINGS,1,3783,40,C0,79-67 68TH ROAD,,11379.0,3.0,0.0,3.0,2564.0,2940.0,1973.0,1,C0,1150000,2023-08-28,40.710542,-73.871677,405.0,30.0,4091774.0,4037830040.0,621.0,QN0504,2023,8,True,THREE FAMILY DWELLINGS
Queens,OZONE PARK,01 ONE FAMILY DWELLINGS,1,11363,7,A5,83-14 133RD AVENUE,,11417.0,1.0,0.0,1.0,2000.0,1216.0,1935.0,1,A5,600000,2023-08-28,40.673918,-73.852965,410.0,32.0,4245426.0,4113630007.0,58.0,QN1002,2023,8,True,ONE FAMILY DWELLINGS
Queens,REGO PARK,10 COOPS - ELEVATOR APARTMENTS,2,3157,101,D4,"66-15 WETHEROLE STREET, A18",,11374.0,,,,,,1950.0,2,D4,269000,2023-08-28,40.725469,-73.856664,406.0,29.0,4074677.0,4031570101.0,71306.0,QN0602,2023,8,True,COOPS - ELEVATOR APARTMENTS
Queens,REGO PARK,10 COOPS - ELEVATOR APARTMENTS,2,3165,62,D4,"67-25 CLYDE STREET, 2M",,11375.0,,,,,,1955.0,2,D4,350000,2023-08-28,40.722167,-73.856044,406.0,29.0,4074967.0,4031650062.0,711.0,QN0602,2023,8,True,COOPS - ELEVATOR APARTMENTS
Queens,REGO PARK,17 CONDO COOPS,2,2118,1003,R9,"99-32 66TH ROAD, 3O",,11374.0,,,,,,,2,R9,260000,2023-08-28,40.727758,-73.854069,406.0,29.0,4432024.0,4021187501.0,71304.0,QN0602,2023,8,True,CONDO COOPS
Queens,RICHMOND HILL,10 COOPS - ELEVATOR APARTMENTS,2,9204,9,D4,"86-10 109TH STREET, F4",,11418.0,,,,,,1928.0,2,D4,205000,2023-08-28,40.697678,-73.839536,409.0,29.0,4192159.0,4092040009.0,128.0,QN0902,2023,8,True,COOPS - ELEVATOR APARTMENTS
Queens,ROCKAWAY PARK,10 COOPS - ELEVATOR APARTMENTS,2,16228,41,D4,"129 BEACH 118TH STREET, 2B",,11694.0,,,,,,1961.0,2,D4,260000,2023-08-28,40.577981,-73.838215,414.0,32.0,4304848.0,4162280041.0,93402.0,QN1403,2023,8,True,COOPS - ELEVATOR APARTMENTS
Queens,ROSEDALE,01 ONE FAMILY DWELLINGS,1,13559,27,B3,241-16 141ST AVENUE,,11422.0,2.0,0.0,2.0,4000.0,2169.0,1925.0,1,A1,1210000,2023-08-28,40.663948,-73.738226,413.0,31.0,4288239.0,4135590027.0,65401.0,QN1307,2023,8,True,ONE FAMILY DWELLINGS
Queens,SOUTH JAMAICA,01 ONE FAMILY DWELLINGS,1,12168,78,A2,150-19 113TH AVENUE,,11433.0,1.0,0.0,1.0,2020.0,920.0,1940.0,1,A2,500000,2023-08-28,40.687232,-73.793649,412.0,28.0,4263720.0,4121680078.0,270.0,QN1202,2023,8,True,ONE FAMILY DWELLINGS
Queens,SOUTH JAMAICA,02 TWO FAMILY DWELLINGS,1,12180,28,B1,112-81 DILLON STREET,,11433.0,2.0,0.0,2.0,2460.0,1580.0,2007.0,1,B1,675000,2023-08-28,40.689321,-73.787307,412.0,28.0,4451438.0,4121800028.0,264.0,QN1202,2023,8,True,TWO FAMILY DWELLINGS
Queens,SOUTH OZONE PARK,01 ONE FAMILY DWELLINGS,1,11620,21,A1,111-32 116TH STREET,,11420.0,1.0,0.0,1.0,2259.0,1280.0,1925.0,1,A1,967081,2023-08-28,40.679498,-73.823742,410.0,28.0,4250306.0,4116200021.0,102.0,QN1001,2023,8,True,ONE FAMILY DWELLINGS
Queens,ST. ALBANS,01 ONE FAMILY DWELLINGS,1,12624,20,A1,118-28 200TH STREET,,11412.0,1.0,0.0,1.0,6000.0,1254.0,1925.0,1,A1,850000,2023-08-28,40.692771,-73.751791,412.0,27.0,4271917.0,4126240020.0,376.0,QN1205,2023,8,True,ONE FAMILY DWELLINGS
Queens,WHITESTONE,01 ONE FAMILY DWELLINGS,1,4446,18,A1,13-48 PARSONS BOULEVARD,,11357.0,1.0,0.0,1.0,4050.0,2034.0,1955.0,1,A1,995000,2023-08-28,40.787407,-73.82259,407.0,19.0,4101339.0,4044460018.0,1039.0,QN0702,2023,8,True,ONE FAMILY DWELLINGS
Queens,WHITESTONE,02 TWO FAMILY DWELLINGS,1,4191,25,B2,20-14 PARSONS BOULEVARD,,11357.0,2.0,0.0,2.0,3828.0,2288.0,1960.0,1,B2,995000,2023-08-28,40.781417,-73.822447,407.0,19.0,4099358.0,4041910025.0,88903.0,QN0704,2023,8,True,TWO FAMILY DWELLINGS
Queens,WOODHAVEN,02 TWO FAMILY DWELLINGS,1,8968,17,B2,89-22 87TH STREET,,11421.0,2.0,0.0,2.0,2000.0,1972.0,1915.0,1,B2,630000,2023-08-28,40.68951,-73.856111,409.0,32.0,4185528.0,4089680017.0,8.0,QN0905,2023,8,True,TWO FAMILY DWELLINGS
Bronx,BEDFORD PARK/NORWOOD,10 COOPS - ELEVATOR APARTMENTS,2,3307,1,D4,"3000 VALENTINE AVE, 3J",,10458.0,,,,,,1937.0,2,D4,210000,2023-08-29,40.872369,-73.88556,207.0,11.0,2017214.0,2033070001.0,413.0,BX0702,2023,8,True,COOPS - ELEVATOR APARTMENTS
Bronx,EAST TREMONT,02 TWO FAMILY DWELLINGS,1,3079,121,B1,2002 HUGHES AVENUE,,10457.0,2.0,0.0,2.0,2138.0,2640.0,1995.0,1,B1,665000,2023-08-29,40.847149,-73.891516,206.0,15.0,2103182.0,2030790121.0,373.0,BX0602,2023,8,True,TWO FAMILY DWELLINGS
Manhattan,TRIBECA,17 CONDO COOPS,2,224,1304,R9,"450 WASHINGTON STREET, 218",,10013.0,,,,,,2007.0,2,R9,2850000,2023-08-29,40.723895,-74.010816,101.0,1.0,1087707.0,1002247504.0,39.0,MN0102,2023,8,True,CONDO COOPS
Bronx,MOTT HAVEN/PORT MORRIS,01 ONE FAMILY DWELLINGS,1,2553,48,A5,631 EAST 140 STREET,,10454.0,1.0,0.0,1.0,1758.0,1683.0,2000.0,1,A5,620000,2023-08-29,40.807331,-73.914653,201.0,8.0,2101953.0,2025530048.0,2702.0,BX0101,2023,8,True,ONE FAMILY DWELLINGS
Bronx,PARKCHESTER,13 CONDOS - ELEVATOR APARTMENTS,2,3937,3513,R4,"1370 VIRGINIA AVE, 5D",5D,10462.0,1.0,,1.0,,,,2,R4,186000,2023-08-29,40.83498,-73.861918,209.0,18.0,2096623.0,2039377501.0,21602.0,BX0904,2023,8,True,CONDOS - ELEVATOR APARTMENTS
Bronx,RIVERDALE,03 THREE FAMILY DWELLINGS,1,5725,911,C0,640 WEST 227 STREET,,10463.0,3.0,0.0,3.0,2415.0,3312.0,1970.0,1,C0,925000,2023-08-29,40.881003,-73.91663,208.0,11.0,2083281.0,2057250911.0,29302.0,BX0803,2023,8,True,THREE FAMILY DWELLINGS
Bronx,SOUNDVIEW,01 ONE FAMILY DWELLINGS,1,3456,1,A2,209 NEWMAN AVE,,10473.0,1.0,0.0,1.0,4400.0,1634.0,1925.0,1,A2,655000,2023-08-29,40.80992,-73.85434,209.0,18.0,2086882.0,2034560001.0,4.0,BX0902,2023,8,True,ONE FAMILY DWELLINGS
Bronx,THROGS NECK,12 CONDOS - WALKUP APARTMENTS,2,5529,1027,R2,"11 PENNYFIELD AVENUE, 11-3",3-Nov,10465.0,1.0,,1.0,,,1998.0,2,R2,539500,2023-08-29,40.809227,-73.802244,210.0,13.0,,,118.0,BX1002,2023,8,True,CONDOS - WALKUP APARTMENTS
Bronx,THROGS NECK,01 ONE FAMILY DWELLINGS,1,5519,138,A1,244 LONGSTREET AVENUE,,10465.0,1.0,0.0,1.0,10000.0,4000.0,1995.0,1,A1,1276000,2023-08-29,40.820189,-73.806717,210.0,13.0,2099559.0,2055190138.0,138.0,BX1002,2023,8,True,ONE FAMILY DWELLINGS
Bronx,THROGS NECK,01 ONE FAMILY DWELLINGS,1,5562,168,A5,2871 SCHLEY AVENUE,,10465.0,1.0,0.0,1.0,4400.0,1188.0,1965.0,1,A5,605000,2023-08-29,40.824096,-73.821061,210.0,13.0,2080407.0,2055620168.0,152.0,BX1002,2023,8,True,ONE FAMILY DWELLINGS
Brooklyn,BATH BEACH,02 TWO FAMILY DWELLINGS,1,6462,26,B1,8846 BAY 16TH STREET,,11214.0,2.0,0.0,2.0,1646.0,2982.0,1960.0,1,B1,1299888,2023-08-29,40.603155,-74.00932,311.0,47.0,3169596.0,3064620026.0,176.0,BK1102,2023,8,True,TWO FAMILY DWELLINGS
Brooklyn,BAY RIDGE,01 ONE FAMILY DWELLINGS,1,6104,33,A1,62 93RD STREET,,11209.0,1.0,0.0,1.0,3000.0,1456.0,1925.0,1,A1,1498000,2023-08-29,40.618967,-74.038229,310.0,47.0,3155146.0,3061040033.0,5202.0,BK1001,2023,8,True,ONE FAMILY DWELLINGS
Brooklyn,BEDFORD STUYVESANT,07 RENTALS - WALKUP APARTMENTS,2B,1928,60,C1,974 BEDFORD AVENUE,,11205.0,8.0,0.0,8.0,2800.0,7868.0,1910.0,2,C1,4000000,2023-08-29,40.69166,-73.955574,303.0,33.0,3055254.0,3019280060.0,235.0,BK0301,2023,8,True,RENTALS - WALKUP APARTMENTS
Brooklyn,BENSONHURST,44 CONDO PARKING,4,6325,1120,RP,"1654 84TH STREET, P8",P8,11214.0,,1.0,1.0,,,2018.0,4,RP,659826,2023-08-29,40.610594,-74.004635,311.0,47.0,3336420.0,3063250030.0,180.0,BK1102,2023,8,True,CONDO PARKING
Brooklyn,BERGEN BEACH,02 TWO FAMILY DWELLINGS,1,8430,11,B2,2171 EAST 70TH STREET,,11234.0,2.0,0.0,2.0,2500.0,2400.0,1975.0,1,B2,870000,2023-08-29,40.618255,-73.906902,318.0,46.0,3237640.0,3084300011.0,700.0,BK1802,2023,8,True,TWO FAMILY DWELLINGS
Brooklyn,BENSONHURST,01 ONE FAMILY DWELLINGS,1,6305,58,A9,1549 83RD STREET,,11228.0,1.0,0.0,1.0,2000.0,1200.0,1945.0,1,A9,1022000,2023-08-29,40.612479,-74.006631,311.0,38.0,3164176.0,3063050058.0,184.0,BK1101,2023,8,True,ONE FAMILY DWELLINGS
Brooklyn,BOROUGH PARK,02 TWO FAMILY DWELLINGS,1,5594,2,S2,4121 13TH AVENUE,,11219.0,2.0,1.0,3.0,1600.0,3000.0,1930.0,1,S2,3900000,2023-08-29,40.639336,-73.987619,312.0,39.0,3135715.0,3055940002.0,232.0,BK1202,2023,8,True,TWO FAMILY DWELLINGS
Brooklyn,BOROUGH PARK,02 TWO FAMILY DWELLINGS,1,5594,3,S2,4119 13TH AVENUE,,11219.0,2.0,1.0,3.0,1600.0,3000.0,1930.0,1,S2,3900000,2023-08-29,40.639345,-73.987612,312.0,39.0,3135716.0,3055940003.0,232.0,BK1202,2023,8,True,TWO FAMILY DWELLINGS
Brooklyn,BOROUGH PARK,02 TWO FAMILY DWELLINGS,1,5594,4,S2,4115 13TH AVENUE,,11219.0,4.0,1.0,5.0,3200.0,5201.0,1930.0,1,S2,4500000,2023-08-29,40.639358,-73.987594,312.0,39.0,3135717.0,3055940004.0,232.0,BK1202,2023,8,True,TWO FAMILY DWELLINGS
Brooklyn,BOROUGH PARK,02 TWO FAMILY DWELLINGS,1,5466,25,B9,1636 51ST STREET,,11204.0,2.0,0.0,2.0,1878.0,2268.0,1960.0,1,B9,1650000,2023-08-29,40.629312,-73.985676,312.0,44.0,3129643.0,3054660025.0,472.0,BK1202,2023,8,True,TWO FAMILY DWELLINGS
Brooklyn,BOROUGH PARK,02 TWO FAMILY DWELLINGS,1,5594,5,S2,4113 13TH AVENUE,,11219.0,2.0,1.0,3.0,1600.0,3600.0,1930.0,1,S2,4500000,2023-08-29,40.639367,-73.987587,312.0,39.0,3135718.0,3055940005.0,232.0,BK1202,2023,8,True,TWO FAMILY DWELLINGS
Brooklyn,BOROUGH PARK,15 CONDOS - 2-10 UNIT RESIDENTIAL,2C,5447,1506,R1,"1551 49TH ST, 3B",3B,11219.0,1.0,,1.0,,,2016.0,2,R1,985000,2023-08-29,40.6317,-73.986591,312.0,44.0,3424454.0,3054477506.0,234.0,BK1202,2023,8,True,CONDOS - 2-10 UNIT RESIDENTIAL
Brooklyn,BRIGHTON BEACH,15 CONDOS - 2-10 UNIT RESIDENTIAL,2C,8671,1007,R1,"52 BRIGHTON 1 PLACE, 7",7,11235.0,1.0,,1.0,,,2008.0,2,R1,650000,2023-08-29,40.577577,-73.966284,313.0,48.0,3244657.0,3086717501.0,362.0,BK1303,2023,8,True,CONDOS - 2-10 UNIT RESIDENTIAL
Brooklyn,BRIGHTON BEACH,13 CONDOS - ELEVATOR APARTMENTS,2,8720,1575,R4,"40 OCEANA DRIVE WEST, 8B",8B,11235.0,1.0,,1.0,,,,2,R4,885000,2023-08-29,40.57733,-73.958807,313.0,48.0,3348644.0,3087207504.0,61002.0,BK1303,2023,8,True,CONDOS - ELEVATOR APARTMENTS
Brooklyn,BROOKLYN HEIGHTS,15 CONDOS - 2-10 UNIT RESIDENTIAL,2C,238,1006,R1,"16 MONROE PLACE, 7",7,11201.0,1.0,,1.0,,,1900.0,2,R1,1286634,2023-08-29,40.696571,-73.992423,302.0,33.0,3001930.0,3002380031.0,502.0,BK0201,2023,8,True,CONDOS - 2-10 UNIT RESIDENTIAL
Brooklyn,BROOKLYN HEIGHTS,13 CONDOS - ELEVATOR APARTMENTS,2,239,1218,R4,"1 CLINTON STREET, 31B",31B,11201.0,1.0,,1.0,,,2018.0,2,R4,4350000,2023-08-29,40.696154,-73.991367,302.0,33.0,3421378.0,3002397501.0,502.0,BK0201,2023,8,True,CONDOS - ELEVATOR APARTMENTS
Brooklyn,BROOKLYN HEIGHTS,15 CONDOS - 2-10 UNIT RESIDENTIAL,2C,238,1004,R1,"16 MONROE PLACE, 5",5,11201.0,1.0,,1.0,,,1900.0,2,R1,1272813,2023-08-29,40.696571,-73.992423,302.0,33.0,3001930.0,3002380031.0,502.0,BK0201,2023,8,True,CONDOS - 2-10 UNIT RESIDENTIAL
Brooklyn,BUSHWICK,02 TWO FAMILY DWELLINGS,1,3381,60,B2,1103 JEFFERSON AVENUE,,11221.0,2.0,0.0,2.0,2000.0,2700.0,1905.0,1,B2,995000,2023-08-29,40.688893,-73.915637,304.0,37.0,3077526.0,3033810060.0,399.0,BK0402,2023,8,True,TWO FAMILY DWELLINGS
Brooklyn,CANARSIE,01 ONE FAMILY DWELLINGS,1,7908,67,A5,256 EAST 86TH STREET,,11236.0,1.0,0.0,1.0,1440.0,864.0,1945.0,1,A5,595000,2023-08-29,40.646609,-73.918091,317.0,42.0,3221681.0,3079080067.0,934.0,BK1704,2023,8,True,ONE FAMILY DWELLINGS
Brooklyn,CANARSIE,02 TWO FAMILY DWELLINGS,1,7990,47,B1,636 EAST 86TH STREET,,11236.0,2.0,0.0,2.0,2000.0,2760.0,1975.0,1,B1,997000,2023-08-29,40.640783,-73.911605,318.0,46.0,3223961.0,3079900047.0,958.0,BK1803,2023,8,True,TWO FAMILY DWELLINGS
Brooklyn,CANARSIE,02 TWO FAMILY DWELLINGS,1,8237,15,B2,1395 EAST 91ST STREET,,11236.0,2.0,0.0,2.0,3383.0,2268.0,1960.0,1,B2,920000,2023-08-29,40.636286,-73.90024,318.0,46.0,3231582.0,3082370015.0,992.0,BK1803,2023,8,True,TWO FAMILY DWELLINGS
Brooklyn,CLINTON HILL,02 TWO FAMILY DWELLINGS,1,1993,10,S2,1059 FULTON STREET,,11238.0,2.0,1.0,3.0,1904.0,1620.0,1930.0,1,S2,1975000,2023-08-29,40.681915,-73.959374,302.0,35.0,3057259.0,3019930010.0,227.0,BK0301,2023,8,True,TWO FAMILY DWELLINGS
Brooklyn,CLINTON HILL,10 COOPS - ELEVATOR APARTMENTS,2,1902,1,D4,"209 CLINTON AVENUE, 1A",,11205.0,,,,,,1944.0,2,D4,515000,2023-08-29,40.691659,-73.968505,302.0,35.0,3322382.0,3019020001.0,195.0,BK0204,2023,8,True,COOPS - ELEVATOR APARTMENTS
Brooklyn,CONEY ISLAND,10 COOPS - ELEVATOR APARTMENTS,2,7273,50,D4,"2942 WEST 5 STREET, 8N",,11224.0,,,,,,1964.0,2,D4,300000,2023-08-29,40.577581,-73.972544,313.0,48.0,3196577.0,3072730050.0,354.0,BK1302,2023,8,True,COOPS - ELEVATOR APARTMENTS
Brooklyn,COBBLE HILL,09 COOPS - WALKUP APARTMENTS,2,292,49,C6,"177 AMITY STREET, 9",,11201.0,,,,,,1910.0,2,C6,499000,2023-08-29,40.688729,-73.994292,306.0,39.0,3003086.0,3002920049.0,45.0,BK0601,2023,8,True,COOPS - WALKUP APARTMENTS
Brooklyn,CROWN HEIGHTS,01 ONE FAMILY DWELLINGS,1,1373,12,S1,191A UTICA AVENUE,,11213.0,1.0,1.0,2.0,1280.0,1760.0,1910.0,1,S1,650000,2023-08-29,40.67218,-73.930796,308.0,36.0,3036546.0,3013730012.0,347.0,BK0802,2023,8,True,ONE FAMILY DWELLINGS
Brooklyn,CONEY ISLAND,10 COOPS - ELEVATOR APARTMENTS,2,7273,25,D4,"2930 WEST 5TH STREET, 14D",,11224.0,,,,,,1964.0,2,D4,475000,2023-08-29,40.578158,-73.972364,313.0,48.0,3425957.0,3072730025.0,354.0,BK1302,2023,8,True,COOPS - ELEVATOR APARTMENTS
Brooklyn,CROWN HEIGHTS,01 ONE FAMILY DWELLINGS,1,1293,63,A4,533 CROWN STREET,,11213.0,1.0,0.0,1.0,2555.0,2600.0,1920.0,1,A4,1350000,2023-08-29,40.665762,-73.941003,309.0,35.0,3034057.0,3012930063.0,333.0,BK0901,2023,8,True,ONE FAMILY DWELLINGS
Brooklyn,CONEY ISLAND,10 COOPS - ELEVATOR APARTMENTS,2,7273,25,D4,"2928 WEST 5TH ST, 9B",,11224.0,,,,,,1964.0,2,D4,380000,2023-08-29,40.578226,-73.972346,313.0,48.0,3425956.0,3072730025.0,354.0,BK1302,2023,8,True,COOPS - ELEVATOR APARTMENTS
Brooklyn,DYKER HEIGHTS,01 ONE FAMILY DWELLINGS,1,5964,53,A5,7718 10 AVENUE,,11228.0,1.0,0.0,1.0,1900.0,1344.0,1925.0,1,A5,1200000,2023-08-29,40.622983,-74.015411,310.0,38.0,3150039.0,3059640053.0,206.0,BK1002,2023,8,True,ONE FAMILY DWELLINGS
Brooklyn,DYKER HEIGHTS,01 ONE FAMILY DWELLINGS,1,6254,16,A5,1124 78TH STREET,,11228.0,1.0,0.0,1.0,1775.0,1196.0,1920.0,1,A5,1030000,2023-08-29,40.620812,-74.012921,310.0,38.0,3161768.0,3062540016.0,202.0,BK1002,2023,8,True,ONE FAMILY DWELLINGS
Brooklyn,DOWNTOWN-FULTON MALL,11 SPECIAL CONDO BILLING LOTS,2,149,1102,RR,"138 WILLOUGHBY STREET, 17K",RESI,11201.0,458.0,0.0,458.0,21474.0,472115.0,2017.0,2,RR,1230000,2023-08-29,40.692069,-73.983135,302.0,33.0,3396962.0,3001497502.0,1502.0,BK0202,2023,8,True,SPECIAL CONDO BILLING LOTS
Brooklyn,FLATLANDS,02 TWO FAMILY DWELLINGS,1,7751,8,B1,1723 SCHENECTADY AVENUE,,11234.0,2.0,0.0,2.0,1200.0,1536.0,1935.0,1,B1,630000,2023-08-29,40.630497,-73.93103,318.0,45.0,3214375.0,3077510008.0,726.0,BK1801,2023,8,True,TWO FAMILY DWELLINGS
Brooklyn,GOWANUS,01 ONE FAMILY DWELLINGS,1,451,3,A5,357 HOYT STREET,,11231.0,1.0,0.0,1.0,1348.0,2360.0,1899.0,1,A5,3995000,2023-08-29,40.679197,-73.992793,306.0,39.0,3007622.0,3004510003.0,77.0,BK0601,2023,8,True,ONE FAMILY DWELLINGS
Brooklyn,GOWANUS,13 CONDOS - ELEVATOR APARTMENTS,2,1003,1427,R4,"229 9TH STREET, 506",506,11215.0,1.0,,1.0,,,2018.0,2,R4,885000,2023-08-29,40.670693,-73.989394,306.0,39.0,3426829.0,3010037505.0,121.0,BK0601,2023,8,True,CONDOS - ELEVATOR APARTMENTS
Brooklyn,GRAVESEND,02 TWO FAMILY DWELLINGS,1,7115,38,B1,2692 86TH STREET,,11223.0,2.0,0.0,2.0,2160.0,1600.0,1960.0,1,B1,986000,2023-08-29,40.595049,-73.982468,313.0,43.0,3192254.0,3071150038.0,402.0,BK1103,2023,8,True,TWO FAMILY DWELLINGS
Brooklyn,GRAVESEND,10 COOPS - ELEVATOR APARTMENTS,2,6919,1,D4,"2475 WEST 16TH STREET, 11K",,11214.0,,,,,,1963.0,2,D4,290000,2023-08-29,40.586985,-73.985372,313.0,47.0,3337265.0,3069190001.0,308.0,BK1301,2023,8,True,COOPS - ELEVATOR APARTMENTS
Brooklyn,GREENPOINT,12 CONDOS - WALKUP APARTMENTS,2,2833,1523,R2,"16 MONITOR STREET, 4E",4E,11222.0,1.0,,1.0,,,2006.0,2,R2,1135000,2023-08-29,40.719665,-73.94162,301.0,34.0,3397075.0,3028337506.0,477.0,BK0104,2023,8,True,CONDOS - WALKUP APARTMENTS
Brooklyn,MADISON,01 ONE FAMILY DWELLINGS,1,7304,82,A3,4009 BEDFORD AVENUE,,11229.0,1.0,0.0,1.0,4000.0,4055.0,1930.0,1,A3,2900000,2023-08-29,40.60398,-73.947393,315.0,48.0,3197376.0,3073040082.0,562.0,BK1502,2023,8,True,ONE FAMILY DWELLINGS
Brooklyn,MARINE PARK,01 ONE FAMILY DWELLINGS,1,8506,30,A9,1925 RYDER STREET,,11234.0,1.0,0.0,1.0,2000.0,1504.0,1925.0,1,A9,935000,2023-08-29,40.612266,-73.930404,318.0,46.0,3240403.0,3085060030.0,654.0,BK1802,2023,8,True,ONE FAMILY DWELLINGS
Brooklyn,MARINE PARK,01 ONE FAMILY DWELLINGS,1,8475,34,A5,1813 EAST 31ST STREET,,11234.0,1.0,0.0,1.0,1808.0,1332.0,1925.0,1,A5,805000,2023-08-29,40.610333,-73.938171,318.0,46.0,3238771.0,3084750034.0,636.0,BK1802,2023,8,True,ONE FAMILY DWELLINGS
Brooklyn,MARINE PARK,01 ONE FAMILY DWELLINGS,1,8477,46,A1,1816 EAST 34TH STREET,,11234.0,1.0,0.0,1.0,2000.0,1938.0,1920.0,1,A1,863500,2023-08-29,40.611613,-73.935941,318.0,46.0,3238923.0,3084770046.0,636.0,BK1802,2023,8,True,ONE FAMILY DWELLINGS
Brooklyn,OCEAN HILL,02 TWO FAMILY DWELLINGS,1,1506,21,B9,678 DECATUR STREET,,11233.0,2.0,0.0,2.0,2000.0,2700.0,1910.0,1,B9,1200000,2023-08-29,40.68347,-73.915742,316.0,41.0,3040645.0,3015060021.0,373.0,BK1601,2023,8,True,TWO FAMILY DWELLINGS
Brooklyn,MIDWOOD,13 CONDOS - ELEVATOR APARTMENTS,2,6766,1114,R4,"2008 OCEAN AVENUE, 6A",6A,11230.0,1.0,,1.0,,,2012.0,2,R4,575000,2023-08-29,40.612728,-73.953948,314.0,48.0,3413771.0,3067667502.0,546.0,BK1403,2023,8,True,CONDOS - ELEVATOR APARTMENTS
Brooklyn,OCEAN HILL,13 CONDOS - ELEVATOR APARTMENTS,2,1552,1016,R4,"1325 HERKIMER STREET, 306",306,11233.0,1.0,,1.0,,,2018.0,2,R4,431500,2023-08-29,40.677462,-73.909559,316.0,37.0,3042264.0,3015527501.0,369.0,BK1601,2023,8,True,CONDOS - ELEVATOR APARTMENTS
Brooklyn,OCEAN PARKWAY-SOUTH,10 COOPS - ELEVATOR APARTMENTS,2,6681,35,D4,"367 AVENUE S, 2F",,11223.0,,,,,,1950.0,2,D4,245000,2023-08-29,40.601895,-73.971727,315.0,44.0,3178541.0,3066810035.0,41401.0,BK1501,2023,8,True,COOPS - ELEVATOR APARTMENTS
Brooklyn,PARK SLOPE,10 COOPS - ELEVATOR APARTMENTS,2,1071,4,D4,"140 8TH AVENUE, 5P",,11215.0,,,,,,1936.0,2,D4,1380000,2023-08-29,40.671695,-73.974275,306.0,39.0,3024923.0,3010710004.0,157.0,BK0602,2023,8,True,COOPS - ELEVATOR APARTMENTS
Brooklyn,PROSPECT HEIGHTS,10 COOPS - ELEVATOR APARTMENTS,2,1169,1,D4,"10 PLAZA ST EAST, 3D",,11238.0,,,,,,1959.0,2,D4,845000,2023-08-29,40.675474,-73.970647,308.0,39.0,3029306.0,3011690001.0,159.0,BK0602,2023,8,True,COOPS - ELEVATOR APARTMENTS
Brooklyn,SEAGATE,02 TWO FAMILY DWELLINGS,1,6999,57,B3,3839 NEPTUNE AVENUE,,11224.0,2.0,0.0,2.0,2500.0,2305.0,1935.0,1,B3,745000,2023-08-29,40.576533,-74.006537,313.0,47.0,3188569.0,3069990057.0,336.0,BK1302,2023,8,True,TWO FAMILY DWELLINGS
Brooklyn,SUNSET PARK,31 COMMERCIAL VACANT LAND,4,5821,43,V1,6418 8 AVENUE,,11220.0,0.0,0.0,0.0,8000.0,0.0,,4,V1,4300000,2023-08-29,40.633073,-74.012091,310.0,38.0,3000000.0,3058210043.0,120.0,BK1002,2023,8,True,COMMERCIAL VACANT LAND
Brooklyn,WILLIAMSBURG-NORTH,13 CONDOS - ELEVATOR APARTMENTS,2,2324,1305,R4,"34 NORTH 7TH STREET, PH2E",PH2E,11249.0,1.0,,1.0,,,2007.0,2,R4,3637500,2023-08-29,40.720527,-73.962056,301.0,33.0,3397391.0,3023247502.0,555.0,BK0102,2023,8,True,CONDOS - ELEVATOR APARTMENTS
Brooklyn,WILLIAMSBURG-NORTH,13 CONDOS - ELEVATOR APARTMENTS,2,2340,1440,R4,"2 NORTHSIDE PIERS, 16A",16A,11249.0,1.0,,1.0,,,,2,R4,2440000,2023-08-29,40.7198,-73.963867,301.0,33.0,3397447.0,3023407503.0,555.0,BK0102,2023,8,True,CONDOS - ELEVATOR APARTMENTS
Manhattan,CHELSEA,13 CONDOS - ELEVATOR APARTMENTS,2,798,1804,R4,"128 WEST 23RD STREET, 3C",3C,10011.0,1.0,,1.0,,,2019.0,2,R4,1080000,2023-08-29,40.74332,-73.993804,104.0,3.0,1082271.0,1007987508.0,91.0,MN0401,2023,8,True,CONDOS - ELEVATOR APARTMENTS
Manhattan,CHELSEA,10 COOPS - ELEVATOR APARTMENTS,2,752,1,D4,"365 WEST 28TH STREET, 15F",,10001.0,,,,,,1963.0,2,D4,131914,2023-08-29,40.749501,-73.998444,104.0,3.0,1083605.0,1007520001.0,97.0,MN0401,2023,8,True,COOPS - ELEVATOR APARTMENTS
Manhattan,CHELSEA,13 CONDOS - ELEVATOR APARTMENTS,2,753,1205,R4,"300 W 30TH STREET, 3A",3A,10001.0,1.0,,1.0,,,2020.0,2,R4,1008068,2023-08-29,40.74985,-73.995727,104.0,3.0,1013491.0,1007537503.0,97.0,MN0401,2023,8,True,CONDOS - ELEVATOR APARTMENTS
Manhattan,CHELSEA,13 CONDOS - ELEVATOR APARTMENTS,2,753,1261,R4,"300 W 30TH STREET, 12C",12C,10001.0,1.0,,1.0,,,2020.0,2,R4,1308451,2023-08-29,40.74985,-73.995727,104.0,3.0,1013491.0,1007537503.0,97.0,MN0401,2023,8,True,CONDOS - ELEVATOR APARTMENTS
Manhattan,TRIBECA,17 CONDO COOPS,2,224,1304,R9,"450 WASHINGTON STREET, 808",,10013.0,,,,,,2007.0,2,R9,1350000,2023-08-29,40.723895,-74.010816,101.0,1.0,1087707.0,1002247504.0,39.0,MN0102,2023,8,True,CONDO COOPS
Manhattan,CHELSEA,10 COOPS - ELEVATOR APARTMENTS,2,798,71,D4,"148 WEST 23RD STREET, 3B",,10011.0,,,,,,1910.0,2,D4,865000,2023-08-29,40.74349,-73.994211,104.0,3.0,1014811.0,1007980071.0,91.0,MN0401,2023,8,True,COOPS - ELEVATOR APARTMENTS
Manhattan,CHELSEA,13 CONDOS - ELEVATOR APARTMENTS,2,694,1230,R4,"555 WEST 22ND STREET, 18CW",18CW,10011.0,1.0,,1.0,,,2019.0,2,R4,10650000,2023-08-29,40.74756,-74.005919,104.0,3.0,1012322.0,1006947502.0,9901.0,MN0401,2023,8,True,CONDOS - ELEVATOR APARTMENTS
Manhattan,CIVIC CENTER,47 CONDO NON-BUSINESS STORAGE,4,174,1664,RS,"91 LEONARD STREET, SU52",SU52,10013.0,,1.0,1.0,,,2018.0,4,RS,2535000,2023-08-29,40.717132,-74.004574,101.0,1.0,1090477.0,1001747506.0,33.0,MN0102,2023,8,True,CONDO NON-BUSINESS STORAGE
Manhattan,CLINTON,13 CONDOS - ELEVATOR APARTMENTS,2,1077,1078,R4,"545 WEST 48TH STREET, 301S",301S,10036.0,1.0,,1.0,,,2013.0,2,R4,1350000,2023-08-29,40.764218,-73.994553,104.0,3.0,1088852.0,1010777501.0,12902.0,MN0402,2023,8,True,CONDOS - ELEVATOR APARTMENTS
Manhattan,GRAMERCY,10 COOPS - ELEVATOR APARTMENTS,2,896,39,D4,"210 EAST 15TH STREET, 3A",,10003.0,,,,,,1963.0,2,D4,515000,2023-08-29,40.733647,-73.985917,106.0,2.0,1019521.0,1008960039.0,48.0,MN0602,2023,8,True,COOPS - ELEVATOR APARTMENTS
Manhattan,GRAMERCY,10 COOPS - ELEVATOR APARTMENTS,2,873,19,D4,"130 EAST 18TH STREET, 14P",,10003.0,,,,,,1962.0,2,D4,610000,2023-08-29,40.736331,-73.986667,106.0,2.0,1017843.0,1008730019.0,50.0,MN0602,2023,8,True,COOPS - ELEVATOR APARTMENTS
Manhattan,FLATIRON,10 COOPS - ELEVATOR APARTMENTS,2,816,59,D0,"30 WEST 15TH STREET, 7S",,10011.0,,,,,,1908.0,2,D0,3800000,2023-08-29,40.73727,-73.994515,105.0,2.0,1015296.0,1008160059.0,54.0,MN0501,2023,8,True,COOPS - ELEVATOR APARTMENTS
Manhattan,GRAMERCY,43 CONDO OFFICE BUILDINGS,4,898,1010,RB,"305 2 AVENUE, C-10",C-10,10003.0,,1.0,1.0,,,,4,RB,800000,2023-08-29,40.734593,-73.983311,106.0,2.0,1069344.0,1008987501.0,48.0,MN0602,2023,8,True,CONDO OFFICE BUILDINGS
Manhattan,FLATIRON,13 CONDOS - ELEVATOR APARTMENTS,2,819,1108,R4,"15 WEST 17TH STREET, 8",8,10011.0,1.0,,1.0,,,1906.0,2,R4,2830000,2023-08-29,40.738264,-73.993025,105.0,3.0,1015416.0,1008197504.0,54.0,MN0501,2023,8,True,CONDOS - ELEVATOR APARTMENTS
Manhattan,GREENWICH VILLAGE-WEST,02 TWO FAMILY DWELLINGS,1,614,46,B3,241 WAVERLY PLACE,,10014.0,2.0,0.0,2.0,800.0,2880.0,1899.0,1,B3,6700000,2023-08-29,40.73665,-74.002006,102.0,3.0,1010979.0,1006140046.0,77.0,MN0203,2023,8,True,TWO FAMILY DWELLINGS
Manhattan,GREENWICH VILLAGE-CENTRAL,17 CONDO COOPS,2,561,1003,R9,"63 EAST 9TH STREET, 4O",,10003.0,,,,,,1955.0,2,R9,1750000,2023-08-29,40.731424,-73.992509,102.0,2.0,1009099.0,1005617501.0,59.0,MN0202,2023,8,True,CONDO COOPS
Manhattan,GREENWICH VILLAGE-WEST,13 CONDOS - ELEVATOR APARTMENTS,2,637,1112,R4,"366 WEST 11TH STREET, 2G",2G,10014.0,1.0,,1.0,,,1987.0,2,R4,400000,2023-08-29,40.735368,-74.009367,102.0,3.0,1067886.0,1006377502.0,75.0,MN0203,2023,8,True,CONDOS - ELEVATOR APARTMENTS
Manhattan,GREENWICH VILLAGE-WEST,07 RENTALS - WALKUP APARTMENTS,2,527,7,C7,14-16 BEDFORD STREET,,10014.0,21.0,2.0,23.0,3060.0,12860.0,1900.0,2,C7,13500000,2023-08-29,40.72908,-74.003493,102.0,3.0,1008347.0,1005270007.0,67.0,MN0203,2023,8,True,RENTALS - WALKUP APARTMENTS
Manhattan,GREENWICH VILLAGE-WEST,15 CONDOS - 2-10 UNIT RESIDENTIAL,2C,641,1106,R1,"495 WEST STREET, 6",6,10014.0,1.0,,1.0,,,,2,R1,8000000,2023-08-29,40.737857,-74.009941,102.0,3.0,1085761.0,1006417502.0,79.0,MN0203,2023,8,True,CONDOS - 2-10 UNIT RESIDENTIAL
Manhattan,HARLEM-UPPER,07 RENTALS - WALKUP APARTMENTS,2,2077,13,C7,529 WEST 145 STREET,,10031.0,13.0,3.0,16.0,3331.0,12240.0,1915.0,2,C7,9538778,2023-08-29,40.825645,-73.948558,109.0,7.0,1061932.0,1020770013.0,229.0,MN0903,2023,8,True,RENTALS - WALKUP APARTMENTS
Manhattan,HARLEM-CENTRAL,17 CONDO COOPS,2,1600,1002,R9,"130 LENOX AVENUE, 701",,10026.0,,,,,,2000.0,2,R9,440000,2023-08-29,40.802359,-73.949425,110.0,9.0,1085936.0,1016007501.0,190.0,MN1001,2023,8,True,CONDO COOPS
Manhattan,HARLEM-UPPER,07 RENTALS - WALKUP APARTMENTS,2,2077,12,C7,531 WEST 145 STREET,,10031.0,13.0,3.0,16.0,3331.0,12340.0,1915.0,2,C7,9538778,2023-08-29,40.825661,-73.948598,109.0,7.0,1061931.0,1020770012.0,229.0,MN0903,2023,8,True,RENTALS - WALKUP APARTMENTS
Manhattan,HARLEM-EAST,14 RENTALS - 4-10 UNIT,2B,1638,121,S5,1781 LEXINGTON AVENUE,,10029.0,6.0,1.0,7.0,1400.0,4440.0,1910.0,2,S5,800000,2023-08-29,40.795086,-73.94419,111.0,8.0,1052195.0,1016380121.0,172.0,MN1101,2023,8,True,RENTALS - 4-10 UNIT
Manhattan,HARLEM-CENTRAL,08 RENTALS - ELEVATOR APARTMENTS,2,1748,35,D7,"1919 MADISON AVENUE, 423",,10035.0,155.0,1.0,156.0,81741.0,194030.0,1997.0,2,D7,510000,2023-08-29,40.804773,-73.941382,111.0,9.0,1081462.0,1017480035.0,198.0,MN1102,2023,8,True,RENTALS - ELEVATOR APARTMENTS
Manhattan,HARLEM-EAST,07 RENTALS - WALKUP APARTMENTS,2B,1638,21,C7,1783 LEXINGTON AVENUE,,10029.0,7.0,1.0,8.0,1400.0,4000.0,1910.0,2,C7,800000,2023-08-29,40.795149,-73.944147,111.0,8.0,1052176.0,1016380021.0,172.0,MN1101,2023,8,True,RENTALS - WALKUP APARTMENTS
Manhattan,HARLEM-UPPER,08 RENTALS - ELEVATOR APARTMENTS,2,2074,30,D7,115 HAMILTON PLACE,,10031.0,26.0,4.0,30.0,4600.0,32700.0,1910.0,2,D7,9538778,2023-08-29,40.823724,-73.949484,109.0,7.0,1061859.0,1020740030.0,229.0,MN0903,2023,8,True,RENTALS - ELEVATOR APARTMENTS
Manhattan,HARLEM-UPPER,08 RENTALS - ELEVATOR APARTMENTS,2,2074,25,D7,505 WEST 142ND STREET,,10031.0,26.0,2.0,28.0,2703.0,30925.0,1910.0,2,D7,9538778,2023-08-29,40.823741,-73.949997,109.0,7.0,1061858.0,1020740025.0,229.0,MN0903,2023,8,True,RENTALS - ELEVATOR APARTMENTS
Manhattan,HARLEM-UPPER,07 RENTALS - WALKUP APARTMENTS,2B,2073,43,C5,504 WEST 142 STREET,,10031.0,8.0,0.0,8.0,1440.0,3775.0,1920.0,2,C5,9538778,2023-08-29,40.823727,-73.950008,109.0,7.0,1061807.0,1020730043.0,225.0,MN0903,2023,8,True,RENTALS - WALKUP APARTMENTS
Manhattan,LOWER EAST SIDE,13 CONDOS - ELEVATOR APARTMENTS,2,248,1164,R4,"250 SOUTH STREET, 20H",20H,10002.0,1.0,,1.0,,,2015.0,2,R4,2040500,2023-08-29,40.710061,-73.990092,103.0,1.0,1089771.0,1002487501.0,6.0,MN0301,2023,8,True,CONDOS - ELEVATOR APARTMENTS
Manhattan,HARLEM-WEST,09 COOPS - WALKUP APARTMENTS,2C,1970,61,C6,"498 WEST 133RD STREET, 2E",,10027.0,,,,,,1900.0,2,C6,335000,2023-08-29,40.817536,-73.953051,109.0,7.0,1059632.0,1019700061.0,21303.0,MN0902,2023,8,True,COOPS - WALKUP APARTMENTS
Manhattan,KIPS BAY,10 COOPS - ELEVATOR APARTMENTS,2,921,19,D4,"333 EAST 14TH STREET, 11G",,10003.0,,,,,,1965.0,2,D4,260000,2023-08-29,40.731722,-73.983424,106.0,2.0,1020402.0,1009210019.0,48.0,MN0602,2023,8,True,COOPS - ELEVATOR APARTMENTS
Manhattan,HARLEM-WEST,07 RENTALS - WALKUP APARTMENTS,2B,2071,56,C5,542 WEST 140 STREET,,10031.0,8.0,0.0,8.0,1098.0,2427.0,1910.0,2,C5,9538778,2023-08-29,40.822789,-73.951653,109.0,7.0,1061748.0,1020710056.0,225.0,MN0903,2023,8,True,RENTALS - WALKUP APARTMENTS
Manhattan,MIDTOWN EAST,10 COOPS - ELEVATOR APARTMENTS,2,1336,15,D4,"333 EAST 43RD STREET, 520",,10017.0,,,,,,1928.0,2,D4,395000,2023-08-29,40.749923,-73.970344,106.0,4.0,1038666.0,1013360015.0,88.0,MN0603,2023,8,True,COOPS - ELEVATOR APARTMENTS
Manhattan,MANHATTAN VALLEY,13 CONDOS - ELEVATOR APARTMENTS,2,1833,2135,R4,"372 CENTRAL PARK WEST, 7G",7G,10025.0,1.0,,1.0,,,1961.0,2,R4,776500,2023-08-29,40.792841,-73.964709,107.0,7.0,1074772.0,1018337502.0,185.0,MN0703,2023,8,True,CONDOS - ELEVATOR APARTMENTS
Manhattan,MANHATTAN VALLEY,13 CONDOS - ELEVATOR APARTMENTS,2,1833,3032,R4,"392 CENTRAL PARK WEST, 2P",2P,10025.0,1.0,,1.0,,,1960.0,2,R4,1423000,2023-08-29,40.793779,-73.963159,107.0,7.0,1055287.0,1018337503.0,185.0,MN0703,2023,8,True,CONDOS - ELEVATOR APARTMENTS
Manhattan,MIDTOWN EAST,10 COOPS - ELEVATOR APARTMENTS,2,1330,4,D4,"200 EAST 57TH STREET, 7B",,10022.0,,,,,,1960.0,2,D4,2050000,2023-08-29,40.760066,-73.967112,106.0,4.0,1038590.0,1013300004.0,10803.0,MN0604,2023,8,True,COOPS - ELEVATOR APARTMENTS
Manhattan,MIDTOWN WEST,13 CONDOS - ELEVATOR APARTMENTS,2,1011,7045,R4,"100 CENTRAL PARK SOUTH, 8G",8G,10019.0,1.0,,1.0,,,,2,R4,725000,2023-08-29,40.765802,-73.97656,105.0,6.0,1023755.0,1010117505.0,137.0,MN0502,2023,8,True,CONDOS - ELEVATOR APARTMENTS
Manhattan,MIDTOWN EAST,10 COOPS - ELEVATOR APARTMENTS,2,1361,21,D4,"1 BEEKMAN PLACE, 8C",,10022.0,,,,,,1931.0,2,D4,2905750,2023-08-29,40.752872,-73.96513,106.0,4.0,1040079.0,1013610021.0,8603.0,MN0604,2023,8,True,COOPS - ELEVATOR APARTMENTS
Manhattan,MIDTOWN EAST,13 CONDOS - ELEVATOR APARTMENTS,2,1369,1058,R4,"420 EAST 58TH STREET, 21C",21C,10022.0,1.0,,1.0,,,1985.0,2,R4,740000,2023-08-29,40.758698,-73.961781,106.0,4.0,1040561.0,1013697501.0,10601.0,MN0604,2023,8,True,CONDOS - ELEVATOR APARTMENTS
Manhattan,MIDTOWN EAST,10 COOPS - ELEVATOR APARTMENTS,2,1363,31,D4,"434 EAST 52ND STREET, 3B",,10022.0,,,,,,1930.0,2,D4,529791,2023-08-29,40.754757,-73.964389,106.0,4.0,1040142.0,1013630031.0,8603.0,MN0604,2023,8,True,COOPS - ELEVATOR APARTMENTS
Manhattan,MIDTOWN WEST,13 CONDOS - ELEVATOR APARTMENTS,2,1048,1047,R4,"347 WEST 57TH STREET, 8B",8B,10019.0,1.0,,1.0,,,,2,R4,840000,2023-08-29,40.767297,-73.984231,104.0,6.0,1026058.0,1010487501.0,139.0,MN0402,2023,8,True,CONDOS - ELEVATOR APARTMENTS
Manhattan,ROOSEVELT ISLAND,10 COOPS - ELEVATOR APARTMENTS,2,1373,40,D4,"531 MAIN STREET, 1603",,10044.0,,,,,,1975.0,2,D4,1200000,2023-08-29,40.761304,-73.950301,108.0,5.0,1087293.0,1013730040.0,23803.0,MN0801,2023,8,True,COOPS - ELEVATOR APARTMENTS
Manhattan,MURRAY HILL,13 CONDOS - ELEVATOR APARTMENTS,2,866,1071,R4,"30 EAST 37TH STREET, 9A",9A,10016.0,1.0,,1.0,,,1952.0,2,R4,799000,2023-08-29,40.749505,-73.981211,106.0,4.0,1017185.0,1008667502.0,82.0,MN0502,2023,8,True,CONDOS - ELEVATOR APARTMENTS
Manhattan,MURRAY HILL,10 COOPS - ELEVATOR APARTMENTS,2,916,55,D4,"210 EAST 36TH STREET, 3J",,10016.0,,,,,,1960.0,2,D4,375000,2023-08-29,40.746759,-73.976628,106.0,4.0,1020200.0,1009160055.0,78.0,MN0603,2023,8,True,COOPS - ELEVATOR APARTMENTS
Manhattan,TRIBECA,15 CONDOS - 2-10 UNIT RESIDENTIAL,2C,132,1402,R1,"83 MURRAY STREET, 1",1,10007.0,1.0,,1.0,,,,2,R1,2300000,2023-08-29,40.714821,-74.011107,101.0,1.0,1077396.0,1001327504.0,21.0,MN0102,2023,8,True,CONDOS - 2-10 UNIT RESIDENTIAL
Manhattan,SOHO,10 COOPS - ELEVATOR APARTMENTS,2C,496,5,D0,"248 LAFAYETTE STREET, 5 FL",,10012.0,,,,,,1900.0,2,D0,2625000,2023-08-29,40.722946,-73.996876,102.0,1.0,1007539.0,1004960005.0,43.0,MN0201,2023,8,True,COOPS - ELEVATOR APARTMENTS
Manhattan,TRIBECA,15 CONDOS - 2-10 UNIT RESIDENTIAL,2C,220,1004,R1,"11 VESTRY STREET, 3",3,10013.0,1.0,,1.0,,,1890.0,2,R1,4650000,2023-08-29,40.722547,-74.00736,101.0,1.0,1066504.0,1002207501.0,33.0,MN0102,2023,8,True,CONDOS - 2-10 UNIT RESIDENTIAL
Manhattan,TRIBECA,08 RENTALS - ELEVATOR APARTMENTS,2,16,180,D8,"20 RIVER TERRACE, 14J",,10282.0,293.0,1.0,294.0,16653.0,356786.0,2002.0,2,D8,1280000,2023-08-29,40.716942,-74.016298,101.0,1.0,1086174.0,1000160180.0,31703.0,MN0101,2023,8,True,RENTALS - ELEVATOR APARTMENTS
Manhattan,UPPER EAST SIDE (59-79),10 COOPS - ELEVATOR APARTMENTS,2,1427,1,D4,"203 EAST 72ND STREET, 24A",,10021.0,,,,,,1966.0,2,D4,1625000,2023-08-29,40.769602,-73.96023,108.0,5.0,1085194.0,1014270001.0,12602.0,MN0801,2023,8,True,COOPS - ELEVATOR APARTMENTS
Manhattan,UPPER EAST SIDE (59-79),10 COOPS - ELEVATOR APARTMENTS,2,1378,70,D4,"825 FIFTH AVENUE, 17CD",,10065.0,,,,,,1927.0,2,D4,4400000,2023-08-29,40.767121,-73.970914,108.0,4.0,1041056.0,1013780070.0,122.0,MN0802,2023,8,True,COOPS - ELEVATOR APARTMENTS
Manhattan,UPPER EAST SIDE (59-79),10 COOPS - ELEVATOR APARTMENTS,2,1441,17,D4,"333 EAST 66TH STREET, 4J",,10065.0,,,,,,1964.0,2,D4,515000,2023-08-29,40.764618,-73.960247,108.0,5.0,1044740.0,1014410017.0,118.0,MN0801,2023,8,True,COOPS - ELEVATOR APARTMENTS
Manhattan,UPPER EAST SIDE (59-79),10 COOPS - ELEVATOR APARTMENTS,2,1384,63,D4,"10 EAST 70TH STREET, 9A",,10021.0,,,,,,1962.0,2,D4,1725000,2023-08-29,40.770884,-73.967385,108.0,4.0,1041320.0,1013840063.0,122.0,MN0802,2023,8,True,COOPS - ELEVATOR APARTMENTS
Manhattan,UPPER EAST SIDE (59-79),17 CONDO COOPS,2,1444,1003,R9,"301 EAST 69TH STREET, 4J",,10021.0,,,,,,1963.0,2,R9,525000,2023-08-29,40.766835,-73.959679,108.0,5.0,1072630.0,1014447501.0,12601.0,MN0801,2023,8,True,CONDO COOPS
Manhattan,UPPER EAST SIDE (79-96),09 COOPS - WALKUP APARTMENTS,2,1535,42,C6,"206 EAST 90TH STREET, 2E",,10128.0,,,,,,1920.0,2,C6,460000,2023-08-29,40.781198,-73.951698,108.0,5.0,1083915.0,1015350042.0,15401.0,MN0803,2023,8,True,COOPS - WALKUP APARTMENTS
Manhattan,UPPER EAST SIDE (59-79),13 CONDOS - ELEVATOR APARTMENTS,2,1455,1080,R4,"401 EAST 60TH STREET, 14D",14D,10022.0,1.0,,1.0,,,1999.0,2,R4,2010000,2023-08-29,40.760166,-73.961347,108.0,5.0,1045271.0,1014557501.0,10602.0,MN0801,2023,8,True,CONDOS - ELEVATOR APARTMENTS
Manhattan,UPPER EAST SIDE (79-96),10 COOPS - ELEVATOR APARTMENTS,2,1497,7,D4,"7 EAST 85TH STREET, 6C",,10028.0,,,,,,1928.0,2,D4,725000,2023-08-29,40.780633,-73.96036,108.0,4.0,1046829.0,1014970007.0,15001.0,MN0802,2023,8,True,COOPS - ELEVATOR APARTMENTS
Manhattan,UPPER EAST SIDE (59-79),13 CONDOS - ELEVATOR APARTMENTS,2,1483,1113,R4,"524 EAST 72ND STREET, 41B",41B,10021.0,1.0,,1.0,,,1989.0,2,R4,1200000,2023-08-29,40.766325,-73.952524,108.0,5.0,1072695.0,1014837501.0,124.0,MN0801,2023,8,True,CONDOS - ELEVATOR APARTMENTS
Manhattan,UPPER EAST SIDE (79-96),10 COOPS - ELEVATOR APARTMENTS,2,1590,7,D4,"1 GRACIE TER., 2G",,10028.0,,,,,,1953.0,2,D4,525000,2023-08-29,40.772308,-73.94653,108.0,5.0,1051381.0,1015900007.0,13601.0,MN0803,2023,8,True,COOPS - ELEVATOR APARTMENTS
Manhattan,UPPER WEST SIDE (59-79),10 COOPS - ELEVATOR APARTMENTS,2,1186,91,D4,"316 WEST 79TH STREET, 4E",,10024.0,,,,,,1910.0,2,D4,2000000,2023-08-29,40.78477,-73.982176,107.0,6.0,1031130.0,1011860091.0,167.0,MN0702,2023,8,True,COOPS - ELEVATOR APARTMENTS
Manhattan,UPPER WEST SIDE (59-79),10 COOPS - ELEVATOR APARTMENTS,2,1162,20,D4,"225 WEST 70TH STREET, B",,10023.0,,,,,,1975.0,2,D4,680000,2023-08-29,40.777823,-73.983828,107.0,6.0,1030367.0,1011620020.0,159.0,MN0701,2023,8,True,COOPS - ELEVATOR APARTMENTS
Manhattan,UPPER WEST SIDE (59-79),10 COOPS - ELEVATOR APARTMENTS,2,1129,45,D4,"20 WEST 77 STREET, 6A",,10024.0,,,,,,1926.0,2,D4,4275000,2023-08-29,40.779852,-73.974497,107.0,6.0,1028818.0,1011290045.0,161.0,MN0702,2023,8,True,COOPS - ELEVATOR APARTMENTS
Manhattan,UPPER WEST SIDE (59-79),10 COOPS - ELEVATOR APARTMENTS,2,1120,23,D4,"1 WEST 67TH STREET, 201",,10023.0,,,,,,1917.0,2,D4,350000,2023-08-29,40.773219,-73.978702,107.0,6.0,1028242.0,1011200023.0,15301.0,MN0701,2023,8,True,COOPS - ELEVATOR APARTMENTS
Manhattan,UPPER WEST SIDE (59-79),10 COOPS - ELEVATOR APARTMENTS,2,1162,29,D4,"201 WEST 70TH STREET, 38B",,10023.0,,,,,,1971.0,2,D4,2245000,2023-08-29,40.777348,-73.982665,107.0,6.0,1030373.0,1011620029.0,159.0,MN0701,2023,8,True,COOPS - ELEVATOR APARTMENTS
Manhattan,UPPER EAST SIDE (96-110),10 COOPS - ELEVATOR APARTMENTS,2,1603,69,D4,"1165 FIFTH AVENUE, 1415C",,10029.0,,,,,,1926.0,2,D4,6200000,2023-08-29,40.788989,-73.954549,111.0,8.0,1051480.0,1016030069.0,16002.0,MN1101,2023,8,True,COOPS - ELEVATOR APARTMENTS
Manhattan,UPPER WEST SIDE (59-79),10 COOPS - ELEVATOR APARTMENTS,2,1138,1,D4,"165 WEST 66 ST, 7Y",,10023.0,,,,,,1962.0,2,D4,590000,2023-08-29,40.774614,-73.983941,107.0,6.0,1028837.0,1011380001.0,15302.0,MN0701,2023,8,True,COOPS - ELEVATOR APARTMENTS
Manhattan,UPPER WEST SIDE (59-79),10 COOPS - ELEVATOR APARTMENTS,2,1184,10,D4,"263 W END AVE, 14G",,10023.0,,,,,,1929.0,2,D4,1950000,2023-08-29,40.779967,-73.984373,107.0,6.0,1030987.0,1011840010.0,159.0,MN0701,2023,8,True,COOPS - ELEVATOR APARTMENTS
Manhattan,UPPER WEST SIDE (59-79),13 CONDOS - ELEVATOR APARTMENTS,2,1169,1336,R4,"378 WEST END AVENUE, 9D",9D,10024.0,1.0,,1.0,,,1967.0,2,R4,6250000,2023-08-29,40.783559,-73.981721,107.0,6.0,1090883.0,1011697504.0,163.0,MN0702,2023,8,True,CONDOS - ELEVATOR APARTMENTS
Manhattan,UPPER WEST SIDE (79-96),10 COOPS - ELEVATOR APARTMENTS,2,1200,31,D4,"262 CENTRAL PARK WEST, 1EE",,10024.0,,,,,,1927.0,2,D4,285000,2023-08-29,40.785626,-73.969107,107.0,6.0,1031408.0,1012000031.0,173.0,MN0702,2023,8,True,COOPS - ELEVATOR APARTMENTS
Manhattan,UPPER WEST SIDE (79-96),10 COOPS - ELEVATOR APARTMENTS,2,1241,52,D4,"250 WEST 94TH STREET, 4J",,10025.0,,,,,,1925.0,2,D4,800000,2023-08-29,40.793546,-73.973221,107.0,7.0,1033653.0,1012410052.0,179.0,MN0702,2023,8,True,COOPS - ELEVATOR APARTMENTS
Manhattan,UPPER WEST SIDE (79-96),01 ONE FAMILY DWELLINGS,1,1200,61,A4,64 WEST 87TH STREET,,10024.0,1.0,0.0,1.0,1712.0,4698.0,1884.0,1,A4,10250000,2023-08-29,40.786853,-73.970966,107.0,6.0,1031432.0,1012000061.0,173.0,MN0702,2023,8,True,ONE FAMILY DWELLINGS
Staten Island,ARDEN HEIGHTS,04 TAX CLASS 1 CONDOS,1A,6024,1027,R3,"111 STACK DRIVE, 27",,10312.0,1.0,,1.0,,,1983.0,1,R3,395000,2023-08-29,40.548228,-74.196602,503.0,51.0,5122823.0,5060247501.0,17014.0,SI0303,2023,8,True,TAX CLASS 1 CONDOS
Staten Island,BULLS HEAD,02 TWO FAMILY DWELLINGS,1,1658,71,B9,121 ADA DRIVE,,10314.0,2.0,0.0,2.0,3275.0,1624.0,1983.0,1,B9,835000,2023-08-29,40.620479,-74.158109,501.0,49.0,5032758.0,5016580071.0,30302.0,SI0107,2023,8,True,TWO FAMILY DWELLINGS
Staten Island,BULLS HEAD,04 TAX CLASS 1 CONDOS,1A,1495,1143,R3,18A ANITA STREET,,10314.0,1.0,,1.0,,,1986.0,1,R3,406000,2023-08-29,40.620514,-74.152245,501.0,49.0,5171190.0,5014957502.0,30301.0,SI0107,2023,8,True,TAX CLASS 1 CONDOS
Staten Island,CLOVE LAKES,21 OFFICE BUILDINGS,4,244,6,O7,1091 VICTORY BOULEVARD,,10301.0,0.0,1.0,1.0,5940.0,1100.0,1930.0,4,O7,705000,2023-08-29,40.618391,-74.101041,501.0,49.0,5006612.0,5002440006.0,5901.0,SI0104,2023,8,True,OFFICE BUILDINGS
Staten Island,CONCORD-FOX HILLS,01 ONE FAMILY DWELLINGS,1,2877,111,A1,416 VANDERBILT AVENUE,,10304.0,1.0,0.0,1.0,2800.0,1389.0,1930.0,1,A1,300000,2023-08-29,40.615677,-74.083967,501.0,49.0,5043328.0,5028770111.0,4003.0,SI0103,2023,8,True,ONE FAMILY DWELLINGS
Staten Island,CONCORD,01 ONE FAMILY DWELLINGS,1,641,33,A1,66 IRVING PLACE,,10304.0,1.0,0.0,1.0,3000.0,1638.0,1930.0,1,A1,275500,2023-08-29,40.617145,-74.084056,501.0,49.0,5016342.0,5006410033.0,29.0,SI0102,2023,8,True,ONE FAMILY DWELLINGS
Staten Island,ELTINGVILLE,01 ONE FAMILY DWELLINGS,1,5350,28,A2,380 PRESTON AVENUE,,10312.0,1.0,0.0,1.0,4949.0,1000.0,1955.0,1,A2,680000,2023-08-29,40.533533,-74.157192,503.0,51.0,5069306.0,5053500028.0,15602.0,SI0302,2023,8,True,ONE FAMILY DWELLINGS
Staten Island,ELTINGVILLE,02 TWO FAMILY DWELLINGS,1,5718,62,B9,10 ROW PLACE,,10312.0,2.0,0.0,2.0,2600.0,1480.0,1980.0,1,B9,690000,2023-08-29,40.553194,-74.184763,503.0,51.0,5077461.0,5057180062.0,17015.0,SI0303,2023,8,True,TWO FAMILY DWELLINGS
Staten Island,GRANT CITY,02 TWO FAMILY DWELLINGS,1,3549,147,B1,192 DONGAN HILLS AVE,,10305.0,2.0,0.0,2.0,3720.0,1040.0,1960.0,1,B1,300000,2023-08-29,40.5857,-74.095861,502.0,50.0,5050900.0,5035490147.0,11401.0,SI0201,2023,8,True,TWO FAMILY DWELLINGS
Staten Island,GREAT KILLS,01 ONE FAMILY DWELLINGS,1,5316,67,A6,41 GROTON STREET,,10312.0,1.0,0.0,1.0,3400.0,1314.0,1935.0,1,A6,613000,2023-08-29,40.535745,-74.149224,503.0,51.0,5068487.0,5053160067.0,15603.0,SI0302,2023,8,True,ONE FAMILY DWELLINGS
Staten Island,GRASMERE,01 ONE FAMILY DWELLINGS,1,3184,49,A5,1051 W. FINGERBOARD RD,,10304.0,1.0,0.0,1.0,1825.0,1900.0,1989.0,1,A5,612000,2023-08-29,40.600342,-74.090448,502.0,50.0,5102008.0,5031840049.0,50.0,SI0201,2023,8,True,ONE FAMILY DWELLINGS
Staten Island,ELTINGVILLE,01 ONE FAMILY DWELLINGS,1,5718,63,A5,14 ROW PLACE,,10312.0,1.0,0.0,1.0,2658.0,1608.0,1980.0,1,A5,659000,2023-08-29,40.553158,-74.184694,503.0,51.0,5077462.0,5057180063.0,17015.0,SI0303,2023,8,True,ONE FAMILY DWELLINGS
Staten Island,HUGUENOT,01 ONE FAMILY DWELLINGS,1,6878,15,A2,501 DARLINGTON AVENUE,,10309.0,1.0,0.0,1.0,6534.0,1356.0,1940.0,1,A2,745000,2023-08-29,40.534184,-74.20245,503.0,51.0,5084224.0,5068780015.0,20804.0,SI0304,2023,8,True,ONE FAMILY DWELLINGS
Staten Island,GREAT KILLS-BAY TERRACE,01 ONE FAMILY DWELLINGS,1,5023,63,A2,145 DURANT AVE,,10306.0,1.0,0.0,1.0,3920.0,1816.0,1970.0,1,A2,780000,2023-08-29,40.55561,-74.132593,503.0,51.0,5064383.0,5050230063.0,13204.0,SI0301,2023,8,True,ONE FAMILY DWELLINGS
Staten Island,NEW DORP,01 ONE FAMILY DWELLINGS,1,3639,21,A1,229 LOCUST AVENUE,,10306.0,1.0,0.0,1.0,4000.0,2177.0,1935.0,1,A1,840000,2023-08-29,40.57435,-74.110665,502.0,50.0,5052653.0,5036390021.0,122.0,SI0202,2023,8,True,ONE FAMILY DWELLINGS
Staten Island,NEW DORP-HEIGHTS,02 TWO FAMILY DWELLINGS,1,4370,92,B2,55 WOLVERINE STREET,,10306.0,2.0,0.0,2.0,4000.0,2200.0,1970.0,1,B2,1027000,2023-08-29,40.567191,-74.129527,503.0,50.0,5059886.0,5043700092.0,138.0,SI0301,2023,8,True,TWO FAMILY DWELLINGS
Staten Island,OAKWOOD-BEACH,01 ONE FAMILY DWELLINGS,1,4682,6,A1,386 ADELAIDE AVENUE,,10306.0,1.0,0.0,1.0,4000.0,1600.0,2001.0,1,A1,1125000,2023-08-29,40.557622,-74.117874,503.0,50.0,5131842.0,5046820006.0,12805.0,SI0301,2023,8,True,ONE FAMILY DWELLINGS
Staten Island,ROSEBANK,01 ONE FAMILY DWELLINGS,1,2967,16,A1,189 ST MARYS AVENUE,,10305.0,1.0,0.0,1.0,3825.0,968.0,1925.0,1,A1,405000,2023-08-29,40.613622,-74.073462,501.0,49.0,5043856.0,5029670016.0,36.0,SI0103,2023,8,True,ONE FAMILY DWELLINGS
Staten Island,SOUTH BEACH,01 ONE FAMILY DWELLINGS,1,3110,68,A1,68 ARTHUR AVENUE,,10305.0,1.0,0.0,1.0,4480.0,840.0,1930.0,1,A1,440000,2023-08-29,40.594991,-74.068498,502.0,50.0,5045697.0,5031100068.0,74.0,SI0201,2023,8,True,ONE FAMILY DWELLINGS
Staten Island,WEST NEW BRIGHTON,02 TWO FAMILY DWELLINGS,1,225,71,S2,941 FOREST AVENUE,,10310.0,2.0,1.0,3.0,5700.0,2542.0,1931.0,1,S2,900000,2023-08-29,40.628127,-74.12051,501.0,49.0,5006143.0,5002250071.0,125.0,SI0104,2023,8,True,TWO FAMILY DWELLINGS
Staten Island,TOTTENVILLE,01 ONE FAMILY DWELLINGS,1,7775,130,A3,59 BELWOOD LOOP,,10307.0,1.0,0.0,1.0,12499.0,4928.0,2019.0,1,A3,1518208,2023-08-29,40.503787,-74.230233,503.0,51.0,5168934.0,5077750130.0,24402.0,SI0305,2023,8,True,ONE FAMILY DWELLINGS
Staten Island,WESTERLEIGH,01 ONE FAMILY DWELLINGS,1,1521,23,A1,37 WYONA AVENUE,,10314.0,1.0,0.0,1.0,4600.0,2200.0,1965.0,1,A1,715000,2023-08-29,40.610149,-74.148498,501.0,50.0,5030390.0,5015210023.0,251.0,SI0105,2023,8,True,ONE FAMILY DWELLINGS
Queens,ASTORIA,11 SPECIAL CONDO BILLING LOTS,2,654,1203,RR,"2534 STEINWAY STREET, 3",3,11103.0,11.0,0.0,11.0,4750.0,11413.0,2017.0,2,RR,9150000,2023-08-29,40.767566,-73.912018,401.0,22.0,4618943.0,4006547503.0,143.0,QN0104,2023,8,True,SPECIAL CONDO BILLING LOTS
Brooklyn,BOROUGH PARK,15 CONDOS - 2-10 UNIT RESIDENTIAL,2C,5645,1204,R1,"982 50TH STREET, 3A",3A,11219.0,1.0,,1.0,,,2016.0,2,R1,484000,2023-12-01,40.638799,-73.999892,312.0,38.0,3137900.0,3056450043.0,114.0,BK1201,2023,12,True,CONDOS - 2-10 UNIT RESIDENTIAL
Brooklyn,BOROUGH PARK,13 CONDOS - ELEVATOR APARTMENTS,2,5693,1205,R4,"834 57TH STREET, 2B",2B,11220.0,1.0,,1.0,,,2008.0,2,R4,468000,2023-12-01,40.636666,-74.006929,312.0,43.0,3397064.0,3056937503.0,10402.0,BK1201,2023,12,True,CONDOS - ELEVATOR APARTMENTS
Brooklyn,BOROUGH PARK,04 TAX CLASS 1 CONDOS,1A,5739,1150,R3,"1238 63RD ST, D-302",D-302,11219.0,1.0,,1.0,,,2019.0,1,R3,456300,2023-12-01,40.627908,-74.001592,310.0,43.0,3428607.0,3057397501.0,194.0,BK1002,2023,12,True,TAX CLASS 1 CONDOS
Brooklyn,CANARSIE,01 ONE FAMILY DWELLINGS,1,8179,62,A5,26 DURLAND PLACE,,11236.0,1.0,0.0,1.0,2256.0,1148.0,1920.0,1,A5,440000,2023-12-01,40.641766,-73.906278,318.0,46.0,3229527.0,3081790062.0,964.0,BK1803,2023,12,True,ONE FAMILY DWELLINGS
Brooklyn,CARROLL GARDENS,04 TAX CLASS 1 CONDOS,1C,435,1503,R6,"283 PRESIDENT STREET, 3",3,11231.0,1.0,,1.0,,,1899.0,1,R6,2522813,2023-12-01,40.681373,-73.99527,306.0,39.0,3007252.0,3004350047.0,75.0,BK0601,2023,12,True,TAX CLASS 1 CONDOS
Brooklyn,CARROLL GARDENS,15 CONDOS - 2-10 UNIT RESIDENTIAL,2C,349,1004,R1,"536 HENRY STREET, 4",4,11231.0,1.0,,1.0,,,1920.0,2,R1,1650000,2023-12-01,40.682705,-74.000105,306.0,39.0,3004733.0,3003497501.0,63.0,BK0601,2023,12,True,CONDOS - 2-10 UNIT RESIDENTIAL
Brooklyn,CONEY ISLAND,10 COOPS - ELEVATOR APARTMENTS,2,7274,60,D4,"2915 WEST 5TH STREET, 22A",,11224.0,,,,,,1964.0,2,D4,330000,2023-12-01,40.578874,-73.972115,313.0,48.0,3196586.0,3072740060.0,35602.0,BK1302,2023,12,True,COOPS - ELEVATOR APARTMENTS
Brooklyn,CONEY ISLAND,10 COOPS - ELEVATOR APARTMENTS,2,7274,15,D4,"448 NEPTUNE AVENUE, 14E",,11224.0,,,,,,1964.0,2,D4,450000,2023-12-01,40.579865,-73.970228,313.0,48.0,3196581.0,3072740015.0,35602.0,BK1302,2023,12,True,COOPS - ELEVATOR APARTMENTS
Brooklyn,CROWN HEIGHTS,02 TWO FAMILY DWELLINGS,1,1226,5,B3,638 ST MARKS AVENUE,,11216.0,2.0,0.0,2.0,1568.0,2816.0,1905.0,1,B3,1725000,2023-12-01,40.675322,-73.952297,308.0,36.0,3030937.0,3012260005.0,31701.0,BK0802,2023,12,True,TWO FAMILY DWELLINGS
Brooklyn,COBBLE HILL-WEST,13 CONDOS - ELEVATOR APARTMENTS,2,320,1021,R4,"1 TIFFANY PLACE, 2G",2G,11231.0,1.0,,1.0,,,,2,R4,1475000,2023-12-01,40.687179,-74.000671,306.0,39.0,3003595.0,3003207501.0,47.0,BK0601,2023,12,True,CONDOS - ELEVATOR APARTMENTS
Brooklyn,FLATBUSH-CENTRAL,22 STORE BUILDINGS,4,5126,4,K4,1005 FLATBUSH AVENUE,,11226.0,0.0,1.0,1.0,1871.0,3420.0,1910.0,4,K4,537500,2023-12-01,40.646795,-73.958105,314.0,40.0,3117672.0,3051260004.0,794.0,BK1701,2023,12,True,STORE BUILDINGS
Brooklyn,FLATBUSH-EAST,01 ONE FAMILY DWELLINGS,1,4975,43,A9,4121 FOSTER AVENUE,,11203.0,1.0,0.0,1.0,1950.0,1280.0,1930.0,1,A9,660000,2023-12-01,40.639284,-73.937478,317.0,45.0,3112781.0,3049750043.0,834.0,BK1702,2023,12,True,ONE FAMILY DWELLINGS
Brooklyn,GERRITSEN BEACH,01 ONE FAMILY DWELLINGS,1,8866,1432,A2,20 NOVA COURT,,11229.0,1.0,0.0,1.0,3600.0,1712.0,1925.0,1,A2,700000,2023-12-01,40.5872,-73.924554,315.0,46.0,3248980.0,3088661432.0,628.0,BK1503,2023,12,True,ONE FAMILY DWELLINGS
Brooklyn,GRAVESEND,01 ONE FAMILY DWELLINGS,1,7120,50,A1,2165 WEST 7TH STREET,,11223.0,1.0,0.0,1.0,2000.0,952.0,1920.0,1,A1,789000,2023-12-01,40.594856,-73.978197,315.0,43.0,3192502.0,3071200050.0,398.0,BK1501,2023,12,True,ONE FAMILY DWELLINGS
Brooklyn,GOWANUS,02 TWO FAMILY DWELLINGS,1,1015,57,B2,219 11TH STREET,,11215.0,2.0,0.0,2.0,1967.0,2040.0,1901.0,1,B2,1762469,2023-12-01,40.669598,-73.990635,306.0,38.0,3022499.0,3010150057.0,121.0,BK0601,2023,12,True,TWO FAMILY DWELLINGS
Manhattan,TRIBECA,17 CONDO COOPS,2,224,1304,R9,"450 WASHINGTON STREET, 620",,10013.0,,,,,,2007.0,2,R9,4400000,2023-12-01,40.723895,-74.010816,101.0,1.0,1087707.0,1002247504.0,39.0,MN0102,2023,12,True,CONDO COOPS
Brooklyn,MARINE PARK,02 TWO FAMILY DWELLINGS,1,8556,35,B3,2215 RYDER STREET,,11234.0,2.0,0.0,2.0,2000.0,2160.0,1930.0,1,B3,599000,2023-12-01,40.607476,-73.925072,318.0,46.0,3242299.0,3085560035.0,662.0,BK1802,2023,12,True,TWO FAMILY DWELLINGS
Brooklyn,MARINE PARK,02 TWO FAMILY DWELLINGS,1,8533,41,B1,3304 AVENUE T,,11234.0,2.0,0.0,2.0,1667.0,1208.0,1935.0,1,B1,705000,2023-12-01,40.606791,-73.931559,318.0,46.0,3241433.0,3085330041.0,658.0,BK1802,2023,12,True,TWO FAMILY DWELLINGS
Brooklyn,MARINE PARK,04 TAX CLASS 1 CONDOS,1A,8823,1008,R3,"2311 GERRITSEN AVENUE, 2C",2C,11229.0,1.0,,1.0,,,2003.0,1,R3,600000,2023-12-01,40.599944,-73.933039,315.0,46.0,3348992.0,3088237501.0,632.0,BK1503,2023,12,True,TAX CLASS 1 CONDOS
Brooklyn,OLD MILL BASIN,02 TWO FAMILY DWELLINGS,1,8386,43,B1,6422 AVENUE N,,11234.0,2.0,0.0,2.0,4623.0,2304.0,1965.0,1,B1,900000,2023-12-01,40.62009,-73.915364,318.0,46.0,3236432.0,3083860043.0,69602.0,BK1802,2023,12,True,TWO FAMILY DWELLINGS
Brooklyn,OLD MILL BASIN,02 TWO FAMILY DWELLINGS,1,8399,93,B9,2069 PEARSON STREET,,11234.0,2.0,0.0,2.0,2150.0,3682.0,1970.0,1,B9,474271,2023-12-01,40.613181,-73.918942,318.0,46.0,3236707.0,3083990093.0,686.0,BK1802,2023,12,True,TWO FAMILY DWELLINGS
Brooklyn,PARK SLOPE,10 COOPS - ELEVATOR APARTMENTS,2,1080,35,D4,"300 8TH AVENUE, 2O",,11215.0,,,,,,1920.0,2,D4,285000,2023-12-01,40.669288,-73.976284,306.0,39.0,3025434.0,3010800035.0,155.0,BK0602,2023,12,True,COOPS - ELEVATOR APARTMENTS
Brooklyn,PARK SLOPE,13 CONDOS - ELEVATOR APARTMENTS,2,1064,1022,R4,"937 UNION STREET, PH2",PH2,11215.0,1.0,,1.0,,,2003.0,2,R4,3100000,2023-12-01,40.673092,-73.971888,306.0,39.0,3349056.0,3010647501.0,159.0,BK0602,2023,12,True,CONDOS - ELEVATOR APARTMENTS
Brooklyn,PROSPECT HEIGHTS,30 WAREHOUSES,4,1137,23,E9,606 DEAN STREET,,11238.0,0.0,1.0,1.0,4483.0,4000.0,1950.0,4,E9,3850000,2023-12-01,40.68059,-73.969906,308.0,35.0,3027860.0,3011370023.0,163.0,BK0801,2023,12,True,WAREHOUSES
Brooklyn,SUNSET PARK,02 TWO FAMILY DWELLINGS,1,863,22,B9,434 59TH ST,,11220.0,2.0,0.0,2.0,2003.0,2832.0,1915.0,1,B9,1420000,2023-12-01,40.64087,-74.016892,307.0,38.0,3016275.0,3008630022.0,74.0,BK0702,2023,12,True,TWO FAMILY DWELLINGS
Brooklyn,SUNSET PARK,03 THREE FAMILY DWELLINGS,1,685,32,C0,216A 33 STREET,,11232.0,3.0,0.0,3.0,1786.0,2142.0,1910.0,1,C0,1225000,2023-12-01,40.655007,-74.00106,307.0,38.0,3010197.0,3006850032.0,84.0,BK0702,2023,12,True,THREE FAMILY DWELLINGS
Brooklyn,WILLIAMSBURG-NORTH,13 CONDOS - ELEVATOR APARTMENTS,2,2299,1098,R4,"214 NORTH 11TH STREET, 5V",5V,11211.0,1.0,,1.0,,,,2,R4,1455000,2023-12-01,40.718767,-73.953312,301.0,33.0,3061628.0,3022997501.0,519.0,BK0102,2023,12,True,CONDOS - ELEVATOR APARTMENTS
Brooklyn,WILLIAMSBURG-EAST,15 CONDOS - 2-10 UNIT RESIDENTIAL,2C,2780,1008,R1,"490 LORIMER STREET, 4B",4B,11211.0,1.0,,1.0,,,2019.0,2,R1,1009024,2023-12-01,40.71156,-73.948945,301.0,34.0,3069342.0,3027800002.0,503.0,BK0104,2023,12,True,CONDOS - 2-10 UNIT RESIDENTIAL
Brooklyn,WILLIAMSBURG-EAST,13 CONDOS - ELEVATOR APARTMENTS,2,2764,1105,R4,"710 METROPOLITAN AVENUE, 1D",1D,11211.0,1.0,,1.0,,,1930.0,2,R4,1100000,2023-12-01,40.714432,-73.945343,301.0,34.0,3338159.0,3027640014.0,497.0,BK0104,2023,12,True,CONDOS - ELEVATOR APARTMENTS
Manhattan,CHELSEA,17 CONDO COOPS,2,721,1062,R9,"410 WEST 23RD STREET, 12L",,10011.0,,,,,,,2,R9,948894,2023-12-01,40.746751,-74.00196,104.0,3.0,1012698.0,1007200049.0,93.0,MN0401,2023,12,True,CONDO COOPS
Brooklyn,WYCKOFF HEIGHTS,02 TWO FAMILY DWELLINGS,1,3400,32,B1,1432 HANCOCK STREET,,11237.0,2.0,0.0,2.0,2000.0,3300.0,1910.0,1,B1,1300000,2023-12-01,40.696224,-73.907247,304.0,37.0,3078453.0,3034000032.0,439.0,BK0402,2023,12,True,TWO FAMILY DWELLINGS
Manhattan,CHELSEA,13 CONDOS - ELEVATOR APARTMENTS,2,769,1338,R4,"251 WEST 19TH STREET, 9C",9C,10011.0,1.0,,1.0,,,,2,R4,3850000,2023-12-01,40.742354,-73.999098,104.0,3.0,1013970.0,1007697505.0,87.0,MN0401,2023,12,True,CONDOS - ELEVATOR APARTMENTS
Manhattan,CHELSEA,13 CONDOS - ELEVATOR APARTMENTS,2,716,1311,R4,"459 WEST 18TH STREET, PH2",PH2,10011.0,1.0,,1.0,,,2007.0,2,R4,7500000,2023-12-01,40.74422,-74.005352,104.0,3.0,1087907.0,1007167504.0,89.0,MN0401,2023,12,True,CONDOS - ELEVATOR APARTMENTS
Manhattan,CIVIC CENTER,13 CONDOS - ELEVATOR APARTMENTS,2,133,1512,R4,"49 WARREN STREET, 6E",6E,10007.0,1.0,,1.0,,,,2,R4,2700000,2023-12-01,40.714634,-74.009007,101.0,1.0,1079150.0,1001337506.0,21.0,MN0102,2023,12,True,CONDOS - ELEVATOR APARTMENTS
Manhattan,GREENWICH VILLAGE-CENTRAL,17 CONDO COOPS,2,560,1203,R9,"60 EAST 9TH STREET, 433",,10003.0,,,,,,1954.0,2,R9,785000,2023-12-01,40.731476,-73.992679,102.0,2.0,1009092.0,1005607503.0,59.0,MN0202,2023,12,True,CONDO COOPS
Manhattan,HARLEM-EAST,07 RENTALS - WALKUP APARTMENTS,2,1634,16,C5,1694 LEXINGTON AVENUE,,10029.0,11.0,0.0,11.0,1250.0,3920.0,1910.0,2,C5,849956,2023-12-01,40.792438,-73.946153,111.0,8.0,1052020.0,1016340016.0,172.0,MN1101,2023,12,True,RENTALS - WALKUP APARTMENTS
Manhattan,HARLEM-CENTRAL,08 RENTALS - ELEVATOR APARTMENTS,2,1751,1,D9,"2041 5TH AVENUE, 6C",,10035.0,40.0,1.0,41.0,11990.0,59269.0,1921.0,2,D9,201000,2023-12-01,40.807181,-73.941695,111.0,9.0,1054079.0,1017510001.0,206.0,MN1102,2023,12,True,RENTALS - ELEVATOR APARTMENTS
Manhattan,KIPS BAY,13 CONDOS - ELEVATOR APARTMENTS,2,928,1306,R4,"340 EAST 23RD STREET, 10E",10E,10010.0,1.0,,1.0,,,2007.0,2,R4,1610000,2023-12-01,40.737411,-73.979803,106.0,2.0,1020579.0,1009287503.0,64.0,MN0602,2023,12,True,CONDOS - ELEVATOR APARTMENTS
Manhattan,KIPS BAY,13 CONDOS - ELEVATOR APARTMENTS,2,943,1718,R4,"330 EAST 38TH STREET, 49H",49H,10016.0,1.0,,1.0,,,,2,R4,710000,2023-12-01,40.746742,-73.972741,106.0,4.0,1076166.0,1009437501.0,78.0,MN0603,2023,12,True,CONDOS - ELEVATOR APARTMENTS
Manhattan,KIPS BAY,13 CONDOS - ELEVATOR APARTMENTS,2,943,1205,R4,"330 EAST 38TH STREET, 18B",18B,10016.0,1.0,,1.0,,,,2,R4,840000,2023-12-01,40.746742,-73.972741,106.0,4.0,1076166.0,1009437501.0,78.0,MN0603,2023,12,True,CONDOS - ELEVATOR APARTMENTS
Manhattan,MANHATTAN VALLEY,10 COOPS - ELEVATOR APARTMENTS,2,1840,33,D4,"446 CENTRAL PARK WEST, 3B",,10025.0,,,,,,1920.0,2,D4,350589,2023-12-01,40.797107,-73.960723,107.0,7.0,1055496.0,1018400033.0,189.0,MN0703,2023,12,True,COOPS - ELEVATOR APARTMENTS
Manhattan,MIDTOWN EAST,10 COOPS - ELEVATOR APARTMENTS,2,1336,15,D4,"333 EAST 43 STREET, 716",,10017.0,,,,,,1928.0,2,D4,460000,2023-12-01,40.749923,-73.970344,106.0,4.0,1038666.0,1013360015.0,88.0,MN0603,2023,12,True,COOPS - ELEVATOR APARTMENTS
Manhattan,MANHATTAN VALLEY,10 COOPS - ELEVATOR APARTMENTS,2,1840,33,D4,"446 CENTRAL PARK WEST, 2E",,10025.0,,,,,,1920.0,2,D4,222237,2023-12-01,40.797107,-73.960723,107.0,7.0,1055496.0,1018400033.0,189.0,MN0703,2023,12,True,COOPS - ELEVATOR APARTMENTS
Manhattan,LOWER EAST SIDE,13 CONDOS - ELEVATOR APARTMENTS,2,353,1310,R4,"115 NORFOLK STREET, 202",202,10002.0,1.0,,1.0,,,2008.0,2,R4,830000,2023-12-01,40.719143,-73.986984,103.0,1.0,1088708.0,1003537503.0,18.0,MN0302,2023,12,True,CONDOS - ELEVATOR APARTMENTS
Manhattan,MIDTOWN WEST,13 CONDOS - ELEVATOR APARTMENTS,2,1003,1293,R4,"150 WEST 51ST STREET, 16-27",16-27,10019.0,1.0,,1.0,,,,2,R4,950000,2023-12-01,40.761431,-73.982142,105.0,4.0,1022710.0,1010037501.0,131.0,MN0502,2023,12,True,CONDOS - ELEVATOR APARTMENTS
Manhattan,MIDTOWN WEST,13 CONDOS - ELEVATOR APARTMENTS,2,1011,4088,R4,"106 CENTRAL PARK SOUTH, 3A",3A,10019.0,1.0,,1.0,,,,2,R4,6250000,2023-12-01,40.765868,-73.976715,105.0,6.0,1069595.0,1010117502.0,137.0,MN0502,2023,12,True,CONDOS - ELEVATOR APARTMENTS
Manhattan,MIDTOWN EAST,10 COOPS - ELEVATOR APARTMENTS,2,1364,22,D4,"435 EAST 52ND STREET, 10G",,10022.0,,,,,,1931.0,2,D4,6540500,2023-12-01,40.754763,-73.964361,106.0,4.0,1040155.0,1013640022.0,8603.0,MN0604,2023,12,True,COOPS - ELEVATOR APARTMENTS
Manhattan,MIDTOWN WEST,13 CONDOS - ELEVATOR APARTMENTS,2,1009,1317,R4,"111 WEST 56TH STREET, 35D",35D,10019.0,1.0,,1.0,,,1939.0,2,R4,1250000,2023-12-01,40.763906,-73.978276,105.0,6.0,1023455.0,1010090019.0,137.0,MN0502,2023,12,True,CONDOS - ELEVATOR APARTMENTS
Manhattan,MIDTOWN WEST,13 CONDOS - ELEVATOR APARTMENTS,2,1048,1036,R4,"347 WEST 57TH STREET, 39A",39A,10019.0,1.0,,1.0,,,,2,R4,1465000,2023-12-01,40.767297,-73.984231,104.0,6.0,1026058.0,1010487501.0,139.0,MN0402,2023,12,True,CONDOS - ELEVATOR APARTMENTS
Manhattan,MIDTOWN WEST,15 CONDOS - 2-10 UNIT RESIDENTIAL,2C,1274,1702,R1,"22 CENTRAL PARK SOUTH, 2",2,10019.0,1.0,,1.0,,,1907.0,2,R1,6400000,2023-12-01,40.764946,-73.974539,105.0,4.0,1035254.0,1012747505.0,11201.0,MN0502,2023,12,True,CONDOS - 2-10 UNIT RESIDENTIAL
Manhattan,MURRAY HILL,13 CONDOS - ELEVATOR APARTMENTS,2,860,1532,R4,"15 EAST 30TH STREET, 41E",41E,10016.0,1.0,,1.0,,,2017.0,2,R4,3860000,2023-12-01,40.745496,-73.985366,105.0,2.0,1090479.0,1008607505.0,74.0,MN0501,2023,12,True,CONDOS - ELEVATOR APARTMENTS
Manhattan,TRIBECA,08 RENTALS - ELEVATOR APARTMENTS,2,16,195,D8,"315-325 NORTH END AVENUE, 6L",,10282.0,274.0,2.0,276.0,18270.0,356483.0,2004.0,2,D8,625003,2023-12-01,40.716593,-74.014787,101.0,1.0,1086507.0,1000160195.0,31703.0,MN0101,2023,12,True,RENTALS - ELEVATOR APARTMENTS
Manhattan,TRIBECA,13 CONDOS - ELEVATOR APARTMENTS,2,16,2267,R4,"250 SOUTH END AVENUE, 10E",10E,10280.0,1.0,,1.0,,,1985.0,2,R4,660000,2023-12-01,40.709709,-74.01656,101.0,1.0,1065089.0,1000167503.0,31704.0,MN0101,2023,12,True,CONDOS - ELEVATOR APARTMENTS
Manhattan,UPPER EAST SIDE (59-79),07 RENTALS - WALKUP APARTMENTS,2,1435,38,C7,326 EAST 61ST STREET,,10065.0,20.0,2.0,22.0,2678.0,10670.0,1910.0,2,C7,3924450,2023-12-01,40.761327,-73.962188,108.0,5.0,1044216.0,1014350038.0,110.0,MN0801,2023,12,True,RENTALS - WALKUP APARTMENTS
Manhattan,UPPER EAST SIDE (59-79),10 COOPS - ELEVATOR APARTMENTS,2,1380,35,D4,"620 PARK AVENUE, 7TH F",,10065.0,,,,,,1924.0,2,D4,10750000,2023-12-01,40.766851,-73.966943,108.0,4.0,1041136.0,1013800035.0,122.0,MN0802,2023,12,True,COOPS - ELEVATOR APARTMENTS
Manhattan,UPPER EAST SIDE (59-79),13 CONDOS - ELEVATOR APARTMENTS,2,1381,1305,R4,"21 EAST 66TH STREET, 2W",2W,10065.0,1.0,,1.0,,,1941.0,2,R4,3100000,2023-12-01,40.768235,-73.968826,108.0,4.0,1041167.0,1013817504.0,122.0,MN0802,2023,12,True,CONDOS - ELEVATOR APARTMENTS
Manhattan,UPPER EAST SIDE (59-79),10 COOPS - ELEVATOR APARTMENTS,2,1473,16,D4,"425 EAST 78TH STREET, 6D",,10075.0,,,,,,1910.0,2,D4,335000,2023-12-01,40.77135,-73.952434,108.0,5.0,1046025.0,1014730016.0,13203.0,MN0801,2023,12,True,COOPS - ELEVATOR APARTMENTS
Manhattan,UPPER EAST SIDE (79-96),09 COOPS - WALKUP APARTMENTS,2,1545,39,C6,"320 EAST 83RD STREET, 5E",,10028.0,,,,,,1939.0,2,C6,471510,2023-12-01,40.775624,-73.952478,108.0,5.0,1049899.0,1015450039.0,138.0,MN0803,2023,12,True,COOPS - WALKUP APARTMENTS
Manhattan,UPPER EAST SIDE (59-79),17 CONDO COOPS,2,1444,1003,R9,"301 EAST 69TH STREET, 5N",,10021.0,,,,,,1963.0,2,R9,420000,2023-12-01,40.766835,-73.959679,108.0,5.0,1072630.0,1014447501.0,12601.0,MN0801,2023,12,True,CONDO COOPS
Manhattan,UPPER EAST SIDE (59-79),26 OTHER HOTELS,4,1375,67,H7,"797 FIFTH AVENUE, 1401",,10065.0,0.0,4.0,4.0,27113.0,515755.0,1930.0,4,H7,3600000,2023-12-01,40.765313,-73.972236,108.0,4.0,1040809.0,1013750067.0,11401.0,MN0802,2023,12,True,OTHER HOTELS
Manhattan,UPPER EAST SIDE (79-96),10 COOPS - ELEVATOR APARTMENTS,2,1507,56,D4,"16 EAST 96TH STREET, 7BE",,10128.0,,,,,,1930.0,2,D4,6650000,2023-12-01,40.787606,-73.955077,108.0,8.0,1047436.0,1015070056.0,16001.0,MN0802,2023,12,True,COOPS - ELEVATOR APARTMENTS
Manhattan,UPPER EAST SIDE (79-96),13 CONDOS - ELEVATOR APARTMENTS,2,1504,1110,R4,"1295 MADISON AVENUE, 4B",4B,10128.0,1.0,,1.0,,,1930.0,2,R4,3700000,2023-12-01,40.78476,-73.955952,108.0,5.0,1047067.0,1015047501.0,16001.0,MN0802,2023,12,True,CONDOS - ELEVATOR APARTMENTS
Manhattan,UPPER EAST SIDE (79-96),10 COOPS - ELEVATOR APARTMENTS,2,1519,8,D4,"115 EAST 90TH STREET, 7E",,10128.0,,,,,,1923.0,2,D4,825000,2023-12-01,40.782432,-73.954585,108.0,4.0,1048247.0,1015190008.0,14802.0,MN0802,2023,12,True,COOPS - ELEVATOR APARTMENTS
Manhattan,UPPER EAST SIDE (79-96),13 CONDOS - ELEVATOR APARTMENTS,2,1516,1026,R4,"153 EAST 87TH STREET, 7C",7C,10128.0,1.0,,1.0,,,1928.0,2,R4,799000,2023-12-01,40.780025,-73.954717,108.0,5.0,1073043.0,1015167501.0,14802.0,MN0802,2023,12,True,CONDOS - ELEVATOR APARTMENTS
Manhattan,UPPER WEST SIDE (59-79),13 CONDOS - ELEVATOR APARTMENTS,2,1115,1323,R4,"25 CENTRAL PARK WEST, 16E/F",16E/F,10023.0,1.0,,1.0,,,1932.0,2,R4,5000000,2023-12-01,40.770148,-73.9804,107.0,6.0,1076225.0,1011157501.0,149.0,MN0701,2023,12,True,CONDOS - ELEVATOR APARTMENTS
Manhattan,UPPER WEST SIDE (59-79),13 CONDOS - ELEVATOR APARTMENTS,2,1143,1218,R4,"155 WEST 71ST STREET, 6C",6C,10023.0,1.0,,1.0,,,1940.0,2,R4,362500,2023-12-01,40.777485,-73.98104,107.0,6.0,1070529.0,1011437502.0,157.0,MN0701,2023,12,True,CONDOS - ELEVATOR APARTMENTS
Manhattan,UPPER WEST SIDE (59-79),17 CONDO COOPS,2,1167,1002,R9,"215 WEST 75TH STREET, 16A",,10023.0,,,,,,1924.0,2,R9,984110,2023-12-01,40.780817,-73.980794,107.0,6.0,1030839.0,1011677501.0,163.0,MN0702,2023,12,True,CONDO COOPS
Manhattan,UPPER WEST SIDE (59-79),17 CONDO COOPS,2,1158,1208,R9,"150 WEST END AVENUE, 19L",,10023.0,,,,,,1963.0,2,R9,1650000,2023-12-01,40.776706,-73.986727,107.0,6.0,1070703.0,1011587503.0,15501.0,MN0701,2023,12,True,CONDO COOPS
Manhattan,UPPER WEST SIDE (96-116),10 COOPS - ELEVATOR APARTMENTS,2,1879,1,D4,"245 WEST 107TH STREET, 12A",,10025.0,,,,,,1929.0,2,D4,1525000,2023-12-01,40.80197,-73.967221,107.0,7.0,1056647.0,1018790001.0,195.0,MN0703,2023,12,True,COOPS - ELEVATOR APARTMENTS
Manhattan,WASHINGTON HEIGHTS LOWER,10 COOPS - ELEVATOR APARTMENTS,2,2134,105,D4,"611 WEST 156TH STREET, 45",,10032.0,,,,,,1910.0,2,D4,410000,2023-12-01,40.833691,-73.945925,112.0,7.0,1063258.0,1021340105.0,241.0,MN1201,2023,12,True,COOPS - ELEVATOR APARTMENTS
Manhattan,UPPER WEST SIDE (96-116),10 COOPS - ELEVATOR APARTMENTS,2,1887,22,D4,"755 WEST END AVENUE, 2A",,10025.0,,,,,,1925.0,2,D4,2500000,2023-12-01,40.795686,-73.972906,107.0,7.0,1057060.0,1018870022.0,183.0,MN0702,2023,12,True,COOPS - ELEVATOR APARTMENTS
Staten Island,BULLS HEAD,04 TAX CLASS 1 CONDOS,1A,1552,1055,R3,"125 MORANI STREET, N/A",,10314.0,1.0,,1.0,,,1980.0,1,R3,575000,2023-12-01,40.609289,-74.157345,502.0,50.0,5117451.0,5015527501.0,29104.0,SI0204,2023,12,True,TAX CLASS 1 CONDOS
Staten Island,ARROCHAR-SHORE ACRES,01 ONE FAMILY DWELLINGS,1,2834,57,A5,67 CLIFF STREET,,10305.0,1.0,0.0,1.0,2500.0,1288.0,1975.0,1,A5,705000,2023-12-01,40.610206,-74.061796,501.0,49.0,5042297.0,5028340057.0,6.0,SI0103,2023,12,True,ONE FAMILY DWELLINGS
Staten Island,ARROCHAR-SHORE ACRES,01 ONE FAMILY DWELLINGS,1,2832,115,A1,24 SCARBORO AVENUE,,10305.0,1.0,0.0,1.0,2400.0,1864.0,1989.0,1,A1,457314,2023-12-01,40.612848,-74.064259,501.0,49.0,5104127.0,5028320115.0,6.0,SI0103,2023,12,True,ONE FAMILY DWELLINGS
Staten Island,GREAT KILLS,01 ONE FAMILY DWELLINGS,1,4466,20,A5,25 KNIGHT LOOP,,10306.0,1.0,0.0,1.0,1410.0,1250.0,2002.0,1,A5,300000,2023-12-01,40.568494,-74.15028,503.0,50.0,5147666.0,5044660020.0,14606.0,SI0302,2023,12,True,ONE FAMILY DWELLINGS
Staten Island,HUGUENOT,01 ONE FAMILY DWELLINGS,1,6569,27,A2,5380 AMBOY ROAD,,10312.0,1.0,0.0,1.0,4840.0,1008.0,1960.0,1,A2,770000,2023-12-01,40.533136,-74.189305,503.0,51.0,5082437.0,5065690027.0,176.0,SI0304,2023,12,True,ONE FAMILY DWELLINGS
Staten Island,MIDLAND BEACH,01 ONE FAMILY DWELLINGS,1,3706,57,A2,437 NAUGHTON AVENUE,,10305.0,1.0,0.0,1.0,4200.0,1232.0,1960.0,1,A2,795000,2023-12-01,40.581713,-74.08985,502.0,50.0,5053770.0,5037060057.0,11201.0,SI0202,2023,12,True,ONE FAMILY DWELLINGS
Staten Island,NEW DORP,01 ONE FAMILY DWELLINGS,1,4206,27,A2,101 BEACH AVENUE,,10306.0,1.0,0.0,1.0,5150.0,968.0,1950.0,1,A2,780000,2023-12-01,40.571568,-74.12044,502.0,50.0,5057366.0,5042060027.0,134.0,SI0202,2023,12,True,ONE FAMILY DWELLINGS
Staten Island,ROSEBANK,01 ONE FAMILY DWELLINGS,1,2858,124,A5,16 WHITE STREET,,10305.0,1.0,0.0,1.0,3170.0,2389.0,2023.0,1,A5,804418,2023-12-01,40.612493,-74.066023,501.0,49.0,5174565.0,5028580124.0,8.0,SI0103,2023,12,True,ONE FAMILY DWELLINGS
Staten Island,NEW SPRINGVILLE,12 CONDOS - WALKUP APARTMENTS,2,2360,1026,R2,"1290 ROCKLAND AVENUE, 1F",1F,10314.0,1.0,,1.0,,,1973.0,2,R2,293000,2023-12-01,40.594926,-74.159446,502.0,51.0,5109191.0,5023607501.0,27706.0,SI0204,2023,12,True,CONDOS - WALKUP APARTMENTS
Staten Island,SOUTH BEACH,01 ONE FAMILY DWELLINGS,1,3354,67,A5,199 BENTON AVENUE,,10305.0,1.0,0.0,1.0,2200.0,1108.0,1970.0,1,A5,132000,2023-12-01,40.590932,-74.083738,502.0,50.0,5049681.0,5033540067.0,7001.0,SI0201,2023,12,True,ONE FAMILY DWELLINGS
Staten Island,TRAVIS,01 ONE FAMILY DWELLINGS,1,2774,17,A5,124 CANNON AVENUE,,10314.0,1.0,0.0,1.0,3840.0,816.0,1955.0,1,A5,630000,2023-12-01,40.594645,-74.189051,502.0,50.0,5041991.0,5027740017.0,29102.0,SI0204,2023,12,True,ONE FAMILY DWELLINGS
Staten Island,WILLOWBROOK,02 TWO FAMILY DWELLINGS,1,824,95,B9,61 SUNSET AVENUE,,10314.0,2.0,0.0,2.0,2465.0,1292.0,1998.0,1,B9,520000,2023-12-01,40.59999,-74.13298,502.0,50.0,5129694.0,5008240095.0,18902.0,SI0203,2023,12,True,TWO FAMILY DWELLINGS
Staten Island,WILLOWBROOK,07 RENTALS - WALKUP APARTMENTS,2A,2091,10,C2,742 WILLOWBROOK ROAD,,10314.0,5.0,0.0,5.0,8287.0,3660.0,1992.0,2,C2,1300000,2023-12-01,40.606538,-74.147485,502.0,50.0,5122645.0,5020910010.0,27301.0,SI0204,2023,12,True,RENTALS - WALKUP APARTMENTS
Queens,ARVERNE,02 TWO FAMILY DWELLINGS,1,16049,37,B3,69-20 ELIZABETH AVENUE,,11692.0,2.0,0.0,2.0,4000.0,1147.0,1950.0,1,B3,620000,2023-12-01,40.595467,-73.799183,414.0,31.0,4303049.0,4160490037.0,954.0,QN1402,2023,12,True,TWO FAMILY DWELLINGS
Queens,ARVERNE,02 TWO FAMILY DWELLINGS,1,15905,289,B2,120 BEACH WAY,,11692.0,2.0,0.0,2.0,3543.0,2419.0,2011.0,1,B2,1150000,2023-12-01,40.588661,-73.793583,414.0,31.0,4595476.0,4159050289.0,964.0,QN1402,2023,12,True,TWO FAMILY DWELLINGS
Queens,BAYSIDE,13 CONDOS - ELEVATOR APARTMENTS,2,5893,1253,R4,"1 BAY CLUB DRIVE, 12C",12C,11360.0,1.0,,1.0,,,1972.0,2,R4,998000,2023-12-01,40.779012,-73.782085,407.0,19.0,4610630.0,4058937501.0,99704.0,QN0703,2023,12,True,CONDOS - ELEVATOR APARTMENTS
Queens,BAYSIDE,02 TWO FAMILY DWELLINGS,1,6093,10,B3,208-20 33RD AVENUE,,11361.0,2.0,0.0,2.0,2310.0,1612.0,1925.0,1,B3,1068000,2023-12-01,40.770151,-73.781222,411.0,19.0,4135553.0,4060930010.0,1097.0,QN1102,2023,12,True,TWO FAMILY DWELLINGS
Queens,BELLEROSE,01 ONE FAMILY DWELLINGS,1,8621,41,A5,253-23 86TH AVE,,11426.0,1.0,0.0,1.0,1800.0,1224.0,1950.0,1,A5,620000,2023-12-01,40.732228,-73.713,413.0,23.0,4175864.0,4086210041.0,157101.0,QN1302,2023,12,True,ONE FAMILY DWELLINGS
Queens,BEECHHURST,10 COOPS - ELEVATOR APARTMENTS,2,4603,18,D4,"166-10 POWELLS COVE BOULEVARD, 7D",,11357.0,,,,,,1958.0,2,D4,370000,2023-12-01,40.793938,-73.797201,407.0,19.0,4104372.0,4046030018.0,991.0,QN0702,2023,12,True,COOPS - ELEVATOR APARTMENTS
Queens,EAST ELMHURST,02 TWO FAMILY DWELLINGS,1,1392,55,B3,30-07 94TH STREET,,11369.0,2.0,0.0,2.0,1712.0,1272.0,1920.0,1,B3,1400000,2023-12-01,40.761101,-73.874958,403.0,21.0,4033705.0,4013920055.0,353.0,QN0302,2023,12,True,TWO FAMILY DWELLINGS
Queens,DOUGLASTON,07 RENTALS - WALKUP APARTMENTS,2A,8108,76,C3,242-15 44TH AVENUE,,11363.0,4.0,0.0,4.0,4047.0,4180.0,1940.0,2,C3,1820000,2023-12-01,40.766674,-73.744335,411.0,19.0,4453376.0,4081080076.0,1479.0,QN1103,2023,12,True,RENTALS - WALKUP APARTMENTS
Queens,FLORAL PARK,01 ONE FAMILY DWELLINGS,1,8723,42,A0,80-04 268TH STREET,,11004.0,1.0,0.0,1.0,4000.0,1050.0,1950.0,1,A0,789000,2023-12-01,40.746095,-73.703676,413.0,23.0,4178295.0,4087230042.0,157901.0,QN1301,2023,12,True,ONE FAMILY DWELLINGS
Queens,FLUSHING-NORTH,01 ONE FAMILY DWELLINGS,1,5454,6,A1,46-63 PARSONS BOULEVARD,,11355.0,1.0,0.0,1.0,3820.0,2166.0,1925.0,1,A1,1399000,2023-12-01,40.752736,-73.812619,407.0,20.0,4123680.0,4054540006.0,1199.0,QN0705,2023,12,True,ONE FAMILY DWELLINGS
Queens,FLUSHING MEADOW PARK,10 COOPS - ELEVATOR APARTMENTS,2,2269,20,D4,"77-35 113TH ST, 2L",,11375.0,,,,,,1940.0,2,D4,403000,2023-12-01,40.716392,-73.832194,406.0,29.0,4052808.0,4022690020.0,75701.0,QN0602,2023,12,True,COOPS - ELEVATOR APARTMENTS
Queens,FLUSHING-NORTH,10 COOPS - ELEVATOR APARTMENTS,2,5023,24,D4,"143-40 ROOSEVELT AVE, 1C",,11354.0,,,,,,1962.0,2,D4,300000,2023-12-01,40.761368,-73.822998,407.0,20.0,4113657.0,4050230024.0,855.0,QN0707,2023,12,True,COOPS - ELEVATOR APARTMENTS
Queens,FLUSHING-NORTH,06 TAX CLASS 1 - OTHER,1,5454,11,G0,148-14 KALMIA AVE,,11355.0,0.0,0.0,0.0,2360.0,0.0,1950.0,1,G0,1399000,2023-12-01,40.752889,-73.812222,407.0,20.0,4123683.0,4054540011.0,1199.0,QN0705,2023,12,True,TAX CLASS 1 - OTHER
Queens,FLUSHING-NORTH,01 ONE FAMILY DWELLINGS,1,5683,20,A1,56-32 196TH PLACE,,11365.0,1.0,0.0,1.0,4000.0,1944.0,1945.0,1,A1,1250000,2023-12-01,40.745881,-73.781031,411.0,20.0,4128333.0,4056830020.0,140902.0,QN1101,2023,12,True,ONE FAMILY DWELLINGS
Queens,FLUSHING-NORTH,10 COOPS - ELEVATOR APARTMENTS,2,5137,11,D4,"42-55 COLDEN STREET, 15F",,11355.0,,,,,,1962.0,2,D4,450000,2023-12-01,40.753415,-73.825943,407.0,20.0,4115899.0,4051370011.0,79701.0,QN0707,2023,12,True,COOPS - ELEVATOR APARTMENTS
Queens,FLUSHING-NORTH,10 COOPS - ELEVATOR APARTMENTS,2,5051,20,D4,"144-35 SANFORD AVENUE, 1F",,11355.0,,,,,,1951.0,2,D4,356531,2023-12-01,40.759025,-73.820099,407.0,20.0,4114762.0,4050510020.0,863.0,QN0704,2023,12,True,COOPS - ELEVATOR APARTMENTS
Queens,FLUSHING-NORTH,10 COOPS - ELEVATOR APARTMENTS,2,5136,37,D4,"42-42 COLDEN STREET, 5A",,11355.0,,,,,,1962.0,2,D4,270000,2023-12-01,40.753737,-73.826317,407.0,20.0,4115875.0,4051360037.0,79702.0,QN0707,2023,12,True,COOPS - ELEVATOR APARTMENTS
Queens,FLUSHING-NORTH,13 CONDOS - ELEVATOR APARTMENTS,2,5066,1081,R4,"40-22 COLLEGE POINT BOULEVARD, 11B",11B,11354.0,1.0,,1.0,,,,2,R4,985000,2023-12-01,40.7578,-73.834161,407.0,20.0,4540380.0,4050667501.0,871.0,QN0707,2023,12,True,CONDOS - ELEVATOR APARTMENTS
Queens,FLUSHING-NORTH,13 CONDOS - ELEVATOR APARTMENTS,2,5125,1162,R4,"43-18 MAIN STREET, 11D",11D,11355.0,1.0,,1.0,,,2001.0,2,R4,630000,2023-12-01,40.751992,-73.826484,407.0,20.0,4115474.0,4051257502.0,79702.0,QN0707,2023,12,True,CONDOS - ELEVATOR APARTMENTS
Queens,FLUSHING-NORTH,30 WAREHOUSES,4,4945,34,E7,34-09 COLLEGE POINT BLVD,,11354.0,0.0,1.0,1.0,53230.0,158669.0,2019.0,4,E7,72000000,2023-12-01,40.764701,-73.836761,407.0,20.0,4000000.0,4049450034.0,869.0,QN0707,2023,12,True,WAREHOUSES
Queens,FLUSHING-SOUTH,01 ONE FAMILY DWELLINGS,1,6640,38,A5,144-31 69TH ROAD,,11367.0,1.0,0.0,1.0,1900.0,1970.0,1940.0,1,A5,800000,2023-12-01,40.730923,-73.823065,408.0,24.0,4143708.0,4066400038.0,809.0,QN0801,2023,12,True,ONE FAMILY DWELLINGS
Queens,FLUSHING-NORTH,44 CONDO PARKING,4,5125,1179,RG,"43-18 MAIN STREET, P-07",P-07,11355.0,,1.0,1.0,,,2001.0,4,RG,40000,2023-12-01,40.751992,-73.826484,407.0,20.0,4115474.0,4051257502.0,79702.0,QN0707,2023,12,True,CONDO PARKING
Queens,FOREST HILLS,01 ONE FAMILY DWELLINGS,1,3296,35,A5,7551 KESSEL STREET,,11375.0,1.0,0.0,1.0,2500.0,1621.0,1925.0,1,A5,1365000,2023-12-01,40.710568,-73.841612,406.0,29.0,4078943.0,4032960035.0,749.0,QN0602,2023,12,True,ONE FAMILY DWELLINGS
Queens,FLUSHING-SOUTH,12 CONDOS - WALKUP APARTMENTS,2,6548,1259,R2,"70-71B PARK DRIVE EAST, B",B,11367.0,1.0,,1.0,,,1950.0,2,R2,510000,2023-12-01,40.725932,-73.829846,408.0,24.0,,,77902.0,QN0801,2023,12,True,CONDOS - WALKUP APARTMENTS
Queens,FRESH MEADOWS,01 ONE FAMILY DWELLINGS,1,7181,40,A1,73-72 195 STREET,,11366.0,1.0,0.0,1.0,4000.0,1716.0,1935.0,1,A1,800000,2023-12-01,40.734404,-73.777576,408.0,23.0,4154341.0,4071810040.0,1333.0,QN0803,2023,12,True,ONE FAMILY DWELLINGS
Queens,GLEN OAKS,09 COOPS - WALKUP APARTMENTS,2,8447,1,C6,"260-46 LANGSTON AVENUE, GV100",,11004.0,,,,,,1948.0,2,C6,335000,2023-12-01,40.752363,-73.718573,413.0,23.0,4541505.0,4084470001.0,155103.0,QN1301,2023,12,True,COOPS - WALKUP APARTMENTS
Queens,GLEN OAKS,09 COOPS - WALKUP APARTMENTS,2,8442,1,C6,"71-08 260TH STREET, GV105",,11004.0,,,,,,1948.0,2,C6,400000,2023-12-01,40.751675,-73.718987,413.0,23.0,4456398.0,4084420001.0,155103.0,QN1301,2023,12,True,COOPS - WALKUP APARTMENTS
Queens,GLEN OAKS,01 ONE FAMILY DWELLINGS,1,8503,30,A5,77-52 251 STREET,,11426.0,1.0,0.0,1.0,2500.0,896.0,1950.0,1,A5,590000,2023-12-01,40.744049,-73.719726,413.0,23.0,4173874.0,4085030030.0,157101.0,QN1302,2023,12,True,ONE FAMILY DWELLINGS
Queens,HOLLIS,02 TWO FAMILY DWELLINGS,1,10498,28,B3,88-49 205TH STREET,,11423.0,2.0,0.0,2.0,3400.0,1700.0,1930.0,1,B3,900000,2023-12-01,40.719936,-73.75976,412.0,23.0,4223629.0,4104980028.0,47802.0,QN1206,2023,12,True,TWO FAMILY DWELLINGS
Queens,HOLLIS,01 ONE FAMILY DWELLINGS,1,10448,1,A1,192-08 90TH AVENUE,,11423.0,1.0,0.0,1.0,4800.0,2400.0,2022.0,1,A1,1250000,2023-12-01,40.713693,-73.768284,412.0,23.0,4222141.0,4104480004.0,482.0,QN1206,2023,12,True,ONE FAMILY DWELLINGS
Queens,HOWARD BEACH,01 ONE FAMILY DWELLINGS,1,14083,14,A1,164-18 90TH STREET,,11414.0,1.0,0.0,1.0,4000.0,2140.0,1960.0,1,A1,963000,2023-12-01,40.649934,-73.840527,410.0,32.0,4294607.0,4140830014.0,89201.0,QN1003,2023,12,True,ONE FAMILY DWELLINGS
Queens,HOWARD BEACH,01 ONE FAMILY DWELLINGS,1,14023,63,A2,160-15 85TH STREET,,11414.0,1.0,0.0,1.0,4000.0,2220.0,1965.0,1,A2,1225000,2023-12-01,40.656019,-73.846784,410.0,32.0,4293600.0,4140230063.0,89201.0,QN1003,2023,12,True,ONE FAMILY DWELLINGS
Queens,JACKSON HEIGHTS,30 WAREHOUSES,4,1016,125,E7,62-05 30TH AVENUE,,11377.0,0.0,1.0,1.0,36422.0,102056.0,2021.0,4,E7,50577899,2023-12-01,40.759705,-73.900874,401.0,22.0,4022505.0,4010160125.0,299.0,QN0171,2023,12,True,WAREHOUSES
Queens,LAURELTON,01 ONE FAMILY DWELLINGS,1,12905,3,A1,130-69 227TH STREET,,11413.0,1.0,0.0,1.0,3600.0,1628.0,1930.0,1,A1,785266,2023-12-01,40.681213,-73.740707,413.0,31.0,4277795.0,4129050003.0,620.0,QN1305,2023,12,True,ONE FAMILY DWELLINGS
Queens,MASPETH,01 ONE FAMILY DWELLINGS,1,2373,258,A5,53-40 64TH STREET,,11378.0,1.0,0.0,1.0,2000.0,1480.0,1925.0,1,A5,970000,2023-12-01,40.730322,-73.901171,405.0,30.0,4054692.0,4023730258.0,515.0,QN0501,2023,12,True,ONE FAMILY DWELLINGS
Queens,LONG ISLAND CITY,13 CONDOS - ELEVATOR APARTMENTS,2,437,1245,R4,"23-15 44TH DRIVE, 912",912,11101.0,1.0,,1.0,,,2018.0,2,R4,1174423,2023-12-01,40.747575,-73.94454,402.0,26.0,4005166.0,4004377502.0,1903.0,QN0201,2023,12,True,CONDOS - ELEVATOR APARTMENTS
Queens,QUEENS VILLAGE,01 ONE FAMILY DWELLINGS,1,10673,24,A1,8820 215TH STREET,,11427.0,1.0,0.0,1.0,2400.0,1552.0,1925.0,1,A1,630000,2023-12-01,40.726266,-73.749469,413.0,23.0,4228729.0,4106730024.0,552.0,QN1303,2023,12,True,ONE FAMILY DWELLINGS
Queens,OAKLAND GARDENS,09 COOPS - WALKUP APARTMENTS,2,7840,2,C6,"226-11 KINGSBURY AVENUE, B",,11364.0,,,,,,1950.0,2,C6,298000,2023-12-01,40.737764,-73.744789,411.0,23.0,4453248.0,4078400002.0,129104.0,QN1104,2023,12,True,COOPS - WALKUP APARTMENTS
Queens,QUEENS VILLAGE,01 ONE FAMILY DWELLINGS,1,11276,54,A0,114-08 231ST STREET,,11411.0,1.0,0.0,1.0,4800.0,1170.0,1945.0,1,A0,700000,2023-12-01,40.697794,-73.72762,413.0,27.0,4243100.0,4112760054.0,594.0,QN1304,2023,12,True,ONE FAMILY DWELLINGS
Queens,QUEENS VILLAGE,01 ONE FAMILY DWELLINGS,1,10660,33,A1,89-79 216TH STREET,,11427.0,1.0,0.0,1.0,3300.0,1510.0,1930.0,1,A1,735000,2023-12-01,40.725182,-73.745869,413.0,23.0,4228052.0,4106600033.0,556.0,QN1303,2023,12,True,ONE FAMILY DWELLINGS
Queens,REGO PARK,10 COOPS - ELEVATOR APARTMENTS,2,3163,15,D4,"67-30 DARTMOUTH STREET, 7N",,11375.0,,,,,,1955.0,2,D4,288500,2023-12-01,40.721379,-73.856096,406.0,29.0,4074894.0,4031630015.0,709.0,QN0602,2023,12,True,COOPS - ELEVATOR APARTMENTS
Queens,RIDGEWOOD,02 TWO FAMILY DWELLINGS,1,3516,41,B1,60-23 70TH AVENUE,,11385.0,2.0,0.0,2.0,2000.0,3348.0,1901.0,1,B1,600000,2023-12-01,40.701788,-73.898025,405.0,30.0,4084409.0,4035160041.0,583.0,QN0502,2023,12,True,TWO FAMILY DWELLINGS
Queens,RICHMOND HILL,02 TWO FAMILY DWELLINGS,1,9224,37,S2,110-23 JAMAICA AVENUE,,11418.0,2.0,1.0,3.0,1985.0,3725.0,1915.0,1,S2,980000,2023-12-01,40.696528,-73.837682,409.0,29.0,4192619.0,4092240037.0,128.0,QN0902,2023,12,True,TWO FAMILY DWELLINGS
Queens,RICHMOND HILL,22 STORE BUILDINGS,4,9275,162,K2,121-15 JAMAICA AVENUE,,11418.0,0.0,2.0,2.0,1050.0,2080.0,2004.0,4,K2,975000,2023-12-01,40.700448,-73.82866,409.0,29.0,4532055.0,4092750162.0,144.0,QN0902,2023,12,True,STORE BUILDINGS
Queens,RIDGEWOOD,07 RENTALS - WALKUP APARTMENTS,2A,3567,22,C3,17-26 SUMMERFIELD STREET,,11385.0,4.0,0.0,4.0,2500.0,3100.0,1931.0,2,C3,932376,2023-12-01,40.697121,-73.900116,405.0,34.0,4086056.0,4035670022.0,557.0,QN0502,2023,12,True,RENTALS - WALKUP APARTMENTS
Queens,RIDGEWOOD,07 RENTALS - WALKUP APARTMENTS,2A,3489,10,C2,2018 PALMETTO STREET,,11385.0,6.0,0.0,6.0,2742.0,5600.0,1930.0,2,C2,1230000,2023-12-01,40.706256,-73.904157,405.0,30.0,4083481.0,4034890010.0,589.0,QN0502,2023,12,True,RENTALS - WALKUP APARTMENTS
Queens,RIDGEWOOD,07 RENTALS - WALKUP APARTMENTS,2,3441,59,C7,1711 LINDEN STREET,,11385.0,9.0,2.0,11.0,2500.0,8125.0,1930.0,2,C7,1545000,2023-12-01,40.702813,-73.91008,405.0,34.0,4082234.0,4034410059.0,547.0,QN0502,2023,12,True,RENTALS - WALKUP APARTMENTS
Queens,SOUTH JAMAICA,02 TWO FAMILY DWELLINGS,1,10194,24,B3,166-06 NADAL PLACE,,11433.0,2.0,0.0,2.0,4000.0,986.0,1925.0,1,B3,637500,2023-12-01,40.694248,-73.785936,412.0,27.0,4216985.0,4101940024.0,264.0,QN1202,2023,12,True,TWO FAMILY DWELLINGS
Queens,SPRINGFIELD GARDENS,01 ONE FAMILY DWELLINGS,1,13301,140,A1,146-32 175TH STREET,,11434.0,1.0,0.0,1.0,2232.0,1148.0,1925.0,1,A1,608000,2023-12-01,40.662034,-73.771207,413.0,31.0,4285333.0,4133010140.0,306.0,QN1306,2023,12,True,ONE FAMILY DWELLINGS
Queens,ST. ALBANS,01 ONE FAMILY DWELLINGS,1,12623,63,A5,118-11 198TH STREET,,11412.0,1.0,0.0,1.0,1775.0,918.0,1950.0,1,A5,462875,2023-12-01,40.692522,-73.753566,412.0,27.0,4271907.0,4126230063.0,376.0,QN1205,2023,12,True,ONE FAMILY DWELLINGS
Queens,ST. ALBANS,02 TWO FAMILY DWELLINGS,1,10384,14,B3,188-16 SUFFOLK DRIVE,,11412.0,2.0,0.0,2.0,6000.0,2227.0,1930.0,1,B3,40000,2023-12-01,40.694099,-73.764537,412.0,27.0,4221085.0,4103840014.0,398.0,QN1205,2023,12,True,TWO FAMILY DWELLINGS
Queens,WOODSIDE,13 CONDOS - ELEVATOR APARTMENTS,2,1337,1018,R4,"62-10 WOODSIDE AVENUE, 201",201,11377.0,1.0,,1.0,,,1922.0,2,R4,518000,2023-12-01,40.744472,-73.902095,402.0,26.0,4031495.0,4013377501.0,249.0,QN0203,2023,12,True,CONDOS - ELEVATOR APARTMENTS
Bronx,BEDFORD PARK/NORWOOD,09 COOPS - WALKUP APARTMENTS,2,3352,1,C6,"335 EAST 209TH STREET, 18",,10467.0,,,,,,1924.0,2,C6,125000,2023-12-04,40.876708,-73.874238,207.0,11.0,2018488.0,2033520001.0,42902.0,BX0703,2023,12,True,COOPS - WALKUP APARTMENTS
Bronx,BRONXDALE,03 THREE FAMILY DWELLINGS,1,4513,57,C0,2717 MATTHEWS AVENUE,,10467.0,3.0,0.0,3.0,2500.0,3750.0,1960.0,1,C0,475000,2023-12-04,40.865996,-73.862573,211.0,13.0,2053777.0,2045130057.0,340.0,BX1104,2023,12,True,THREE FAMILY DWELLINGS
Bronx,HIGHBRIDGE/MORRIS HEIGHTS,01 ONE FAMILY DWELLINGS,1,2532,42,A5,1327 MERRIAM AVENUE,,10452.0,1.0,0.0,1.0,2525.0,2180.0,1901.0,1,A5,20000,2023-12-04,40.841069,-73.925929,204.0,16.0,2003541.0,2025320042.0,201.0,BX0402,2023,12,True,ONE FAMILY DWELLINGS
Bronx,BRONXDALE,10 COOPS - ELEVATOR APARTMENTS,2,4429,1,D4,"2550 OLINVILLE AVENUE, 14F",,10467.0,,,,,,1965.0,2,D4,310000,2023-12-04,40.863941,-73.868401,211.0,15.0,2051300.0,2044290001.0,33202.0,BX1104,2023,12,True,COOPS - ELEVATOR APARTMENTS
Bronx,EAST TREMONT,01 ONE FAMILY DWELLINGS,1,3080,71,A1,2003 CROTONA AVENUE,,10457.0,1.0,0.0,1.0,2500.0,1292.0,1920.0,1,A1,328648,2023-12-04,40.8469,-73.88989,206.0,15.0,2012334.0,2030800071.0,373.0,BX0602,2023,12,True,ONE FAMILY DWELLINGS
Bronx,MORRISANIA/LONGWOOD,02 TWO FAMILY DWELLINGS,1,2687,29,B1,679 DAWSON STREET,,10455.0,2.0,0.0,2.0,2481.0,2328.0,1901.0,1,B1,810000,2023-12-04,40.816549,-73.901769,202.0,17.0,2005158.0,2026870029.0,83.0,BX0202,2023,12,True,TWO FAMILY DWELLINGS
Bronx,PARKCHESTER,13 CONDOS - ELEVATOR APARTMENTS,2,3938,3355,R4,"2049 MCGRAW AVENUE, 2C",2C,10462.0,1.0,,1.0,,,,2,R4,149000,2023-12-04,40.835497,-73.856286,209.0,18.0,2096781.0,2039387501.0,212.0,BX0904,2023,12,True,CONDOS - ELEVATOR APARTMENTS
Bronx,MOTT HAVEN/PORT MORRIS,01 ONE FAMILY DWELLINGS,1,2288,85,A5,431 EAST 143 STREET,,10454.0,1.0,0.0,1.0,1850.0,2160.0,1901.0,1,A5,780000,2023-12-04,40.811864,-73.919593,201.0,8.0,2000482.0,2022880085.0,41.0,BX0101,2023,12,True,ONE FAMILY DWELLINGS
Bronx,RIVERDALE,10 COOPS - ELEVATOR APARTMENTS,2,5901,1,D4,"3333 HENRY HUDSON PKWY, 7P",,10463.0,,,,,,1970.0,2,D4,280000,2023-12-04,40.885555,-73.91375,208.0,11.0,2085773.0,2059010001.0,30701.0,BX0803,2023,12,True,COOPS - ELEVATOR APARTMENTS
Bronx,SCHUYLERVILLE/PELHAM BAY,02 TWO FAMILY DWELLINGS,1,5384,3,B3,1528 ERICSON PLACE,,10461.0,2.0,0.0,2.0,3105.0,1866.0,1960.0,1,B3,550000,2023-12-04,40.841524,-73.837039,210.0,13.0,2074371.0,2053840003.0,264.0,BX1002,2023,12,True,TWO FAMILY DWELLINGS
Bronx,SOUNDVIEW,03 THREE FAMILY DWELLINGS,1,3492,54,C0,479 COMMONWEALTH AVENUE,,10473.0,3.0,0.0,3.0,1975.0,2745.0,1975.0,1,C0,780000,2023-12-04,40.814161,-73.864147,209.0,18.0,2020607.0,2034920054.0,2.0,BX0902,2023,12,True,THREE FAMILY DWELLINGS
Bronx,THROGS NECK,01 ONE FAMILY DWELLINGS,1,5432,31,A1,2956 PHILIP AVE,,10465.0,1.0,0.0,1.0,3742.0,1794.0,1930.0,1,A1,840000,2023-12-04,40.828544,-73.822184,210.0,13.0,2076917.0,2054320031.0,162.0,BX1002,2023,12,True,ONE FAMILY DWELLINGS
Bronx,WOODLAWN,02 TWO FAMILY DWELLINGS,1,3378,42,B1,264 EAST 238TH STREET,,10470.0,2.0,0.0,2.0,1975.0,2601.0,1970.0,1,B1,615000,2023-12-04,40.89948,-73.86891,212.0,11.0,2019197.0,2033780042.0,44902.0,BX1203,2023,12,True,TWO FAMILY DWELLINGS
Brooklyn,BATH BEACH,01 ONE FAMILY DWELLINGS,1,6373,77,A9,60 BAY 23RD STREET,,11214.0,1.0,0.0,1.0,1933.0,2372.0,1925.0,1,A9,925000,2023-12-04,40.603954,-74.000155,311.0,38.0,3166831.0,3063730077.0,284.0,BK1101,2023,12,True,ONE FAMILY DWELLINGS
Brooklyn,BATH BEACH,02 TWO FAMILY DWELLINGS,1,6397,16,B1,8745 16TH AVENUE,,11214.0,2.0,0.0,2.0,2925.0,2160.0,1925.0,1,B1,900000,2023-12-04,40.607338,-74.010149,311.0,50.0,3167504.0,3063970016.0,180.0,BK1102,2023,12,True,TWO FAMILY DWELLINGS
Brooklyn,BAY RIDGE,01 ONE FAMILY DWELLINGS,1,6092,19,A5,97 DAHLGREN PLACE,,11228.0,1.0,0.0,1.0,1361.0,1344.0,1920.0,1,A5,973000,2023-12-04,40.617244,-74.024738,310.0,50.0,3154877.0,3060920019.0,152.0,BK1001,2023,12,True,ONE FAMILY DWELLINGS
Queens,GLEN OAKS,10 COOPS - ELEVATOR APARTMENTS,2,8489,1,D4,"269-10 GRAND CENTRAL PARKWAY, 12K",,11005.0,,,,,,1972.0,2,D4,425000,2024-01-22,40.759283,-73.715237,413.0,23.0,4453535.0,4084890001.0,155101.0,QN1301,2024,1,True,COOPS - ELEVATOR APARTMENTS
Queens,GLENDALE,02 TWO FAMILY DWELLINGS,1,3599,4,B1,74-53 64 LANE,,11385.0,2.0,0.0,2.0,2000.0,2200.0,1920.0,1,B1,615000,2024-01-22,40.700071,-73.890436,405.0,30.0,4087155.0,4035990004.0,577.0,QN0503,2024,1,True,TWO FAMILY DWELLINGS
Queens,HOLLISWOOD,10 COOPS - ELEVATOR APARTMENTS,2,10535,10,D4,"87-15 204 ST, B48",,11427.0,,,,,,1953.0,2,D4,240000,2024-01-22,40.722979,-73.762851,408.0,23.0,4434607.0,4105350010.0,47801.0,QN0804,2024,1,True,COOPS - ELEVATOR APARTMENTS
Queens,JACKSON HEIGHTS,09 COOPS - WALKUP APARTMENTS,2,1281,17,C6,"35-20 82ND STREET, 41",,11372.0,,,,,,1917.0,2,C6,520000,2024-01-22,40.751455,-73.884634,403.0,25.0,4029686.0,4012810017.0,283.0,QN0301,2024,1,True,COOPS - WALKUP APARTMENTS
Queens,JACKSON HEIGHTS,10 COOPS - ELEVATOR APARTMENTS,2,1420,1,D4,"90-08 32TH AVENUE, 508",,11369.0,,,,,,1953.0,2,D4,350000,2024-01-22,40.758475,-73.878121,403.0,25.0,4431373.0,4014200001.0,351.0,QN0301,2024,1,True,COOPS - ELEVATOR APARTMENTS
Queens,KEW GARDENS,01 ONE FAMILY DWELLINGS,1,3318,40,A3,115-11 CURZON ROAD,,11418.0,1.0,0.0,1.0,6819.0,2256.0,1899.0,1,A3,1460000,2024-01-22,40.705,-73.837081,409.0,29.0,4079224.0,4033180040.0,134.0,QN0901,2024,1,True,ONE FAMILY DWELLINGS
Queens,LAURELTON,02 TWO FAMILY DWELLINGS,1,13063,55,B2,21910 EDGEWOOD AVE,,11413.0,2.0,0.0,2.0,4138.0,2288.0,1993.0,1,B2,400000,2024-01-22,40.669507,-73.756041,413.0,31.0,4535885.0,4130630055.0,328.0,QN1305,2024,1,True,TWO FAMILY DWELLINGS
Queens,LAURELTON,01 ONE FAMILY DWELLINGS,1,13174,33,A1,137-01 232ND STREET,,11413.0,1.0,0.0,1.0,3217.0,1316.0,1920.0,1,A1,775000,2024-01-22,40.671588,-73.740002,413.0,31.0,4283133.0,4131740033.0,646.0,QN1305,2024,1,True,ONE FAMILY DWELLINGS
Queens,KEW GARDENS,10 COOPS - ELEVATOR APARTMENTS,2,9629,1,D4,"131-11 KEW GARDENS ROAD, 6A",,11418.0,,,,,,1960.0,2,D4,278850,2024-01-22,40.704906,-73.821691,409.0,29.0,4206429.0,4096290001.0,21602.0,QN0901,2024,1,True,COOPS - ELEVATOR APARTMENTS
Queens,LONG ISLAND CITY,13 CONDOS - ELEVATOR APARTMENTS,2,33,1305,R4,"50-09 5TH STREET, 3B",3B,11101.0,1.0,,1.0,,,2022.0,2,R4,1179313,2024-01-22,40.743034,-73.956474,402.0,26.0,4000000.0,4000330026.0,701.0,QN0201,2024,1,True,CONDOS - ELEVATOR APARTMENTS
Queens,LONG ISLAND CITY,13 CONDOS - ELEVATOR APARTMENTS,2,437,1536,R4,"23-15 44TH DRIVE, 3503",3503,11101.0,1.0,,1.0,,,2018.0,2,R4,1580538,2024-01-22,40.747575,-73.94454,402.0,26.0,4005166.0,4004377502.0,1903.0,QN0201,2024,1,True,CONDOS - ELEVATOR APARTMENTS
Queens,LONG ISLAND CITY,13 CONDOS - ELEVATOR APARTMENTS,2,33,1315,R4,"50-09 5TH STREET, 5D",5D,11101.0,1.0,,1.0,,,2022.0,2,R4,786955,2024-01-22,40.743034,-73.956474,402.0,26.0,4000000.0,4000330026.0,701.0,QN0201,2024,1,True,CONDOS - ELEVATOR APARTMENTS
Queens,LONG ISLAND CITY,13 CONDOS - ELEVATOR APARTMENTS,2,33,1312,R4,"50-09 5TH STREET, 5A",5A,11101.0,1.0,,1.0,,,2022.0,2,R4,798766,2024-01-22,40.743034,-73.956474,402.0,26.0,4000000.0,4000330026.0,701.0,QN0201,2024,1,True,CONDOS - ELEVATOR APARTMENTS
Queens,OAKLAND GARDENS,01 ONE FAMILY DWELLINGS,1,7748,204,A1,213-03 RICHLAND AVENUE,,11364.0,1.0,0.0,1.0,5040.0,1689.0,1950.0,1,A1,1134000,2024-01-22,40.735582,-73.758704,411.0,23.0,4163980.0,4077480204.0,129103.0,QN1104,2024,1,True,ONE FAMILY DWELLINGS
Queens,OAKLAND GARDENS,04 TAX CLASS 1 CONDOS,1A,7621,1169,R3,"220-59 67TH AVENUE, 169",169,11364.0,1.0,,1.0,,,,1,R3,390000,2024-01-22,40.745517,-73.755348,411.0,23.0,4451748.0,4076217501.0,1367.0,QN1104,2024,1,True,TAX CLASS 1 CONDOS
Queens,REGO PARK,10 COOPS - ELEVATOR APARTMENTS,2,2112,1,D4,"63-61 99 STREET, E7",,11374.0,,,,,,1947.0,2,D4,485000,2024-01-22,40.731428,-73.856486,406.0,29.0,4050656.0,4021120001.0,721.0,QN0602,2024,1,True,COOPS - ELEVATOR APARTMENTS
Queens,REGO PARK,10 COOPS - ELEVATOR APARTMENTS,2,3151,103,D4,"65-15 ALDERTON STREET, 6A",,11374.0,,,,,,1964.0,2,D4,270000,2024-01-22,40.720916,-73.859286,406.0,30.0,4074536.0,4031510103.0,703.0,QN0601,2024,1,True,COOPS - ELEVATOR APARTMENTS
Queens,ROSEDALE,02 TWO FAMILY DWELLINGS,1,13636,14,B3,249-18 147 AVENUE,,11422.0,2.0,0.0,2.0,4074.0,2395.0,1945.0,1,B3,1275000,2024-01-22,40.657295,-73.738159,413.0,31.0,4289658.0,4136360014.0,66402.0,QN1307,2024,1,True,TWO FAMILY DWELLINGS
Queens,ROSEDALE,02 TWO FAMILY DWELLINGS,1,13672,9,B3,257-08 148TH AVENUE,,11422.0,2.0,0.0,2.0,5500.0,3261.0,1930.0,1,B3,1580000,2024-01-22,40.655056,-73.731583,413.0,31.0,4290563.0,4136720009.0,66402.0,QN1307,2024,1,True,TWO FAMILY DWELLINGS
Queens,SOUTH JAMAICA,01 ONE FAMILY DWELLINGS,1,12152,21,A1,109-29 UNION HALL STREET,,11433.0,1.0,0.0,1.0,2396.0,936.0,1920.0,1,A1,560000,2024-01-22,40.694042,-73.790588,412.0,28.0,4263353.0,4121520021.0,260.0,QN1202,2024,1,True,ONE FAMILY DWELLINGS
Queens,SO. JAMAICA-BAISLEY PARK,01 ONE FAMILY DWELLINGS,1,12388,182,A1,120-17 171 STREET,,11434.0,1.0,0.0,1.0,3000.0,1636.0,1930.0,1,A1,445000,2024-01-22,40.682705,-73.773862,412.0,28.0,4268442.0,4123880182.0,284.0,QN1203,2024,1,True,ONE FAMILY DWELLINGS
Queens,SOUTH OZONE PARK,02 TWO FAMILY DWELLINGS,1,11809,16,B3,135-39 122ND STREET,,11420.0,2.0,0.0,2.0,4000.0,2400.0,1945.0,1,B3,1210000,2024-01-22,40.669768,-73.818184,410.0,28.0,4256698.0,4118090016.0,838.0,QN1001,2024,1,True,TWO FAMILY DWELLINGS
Queens,SOUTH OZONE PARK,02 TWO FAMILY DWELLINGS,1,11659,64,B2,114-41 133 STREET,,11420.0,2.0,0.0,2.0,2311.0,1540.0,1950.0,1,B2,937000,2024-01-22,40.681283,-73.808526,410.0,28.0,4251880.0,4116590064.0,174.0,QN1001,2024,1,True,TWO FAMILY DWELLINGS
Queens,SPRINGFIELD GARDENS,01 ONE FAMILY DWELLINGS,1,12686,82,A1,198-01 122ND AVENUE,,11413.0,1.0,0.0,1.0,2700.0,996.0,1925.0,1,A1,620000,2024-01-22,40.687548,-73.750447,412.0,27.0,4273460.0,4126860082.0,376.0,QN1205,2024,1,True,ONE FAMILY DWELLINGS
Queens,WOODSIDE,10 COOPS - ELEVATOR APARTMENTS,2,128,7,D4,"39-55 51ST STREET, 1A",,11377.0,,,,,,1951.0,2,D4,190000,2024-01-22,40.74713,-73.913138,402.0,26.0,4430622.0,4001280007.0,169.0,QN0202,2024,1,True,COOPS - ELEVATOR APARTMENTS
Queens,WOODHAVEN,02 TWO FAMILY DWELLINGS,1,9307,12,B1,92-02 102ND STREET,,11418.0,2.0,0.0,2.0,2500.0,2200.0,1920.0,1,B1,485000,2024-01-22,40.691044,-73.843393,409.0,29.0,4195141.0,4093070012.0,28.0,QN0902,2024,1,True,TWO FAMILY DWELLINGS
Staten Island,ARDEN HEIGHTS,01 ONE FAMILY DWELLINGS,1,6044,45,A5,49 ANACONDA STREET,,10312.0,1.0,0.0,1.0,1460.0,996.0,1991.0,1,A5,515000,2024-01-22,40.545834,-74.195623,503.0,51.0,5103170.0,5060440045.0,17014.0,SI0303,2024,1,True,ONE FAMILY DWELLINGS
Staten Island,ELTINGVILLE,02 TWO FAMILY DWELLINGS,1,5669,13,B9,177 SHOTWELL AVENUE,,10312.0,2.0,0.0,2.0,3810.0,2000.0,1980.0,1,B9,810000,2024-01-22,40.552544,-74.181231,503.0,51.0,5075993.0,5056690013.0,17015.0,SI0303,2024,1,True,TWO FAMILY DWELLINGS
Staten Island,MANOR HEIGHTS,02 TWO FAMILY DWELLINGS,1,802,123,B2,158 PORTAGE AVENUE,,10314.0,2.0,0.0,2.0,5490.0,2720.0,2008.0,1,B2,399670,2024-01-22,40.600473,-74.126128,502.0,50.0,5150167.0,5008020123.0,18703.0,SI0203,2024,1,True,TWO FAMILY DWELLINGS
Staten Island,LIVINGSTON,01 ONE FAMILY DWELLINGS,1,72,103,A1,130 TYSEN STREET,,10301.0,1.0,0.0,1.0,10000.0,2220.0,1901.0,1,A1,955000,2024-01-22,40.64236,-74.099459,501.0,49.0,5001804.0,5000720103.0,81.0,SI0101,2024,1,True,ONE FAMILY DWELLINGS
Staten Island,HUGUENOT,01 ONE FAMILY DWELLINGS,1,6846,52,A2,22 ELLSWORTH AVENUE,,10312.0,1.0,0.0,1.0,4200.0,2510.0,1970.0,1,A2,795000,2024-01-22,40.542211,-74.199945,503.0,51.0,5083821.0,5068460052.0,20804.0,SI0304,2024,1,True,ONE FAMILY DWELLINGS
Staten Island,NEW SPRINGVILLE,02 TWO FAMILY DWELLINGS,1,2392,31,B2,28 FURNESS PLACE,,10314.0,2.0,0.0,2.0,4200.0,3241.0,1970.0,1,B2,1080000,2024-01-22,40.585197,-74.151967,502.0,51.0,5039088.0,5023920031.0,27704.0,SI0204,2024,1,True,TWO FAMILY DWELLINGS
Staten Island,NEW SPRINGVILLE,04 TAX CLASS 1 CONDOS,1A,2402,1011,R3,"41 COUNTRY DRIVE WEST, 41",41,10314.0,1.0,,1.0,,,1988.0,1,R3,455000,2024-01-22,40.588194,-74.163985,502.0,51.0,5158261.0,5024027501.0,27706.0,SI0204,2024,1,True,TAX CLASS 1 CONDOS
Staten Island,PORT RICHMOND,07 RENTALS - WALKUP APARTMENTS,2A,1044,103,C3,64 DECKER AVENUE,,10302.0,4.0,0.0,4.0,9853.0,2650.0,1931.0,2,C3,985000,2024-01-22,40.630568,-74.134536,501.0,49.0,5113211.0,5010440103.0,213.0,SI0106,2024,1,True,RENTALS - WALKUP APARTMENTS
Staten Island,ROSSVILLE-CHARLESTON,01 ONE FAMILY DWELLINGS,1,7356,387,A5,114 PITNEY AVENUE,,10309.0,1.0,0.0,1.0,2069.0,1789.0,2001.0,1,A5,629000,2024-01-22,40.53049,-74.221565,503.0,51.0,5133675.0,5073560387.0,22601.0,SI0304,2024,1,True,ONE FAMILY DWELLINGS
Staten Island,SOUTH BEACH,01 ONE FAMILY DWELLINGS,1,3395,58,A5,78 APPLEBY AVENUE,,10305.0,1.0,0.0,1.0,2083.0,1154.0,2022.0,1,A5,605859,2024-01-22,40.591308,-74.079955,502.0,50.0,5000000.0,5033950058.0,7002.0,SI0201,2024,1,True,ONE FAMILY DWELLINGS
Staten Island,PRINCES BAY,02 TWO FAMILY DWELLINGS,1,6979,268,B9,53 FOOTHILL COURT,,10309.0,2.0,0.0,2.0,3730.0,1492.0,2007.0,1,B9,850000,2024-01-22,40.536689,-74.213218,503.0,51.0,5148839.0,5069790268.0,20803.0,SI0304,2024,1,True,TWO FAMILY DWELLINGS
Staten Island,ROSSVILLE,02 TWO FAMILY DWELLINGS,1,7066,33,B9,18 IRIS COURT,,10309.0,2.0,0.0,2.0,1326.0,1085.0,1998.0,1,B9,675000,2024-01-22,40.552214,-74.214606,503.0,51.0,5132000.0,5070660033.0,20805.0,SI0303,2024,1,True,TWO FAMILY DWELLINGS
Staten Island,TODT HILL,01 ONE FAMILY DWELLINGS,1,870,149,A3,6 ROMER ROAD,,10304.0,1.0,0.0,1.0,14823.0,4320.0,1975.0,1,A3,2300000,2024-01-22,40.592928,-74.103761,502.0,50.0,5022679.0,5008700149.0,17701.0,SI0203,2024,1,True,ONE FAMILY DWELLINGS
Staten Island,WEST NEW BRIGHTON,01 ONE FAMILY DWELLINGS,1,211,1,S1,259 TAYLOR STREET,,10310.0,1.0,1.0,2.0,2500.0,2000.0,1930.0,1,S1,180000,2024-01-22,40.632462,-74.122848,501.0,49.0,5005624.0,5002110001.0,13302.0,SI0106,2024,1,True,ONE FAMILY DWELLINGS
Staten Island,WESTERLEIGH,01 ONE FAMILY DWELLINGS,1,462,107,A1,6 MANN AVENUE,,10314.0,1.0,0.0,1.0,4650.0,2920.0,1931.0,1,A1,1030000,2024-01-22,40.613338,-74.133255,501.0,50.0,5103908.0,5004620107.0,18901.0,SI0105,2024,1,True,ONE FAMILY DWELLINGS
Bronx,BAYCHESTER,01 ONE FAMILY DWELLINGS,1,4795,36,A5,2814 BRUNER AVENUE,,10469.0,1.0,0.0,1.0,1706.0,1732.0,1965.0,1,A5,350000,2024-01-23,40.867978,-73.835875,212.0,12.0,2062732.0,2047950036.0,46208.0,BX1202,2024,1,True,ONE FAMILY DWELLINGS
Bronx,COUNTRY CLUB,02 TWO FAMILY DWELLINGS,1,5472,44,B1,826 THROGS NECK EXPRESSWAY,,10465.0,2.0,0.0,2.0,2500.0,1836.0,1970.0,1,B1,572000,2024-01-23,40.830777,-73.819395,210.0,13.0,2077997.0,2054720044.0,160.0,BX1002,2024,1,True,TWO FAMILY DWELLINGS
Bronx,FORDHAM,02 TWO FAMILY DWELLINGS,1,3275,15,B2,2554 MARION AVENUE,,10458.0,2.0,0.0,2.0,2450.0,1770.0,1901.0,1,B2,465000,2024-01-23,40.862512,-73.892442,207.0,15.0,2016307.0,2032750015.0,39901.0,BX0701,2024,1,True,TWO FAMILY DWELLINGS
Bronx,EAST TREMONT,05 TAX CLASS 1 VACANT LAND,1B,3124,67,V0,872 BRONX PARK SOUTH,,10460.0,0.0,0.0,0.0,14908.0,0.0,2024.0,1,V0,2885000,2024-01-23,40.846991,-73.881657,206.0,15.0,2013170.0,2031240067.0,363.0,BX0601,2024,1,True,TAX CLASS 1 VACANT LAND
Bronx,MORRIS PARK/VAN NEST,01 ONE FAMILY DWELLINGS,1,4105,45,A1,1618 LURTING AVENUE,,10461.0,1.0,0.0,1.0,3325.0,1615.0,1920.0,1,A1,685000,2024-01-23,40.846542,-73.851777,211.0,13.0,2044898.0,2041050045.0,254.0,BX1102,2024,1,True,ONE FAMILY DWELLINGS
Bronx,PELHAM PARKWAY NORTH,01 ONE FAMILY DWELLINGS,1,4462,65,A5,2551 PEARSALL AVENUE,,10469.0,1.0,0.0,1.0,5000.0,1870.0,1940.0,1,A5,890000,2024-01-23,40.864424,-73.851994,211.0,13.0,2052292.0,2044620065.0,318.0,BX1103,2024,1,True,ONE FAMILY DWELLINGS
Bronx,RIVERDALE,10 COOPS - ELEVATOR APARTMENTS,2,5909,970,D4,"4555 HENRY HUDSON PARKWAY WEST, A1409",,10471.0,,,,,,1953.0,2,D4,530000,2024-01-23,40.892797,-73.908499,208.0,11.0,2085806.0,2059090970.0,30701.0,BX0803,2024,1,True,COOPS - ELEVATOR APARTMENTS
Bronx,SOUNDVIEW,02 TWO FAMILY DWELLINGS,1,3783,30,B9,1281 ROSEDALE AVENUE,,10472.0,2.0,0.0,2.0,2490.0,2820.0,1955.0,1,B9,800000,2024-01-23,40.83195,-73.869292,209.0,18.0,2025558.0,2037830030.0,76.0,BX0901,2024,1,True,TWO FAMILY DWELLINGS
Bronx,SOUNDVIEW,03 THREE FAMILY DWELLINGS,1,3780,125,C0,1274 METCALF AVENUE,,10472.0,3.0,0.0,3.0,1975.0,2764.0,1960.0,1,C0,880000,2024-01-23,40.831232,-73.873023,209.0,18.0,2025437.0,2037800125.0,64.0,BX0901,2024,1,True,THREE FAMILY DWELLINGS
Brooklyn,BATH BEACH,03 THREE FAMILY DWELLINGS,1,6433,54,C0,8814 BAY 16TH STREET,,11214.0,3.0,0.0,3.0,3867.0,2540.0,1920.0,1,C0,1580000,2024-01-23,40.603921,-74.008521,311.0,47.0,3168575.0,3064330054.0,176.0,BK1102,2024,1,True,THREE FAMILY DWELLINGS
Bronx,WILLIAMSBRIDGE,01 ONE FAMILY DWELLINGS,1,4854,31,A1,835 EAST 229TH STREET,,10466.0,1.0,0.0,1.0,2860.0,1104.0,1899.0,1,A1,550000,2024-01-23,40.889363,-73.854893,212.0,11.0,2064071.0,2048540031.0,422.0,BX1203,2024,1,True,ONE FAMILY DWELLINGS
Brooklyn,BAY RIDGE,10 COOPS - ELEVATOR APARTMENTS,2,5906,18,D4,"160 72ND STREET, 724",,11209.0,,,,,,1932.0,2,D4,156750,2024-01-23,40.634491,-74.03109,310.0,47.0,3337147.0,3059060018.0,36.0,BK1001,2024,1,True,COOPS - ELEVATOR APARTMENTS
Brooklyn,BEDFORD STUYVESANT,01 ONE FAMILY DWELLINGS,1,1967,30,A5,326 GREENE AVENUE,,11238.0,1.0,0.0,1.0,1297.0,2660.0,1910.0,1,A5,1950000,2024-01-23,40.687605,-73.958011,303.0,36.0,3056304.0,3019670030.0,233.0,BK0301,2024,1,True,ONE FAMILY DWELLINGS
Brooklyn,BEDFORD STUYVESANT,15 CONDOS - 2-10 UNIT RESIDENTIAL,2C,1789,1108,R1,"273 NOSTRAND AVENUE, 8",8,11216.0,1.0,,1.0,,,,2,R1,517000,2024-01-23,40.689397,-73.95136,303.0,36.0,3391977.0,3017897502.0,251.0,BK0301,2024,1,True,CONDOS - 2-10 UNIT RESIDENTIAL
Brooklyn,BEDFORD STUYVESANT,02 TWO FAMILY DWELLINGS,1,1772,24,B3,174 HART STREET,,11206.0,2.0,0.0,2.0,2000.0,3460.0,1910.0,1,B3,1350000,2024-01-23,40.69364,-73.944625,303.0,36.0,3049364.0,3017720024.0,261.0,BK0301,2024,1,True,TWO FAMILY DWELLINGS
Brooklyn,BOROUGH PARK,02 TWO FAMILY DWELLINGS,1,5694,40,B1,959 58TH STREET,,11219.0,2.0,0.0,2.0,2404.0,2200.0,1925.0,1,B1,1780000,2024-01-23,40.63461,-74.004997,312.0,43.0,3140257.0,3056940040.0,116.0,BK1201,2024,1,True,TWO FAMILY DWELLINGS
Brooklyn,BRIGHTON BEACH,44 CONDO PARKING,4,8720,1009,RP,"150 OCEANA DRIVE WEST, 1",1,11235.0,,1.0,1.0,,,2000.0,4,RP,150000,2024-01-23,40.575722,-73.958826,313.0,48.0,3347498.0,3087207501.0,61002.0,BK1303,2024,1,True,CONDO PARKING
Brooklyn,BRIGHTON BEACH,13 CONDOS - ELEVATOR APARTMENTS,2,8720,1043,R4,"150 OCEANA DRIVE WEST, 4A",4A,11235.0,1.0,,1.0,,,2000.0,2,R4,915000,2024-01-23,40.575722,-73.958826,313.0,48.0,3347498.0,3087207501.0,61002.0,BK1303,2024,1,True,CONDOS - ELEVATOR APARTMENTS
Brooklyn,BRIGHTON BEACH,02 TWO FAMILY DWELLINGS,1,8673,24,B3,3023 BRIGHTON 3RD STREET,,11235.0,2.0,0.0,2.0,2000.0,3126.0,1899.0,1,B3,855000,2024-01-23,40.578309,-73.964649,313.0,48.0,3321701.0,3086730024.0,362.0,BK1303,2024,1,True,TWO FAMILY DWELLINGS
Brooklyn,BOROUGH PARK,16 CONDOS - 2-10 UNIT WITH COMMERCIAL UNIT,2C,5430,1301,R8,"1568 43RD STREET, 1",1,11219.0,1.0,,1.0,,,1960.0,2,R8,126781,2024-01-23,40.634876,-73.982825,312.0,44.0,3128251.0,3054307504.0,232.0,BK1202,2024,1,True,CONDOS - 2-10 UNIT WITH COMMERCIAL UNIT
Brooklyn,BUSHWICK,03 THREE FAMILY DWELLINGS,1,3376,54,C0,203 CORNELIA STREET,,11221.0,3.0,0.0,3.0,1800.0,2430.0,1910.0,1,C0,2195000,2024-01-23,40.69255,-73.913217,304.0,37.0,3077278.0,3033760054.0,415.0,BK0402,2024,1,True,THREE FAMILY DWELLINGS
Brooklyn,BUSHWICK,03 THREE FAMILY DWELLINGS,1,3404,13,C0,192 WEIRFIELD STREET,,11221.0,3.0,0.0,3.0,2000.0,2880.0,1901.0,1,C0,1131276,2024-01-23,40.690924,-73.911275,304.0,37.0,3078607.0,3034040013.0,413.0,BK0402,2024,1,True,THREE FAMILY DWELLINGS
Brooklyn,CLINTON HILL,13 CONDOS - ELEVATOR APARTMENTS,2,1981,1040,R4,"450 GRAND AVENUE, 3G",3G,11238.0,1.0,,1.0,,,2022.0,2,R4,777026,2024-01-23,40.683115,-73.961767,302.0,35.0,3000000.0,3019810070.0,201.0,BK0204,2024,1,True,CONDOS - ELEVATOR APARTMENTS
Brooklyn,CLINTON HILL,17 CONDO COOPS,2,1903,1003,R9,"157 WAVERLY AVENUE, 2B",,11205.0,,,,,,1947.0,2,R9,999000,2024-01-23,40.693106,-73.967809,302.0,35.0,3054810.0,3019037501.0,195.0,BK0204,2024,1,True,CONDO COOPS
Brooklyn,CROWN HEIGHTS,02 TWO FAMILY DWELLINGS,1,1365,21,B2,1240 PROSPECT PLACE,,11213.0,2.0,0.0,2.0,2129.0,1859.0,1910.0,1,B2,1139000,2024-01-23,40.6735,-73.935319,308.0,36.0,3036149.0,3013650021.0,345.0,BK0802,2024,1,True,TWO FAMILY DWELLINGS
Brooklyn,DOWNTOWN-FULTON MALL,10 COOPS - ELEVATOR APARTMENTS,2,271,47,D4,"96 SCHERMERHORN STREET, 11E",,11201.0,,,,,,1928.0,2,D4,740000,2024-01-23,40.690488,-73.990174,302.0,33.0,3002707.0,3002710047.0,9.0,BK0201,2024,1,True,COOPS - ELEVATOR APARTMENTS
Brooklyn,DOWNTOWN-FULTON MALL,13 CONDOS - ELEVATOR APARTMENTS,2,149,1210,R4,"9 DEKALB AVENUE, 53F",53F,11201.0,1.0,,1.0,,,1908.0,2,R4,1300000,2024-01-23,40.689985,-73.98254,302.0,33.0,3000370.0,3001490100.0,1502.0,BK0202,2024,1,True,CONDOS - ELEVATOR APARTMENTS
Brooklyn,DOWNTOWN-FULTON MALL,13 CONDOS - ELEVATOR APARTMENTS,2,149,1246,R4,"9 DEKALB AVENUE, 58D",58D,11201.0,1.0,,1.0,,,2021.0,2,R4,1540000,2024-01-23,40.689985,-73.98254,302.0,33.0,3000370.0,3001490100.0,1502.0,BK0202,2024,1,True,CONDOS - ELEVATOR APARTMENTS
Brooklyn,EAST NEW YORK,02 TWO FAMILY DWELLINGS,1,4457,54,B2,455 MILFORD STREET,,11208.0,2.0,0.0,2.0,2200.0,1692.0,1920.0,1,B2,755000,2024-01-23,40.667949,-73.874956,305.0,42.0,3098505.0,3044570054.0,1118.0,BK0503,2024,1,True,TWO FAMILY DWELLINGS
Brooklyn,FLATBUSH-EAST,01 ONE FAMILY DWELLINGS,1,7614,70,A5,1922 NEW YORK AVENUE,,11210.0,1.0,0.0,1.0,2000.0,1428.0,1925.0,1,A5,670000,2024-01-23,40.625734,-73.943777,318.0,45.0,3208041.0,3076140070.0,742.0,BK1801,2024,1,True,ONE FAMILY DWELLINGS
Brooklyn,FLATBUSH-CENTRAL,03 THREE FAMILY DWELLINGS,1,5126,48,C0,2304 BEDFORD AVENUE,,11226.0,3.0,0.0,3.0,1895.0,2842.0,1910.0,1,C0,1140000,2024-01-23,40.647486,-73.955722,314.0,40.0,3117687.0,3051260048.0,794.0,BK1701,2024,1,True,THREE FAMILY DWELLINGS
Brooklyn,FLATBUSH-CENTRAL,02 TWO FAMILY DWELLINGS,1,5220,53,B2,672 EAST 21ST STREET,,11226.0,2.0,0.0,2.0,3000.0,3002.0,1920.0,1,B2,1200000,2024-01-23,40.637455,-73.95757,314.0,45.0,3120588.0,3052200053.0,51601.0,BK1401,2024,1,True,TWO FAMILY DWELLINGS
Brooklyn,FLATBUSH-CENTRAL,13 CONDOS - ELEVATOR APARTMENTS,2,5249,1126,R4,"1462 FLATBUSH AVENUE, 4H",4H,11210.0,1.0,,1.0,,,2020.0,2,R4,441090,2024-01-23,40.63522,-73.950214,314.0,45.0,3429017.0,3052490059.0,770.0,BK1401,2024,1,True,CONDOS - ELEVATOR APARTMENTS
Brooklyn,FLATBUSH-CENTRAL,08 RENTALS - ELEVATOR APARTMENTS,2,5064,47,D1,"80 CLARKSON AVENUE, 83",,11226.0,83.0,0.0,83.0,22500.0,97137.0,1938.0,2,D1,7800000,2024-01-23,40.654974,-73.957368,314.0,40.0,3116206.0,3050640047.0,79602.0,BK1401,2024,1,True,RENTALS - ELEVATOR APARTMENTS
Brooklyn,FLATBUSH-CENTRAL,07 RENTALS - WALKUP APARTMENTS,2,5127,5,C1,"2306 ALBEMARLE ROAD, 33",,11226.0,33.0,0.0,33.0,8000.0,25900.0,1925.0,2,C1,2550000,2024-01-23,40.647873,-73.955452,317.0,40.0,3117700.0,3051270001.0,794.0,BK1701,2024,1,True,RENTALS - WALKUP APARTMENTS
Brooklyn,FORT GREENE,01 ONE FAMILY DWELLINGS,1,2117,6,A9,89 SOUTH PORTLAND AVE,,11217.0,1.0,0.0,1.0,1875.0,2250.0,1899.0,1,A9,2340000,2024-01-23,40.686797,-73.974525,302.0,35.0,3059311.0,3021170006.0,181.0,BK0203,2024,1,True,ONE FAMILY DWELLINGS
Brooklyn,GOWANUS,03 THREE FAMILY DWELLINGS,1,1015,31,C0,266 10 STREET,,11215.0,3.0,0.0,3.0,2000.0,2400.0,1901.0,1,C0,1375000,2024-01-23,40.670163,-73.990087,306.0,38.0,3022475.0,3010150031.0,121.0,BK0601,2024,1,True,THREE FAMILY DWELLINGS
Brooklyn,GRAVESEND,02 TWO FAMILY DWELLINGS,1,6643,39,B1,1778 WEST 13TH STREET,,11223.0,2.0,0.0,2.0,2000.0,2180.0,1955.0,1,B1,999000,2024-01-23,40.60347,-73.985534,311.0,43.0,3176360.0,3066430039.0,404.0,BK1103,2024,1,True,TWO FAMILY DWELLINGS
Brooklyn,GRAVESEND,03 THREE FAMILY DWELLINGS,1,7101,54,C0,2069 WEST 5TH STREET,,11223.0,3.0,0.0,3.0,2333.0,2376.0,1920.0,1,C0,1600000,2024-01-23,40.597441,-73.976652,311.0,44.0,3191281.0,3071010054.0,400.0,BK1103,2024,1,True,THREE FAMILY DWELLINGS
Brooklyn,GREENPOINT,15 CONDOS - 2-10 UNIT RESIDENTIAL,2C,2684,1208,R1,"47 DIAMOND STREET, 3B",3B,11222.0,1.0,,1.0,,,2022.0,2,R1,2400000,2024-01-23,40.724245,-73.946089,301.0,33.0,3000000.0,3026840116.0,571.0,BK0101,2024,1,True,CONDOS - 2-10 UNIT RESIDENTIAL
Brooklyn,GREENPOINT,02 TWO FAMILY DWELLINGS,1,2653,33,B9,687 HUMBOLDT STREET,,11222.0,2.0,0.0,2.0,1045.0,2189.0,1899.0,1,B9,2900000,2024-01-23,40.725861,-73.9455,301.0,33.0,3066386.0,3026530033.0,571.0,BK0101,2024,1,True,TWO FAMILY DWELLINGS
Brooklyn,MADISON,10 COOPS - ELEVATOR APARTMENTS,2,6835,12,D4,"3178 NOSTRAND AVE, 1B",,11229.0,,,,,,1958.0,2,D4,280000,2024-01-23,40.606611,-73.943073,315.0,48.0,3184579.0,3068350012.0,564.0,BK1502,2024,1,True,COOPS - ELEVATOR APARTMENTS
Brooklyn,MADISON,13 CONDOS - ELEVATOR APARTMENTS,2,6782,1562,R4,"2128 OCEAN AVENUE, 9B",9B,11229.0,1.0,,1.0,,,2016.0,2,R4,760000,2024-01-23,40.609857,-73.953403,315.0,48.0,3425675.0,3067827506.0,550.0,BK1502,2024,1,True,CONDOS - ELEVATOR APARTMENTS
Brooklyn,MIDWOOD,10 COOPS - ELEVATOR APARTMENTS,2,6771,13,D4,"2425 KINGS HIGHWAY, E16",,11229.0,,,,,,1932.0,2,D4,420000,2024-01-23,40.612556,-73.949698,314.0,48.0,3321003.0,3067710013.0,548.0,BK1502,2024,1,True,COOPS - ELEVATOR APARTMENTS
Brooklyn,MARINE PARK,02 TWO FAMILY DWELLINGS,1,7701,8,B2,1661 BURNETT STREET,,11229.0,2.0,0.0,2.0,1476.0,1863.0,1945.0,1,B2,838000,2024-01-23,40.61131,-73.943141,318.0,46.0,3212005.0,3077010008.0,644.0,BK1802,2024,1,True,TWO FAMILY DWELLINGS
Brooklyn,OCEAN HILL,02 TWO FAMILY DWELLINGS,1,1447,29,B1,2198 DEAN STREET,,11233.0,2.0,0.0,2.0,2045.0,1900.0,1901.0,1,B1,720000,2024-01-23,40.674963,-73.914977,316.0,41.0,3038907.0,3014470029.0,303.0,BK1601,2024,1,True,TWO FAMILY DWELLINGS
Brooklyn,MILL BASIN,01 ONE FAMILY DWELLINGS,1,8594,3,A5,2773 MILL AVENUE,,11234.0,1.0,0.0,1.0,2325.0,1440.0,1960.0,1,A5,730000,2024-01-23,40.607208,-73.914995,318.0,46.0,3242537.0,3085940003.0,70201.0,BK1802,2024,1,True,ONE FAMILY DWELLINGS
Brooklyn,OCEAN PARKWAY-NORTH,01 ONE FAMILY DWELLINGS,1,6572,81,A9,1323 EAST 9TH STREET,,11230.0,1.0,0.0,1.0,2000.0,1456.0,1920.0,1,A9,1451500,2024-01-23,40.616726,-73.965601,312.0,44.0,3173131.0,3065720081.0,454.0,BK1204,2024,1,True,ONE FAMILY DWELLINGS
Brooklyn,OCEAN PARKWAY-NORTH,13 CONDOS - ELEVATOR APARTMENTS,2,6509,1020,R4,"618 AVENUE H, 5A",5A,11230.0,1.0,,1.0,,,2022.0,2,R4,510000,2024-01-23,40.628999,-73.970786,314.0,45.0,3427336.0,3065090007.0,458.0,BK1204,2024,1,True,CONDOS - ELEVATOR APARTMENTS
Brooklyn,OLD MILL BASIN,09 COOPS - WALKUP APARTMENTS,2,8515,24,C6,"1744 EAST 55TH STREET, 41C",,11234.0,,,,,,1955.0,2,C6,185000,2024-01-23,40.614451,-73.92157,318.0,46.0,3337584.0,3085150024.0,670.0,BK1802,2024,1,True,COOPS - WALKUP APARTMENTS
Brooklyn,PARK SLOPE,02 TWO FAMILY DWELLINGS,1,932,32,B3,414 BERGEN STREET,,11217.0,2.0,0.0,2.0,2000.0,2400.0,1910.0,1,B3,2725000,2024-01-23,40.681821,-73.977909,306.0,39.0,3018534.0,3009320032.0,12901.0,BK0602,2024,1,True,TWO FAMILY DWELLINGS
Brooklyn,OCEAN PARKWAY-NORTH,13 CONDOS - ELEVATOR APARTMENTS,2,5428,1122,R4,"733 OCEAN PARKWAY, 7B",7B,11230.0,1.0,,1.0,,,2015.0,2,R4,409610,2024-01-23,40.630493,-73.971654,314.0,45.0,3000000.0,3054280007.0,482.0,BK1402,2024,1,True,CONDOS - ELEVATOR APARTMENTS
Brooklyn,PROSPECT HEIGHTS,07 RENTALS - WALKUP APARTMENTS,2A,1143,39,C2,536 BERGEN STREET,,11217.0,6.0,0.0,6.0,2700.0,5826.0,1931.0,2,C2,3150000,2024-01-23,40.680319,-73.972563,308.0,35.0,3028050.0,3011430039.0,161.0,BK0801,2024,1,True,RENTALS - WALKUP APARTMENTS
Brooklyn,SHEEPSHEAD BAY,10 COOPS - ELEVATOR APARTMENTS,2,8771,135,D4,"1625 EMMONS AVENUE, 4M",,11235.0,,,,,,1962.0,2,D4,260000,2024-01-23,40.583309,-73.95201,315.0,48.0,3247023.0,3087710135.0,608.0,BK1503,2024,1,True,COOPS - ELEVATOR APARTMENTS
Brooklyn,PROSPECT HEIGHTS,44 CONDO PARKING,4,1138,1016,RG,"659 BERGEN STREET, P2",P2,11238.0,,1.0,1.0,,,2008.0,4,RG,90000,2024-01-23,40.679283,-73.96752,308.0,35.0,3412816.0,3011387501.0,203.0,BK0801,2024,1,True,CONDO PARKING
Brooklyn,SHEEPSHEAD BAY,10 COOPS - ELEVATOR APARTMENTS,2,7380,24,D4,"2678 OCEAN AVENUE, 3C",,11229.0,,,,,,1963.0,2,D4,220000,2024-01-23,40.596082,-73.950791,315.0,48.0,3200950.0,3073800024.0,592.0,BK1503,2024,1,True,COOPS - ELEVATOR APARTMENTS
Brooklyn,SUNSET PARK,03 THREE FAMILY DWELLINGS,1,677,58,C0,189 32ND STREET,,11232.0,3.0,0.0,3.0,2003.0,3072.0,1910.0,1,C0,1450000,2024-01-23,40.655809,-74.000851,307.0,38.0,3010055.0,3006770058.0,101.0,BK0702,2024,1,True,THREE FAMILY DWELLINGS
Brooklyn,WILLIAMSBURG-NORTH,13 CONDOS - ELEVATOR APARTMENTS,2,2366,1116,R4,"171 NORTH FIRST STREET, 3D",3D,11211.0,1.0,,1.0,,,2021.0,2,R4,1880000,2024-01-23,40.714575,-73.96023,301.0,34.0,3429115.0,3023660032.0,553.0,BK0102,2024,1,True,CONDOS - ELEVATOR APARTMENTS
Brooklyn,WILLIAMSBURG-CENTRAL,07 RENTALS - WALKUP APARTMENTS,2A,2187,49,C2,143 RODNEY STREET,,11211.0,6.0,0.0,6.0,2200.0,3608.0,1905.0,2,C2,2630000,2024-01-23,40.704659,-73.960564,301.0,33.0,3060063.0,3021870049.0,535.0,BK0103,2024,1,True,RENTALS - WALKUP APARTMENTS
Manhattan,CHELSEA,17 CONDO COOPS,2,721,1062,R9,"405 WEST 23RD STREET, 2J",,10011.0,,,,,,,2,R9,445000,2024-01-23,40.746712,-74.001826,104.0,3.0,1077236.0,1007217501.0,93.0,MN0401,2024,1,True,CONDO COOPS
Manhattan,CHELSEA,01 ONE FAMILY DWELLINGS,1,722,8,A9,455 WEST 24TH STREET,,10011.0,1.0,0.0,1.0,2057.0,4064.0,1910.0,1,A9,6050000,2024-01-23,40.747802,-74.002364,104.0,3.0,1012787.0,1007220008.0,93.0,MN0401,2024,1,True,ONE FAMILY DWELLINGS
Manhattan,ALPHABET CITY,17 CONDO COOPS,2,398,1102,R9,"186 EAST 2ND STREET, 16",,10009.0,,,,,,1920.0,2,R9,305000,2024-01-23,40.722415,-73.984343,103.0,2.0,1075876.0,1003987502.0,3002.0,MN0303,2024,1,True,CONDO COOPS
Manhattan,CHELSEA,10 COOPS - ELEVATOR APARTMENTS,2,790,1,D4,"77 7 AVENUE, 21B",,10011.0,,,,,,1963.0,2,D4,1320000,2024-01-23,40.738906,-73.999415,104.0,3.0,1014515.0,1007900001.0,81.0,MN0401,2024,1,True,COOPS - ELEVATOR APARTMENTS
Manhattan,CHELSEA,10 COOPS - ELEVATOR APARTMENTS,2,790,40,D0,"100 WEST 15TH STREET, 1C",,10011.0,,,,,,1920.0,2,D0,760000,2024-01-23,40.738184,-73.996698,104.0,3.0,1014530.0,1007900040.0,81.0,MN0401,2024,1,True,COOPS - ELEVATOR APARTMENTS
Manhattan,CLINTON,13 CONDOS - ELEVATOR APARTMENTS,2,1071,1113,R4,"500 WEST 43RD STREET, 15E",15E,10036.0,1.0,,1.0,,,1988.0,2,R4,825000,2024-01-23,40.760332,-73.995076,104.0,3.0,1076215.0,1010717501.0,12901.0,MN0402,2024,1,True,CONDOS - ELEVATOR APARTMENTS
Manhattan,EAST VILLAGE,13 CONDOS - ELEVATOR APARTMENTS,2,446,1206,R4,"75 FIRST AVENUE, 4A",4A,10003.0,1.0,,1.0,,,2017.0,2,R4,2060183,2024-01-23,40.725541,-73.986795,103.0,2.0,1088693.0,1004467503.0,38.0,MN0303,2024,1,True,CONDOS - ELEVATOR APARTMENTS
Manhattan,CIVIC CENTER,10 COOPS - ELEVATOR APARTMENTS,2,117,1,D4,"215 PARK ROW, 8G",,10038.0,,,,,,1960.0,2,D4,398888,2024-01-23,40.713295,-73.999257,103.0,1.0,1077407.0,1001170001.0,27.0,MN0301,2024,1,True,COOPS - ELEVATOR APARTMENTS
Manhattan,CLINTON,13 CONDOS - ELEVATOR APARTMENTS,2,1072,1296,R4,"505 WEST 43RD STREET, 11C",11C,10036.0,1.0,,1.0,,,2017.0,2,R4,1964500,2024-01-23,40.760634,-73.995748,104.0,3.0,1090720.0,1010727501.0,12901.0,MN0402,2024,1,True,CONDOS - ELEVATOR APARTMENTS
Manhattan,CHINATOWN,07 RENTALS - WALKUP APARTMENTS,2,163,33,C7,28 BOWERY,,10013.0,11.0,5.0,16.0,3462.0,13600.0,1915.0,2,C7,2000000,2024-01-23,40.714978,-73.996862,103.0,1.0,1001801.0,1001630033.0,2902.0,MN0301,2024,1,True,RENTALS - WALKUP APARTMENTS
Manhattan,EAST VILLAGE,07 RENTALS - WALKUP APARTMENTS,2,440,30,C7,444 EAST 13TH STREET,,10009.0,15.0,1.0,16.0,2504.0,12384.0,1900.0,2,C7,4205000,2024-01-23,40.730215,-73.982046,103.0,2.0,1005994.0,1004400030.0,34.0,MN0303,2024,1,True,RENTALS - WALKUP APARTMENTS
Manhattan,GRAMERCY,10 COOPS - ELEVATOR APARTMENTS,2,871,21,D4,"22 IRVING PLACE, 4F",,10003.0,,,,,,1945.0,2,D4,670000,2024-01-23,40.734929,-73.988074,106.0,2.0,1017794.0,1008710021.0,50.0,MN0602,2024,1,True,COOPS - ELEVATOR APARTMENTS
Manhattan,GREENWICH VILLAGE-CENTRAL,13 CONDOS - ELEVATOR APARTMENTS,2,529,1115,R4,"7 BOND STREET, 4C",4C,10012.0,1.0,,1.0,,,,2,R4,2650000,2024-01-23,40.726796,-73.994465,102.0,2.0,1066841.0,1005297502.0,5502.0,MN0202,2024,1,True,CONDOS - ELEVATOR APARTMENTS
Manhattan,GREENWICH VILLAGE-WEST,01 ONE FAMILY DWELLINGS,1,606,41,A4,138-140 WEST 11 STREET,,10011.0,1.0,0.0,1.0,5450.0,10800.0,1855.0,1,A4,72500000,2024-01-23,40.735868,-73.99943,102.0,3.0,1078115.0,1006060041.0,71.0,MN0203,2024,1,True,ONE FAMILY DWELLINGS
Manhattan,GREENWICH VILLAGE-WEST,10 COOPS - ELEVATOR APARTMENTS,2,641,10,D4,"130 JANE STREET, 2/3K",,10014.0,,,,,,1930.0,2,D4,2300000,2024-01-23,40.738137,-74.009093,102.0,3.0,1012075.0,1006410010.0,79.0,MN0203,2024,1,True,COOPS - ELEVATOR APARTMENTS
Manhattan,GREENWICH VILLAGE-WEST,10 COOPS - ELEVATOR APARTMENTS,2,611,65,D4,"33 GREENWICH AVENUE, 8B",,10014.0,,,,,,1961.0,2,D4,1075000,2024-01-23,40.735086,-74.000231,102.0,3.0,1010852.0,1006110065.0,71.0,MN0203,2024,1,True,COOPS - ELEVATOR APARTMENTS
Manhattan,HARLEM-EAST,14 RENTALS - 4-10 UNIT,2A,1634,57,S3,1706 LEXINGTON AVENUE,,10029.0,3.0,1.0,4.0,125.0,3920.0,1890.0,2,S3,1500000,2024-01-23,40.792696,-73.945962,111.0,8.0,1052055.0,1016340057.0,172.0,MN1101,2024,1,True,RENTALS - 4-10 UNIT
Manhattan,LOWER EAST SIDE,10 COOPS - ELEVATOR APARTMENTS,2,331,65,D4,"500 GRAND STREET, C6A",,10002.0,,,,,,1949.0,2,D4,685000,2024-01-23,40.714746,-73.982606,103.0,1.0,1004065.0,1003310065.0,12.0,MN0302,2024,1,True,COOPS - ELEVATOR APARTMENTS
Manhattan,MIDTOWN EAST,10 COOPS - ELEVATOR APARTMENTS,2,1346,49,D4,"300 EAST 54TH STREET, 14B",,10022.0,,,,,,1977.0,2,D4,665000,2024-01-23,40.757225,-73.966352,106.0,4.0,1039846.0,1013460049.0,98.0,MN0604,2024,1,True,COOPS - ELEVATOR APARTMENTS
Manhattan,MIDTOWN WEST,13 CONDOS - ELEVATOR APARTMENTS,2,1008,1153,R4,"150 WEST 56 STREET, 3204",3204,10019.0,1.0,,1.0,,,1987.0,2,R4,810000,2024-01-23,40.764505,-73.979734,105.0,6.0,1076177.0,1010087503.0,137.0,MN0502,2024,1,True,CONDOS - ELEVATOR APARTMENTS
Manhattan,MIDTOWN WEST,13 CONDOS - ELEVATOR APARTMENTS,2,1047,2170,R4,"322 WEST 57TH STREET, 25H",25H,10019.0,1.0,,1.0,,,1978.0,2,R4,1365000,2024-01-23,40.767077,-73.983755,104.0,6.0,1025450.0,1010477503.0,139.0,MN0402,2024,1,True,CONDOS - ELEVATOR APARTMENTS
Manhattan,TRIBECA,08 RENTALS - ELEVATOR APARTMENTS,2,16,180,D8,"20 RIVER TERRACE, 10F",,10282.0,293.0,1.0,294.0,16653.0,356786.0,2002.0,2,D8,2795000,2024-01-23,40.716942,-74.016298,101.0,1.0,1086174.0,1000160180.0,31703.0,MN0101,2024,1,True,RENTALS - ELEVATOR APARTMENTS
Manhattan,TRIBECA,17 CONDO COOPS,2,224,1304,R9,"450 WASHINGTON STREET, 1108",,10013.0,,,,,,2007.0,2,R9,1440000,2024-01-23,40.723895,-74.010816,101.0,1.0,1087707.0,1002247504.0,39.0,MN0102,2024,1,True,CONDO COOPS
Manhattan,TRIBECA,22 STORE BUILDINGS,4,191,15,K4,241 WEST BROADWAY,,10013.0,7.0,1.0,8.0,3391.0,18719.0,1915.0,4,K4,15300000,2024-01-23,40.719745,-74.005887,101.0,1.0,1002180.0,1001910015.0,33.0,MN0102,2024,1,True,STORE BUILDINGS
Manhattan,TRIBECA,17 CONDO COOPS,2,224,1304,R9,"450 WASHINGTON STREET, 215",,10013.0,,,,,,2007.0,2,R9,1030000,2024-01-23,40.723895,-74.010816,101.0,1.0,1087707.0,1002247504.0,39.0,MN0102,2024,1,True,CONDO COOPS
Manhattan,UPPER EAST SIDE (59-79),10 COOPS - ELEVATOR APARTMENTS,2,1473,16,D4,"425 EAST 78TH STREET, 1C",,10075.0,,,,,,1910.0,2,D4,368000,2024-01-23,40.77135,-73.952434,108.0,5.0,1046025.0,1014730016.0,13203.0,MN0801,2024,1,True,COOPS - ELEVATOR APARTMENTS
Manhattan,UPPER EAST SIDE (59-79),10 COOPS - ELEVATOR APARTMENTS,2,1440,5,D4,"315 EAST 65TH STREET, 4E",,10065.0,,,,,,1962.0,2,D4,925000,2024-01-23,40.764124,-73.961013,108.0,5.0,1078375.0,1014400005.0,118.0,MN0801,2024,1,True,COOPS - ELEVATOR APARTMENTS
Manhattan,UPPER EAST SIDE (59-79),17 CONDO COOPS,2,1444,1003,R9,"301 EAST 69TH STREET, 1",,10021.0,,,,,,1963.0,2,R9,460000,2024-01-23,40.766835,-73.959679,108.0,5.0,1072630.0,1014447501.0,12601.0,MN0801,2024,1,True,CONDO COOPS
Manhattan,UPPER WEST SIDE (59-79),07 RENTALS - WALKUP APARTMENTS,2B,1146,7,C1,153 WEST 74TH STREET,,10023.0,10.0,0.0,10.0,2146.0,5903.0,1910.0,2,C1,3275000,2024-01-23,40.779579,-73.979827,107.0,6.0,1030053.0,1011460007.0,161.0,MN0702,2024,1,True,RENTALS - WALKUP APARTMENTS
Manhattan,UPPER EAST SIDE (79-96),17 CONDO COOPS,2,1495,1002,R9,"1114 MADISON AVENUE, 3A",,10028.0,,,,,,1938.0,2,R9,1375000,2024-01-23,40.779006,-73.960177,108.0,4.0,1046802.0,1014957501.0,142.0,MN0802,2024,1,True,CONDO COOPS
Manhattan,UPPER EAST SIDE (79-96),13 CONDOS - ELEVATOR APARTMENTS,2,1539,1216,R4,"245 EAST 93RD STREET, 6H",6H,10128.0,1.0,,1.0,,,1985.0,2,R4,772500,2024-01-23,40.782682,-73.949342,108.0,5.0,1048918.0,1015397501.0,15403.0,MN0803,2024,1,True,CONDOS - ELEVATOR APARTMENTS
Manhattan,UPPER WEST SIDE (59-79),07 RENTALS - WALKUP APARTMENTS,2B,1145,138,C1,114 WEST 74TH STREET,,10023.0,10.0,0.0,10.0,1941.0,6265.0,1910.0,2,C1,3275000,2024-01-23,40.778969,-73.978422,107.0,6.0,1030042.0,1011450138.0,157.0,MN0701,2024,1,True,RENTALS - WALKUP APARTMENTS
Manhattan,UPPER WEST SIDE (59-79),10 COOPS - ELEVATOR APARTMENTS,2,1184,10,D4,"263 WEST END AVENUE, 1F",,10023.0,,,,,,1929.0,2,D4,812500,2024-01-23,40.779967,-73.984373,107.0,6.0,1030987.0,1011840010.0,159.0,MN0701,2024,1,True,COOPS - ELEVATOR APARTMENTS
Manhattan,UPPER WEST SIDE (59-79),10 COOPS - ELEVATOR APARTMENTS,2,1162,16,D4,"235 WEST 70TH STREET, 4F",,10023.0,,,,,,1965.0,2,D4,370000,2024-01-23,40.777892,-73.984001,107.0,6.0,1030366.0,1011620016.0,159.0,MN0701,2024,1,True,COOPS - ELEVATOR APARTMENTS
Manhattan,UPPER WEST SIDE (59-79),10 COOPS - ELEVATOR APARTMENTS,2,1140,46,D4,"140 WEST 69TH STREET, 126B",,10023.0,,,,,,1905.0,2,D4,315000,2024-01-23,40.775934,-73.981301,107.0,6.0,1028948.0,1011400046.0,15302.0,MN0701,2024,1,True,COOPS - ELEVATOR APARTMENTS
Manhattan,UPPER WEST SIDE (79-96),10 COOPS - ELEVATOR APARTMENTS,2,1195,29,D4,"211 CENTRAL PARK WEST, 5K",,10024.0,,,,,,1929.0,2,D4,5775000,2024-01-23,40.782226,-73.971589,107.0,6.0,1031141.0,1011950029.0,165.0,MN0702,2024,1,True,COOPS - ELEVATOR APARTMENTS
Manhattan,UPPER WEST SIDE (59-79),45 CONDO HOTELS,4,1113,1314,RH,"1 CENTRAL PARK WEST, 1712",1712,10023.0,,1.0,1.0,,,,4,RH,700000,2024-01-23,40.768529,-73.981588,107.0,6.0,1027191.0,1011137502.0,145.0,MN0701,2024,1,True,CONDO HOTELS
Manhattan,UPPER WEST SIDE (79-96),07 RENTALS - WALKUP APARTMENTS,2,1196,22,C5,15 WEST 82ND STREET,,10024.0,13.0,0.0,13.0,2350.0,6840.0,1900.0,2,C5,3550000,2024-01-23,40.783011,-73.971928,107.0,6.0,1031176.0,1011960022.0,169.0,MN0702,2024,1,True,RENTALS - WALKUP APARTMENTS
Manhattan,UPPER WEST SIDE (79-96),07 RENTALS - WALKUP APARTMENTS,2,1196,23,C5,13 WEST 82ND STREET,,10024.0,13.0,0.0,13.0,2350.0,7183.0,1900.0,2,C5,3550000,2024-01-23,40.782994,-73.971889,107.0,6.0,1031177.0,1011960023.0,169.0,MN0702,2024,1,True,RENTALS - WALKUP APARTMENTS
Manhattan,UPPER WEST SIDE (96-116),10 COOPS - ELEVATOR APARTMENTS,2,1894,31,D4,"390 RIVERSIDE DRIVE, 11F",,10025.0,,,,,,1924.0,2,D4,1850000,2024-01-23,40.805442,-73.967418,109.0,7.0,1057323.0,1018940031.0,199.0,MN0901,2024,1,True,COOPS - ELEVATOR APARTMENTS
Manhattan,UPPER WEST SIDE (96-116),10 COOPS - ELEVATOR APARTMENTS,2,1879,1,D4,"245 WEST 107TH STREET, 14D",,10025.0,,,,,,1929.0,2,D4,1337500,2024-01-23,40.80197,-73.967221,107.0,7.0,1056647.0,1018790001.0,195.0,MN0703,2024,1,True,COOPS - ELEVATOR APARTMENTS
Manhattan,WASHINGTON HEIGHTS LOWER,10 COOPS - ELEVATOR APARTMENTS,2,2134,71,D4,"790 RIVERSIDE DRIVE, 8E",,10032.0,,,,,,1930.0,2,D4,1775000,2024-01-23,40.834787,-73.946852,112.0,7.0,1063252.0,1021340071.0,241.0,MN1201,2024,1,True,COOPS - ELEVATOR APARTMENTS
Manhattan,WASHINGTON HEIGHTS UPPER,10 COOPS - ELEVATOR APARTMENTS,2,2180,326,D4,"153 BENNETT AVENUE, 5C",,10040.0,,,,,,1951.0,2,D4,525000,2024-01-23,40.855286,-73.934358,112.0,10.0,1084213.0,1021800326.0,279.0,MN1202,2024,1,True,COOPS - ELEVATOR APARTMENTS
Manhattan,WASHINGTON HEIGHTS UPPER,10 COOPS - ELEVATOR APARTMENTS,2,2179,170,D4,"116 PINEHURST AVENUE, D35",,10033.0,,,,,,1925.0,2,D4,599000,2024-01-23,40.852121,-73.938868,112.0,10.0,1082358.0,1021790170.0,273.0,MN1202,2024,1,True,COOPS - ELEVATOR APARTMENTS
Queens,ASTORIA,02 TWO FAMILY DWELLINGS,1,888,47,B3,2518 21ST STREET,,11102.0,2.0,0.0,2.0,2788.0,2508.0,1910.0,1,B3,1190000,2024-01-23,40.774179,-73.924386,401.0,22.0,4020010.0,4008880047.0,91.0,QN0102,2024,1,True,TWO FAMILY DWELLINGS
Queens,ASTORIA,02 TWO FAMILY DWELLINGS,1,573,16,B1,25-09 NEWTOWN AVENUE,,11102.0,2.0,0.0,2.0,2126.0,1520.0,1950.0,1,B1,1245000,2024-01-23,40.770242,-73.923398,401.0,22.0,4006796.0,4005730016.0,69.0,QN0103,2024,1,True,TWO FAMILY DWELLINGS
Queens,ASTORIA,01 ONE FAMILY DWELLINGS,1,786,144,A5,20-20 45TH STREET,,11105.0,1.0,0.0,1.0,2000.0,1320.0,1940.0,1,A5,1025000,2024-01-23,40.773957,-73.89938,401.0,22.0,4015156.0,4007860144.0,12301.0,QN0101,2024,1,True,ONE FAMILY DWELLINGS
Queens,BREEZY POINT,01 ONE FAMILY DWELLINGS,1D,16350,400,A8,"157 BEDFORD AVENUE, 364",,11697.0,,,,,,1938.0,1,A8,515000,2024-01-23,40.558626,-73.91297,414.0,32.0,4466268.0,4163500400.0,91603.0,QN1403,2024,1,True,ONE FAMILY DWELLINGS
Queens,BEECHHURST,10 COOPS - ELEVATOR APARTMENTS,2,4602,131,D4,"166-25 12TH AVENUE, 8A",,11357.0,,,,,,1958.0,2,D4,387000,2024-01-23,40.791277,-73.797632,407.0,19.0,4104357.0,4046020131.0,991.0,QN0702,2024,1,True,COOPS - ELEVATOR APARTMENTS
Queens,CAMBRIA HEIGHTS,01 ONE FAMILY DWELLINGS,1,12793,99,A2,119-38 234TH STREET,,11411.0,1.0,0.0,1.0,4258.0,950.0,1945.0,1,A2,421319,2024-01-23,40.687463,-73.729992,413.0,27.0,4275811.0,4127930099.0,614.0,QN1304,2024,1,True,ONE FAMILY DWELLINGS
Queens,BRIARWOOD,10 COOPS - ELEVATOR APARTMENTS,2,9716,102,D4,"84-35 LANDER STREET, 5E",,11435.0,,,,,,1951.0,2,D4,187000,2024-01-23,40.712675,-73.815441,408.0,24.0,4207877.0,4097160102.0,22002.0,QN0805,2024,1,True,COOPS - ELEVATOR APARTMENTS
Queens,BRIARWOOD,01 ONE FAMILY DWELLINGS,1,9742,131,A5,147-52 HOOVER AVENUE,,11435.0,1.0,0.0,1.0,2108.0,1088.0,1940.0,1,A5,640000,2024-01-23,40.714254,-73.812421,408.0,24.0,4208601.0,4097420131.0,22002.0,QN0805,2024,1,True,ONE FAMILY DWELLINGS
Queens,CORONA,02 TWO FAMILY DWELLINGS,1,1713,53,B2,33-31 98TH STREET,,11368.0,2.0,0.0,2.0,2533.0,1978.0,1910.0,1,B2,60000,2024-01-23,40.756482,-73.870285,403.0,21.0,4042472.0,4017130053.0,377.0,QN0303,2024,1,True,TWO FAMILY DWELLINGS
Queens,ELMHURST,01 ONE FAMILY DWELLINGS,1,2469,20,A5,51-32 HILLYER STREET,,11373.0,1.0,0.0,1.0,2000.0,1484.0,1940.0,1,A5,970000,2024-01-23,40.736292,-73.885721,404.0,30.0,4056971.0,4024690020.0,479.0,QN0401,2024,1,True,ONE FAMILY DWELLINGS
Queens,DOUGLASTON,01 ONE FAMILY DWELLINGS,1,8017,1,A3,240-01 KNOLLWOOD AVENUE,,11363.0,1.0,0.0,1.0,8650.0,3488.0,1920.0,1,A3,1800007,2024-01-23,40.779878,-73.751571,411.0,19.0,4168021.0,4080170001.0,1483.0,QN1103,2024,1,True,ONE FAMILY DWELLINGS
Queens,FLUSHING-NORTH,01 ONE FAMILY DWELLINGS,1,5428,66,A1,4352 171ST STREET,,11358.0,1.0,0.0,1.0,4000.0,1771.0,1935.0,1,A1,980000,2024-01-23,40.757662,-73.795875,407.0,19.0,4122766.0,4054280066.0,1193.0,QN0705,2024,1,True,ONE FAMILY DWELLINGS
Queens,FLUSHING-SOUTH,02 TWO FAMILY DWELLINGS,1,6988,32,B3,75-16 170TH STREET,,11366.0,2.0,0.0,2.0,4085.0,2444.0,1945.0,1,B3,1507010,2024-01-23,40.727173,-73.799287,408.0,24.0,4151344.0,4069880032.0,1247.0,QN0802,2024,1,True,TWO FAMILY DWELLINGS
Queens,FLUSHING-SOUTH,10 COOPS - ELEVATOR APARTMENTS,2,6527,52,D4,"144-75 MELBOURNE AVE, 3F",,11367.0,,,,,,1954.0,2,D4,288000,2024-01-23,40.734508,-73.822936,408.0,24.0,4141901.0,4065270052.0,809.0,QN0801,2024,1,True,COOPS - ELEVATOR APARTMENTS
Queens,FLUSHING-SOUTH,02 TWO FAMILY DWELLINGS,1,6392,47,B3,62-15 136TH STREET,,11367.0,2.0,0.0,2.0,4000.0,1800.0,1940.0,1,B3,1150000,2024-01-23,40.741043,-73.830071,407.0,20.0,4139871.0,4063920047.0,80302.0,QN0706,2024,1,True,TWO FAMILY DWELLINGS
Queens,FOREST HILLS,17 CONDO COOPS,2,3293,1010,R9,"110-34 73RD ROAD, 4E",,11375.0,,,,,,1942.0,2,R9,498000,2024-01-23,40.718244,-73.839267,406.0,29.0,4308252.0,4032937501.0,76901.0,QN0602,2024,1,True,CONDO COOPS
Queens,FOREST HILLS,10 COOPS - ELEVATOR APARTMENTS,2,2235,25,D4,"110-50 71ST ROAD, 4J",,11375.0,,,,,,1957.0,2,D4,299000,2024-01-23,40.721762,-73.840792,406.0,29.0,4052574.0,4022350025.0,75702.0,QN0602,2024,1,True,COOPS - ELEVATOR APARTMENTS
Brooklyn,OLD MILL BASIN,01 ONE FAMILY DWELLINGS,1,7852,51,A9,5420 AVENUE L,,11234.0,1.0,0.0,1.0,1800.0,974.0,1925.0,1,A9,610000,2024-04-30,40.623809,-73.923223,318.0,46.0,3218870.0,3078520051.0,692.0,BK1801,2024,4,True,ONE FAMILY DWELLINGS
Brooklyn,PARK SLOPE,09 COOPS - WALKUP APARTMENTS,2C,960,33,C6,"798 PRESIDENT STREET, 4R",,11215.0,,,,,,1912.0,2,C6,1350000,2024-04-30,40.674125,-73.976675,306.0,39.0,3020365.0,3009600033.0,157.0,BK0602,2024,4,True,COOPS - WALKUP APARTMENTS
Brooklyn,PARK SLOPE,47 CONDO NON-BUSINESS STORAGE,4,961,1122,RS,"580 CARROLL STREET, S5",S5,11215.0,,1.0,1.0,,,2009.0,4,RS,2325000,2024-04-30,40.67574,-73.982872,306.0,39.0,3396802.0,3009617501.0,133.0,BK0602,2024,4,True,CONDO NON-BUSINESS STORAGE
Brooklyn,PARK SLOPE SOUTH,09 COOPS - WALKUP APARTMENTS,2C,1030,11,C6,"348 12TH STREET, 1R",,11215.0,,,,,,1920.0,2,C6,1550000,2024-04-30,40.666002,-73.984987,306.0,39.0,3023260.0,3010300011.0,151.0,BK0602,2024,4,True,COOPS - WALKUP APARTMENTS
Brooklyn,PARK SLOPE,13 CONDOS - ELEVATOR APARTMENTS,2,943,1227,R4,"350 BUTLER STREET, 8A",8A,11217.0,1.0,,1.0,,,2021.0,2,R4,2300000,2024-04-30,40.679783,-73.980899,306.0,39.0,3428962.0,3009430009.0,131.0,BK0602,2024,4,True,CONDOS - ELEVATOR APARTMENTS
Brooklyn,PARK SLOPE SOUTH,02 TWO FAMILY DWELLINGS,1,1028,10,B3,226 12TH STREET,,11215.0,2.0,0.0,2.0,1667.0,1440.0,1901.0,1,B3,2999000,2024-04-30,40.668217,-73.989553,306.0,38.0,3023137.0,3010280010.0,139.0,BK0602,2024,4,True,TWO FAMILY DWELLINGS
Brooklyn,PROSPECT HEIGHTS,13 CONDOS - ELEVATOR APARTMENTS,2,1129,1042,R4,"550 VANDERBILT AVENUE, 316",316,11238.0,1.0,,1.0,,,2015.0,2,R4,720000,2024-04-30,40.680309,-73.967923,308.0,35.0,3418187.0,3011297501.0,163.0,BK0801,2024,4,True,CONDOS - ELEVATOR APARTMENTS
Brooklyn,SHEEPSHEAD BAY,02 TWO FAMILY DWELLINGS,1,7441,86,B1,2535 EAST 24TH STREET,,11235.0,2.0,0.0,2.0,2500.0,2000.0,1935.0,1,B1,1250000,2024-04-30,40.590223,-73.945765,315.0,48.0,3204319.0,3074410086.0,59404.0,BK1503,2024,4,True,TWO FAMILY DWELLINGS
Brooklyn,RED HOOK,44 CONDO PARKING,4,586,1112,RP,"189 CONOVER STREET, P12",P12,11231.0,,1.0,1.0,,,2021.0,4,RP,1520000,2024-04-30,40.67745,-74.014973,306.0,38.0,3000000.0,0.0,5301.0,BK0601,2024,4,True,CONDO PARKING
Brooklyn,SHEEPSHEAD BAY,01 ONE FAMILY DWELLINGS,1,8769,112,A5,3304 SHORE PARKWAY,,11235.0,1.0,0.0,1.0,1062.0,1152.0,1930.0,1,A5,500000,2024-04-30,40.584624,-73.953518,315.0,48.0,3246994.0,3087690112.0,608.0,BK1503,2024,4,True,ONE FAMILY DWELLINGS
Brooklyn,SHEEPSHEAD BAY,22 STORE BUILDINGS,4,7430,57,K1,2801 CONEY ISLAND AVENUE,,11235.0,0.0,1.0,1.0,2000.0,2000.0,1970.0,4,K1,1100000,2024-04-30,40.588299,-73.960417,315.0,48.0,3203827.0,3074300057.0,588.0,BK1501,2024,4,True,STORE BUILDINGS
Brooklyn,SUNSET PARK,02 TWO FAMILY DWELLINGS,1,665,61,B9,193 29TH STREET,,11232.0,2.0,0.0,2.0,1783.0,2233.0,1905.0,1,B9,1260000,2024-04-30,40.657587,-73.999265,307.0,38.0,3009815.0,3006650061.0,101.0,BK0702,2024,4,True,TWO FAMILY DWELLINGS
Brooklyn,WILLIAMSBURG-NORTH,02 TWO FAMILY DWELLINGS,1,2387,29,S2,471 GRAND STREET,,11211.0,2.0,1.0,3.0,1781.0,2250.0,1910.0,1,S2,2535000,2024-04-30,40.711106,-73.952189,301.0,34.0,3062738.0,3023870029.0,513.0,BK0102,2024,4,True,TWO FAMILY DWELLINGS
Brooklyn,WILLIAMSBURG-EAST,01 ONE FAMILY DWELLINGS,1,2918,42,A9,311 DEVOE STREET,,11211.0,1.0,0.0,1.0,2500.0,1040.0,1910.0,1,A9,1495000,2024-04-30,40.713794,-73.936553,301.0,34.0,3070378.0,3029180042.0,481.0,BK0104,2024,4,True,ONE FAMILY DWELLINGS
Brooklyn,WILLIAMSBURG-NORTH,13 CONDOS - ELEVATOR APARTMENTS,2,2324,1168,R4,"34 NORTH 7TH STREET, 4H",4H,11249.0,1.0,,1.0,,,2007.0,2,R4,1825000,2024-04-30,40.720527,-73.962056,301.0,33.0,3397391.0,3023247502.0,555.0,BK0102,2024,4,True,CONDOS - ELEVATOR APARTMENTS
Manhattan,CHELSEA,13 CONDOS - ELEVATOR APARTMENTS,2,690,1363,R4,"515 WEST 18TH STREET, 1703",1703,10011.0,1.0,,1.0,,,2018.0,2,R4,6850000,2024-04-30,40.744928,-74.00703,104.0,3.0,1091605.0,1006907503.0,9901.0,MN0401,2024,4,True,CONDOS - ELEVATOR APARTMENTS
Manhattan,CHELSEA,13 CONDOS - ELEVATOR APARTMENTS,2,689,1211,R4,"500 WEST 18TH STREET, E20D",E20D,10011.0,1.0,,1.0,,,2017.0,2,R4,5200000,2024-04-30,40.744914,-74.007041,104.0,3.0,1090682.0,1006890017.0,9901.0,MN0401,2024,4,True,CONDOS - ELEVATOR APARTMENTS
Manhattan,CHELSEA,10 COOPS - ELEVATOR APARTMENTS,2,772,67,D4,"240 WEST 23RD STREET, 6C",,10011.0,,,,,,1920.0,2,D4,1250000,2024-04-30,40.744613,-73.996889,104.0,3.0,1014132.0,1007720067.0,91.0,MN0401,2024,4,True,COOPS - ELEVATOR APARTMENTS
Manhattan,CHELSEA,15 CONDOS - 2-10 UNIT RESIDENTIAL,2C,695,2105,R1,"560 WEST 24TH STREET, 4",4,10011.0,1.0,,1.0,,,2013.0,2,R1,5900000,2024-04-30,40.749117,-74.005515,104.0,3.0,1088873.0,1006957509.0,9901.0,MN0401,2024,4,True,CONDOS - 2-10 UNIT RESIDENTIAL
Manhattan,EAST VILLAGE,10 COOPS - ELEVATOR APARTMENTS,2,452,6,D4,"170 SECOND AVENUE, 11E",,10003.0,,,,,,1928.0,2,D4,160000,2024-04-30,40.730216,-73.986484,103.0,2.0,1006435.0,1004520006.0,4001.0,MN0303,2024,4,True,COOPS - ELEVATOR APARTMENTS
Manhattan,FINANCIAL,10 COOPS - ELEVATOR APARTMENTS,2,28,1,D0,"3 HANOVER SQUARE, 2E",,10004.0,,,,,,1926.0,2,D0,995000,2024-04-30,40.704808,-74.009623,101.0,1.0,1000831.0,1000280001.0,7.0,MN0101,2024,4,True,COOPS - ELEVATOR APARTMENTS
Manhattan,GRAMERCY,10 COOPS - ELEVATOR APARTMENTS,2,875,25,D4,"82 IRVING PLACE, 4D",,10003.0,,,,,,1950.0,2,D4,999000,2024-04-30,40.737182,-73.986429,106.0,2.0,1017915.0,1008750025.0,50.0,MN0602,2024,4,True,COOPS - ELEVATOR APARTMENTS
Manhattan,FLATIRON,17 CONDO COOPS,2,843,1005,R9,"73 5 AVENUE, 2B",,10003.0,,,,,,,2,R9,2500000,2024-04-30,40.736782,-73.993039,105.0,2.0,1016069.0,1008437501.0,52.0,MN0501,2024,4,True,CONDO COOPS
Manhattan,FLATIRON,10 COOPS - ELEVATOR APARTMENTS,2,842,7,D4,"7 EAST 14TH STREET, 1117",,10003.0,,,,,,1965.0,2,D4,995000,2024-04-30,40.735859,-73.993245,105.0,2.0,1016062.0,1008420007.0,52.0,MN0501,2024,4,True,COOPS - ELEVATOR APARTMENTS
Manhattan,FINANCIAL,13 CONDOS - ELEVATOR APARTMENTS,2,25,1138,R4,"25 BROAD STREET, A011",A011,10004.0,1.0,,1.0,,,1900.0,2,R4,1105000,2024-04-30,40.706114,-74.01126,101.0,1.0,1000824.0,1000257502.0,9.0,MN0101,2024,4,True,CONDOS - ELEVATOR APARTMENTS
Manhattan,GRAMERCY,10 COOPS - ELEVATOR APARTMENTS,2,897,1,D4,"201 EAST 15TH STREET, 7E",,10003.0,,,,,,1960.0,2,D4,1450000,2024-04-30,40.733954,-73.986595,106.0,2.0,1019523.0,1008970001.0,48.0,MN0602,2024,4,True,COOPS - ELEVATOR APARTMENTS
Manhattan,GRAMERCY,10 COOPS - ELEVATOR APARTMENTS,2,897,35,D4,"200 EAST 16TH STREET, 16K",,10003.0,,,,,,1930.0,2,D4,845000,2024-04-30,40.734519,-73.986003,106.0,2.0,1019531.0,1008970035.0,48.0,MN0602,2024,4,True,COOPS - ELEVATOR APARTMENTS
Manhattan,GREENWICH VILLAGE-WEST,09 COOPS - WALKUP APARTMENTS,2C,624,47,C6,"288 WEST 12TH STREET, 3FR",,10014.0,,,,,,1915.0,2,C6,2100000,2024-04-30,40.737537,-74.004132,102.0,3.0,1011383.0,1006240047.0,77.0,MN0203,2024,4,True,COOPS - WALKUP APARTMENTS
Manhattan,GREENWICH VILLAGE-WEST,10 COOPS - ELEVATOR APARTMENTS,2,622,41,D4,"270 WEST 11TH STREET, 6E",,10014.0,,,,,,1915.0,2,D4,1163250,2024-04-30,40.736063,-74.004326,102.0,3.0,1011309.0,1006220041.0,73.0,MN0203,2024,4,True,COOPS - ELEVATOR APARTMENTS
Manhattan,HARLEM-UPPER,01 ONE FAMILY DWELLINGS,1,2068,56,A9,421 WEST 154TH STREET,,10032.0,1.0,0.0,1.0,2098.0,4368.0,1899.0,1,A9,1050000,2024-04-30,40.830379,-73.942184,109.0,7.0,1061686.0,1020680056.0,23501.0,MN0903,2024,4,True,ONE FAMILY DWELLINGS
Manhattan,KIPS BAY,13 CONDOS - ELEVATOR APARTMENTS,2,936,4096,R4,"330 EAST 33RD STREET, 7-M",7-M,10016.0,1.0,,1.0,,,1962.0,2,R4,1866881,2024-04-30,40.743622,-73.975258,106.0,4.0,1083119.0,1009367501.0,7001.0,MN0603,2024,4,True,CONDOS - ELEVATOR APARTMENTS
Manhattan,JAVITS CENTER,13 CONDOS - ELEVATOR APARTMENTS,2,702,1478,R4,"35 HUDSON YARDS, 6804",6804,10001.0,1.0,,1.0,,,2015.0,2,R4,7503750,2024-04-30,40.754557,-74.002866,104.0,3.0,1091590.0,1007027503.0,9903.0,MN0401,2024,4,True,CONDOS - ELEVATOR APARTMENTS
Manhattan,HARLEM-UPPER,11 SPECIAL CONDO BILLING LOTS,2,2094,1203,RR,"3599 BROADWAY, 11A",C,10031.0,15.0,0.0,15.0,0.0,14659.0,2015.0,2,RR,415000,2024-04-30,40.828261,-73.949127,109.0,7.0,1083034.0,1020947503.0,233.0,MN0903,2024,4,True,SPECIAL CONDO BILLING LOTS
Manhattan,MIDTOWN CBD,13 CONDOS - ELEVATOR APARTMENTS,2,1307,1164,R4,"100 EAST 53RD STREET, 37A",37A,10022.0,1.0,,1.0,,,2014.0,2,R4,3775000,2024-04-30,40.758816,-73.972061,105.0,4.0,1090179.0,1013077502.0,100.0,MN0604,2024,4,True,CONDOS - ELEVATOR APARTMENTS
Manhattan,MIDTOWN CBD,13 CONDOS - ELEVATOR APARTMENTS,2,1307,1166,R4,"100 EAST 53RD STREET, 38A",38A,10022.0,1.0,,1.0,,,2014.0,2,R4,3795000,2024-04-30,40.758816,-73.972061,105.0,4.0,1090179.0,1013077502.0,100.0,MN0604,2024,4,True,CONDOS - ELEVATOR APARTMENTS
Manhattan,MANHATTAN VALLEY,10 COOPS - ELEVATOR APARTMENTS,2,1832,10,D4,"41 WEST 96TH STREET, 6B",,10025.0,,,,,,1926.0,2,D4,1515000,2024-04-30,40.792355,-73.966312,107.0,7.0,1055256.0,1018320010.0,181.0,MN0702,2024,4,True,COOPS - ELEVATOR APARTMENTS
Manhattan,MANHATTAN VALLEY,09 COOPS - WALKUP APARTMENTS,2,1844,18,C6,"17 WEST 108TH STREET, 88",,10025.0,,,,,,1900.0,2,C6,409000,2024-04-30,40.799651,-73.959768,107.0,7.0,1055719.0,1018440018.0,193.0,MN0703,2024,4,True,COOPS - WALKUP APARTMENTS
Manhattan,MIDTOWN EAST,10 COOPS - ELEVATOR APARTMENTS,2,1333,23,D4,"5 TUDOR CITY PLACE, 724",,10017.0,,,,,,1930.0,2,D4,305000,2024-04-30,40.748054,-73.971185,106.0,4.0,1038647.0,1013330023.0,88.0,MN0603,2024,4,True,COOPS - ELEVATOR APARTMENTS
Manhattan,MIDTOWN EAST,10 COOPS - ELEVATOR APARTMENTS,2,1350,1,D4,"303 EAST 57TH STREET, 23F",,10022.0,,,,,,1968.0,2,D4,505000,2024-04-30,40.75922,-73.965059,106.0,4.0,1039997.0,1013500001.0,10802.0,MN0604,2024,4,True,COOPS - ELEVATOR APARTMENTS
Manhattan,MORNINGSIDE HEIGHTS,10 COOPS - ELEVATOR APARTMENTS,2,1978,1,D4,"100 LASALLE STREET, 5E",,10027.0,,,,,,1956.0,2,D4,265000,2024-04-30,40.813512,-73.959058,109.0,7.0,1084114.0,1019780001.0,211.0,MN0901,2024,4,True,COOPS - ELEVATOR APARTMENTS
Manhattan,MIDTOWN WEST,13 CONDOS - ELEVATOR APARTMENTS,2,1009,1376,R4,"123 WEST 56TH STREET, 40C",40C,10019.0,1.0,,1.0,,,1939.0,2,R4,3037500,2024-04-30,40.764074,-73.978669,105.0,6.0,1023455.0,1010090019.0,137.0,MN0502,2024,4,True,CONDOS - ELEVATOR APARTMENTS
Manhattan,SOHO,13 CONDOS - ELEVATOR APARTMENTS,2,502,1003,R4,"426 WEST BROADWAY, 1B",1B,10012.0,1.0,,1.0,,,1880.0,2,R4,3300000,2024-04-30,40.725191,-74.001403,102.0,1.0,1007740.0,1005027501.0,49.0,MN0201,2024,4,True,CONDOS - ELEVATOR APARTMENTS
Manhattan,MURRAY HILL,13 CONDOS - ELEVATOR APARTMENTS,2,859,1533,R4,"277 FIFTH AVENUE, 19C",19C,10016.0,1.0,,1.0,,,2017.0,2,R4,1918000,2024-04-30,40.74566,-73.986041,105.0,2.0,1090386.0,1008597504.0,74.0,MN0501,2024,4,True,CONDOS - ELEVATOR APARTMENTS
Manhattan,SOHO,13 CONDOS - ELEVATOR APARTMENTS,2,594,1405,R4,"505 GREENWICH STREET, PHD",PHD,10013.0,1.0,,1.0,,,2003.0,2,R4,3950000,2024-04-30,40.725635,-74.009142,102.0,1.0,1086554.0,1005947503.0,37.0,MN0201,2024,4,True,CONDOS - ELEVATOR APARTMENTS
Manhattan,ROOSEVELT ISLAND,10 COOPS - ELEVATOR APARTMENTS,2,1373,1,D4,"595 MAIN STREET, 412",,10044.0,,,,,,1975.0,2,D4,678908,2024-04-30,40.762925,-73.949148,108.0,5.0,1084707.0,1013730001.0,23803.0,MN0801,2024,4,True,COOPS - ELEVATOR APARTMENTS
Manhattan,MURRAY HILL,13 CONDOS - ELEVATOR APARTMENTS,2,858,1335,R4,"30 EAST 29TH STREET, 17B",17B,10016.0,1.0,,1.0,,,2018.0,2,R4,1995000,2024-04-30,40.744485,-73.984926,105.0,2.0,1091575.0,1008587504.0,74.0,MN0501,2024,4,True,CONDOS - ELEVATOR APARTMENTS
Manhattan,TRIBECA,08 RENTALS - ELEVATOR APARTMENTS,2,16,195,D8,"315-325 NORTH END AVENUE, 6M",,10282.0,274.0,2.0,276.0,18270.0,356483.0,2004.0,2,D8,1063053,2024-04-30,40.716593,-74.014787,101.0,1.0,1086507.0,1000160195.0,31703.0,MN0101,2024,4,True,RENTALS - ELEVATOR APARTMENTS
Manhattan,TRIBECA,13 CONDOS - ELEVATOR APARTMENTS,2,84,1115,R4,"140 WEST STREET, 17J",17J,10007.0,1.0,,1.0,,,1930.0,2,R4,1650000,2024-04-30,40.713843,-74.01379,101.0,1.0,1001228.0,1000847501.0,21.0,MN0102,2024,4,True,CONDOS - ELEVATOR APARTMENTS
Manhattan,TRIBECA,13 CONDOS - ELEVATOR APARTMENTS,2,220,1112,R4,"44 LAIGHT STREET, 6B",6B,10013.0,1.0,,1.0,,,,2,R4,5250000,2024-04-30,40.721941,-74.007894,101.0,1.0,1086557.0,1002207503.0,33.0,MN0102,2024,4,True,CONDOS - ELEVATOR APARTMENTS
Manhattan,UPPER EAST SIDE (59-79),10 COOPS - ELEVATOR APARTMENTS,2,1374,1,D4,"781 5TH AVENUE, 411",,10022.0,,,,,,1928.0,2,D4,850000,2024-04-30,40.764454,-73.972871,108.0,4.0,1040751.0,1013740001.0,11401.0,MN0802,2024,4,True,COOPS - ELEVATOR APARTMENTS
Manhattan,UPPER EAST SIDE (59-79),10 COOPS - ELEVATOR APARTMENTS,2,1405,40,D4,"176 EAST 71ST STREET, 14B",,10021.0,,,,,,1962.0,2,D4,1800000,2024-04-30,40.769345,-73.961793,108.0,4.0,1042740.0,1014050040.0,128.0,MN0802,2024,4,True,COOPS - ELEVATOR APARTMENTS
Manhattan,TRIBECA,13 CONDOS - ELEVATOR APARTMENTS,2,16,3702,R4,"2 RIVER TERRACE, 9L",9L,10004.0,1.0,,1.0,,,2006.0,2,R4,3575000,2024-04-30,40.715534,-74.016651,101.0,1.0,1087518.0,1000167516.0,31703.0,MN0101,2024,4,True,CONDOS - ELEVATOR APARTMENTS
Manhattan,UPPER EAST SIDE (59-79),17 CONDO COOPS,2,1397,1402,R9,"130 EAST 63RD STREET, 7D",,10065.0,,,,,,1960.0,2,R9,950000,2024-04-30,40.764872,-73.966713,108.0,4.0,1042069.0,1013977504.0,11402.0,MN0802,2024,4,True,CONDO COOPS
Manhattan,UPPER EAST SIDE (79-96),10 COOPS - ELEVATOR APARTMENTS,2,1492,69,D4,"995 FIFTH AVENUE, 5S",,10028.0,,,,,,1926.0,2,D4,8100000,2024-04-30,40.778115,-73.9629,108.0,4.0,1046650.0,1014920069.0,142.0,MN0802,2024,4,True,COOPS - ELEVATOR APARTMENTS
Manhattan,UPPER EAST SIDE (79-96),10 COOPS - ELEVATOR APARTMENTS,2,1492,37,D4,"930 PARK AVENUE, 8S",,10028.0,,,,,,1916.0,2,D4,5700000,2024-04-30,40.776788,-73.959684,108.0,4.0,1046628.0,1014920037.0,142.0,MN0802,2024,4,True,COOPS - ELEVATOR APARTMENTS
Manhattan,UPPER EAST SIDE (79-96),10 COOPS - ELEVATOR APARTMENTS,2,1522,1,D4,"1185 PARK AVENUE, 2B",,10128.0,,,,,,1929.0,2,D4,2987500,2024-04-30,40.784817,-73.9538,108.0,5.0,1048384.0,1015220001.0,15801.0,MN0802,2024,4,True,COOPS - ELEVATOR APARTMENTS
Manhattan,UPPER EAST SIDE (59-79),17 CONDO COOPS,2,1447,1002,R9,"305 EAST 72ND STREET, 10BC",,10021.0,,,,,,1961.0,2,R9,1605000,2024-04-30,40.768654,-73.957992,108.0,5.0,1076314.0,1014477501.0,12601.0,MN0801,2024,4,True,CONDO COOPS
Manhattan,UPPER EAST SIDE (79-96),09 COOPS - WALKUP APARTMENTS,2C,1547,11,C6,321 EAST 84TH STREET,,10028.0,,,,,,1940.0,2,C6,3000000,2024-04-30,40.776277,-73.952008,108.0,5.0,1049960.0,1015470011.0,14601.0,MN0803,2024,4,True,COOPS - WALKUP APARTMENTS
Manhattan,UPPER WEST SIDE (59-79),10 COOPS - ELEVATOR APARTMENTS,2,1119,29,D4,"65 CENTRAL PARK WEST, 15C",,10023.0,,,,,,1929.0,2,D4,3450000,2024-04-30,40.772731,-73.978515,107.0,6.0,1028230.0,1011190029.0,15301.0,MN0701,2024,4,True,COOPS - ELEVATOR APARTMENTS
Manhattan,UPPER EAST SIDE (79-96),10 COOPS - ELEVATOR APARTMENTS,2,1582,34,D4,"530 EAST 86TH STREET, 8C",,10028.0,,,,,,1928.0,2,D4,2700000,2024-04-30,40.775487,-73.946001,108.0,5.0,1051248.0,1015820034.0,14401.0,MN0803,2024,4,True,COOPS - ELEVATOR APARTMENTS
Manhattan,UPPER EAST SIDE (79-96),13 CONDOS - ELEVATOR APARTMENTS,2,1577,1095,R4,"520 EAST 81ST STREET, 8E",8E,10028.0,1.0,,1.0,,,,2,R4,520000,2024-04-30,40.772224,-73.948357,108.0,5.0,1050880.0,1015777501.0,13602.0,MN0803,2024,4,True,CONDOS - ELEVATOR APARTMENTS
Manhattan,UPPER EAST SIDE (79-96),10 COOPS - ELEVATOR APARTMENTS,2,1580,32,D4,"538 EAST 84TH STREET, 5A",,10028.0,,,,,,1910.0,2,D4,390000,2024-04-30,40.774186,-73.947099,108.0,5.0,1075693.0,1015800032.0,13604.0,MN0803,2024,4,True,COOPS - ELEVATOR APARTMENTS
Manhattan,UPPER EAST SIDE (79-96),10 COOPS - ELEVATOR APARTMENTS,2,1586,21,D4,"200 EAST END AVENUE, 2MN",,10128.0,,,,,,1952.0,2,D4,2300000,2024-04-30,40.776976,-73.94331,108.0,5.0,1051371.0,1015860021.0,152.0,MN0803,2024,4,True,COOPS - ELEVATOR APARTMENTS
Manhattan,UPPER WEST SIDE (59-79),10 COOPS - ELEVATOR APARTMENTS,2,1145,61,D4,"170 WEST 74TH STREET, 411",,10023.0,,,,,,1913.0,2,D4,500000,2024-04-30,40.779661,-73.980065,107.0,6.0,1030038.0,1011450061.0,157.0,MN0701,2024,4,True,COOPS - ELEVATOR APARTMENTS
Manhattan,UPPER WEST SIDE (59-79),12 CONDOS - WALKUP APARTMENTS,2,1186,1032,R2,"393 WEST END AVENUE, 6A",6A,10024.0,1.0,,1.0,,,1927.0,2,R2,3367500,2024-04-30,40.784133,-73.981335,107.0,6.0,1031127.0,1011867501.0,167.0,MN0702,2024,4,True,CONDOS - WALKUP APARTMENTS
Manhattan,UPPER WEST SIDE (59-79),13 CONDOS - ELEVATOR APARTMENTS,2,1114,1376,R4,"15 CENTRAL PARK WEST, 14L",14L,10023.0,1.0,,1.0,,,2005.0,2,R4,7000000,2024-04-30,40.769481,-73.98088,107.0,6.0,1087839.0,1011147503.0,145.0,MN0701,2024,4,True,CONDOS - ELEVATOR APARTMENTS
Manhattan,UPPER WEST SIDE (59-79),10 COOPS - ELEVATOR APARTMENTS,2,1125,24,D4,"15 WEST 72ND STREET, 5T",,10023.0,,,,,,1964.0,2,D4,875000,2024-04-30,40.77671,-73.977102,107.0,6.0,1028636.0,1011250024.0,157.0,MN0701,2024,4,True,COOPS - ELEVATOR APARTMENTS
Manhattan,UPPER WEST SIDE (59-79),17 CONDO COOPS,2,1179,1008,R9,"165 WEST END AVENUE, 16C",,10023.0,,,,,,1962.0,2,R9,555000,2024-04-30,40.777019,-73.986522,107.0,6.0,1070746.0,1011797501.0,15502.0,MN0701,2024,4,True,CONDO COOPS
Manhattan,UPPER WEST SIDE (79-96),09 COOPS - WALKUP APARTMENTS,2C,1212,159,C6,"172 WEST 82ND STREET, 4B",,10024.0,,,,,,1900.0,2,C6,890000,2024-04-30,40.784689,-73.975954,107.0,6.0,1032050.0,1012120159.0,165.0,MN0702,2024,4,True,COOPS - WALKUP APARTMENTS
Manhattan,UPPER WEST SIDE (59-79),17 CONDO COOPS,2,1158,1007,R9,"160 WEST END AVENUE, 28B",,10023.0,,,,,,1963.0,2,R9,675000,2024-04-30,40.776193,-73.984984,107.0,6.0,1070689.0,1011587501.0,15501.0,MN0701,2024,4,True,CONDO COOPS
Manhattan,UPPER WEST SIDE (79-96),10 COOPS - ELEVATOR APARTMENTS,2,1224,29,D4,"100 WEST 94TH STREET, 21E",,10025.0,,,,,,1966.0,2,D4,999000,2024-04-30,40.791582,-73.968548,107.0,7.0,1084572.0,1012240029.0,177.0,MN0702,2024,4,True,COOPS - ELEVATOR APARTMENTS
Manhattan,UPPER WEST SIDE (96-116),17 CONDO COOPS,2,1883,1002,R9,"545 WEST 111TH STREET, 2H",,10025.0,,,,,,1930.0,2,R9,600000,2024-04-30,40.804624,-73.96571,109.0,7.0,1075433.0,1018837501.0,199.0,MN0901,2024,4,True,CONDO COOPS
Queens,ASTORIA,01 ONE FAMILY DWELLINGS,1,784,53,A5,21-50 45TH STREET,,11105.0,1.0,0.0,1.0,2000.0,1326.0,1920.0,1,A5,970000,2024-04-30,40.771629,-73.902225,401.0,22.0,4015015.0,4007840053.0,121.0,QN0101,2024,4,True,ONE FAMILY DWELLINGS
Queens,ASTORIA,02 TWO FAMILY DWELLINGS,1,799,51,B2,20-46 41ST STREET,,11105.0,2.0,0.0,2.0,2500.0,990.0,1875.0,1,B2,960000,2024-04-30,40.775005,-73.902086,401.0,22.0,4015631.0,4007990051.0,12301.0,QN0101,2024,4,True,TWO FAMILY DWELLINGS
Queens,ASTORIA,07 RENTALS - WALKUP APARTMENTS,2B,657,38,C7,37-02 31ST AVENUE,,11103.0,7.0,1.0,8.0,1482.0,5415.0,1922.0,2,C7,3300000,2024-04-30,40.762005,-73.918559,401.0,22.0,4010453.0,4006570038.0,61.0,QN0103,2024,4,True,RENTALS - WALKUP APARTMENTS
Queens,ASTORIA,07 RENTALS - WALKUP APARTMENTS,2A,888,27,C2,1818 ASTORIA PARK SOUTH,,11102.0,6.0,0.0,6.0,2500.0,4680.0,1931.0,2,C2,1500000,2024-04-30,40.775445,-73.925518,401.0,22.0,4019991.0,4008880027.0,91.0,QN0102,2024,4,True,RENTALS - WALKUP APARTMENTS
Queens,ASTORIA,09 COOPS - WALKUP APARTMENTS,2,654,29,C6,"24-65 38TH STREET, D2",,11103.0,,,,,,1929.0,2,C6,599000,2024-04-30,40.768486,-73.912353,401.0,22.0,4010262.0,4006540029.0,143.0,QN0104,2024,4,True,COOPS - WALKUP APARTMENTS
Queens,BRIARWOOD,17 CONDO COOPS,2,9651,1008,R9,"8515 MAIN ST, 5J",,11435.0,,,,,,1959.0,2,R9,500000,2024-04-30,40.709687,-73.819265,408.0,24.0,4312614.0,4096517501.0,22002.0,QN0805,2024,4,True,CONDO COOPS
Queens,BELLEROSE,01 ONE FAMILY DWELLINGS,1,8664,38,A1,89-06 249 STREET,,11426.0,1.0,0.0,1.0,3540.0,1440.0,1925.0,1,A1,765000,2024-04-30,40.72722,-73.716034,413.0,23.0,4177056.0,4086640038.0,1617.0,QN1302,2024,4,True,ONE FAMILY DWELLINGS
Queens,COLLEGE POINT,30 WAREHOUSES,4,4057,80,E9,109-10 15TH AVENUE,,11356.0,0.0,1.0,1.0,17500.0,3000.0,1996.0,4,E9,5600000,2024-04-30,40.78379,-73.856871,407.0,19.0,4098071.0,4040570080.0,929.0,QN0701,2024,4,True,WAREHOUSES
Queens,CORONA,02 TWO FAMILY DWELLINGS,1,1777,9,B3,108-14 37TH AVENUE,,11368.0,2.0,0.0,2.0,2009.0,1610.0,1925.0,1,B3,970000,2024-04-30,40.753928,-73.859852,403.0,21.0,4044666.0,4017770009.0,40102.0,QN0303,2024,4,True,TWO FAMILY DWELLINGS
Queens,COLLEGE POINT,41 TAX CLASS 4 - OTHER,4,4057,101,Z9,110-00A 15TH AVENUE,,11356.0,0.0,0.0,0.0,10625.0,1580.0,1930.0,4,Z9,5600000,2024-04-30,40.783803,-73.856496,407.0,19.0,4430319.0,4040570101.0,929.0,QN0701,2024,4,True,TAX CLASS 4 - OTHER
Queens,COLLEGE POINT,02 TWO FAMILY DWELLINGS,1,4036,51,B1,12-22 116 STREET,,11356.0,2.0,0.0,2.0,3000.0,2895.0,1930.0,1,B1,1185000,2024-04-30,40.786624,-73.851365,407.0,19.0,4097684.0,4040360051.0,929.0,QN0701,2024,4,True,TWO FAMILY DWELLINGS
Queens,COLLEGE POINT,21 OFFICE BUILDINGS,4,4057,115,O1,110-00 15TH AVENUE,,11356.0,0.0,1.0,1.0,2500.0,392.0,1930.0,4,O1,5600000,2024-04-30,40.783803,-73.856496,407.0,19.0,4098072.0,4040570115.0,929.0,QN0701,2024,4,True,OFFICE BUILDINGS
Queens,ELMHURST,07 RENTALS - WALKUP APARTMENTS,2A,1599,35,C2,95-18 42ND AVENUE,,11373.0,5.0,0.0,5.0,1800.0,3275.0,1989.0,2,C2,1200000,2024-04-30,40.746056,-73.869107,404.0,21.0,4430217.0,4015990035.0,465.0,QN0401,2024,4,True,RENTALS - WALKUP APARTMENTS
Queens,ELMHURST,10 COOPS - ELEVATOR APARTMENTS,2,1517,33,D4,"83-45 VIETOR AVENUE, 6M",,11373.0,,,,,,1961.0,2,D4,350000,2024-04-30,40.742696,-73.881647,404.0,25.0,4037500.0,4015170033.0,27101.0,QN0401,2024,4,True,COOPS - ELEVATOR APARTMENTS
Queens,ELMHURST,10 COOPS - ELEVATOR APARTMENTS,2,1560,1,D4,"4421 MACNISH STREET, 4D",,11373.0,,,,,,1951.0,2,D4,288000,2024-04-30,40.742272,-73.879988,404.0,25.0,4039012.0,4015600001.0,46901.0,QN0401,2024,4,True,COOPS - ELEVATOR APARTMENTS
Queens,ELMHURST,22 STORE BUILDINGS,4,1536,201,K1,45-01 82ND STREET,,11373.0,0.0,1.0,1.0,16600.0,16539.0,1954.0,4,K1,14000000,2024-04-30,40.74152,-73.882916,404.0,25.0,4038415.0,4015360201.0,485.0,QN0401,2024,4,True,STORE BUILDINGS
Queens,FLORAL PARK,01 ONE FAMILY DWELLINGS,1,8729,63,A2,81-11 254TH STREET,,11004.0,1.0,0.0,1.0,4000.0,1101.0,1950.0,1,A2,858000,2024-04-30,40.741415,-73.715674,413.0,23.0,4178417.0,4087290063.0,157902.0,QN1301,2024,4,True,ONE FAMILY DWELLINGS
Queens,FLORAL PARK,01 ONE FAMILY DWELLINGS,1,8701,52,A0,79-46 265TH STREET,,11004.0,1.0,0.0,1.0,4000.0,1125.0,1950.0,1,A0,250000,2024-04-30,40.746776,-73.706889,413.0,23.0,4177722.0,4087010052.0,157901.0,QN1301,2024,4,True,ONE FAMILY DWELLINGS
Queens,FLUSHING-NORTH,02 TWO FAMILY DWELLINGS,1,4799,97,B3,147-03 33RD AVENUE,,11354.0,2.0,0.0,2.0,9750.0,2016.0,1940.0,1,B3,684000,2024-04-30,40.768755,-73.820094,407.0,19.0,4108606.0,4047990097.0,1159.0,QN0704,2024,4,True,TWO FAMILY DWELLINGS
Queens,FLUSHING-NORTH,01 ONE FAMILY DWELLINGS,1,5963,5,A0,172-08 26TH AVENUE,,11358.0,1.0,0.0,1.0,4150.0,1219.0,1945.0,1,A0,980000,2024-04-30,40.773442,-73.793451,407.0,19.0,4132779.0,4059630005.0,1085.0,QN1101,2024,4,True,ONE FAMILY DWELLINGS
Queens,FLUSHING-NORTH,10 COOPS - ELEVATOR APARTMENTS,2,5145,55,D4,"138-70 ELDER AVENUE, 6V",,11355.0,,,,,,1963.0,2,D4,420000,2024-04-30,40.752877,-73.822418,407.0,20.0,4116412.0,4051450055.0,845.0,QN0705,2024,4,True,COOPS - ELEVATOR APARTMENTS
Queens,FLUSHING-NORTH,13 CONDOS - ELEVATOR APARTMENTS,2,5010,1129,R4,"142-25 37TH AVENUE, 7D",7D,11354.0,1.0,,1.0,,,2005.0,2,R4,610000,2024-04-30,40.762606,-73.82681,407.0,20.0,4531289.0,4050107504.0,865.0,QN0707,2024,4,True,CONDOS - ELEVATOR APARTMENTS
Queens,FLUSHING-NORTH,10 COOPS - ELEVATOR APARTMENTS,2,5137,55,D4,"138-10 FRANKLIN AVENUE, 7F",,11355.0,,,,,,1961.0,2,D4,424000,2024-04-30,40.75498,-73.82596,407.0,20.0,4115902.0,4051370055.0,79701.0,QN0707,2024,4,True,COOPS - ELEVATOR APARTMENTS
Queens,FLUSHING-NORTH,13 CONDOS - ELEVATOR APARTMENTS,2,5003,1222,R4,"35-20 146TH STREET, 5B",5B,11354.0,1.0,,1.0,,,2017.0,2,R4,546514,2024-04-30,40.765817,-73.820846,407.0,20.0,4618853.0,4050037503.0,116301.0,QN0704,2024,4,True,CONDOS - ELEVATOR APARTMENTS
Queens,FLUSHING-NORTH,13 CONDOS - ELEVATOR APARTMENTS,2,4958,1236,R4,"134-16 35TH AVENUE, 7F",7F,11354.0,1.0,,1.0,,,1950.0,2,R4,812564,2024-04-30,40.764174,-73.832932,407.0,20.0,4000000.0,4049580120.0,869.0,QN0707,2024,4,True,CONDOS - ELEVATOR APARTMENTS
Queens,FLUSHING-NORTH,10 COOPS - ELEVATOR APARTMENTS,2,5003,11,D4,"3505 PARSONS BLVD, 1E",,11354.0,,,,,,1938.0,2,D4,290000,2024-04-30,40.765618,-73.823673,407.0,20.0,4113183.0,4050030011.0,116301.0,QN0704,2024,4,True,COOPS - ELEVATOR APARTMENTS
Queens,FLUSHING-NORTH,13 CONDOS - ELEVATOR APARTMENTS,2,5048,1170,R4,"41-07 BOWNE STREET, 5M",5M,11355.0,1.0,,1.0,,,1961.0,2,R4,465000,2024-04-30,40.759643,-73.823811,407.0,20.0,4312194.0,4050487502.0,855.0,QN0707,2024,4,True,CONDOS - ELEVATOR APARTMENTS
Queens,FOREST HILLS,01 ONE FAMILY DWELLINGS,1,3241,8,A1,7102 MANSE STREET,,11375.0,1.0,0.0,1.0,2500.0,1640.0,1920.0,1,A1,1547000,2024-04-30,40.711874,-73.849577,406.0,29.0,4077550.0,4032410008.0,731.0,QN0602,2024,4,True,ONE FAMILY DWELLINGS
Queens,FOREST HILLS,10 COOPS - ELEVATOR APARTMENTS,2,2133,16,D4,"102-10 66TH ROAD, 8G",,11375.0,,,,,,1964.0,2,D4,255000,2024-04-30,40.728526,-73.851538,406.0,29.0,4432046.0,4021330016.0,71304.0,QN0602,2024,4,True,COOPS - ELEVATOR APARTMENTS
Queens,GLENDALE,03 THREE FAMILY DWELLINGS,1,3829,30,C0,78-60 79TH LANE,,11385.0,3.0,0.0,3.0,1818.0,2240.0,1935.0,1,C0,800000,2024-04-30,40.703727,-73.869284,405.0,32.0,4093446.0,4038290030.0,635.0,QN0503,2024,4,True,THREE FAMILY DWELLINGS
Queens,HOLLISWOOD,09 COOPS - WALKUP APARTMENTS,2,10524,150,C6,"198-16 POMPEII AVENUE, 2D",,11423.0,,,,,,1950.0,2,C6,275000,2024-04-30,40.721382,-73.766147,408.0,23.0,4434599.0,4105240150.0,47801.0,QN0804,2024,4,True,COOPS - WALKUP APARTMENTS
Queens,HOWARD BEACH,01 ONE FAMILY DWELLINGS,1,14248,1395,A2,102-18 163RD DRIVE,,11414.0,1.0,0.0,1.0,2720.0,900.0,1920.0,1,A2,365000,2024-04-30,40.652675,-73.828271,410.0,32.0,4296481.0,4142481395.0,884.0,QN1003,2024,4,True,ONE FAMILY DWELLINGS
Queens,HOWARD BEACH,13 CONDOS - ELEVATOR APARTMENTS,2,11431,3208,R4,"151-15 84TH STREET, 2H",2H,11414.0,1.0,,1.0,,,1966.0,2,R4,400000,2024-04-30,40.667618,-73.85065,410.0,32.0,4446930.0,4114317502.0,6201.0,QN1003,2024,4,True,CONDOS - ELEVATOR APARTMENTS
Queens,HOWARD BEACH,01 ONE FAMILY DWELLINGS,1,14250,1475,A1,99-50 164TH AVENUE,,11414.0,1.0,0.0,1.0,2400.0,1200.0,1930.0,1,A1,485000,2024-04-30,40.651852,-73.830385,410.0,32.0,4296513.0,4142501475.0,884.0,QN1003,2024,4,True,ONE FAMILY DWELLINGS
Queens,LAURELTON,02 TWO FAMILY DWELLINGS,1,13033,38,B2,137-34 219TH STREET,,11413.0,2.0,0.0,2.0,4800.0,2100.0,1955.0,1,B2,1200000,2024-04-30,40.674812,-73.752907,413.0,31.0,4280439.0,4130330038.0,358.0,QN1305,2024,4,True,TWO FAMILY DWELLINGS
Queens,LAURELTON,01 ONE FAMILY DWELLINGS,1,12875,50,A2,128-08 235TH STREET,,11422.0,1.0,0.0,1.0,3895.0,765.0,1940.0,1,A2,660000,2024-04-30,40.68218,-73.731481,413.0,31.0,4277076.0,4128750050.0,61601.0,QN1305,2024,4,True,ONE FAMILY DWELLINGS
Queens,JAMAICA HILLS,02 TWO FAMILY DWELLINGS,1,9707,16,B2,150-30 87 AVENUE,,11432.0,2.0,0.0,2.0,4000.0,2364.0,1920.0,1,B2,399000,2024-04-30,40.708187,-73.806822,408.0,24.0,4207494.0,4097070016.0,236.0,QN1201,2024,4,True,TWO FAMILY DWELLINGS
Queens,LITTLE NECK,02 TWO FAMILY DWELLINGS,1,8260,34,S2,255-10 NORTHERN BOULEVARD,,11362.0,2.0,1.0,3.0,1958.0,2468.0,1928.0,1,S2,1550000,2024-04-30,40.772039,-73.734306,411.0,19.0,4171545.0,4082600034.0,150702.0,QN1103,2024,4,True,TWO FAMILY DWELLINGS
Queens,LONG ISLAND CITY,13 CONDOS - ELEVATOR APARTMENTS,2,373,1013,R4,"37-25 31ST STREET, N-4E",N-4E,11101.0,1.0,,1.0,,,2020.0,2,R4,775000,2024-04-30,40.754589,-73.931356,401.0,26.0,4000000.0,4003737501.0,51.0,QN0105,2024,4,True,CONDOS - ELEVATOR APARTMENTS
Queens,MASPETH,01 ONE FAMILY DWELLINGS,1,2409,1,A1,68-02 52 DRIVE,,11378.0,1.0,0.0,1.0,2500.0,1360.0,1930.0,1,A1,750000,2024-04-30,40.732125,-73.897011,405.0,30.0,4055779.0,4024090001.0,513.0,QN0501,2024,4,True,ONE FAMILY DWELLINGS
Queens,MASPETH,01 ONE FAMILY DWELLINGS,1,2426,13,A5,50-19 67TH STREET,,11377.0,1.0,0.0,1.0,1250.0,1516.0,1970.0,1,A5,910000,2024-04-30,40.736451,-73.89777,402.0,26.0,4056168.0,4024260013.0,243.0,QN0203,2024,4,True,ONE FAMILY DWELLINGS
Queens,OAKLAND GARDENS,09 COOPS - WALKUP APARTMENTS,2,7739,3,C6,"73-43 217TH STREET, 366B1",,11364.0,,,,,,1952.0,2,C6,385000,2024-04-30,40.740742,-73.757162,411.0,23.0,4453082.0,4077390003.0,129104.0,QN1104,2024,4,True,COOPS - WALKUP APARTMENTS
Queens,QUEENS VILLAGE,02 TWO FAMILY DWELLINGS,1,10789,43,B3,97-20 222ND STREET,,11429.0,2.0,0.0,2.0,4074.0,2114.0,1960.0,1,B3,1120000,2024-04-30,40.717321,-73.731476,413.0,27.0,4231192.0,4107890043.0,568.0,QN1303,2024,4,True,TWO FAMILY DWELLINGS
Queens,QUEENS VILLAGE,01 ONE FAMILY DWELLINGS,1,10665,83,A5,89-70 220TH STREET,,11427.0,1.0,0.0,1.0,1800.0,1224.0,1950.0,1,A5,610000,2024-04-30,40.728079,-73.741647,413.0,23.0,4228448.0,4106650083.0,554.0,QN1303,2024,4,True,ONE FAMILY DWELLINGS
Queens,OZONE PARK,04 TAX CLASS 1 CONDOS,1A,11544,1039,R3,"94-50 MAGNOLIA COURT, 3A",3A,11417.0,1.0,,1.0,,,2003.0,1,R3,550000,2024-04-30,40.66981,-73.841406,410.0,32.0,4518470.0,4115447501.0,88.0,QN1002,2024,4,True,TAX CLASS 1 CONDOS
Queens,REGO PARK,13 CONDOS - ELEVATOR APARTMENTS,2,2112,1075,R4,"63-60 102ND STREET, B-14",B-14,11374.0,1.0,,1.0,,,1949.0,2,R4,350000,2024-04-30,40.732226,-73.853817,406.0,29.0,4050659.0,4021127501.0,721.0,QN0602,2024,4,True,CONDOS - ELEVATOR APARTMENTS
Queens,RICHMOND HILL,01 ONE FAMILY DWELLINGS,1,9320,135,A5,9319 112TH STREET,,11418.0,1.0,0.0,1.0,2000.0,1248.0,1920.0,1,A5,625000,2024-04-30,40.692966,-73.83416,409.0,29.0,4195683.0,4093200135.0,124.0,QN0902,2024,4,True,ONE FAMILY DWELLINGS
Queens,RICHMOND HILL,01 ONE FAMILY DWELLINGS,1,9459,5,A9,121-10 95TH AVENUE,,11419.0,1.0,0.0,1.0,1600.0,988.0,1920.0,1,A9,660000,2024-04-30,40.693007,-73.824936,409.0,29.0,4199695.0,4094590005.0,150.0,QN0903,2024,4,True,ONE FAMILY DWELLINGS
Queens,RICHMOND HILL,02 TWO FAMILY DWELLINGS,1,9487,67,B3,101-19 LEFFERTS BOULEVARD,,11419.0,2.0,0.0,2.0,2363.0,1363.0,1925.0,1,B3,1100000,2024-04-30,40.689632,-73.825825,409.0,29.0,4200598.0,4094870067.0,156.0,QN0903,2024,4,True,TWO FAMILY DWELLINGS
Queens,RICHMOND HILL,01 ONE FAMILY DWELLINGS,1,9609,34,A1,107-33 129TH STREET,,11419.0,1.0,0.0,1.0,2500.0,1344.0,1925.0,1,A1,920000,2024-04-30,40.685904,-73.81457,410.0,28.0,4206072.0,4096090034.0,164.0,QN1001,2024,4,True,ONE FAMILY DWELLINGS
Queens,ROSEDALE,01 ONE FAMILY DWELLINGS,1,13563,22,A1,241-05 MEMPHIS AVENUE,,11422.0,1.0,0.0,1.0,3000.0,944.0,1925.0,1,A1,73753,2024-04-30,40.664589,-73.737762,413.0,31.0,4288299.0,4135630022.0,65401.0,QN1307,2024,4,True,ONE FAMILY DWELLINGS
Queens,ROSEDALE,02 TWO FAMILY DWELLINGS,1,13464,54,B3,146-22 230TH PLACE,,11413.0,2.0,0.0,2.0,5000.0,1325.0,1945.0,1,B3,870000,2024-04-30,40.6589,-73.750349,413.0,31.0,4286483.0,4134640054.0,690.0,QN1306,2024,4,True,TWO FAMILY DWELLINGS
Queens,SO. JAMAICA-BAISLEY PARK,01 ONE FAMILY DWELLINGS,1,12186,95,A9,155-09 114TH ROAD,,11434.0,1.0,0.0,1.0,2000.0,1152.0,1962.0,1,A9,585000,2024-04-30,40.686314,-73.791193,412.0,28.0,4264147.0,4121860095.0,274.0,QN1203,2024,4,True,ONE FAMILY DWELLINGS
Queens,SO. JAMAICA-BAISLEY PARK,01 ONE FAMILY DWELLINGS,1,11968,53,A1,114-48 139TH STREET,,11436.0,1.0,0.0,1.0,2000.0,896.0,1920.0,1,A1,660000,2024-04-30,40.68248,-73.803911,412.0,28.0,4259066.0,4119680053.0,192.0,QN1203,2024,4,True,ONE FAMILY DWELLINGS
Queens,SOUTH OZONE PARK,02 TWO FAMILY DWELLINGS,1,11783,47,B3,133-24 125TH STREET,,11420.0,2.0,0.0,2.0,4000.0,2374.0,1950.0,1,B3,1300000,2024-04-30,40.6709,-73.813995,410.0,28.0,4256029.0,4117830047.0,838.0,QN1001,2024,4,True,TWO FAMILY DWELLINGS
Queens,SPRINGFIELD GARDENS,01 ONE FAMILY DWELLINGS,1,12548,15,A0,176-27 134TH AVENUE,,11434.0,1.0,0.0,1.0,3705.0,960.0,1950.0,1,A0,575000,2024-04-30,40.67578,-73.764479,412.0,27.0,4270572.0,4125480015.0,33401.0,QN1204,2024,4,True,ONE FAMILY DWELLINGS
Queens,WHITESTONE,02 TWO FAMILY DWELLINGS,1,4667,20,B3,149-37 18TH AVENUE,,11357.0,2.0,0.0,2.0,4000.0,1560.0,1920.0,1,B3,950000,2024-04-30,40.78285,-73.815633,407.0,19.0,4105829.0,4046670020.0,1039.0,QN0702,2024,4,True,TWO FAMILY DWELLINGS
Queens,WOODHAVEN,01 ONE FAMILY DWELLINGS,1,8992,199,A5,91-09 95TH STREET,,11421.0,1.0,0.0,1.0,1800.0,1326.0,1920.0,1,A5,650000,2024-04-30,40.689942,-73.848685,409.0,32.0,4186518.0,4089920199.0,20.0,QN0905,2024,4,True,ONE FAMILY DWELLINGS
Queens,WOODSIDE,13 CONDOS - ELEVATOR APARTMENTS,2,1335,1091,R4,"40-22 61ST STREET, 2I",2I,11377.0,1.0,,1.0,,,2022.0,2,R4,672045,2024-04-30,40.744468,-73.903348,402.0,26.0,4000000.0,4013350058.0,249.0,QN0203,2024,4,True,CONDOS - ELEVATOR APARTMENTS
Queens,WOODSIDE,02 TWO FAMILY DWELLINGS,1,1298,100,B2,39-69 65TH PLACE,,11377.0,2.0,0.0,2.0,2150.0,1856.0,1925.0,1,B2,1190000,2024-04-30,40.744135,-73.89888,402.0,26.0,4030254.0,4012980100.0,263.0,QN0203,2024,4,True,TWO FAMILY DWELLINGS
Staten Island,ANNADALE,01 ONE FAMILY DWELLINGS,1,6220,65,A5,46 ENDVIEW STREET,,10312.0,1.0,0.0,1.0,2678.0,1344.0,2003.0,1,A5,739999,2024-04-30,40.541631,-74.175384,503.0,51.0,5134668.0,5062200065.0,17005.0,SI0304,2024,4,True,ONE FAMILY DWELLINGS
Queens,WOODSIDE,13 CONDOS - ELEVATOR APARTMENTS,2,1335,1084,R4,"40-22 61ST STREET, 2B",2B,11377.0,1.0,,1.0,,,2022.0,2,R4,605859,2024-04-30,40.744468,-73.903348,402.0,26.0,4000000.0,4013350058.0,249.0,QN0203,2024,4,True,CONDOS - ELEVATOR APARTMENTS
Queens,WHITESTONE,09 COOPS - WALKUP APARTMENTS,2,4758,10,C6,"18-17 160TH STREET, 5-45",,11357.0,,,,,,1951.0,2,C6,330000,2024-04-30,40.781474,-73.80298,407.0,19.0,4455057.0,4047580010.0,1017.0,QN0703,2024,4,True,COOPS - WALKUP APARTMENTS
Queens,WOODSIDE,10 COOPS - ELEVATOR APARTMENTS,2,128,7,D4,"3955 51ST STREET, 6E",,11377.0,,,,,,1951.0,2,D4,555135,2024-04-30,40.74713,-73.913138,402.0,26.0,4430622.0,4001280007.0,169.0,QN0202,2024,4,True,COOPS - ELEVATOR APARTMENTS
Staten Island,ARDEN HEIGHTS,04 TAX CLASS 1 CONDOS,1A,6017,4006,R3,"50 HAMMOCK LANE, N/A",,10312.0,1.0,,1.0,,,1979.0,1,R3,610000,2024-04-30,40.548472,-74.198557,503.0,51.0,5121564.0,5060177504.0,17014.0,SI0303,2024,4,True,TAX CLASS 1 CONDOS
Staten Island,BULLS HEAD,01 ONE FAMILY DWELLINGS,1,1594,61,A5,46 KIRSHON AVENUE,,10314.0,1.0,0.0,1.0,2500.0,1248.0,1975.0,1,A5,665000,2024-04-30,40.613927,-74.159898,502.0,50.0,5031332.0,5015940061.0,29104.0,SI0204,2024,4,True,ONE FAMILY DWELLINGS
Staten Island,ARDEN HEIGHTS,01 ONE FAMILY DWELLINGS,1,5743,297,A5,14 AMANDA COURT,,10312.0,1.0,0.0,1.0,500.0,1300.0,2003.0,1,A5,475000,2024-04-30,40.564376,-74.185215,503.0,51.0,5120586.0,5057430297.0,17007.0,SI0303,2024,4,True,ONE FAMILY DWELLINGS
Staten Island,ELTINGVILLE,01 ONE FAMILY DWELLINGS,1,5597,56,A2,587 WAINWRIGHT AVENUE,,10312.0,1.0,0.0,1.0,4200.0,1632.0,1965.0,1,A2,775000,2024-04-30,40.545882,-74.168691,503.0,51.0,5074055.0,5055970056.0,17011.0,SI0302,2024,4,True,ONE FAMILY DWELLINGS
Staten Island,GREAT KILLS,01 ONE FAMILY DWELLINGS,1,4478,435,A5,168 CORONA AVENUE,,10306.0,1.0,0.0,1.0,946.0,1176.0,1988.0,1,A5,450000,2024-04-30,40.562727,-74.139891,503.0,50.0,5102410.0,5044780435.0,14606.0,SI0302,2024,4,True,ONE FAMILY DWELLINGS
Staten Island,GRANT CITY,01 ONE FAMILY DWELLINGS,1,3530,85,A5,704 NORTH RAILROAD AVE,,10304.0,1.0,0.0,1.0,2938.0,1280.0,1980.0,1,A5,674888,2024-04-30,40.588091,-74.098108,502.0,50.0,5091249.0,5035300085.0,11401.0,SI0201,2024,4,True,ONE FAMILY DWELLINGS
Staten Island,GRANT CITY,01 ONE FAMILY DWELLINGS,1,3566,51,A1,78 HAMDEN AVENUE,,10306.0,1.0,0.0,1.0,4488.0,1232.0,1920.0,1,A1,525000,2024-04-30,40.581982,-74.10639,502.0,50.0,5051318.0,5035660051.0,11402.0,SI0202,2024,4,True,ONE FAMILY DWELLINGS
Staten Island,GRYMES HILL,01 ONE FAMILY DWELLINGS,1,631,148,A5,80 LONGVIEW ROAD,,10304.0,1.0,0.0,1.0,2965.0,2205.0,1987.0,1,A5,710000,2024-04-30,40.611288,-74.090683,501.0,49.0,5145993.0,5006310148.0,47.0,SI0104,2024,4,True,ONE FAMILY DWELLINGS
Staten Island,GREAT KILLS,01 ONE FAMILY DWELLINGS,1,5454,67,A2,106 COLON AVENUE,,10308.0,1.0,0.0,1.0,4800.0,1547.0,1970.0,1,A2,700000,2024-04-30,40.551893,-74.154716,503.0,51.0,5071004.0,5054540067.0,14604.0,SI0302,2024,4,True,ONE FAMILY DWELLINGS
Staten Island,PORT RICHMOND,01 ONE FAMILY DWELLINGS,1,1044,153,A1,154 DECKER AVENUE,,10302.0,1.0,0.0,1.0,4096.0,1142.0,1925.0,1,A1,550000,2024-04-30,40.62937,-74.135935,501.0,49.0,5024690.0,5010440153.0,213.0,SI0106,2024,4,True,ONE FAMILY DWELLINGS
Staten Island,PORT RICHMOND,01 ONE FAMILY DWELLINGS,1,1099,36,A1,186 HATFIELD PLACE,,10302.0,1.0,0.0,1.0,2700.0,1794.0,1920.0,1,A1,570000,2024-04-30,40.63422,-74.140387,501.0,49.0,5025902.0,5010990036.0,213.0,SI0106,2024,4,True,ONE FAMILY DWELLINGS
Staten Island,NEW SPRINGVILLE,04 TAX CLASS 1 CONDOS,1A,2401,1218,R3,"170A RICHMOND HILL ROAD, N/A",,10314.0,1.0,,1.0,,,1986.0,1,R3,470000,2024-04-30,40.585864,-74.16224,502.0,51.0,5117055.0,5024017502.0,27702.0,SI0204,2024,4,True,TAX CLASS 1 CONDOS
Staten Island,OAKWOOD-BEACH,01 ONE FAMILY DWELLINGS,1,4676,51,A1,480 LYNN STREET,,10306.0,1.0,0.0,1.0,4000.0,1476.0,1910.0,1,A1,680000,2024-04-30,40.558305,-74.117541,503.0,50.0,5063014.0,5046760051.0,12805.0,SI0301,2024,4,True,ONE FAMILY DWELLINGS
Staten Island,PORT RICHMOND,01 ONE FAMILY DWELLINGS,1,1047,45,A1,438 HEBERTON AVENUE,,10302.0,1.0,0.0,1.0,2500.0,1353.0,1910.0,1,A1,200000,2024-04-30,40.630839,-74.13588,501.0,49.0,5024767.0,5010470045.0,213.0,SI0106,2024,4,True,ONE FAMILY DWELLINGS
Staten Island,SILVER LAKE,13 CONDOS - ELEVATOR APARTMENTS,2,250,1029,R4,"215 HART BOULEVARD, 3J",3J,10301.0,1.0,,1.0,,,1931.0,2,R4,220000,2024-04-30,40.629914,-74.100259,501.0,49.0,5006783.0,5002507501.0,5901.0,SI0104,2024,4,True,CONDOS - ELEVATOR APARTMENTS
Queens,CORONA,03 THREE FAMILY DWELLINGS,1,2003,68,C0,108-43 48TH AVENUE,,11368.0,3.0,0.0,3.0,2917.0,3230.0,2022.0,1,C0,1893945,2024-06-12,40.746327,-73.85497,404.0,21.0,4049496.0,4020030068.0,415.0,QN0402,2024,6,True,THREE FAMILY DWELLINGS
Queens,CORONA,03 THREE FAMILY DWELLINGS,1,1996,69,C0,108-41 41ST AVENUE,,11368.0,3.0,0.0,3.0,2442.0,2383.0,1970.0,1,C0,1500000,2024-06-12,40.750171,-73.857929,404.0,21.0,4049213.0,4019960069.0,40101.0,QN0402,2024,6,True,THREE FAMILY DWELLINGS
Queens,EAST ELMHURST,02 TWO FAMILY DWELLINGS,1,1644,47,B3,24-19 HUMPHREY STREET,,11369.0,2.0,0.0,2.0,2280.0,1632.0,1925.0,1,B3,880000,2024-06-12,40.765712,-73.869758,403.0,21.0,4040939.0,4016440047.0,357.0,QN0302,2024,6,True,TWO FAMILY DWELLINGS
Queens,FLORAL PARK,01 ONE FAMILY DWELLINGS,1,8814,55,A2,255-11 87TH AVENUE,,11001.0,1.0,0.0,1.0,4000.0,1170.0,1955.0,1,A2,720000,2024-06-12,40.73103,-73.710638,413.0,23.0,4180370.0,4088140055.0,157903.0,QN1301,2024,6,True,ONE FAMILY DWELLINGS
Queens,FLORAL PARK,01 ONE FAMILY DWELLINGS,1,8733,59,A0,81-48 259TH STREET,,11004.0,1.0,0.0,1.0,4000.0,1268.0,1950.0,1,A0,845000,2024-06-12,40.741898,-73.710999,413.0,23.0,4178522.0,4087330059.0,157902.0,QN1301,2024,6,True,ONE FAMILY DWELLINGS
Queens,FLUSHING-NORTH,01 ONE FAMILY DWELLINGS,1,5628,11,A0,48-23 193RD STREET,,11365.0,1.0,0.0,1.0,4000.0,1080.0,1955.0,1,A0,965000,2024-06-12,40.749672,-73.786815,411.0,20.0,4127371.0,4056280011.0,1429.0,QN1101,2024,6,True,ONE FAMILY DWELLINGS
Queens,FLUSHING-NORTH,02 TWO FAMILY DWELLINGS,1,5295,29,B1,36-35 168TH STREET,,11358.0,2.0,0.0,2.0,3242.0,3025.0,1970.0,1,B1,1580000,2024-06-12,40.762271,-73.798052,407.0,19.0,4119745.0,4052950029.0,1175.0,QN0704,2024,6,True,TWO FAMILY DWELLINGS
Queens,FLUSHING-NORTH,13 CONDOS - ELEVATOR APARTMENTS,2,4958,1246,R4,"134-16 35TH AVE, 9B",9B,11354.0,1.0,,1.0,,,1950.0,2,R4,545000,2024-06-12,40.764174,-73.832932,407.0,20.0,4000000.0,4049580120.0,869.0,QN0707,2024,6,True,CONDOS - ELEVATOR APARTMENTS
Queens,FLUSHING-NORTH,22 STORE BUILDINGS,4,5058,16,K4,41-11 150 STREET,,11355.0,1.0,1.0,2.0,2240.0,3000.0,1900.0,4,K4,1850000,2024-06-12,40.762306,-73.813773,407.0,20.0,4114917.0,4050580016.0,1167.0,QN0704,2024,6,True,STORE BUILDINGS
Queens,FLUSHING-NORTH,17 CONDO COOPS,2,5186,1002,R9,"43-55 KISSENA BOULEVARD, 5A",,11355.0,,,,,,1938.0,2,R9,375000,2024-06-12,40.754462,-73.82293,407.0,20.0,4117147.0,4051867501.0,859.0,QN0707,2024,6,True,CONDO COOPS
Queens,FOREST HILLS,13 CONDOS - ELEVATOR APARTMENTS,2,3340,1056,R4,"111-14 76TH AVENUE, 417",417,11375.0,1.0,,1.0,,,1938.0,2,R4,345000,2024-06-12,40.716665,-73.836901,406.0,29.0,4079817.0,4033407501.0,76901.0,QN0602,2024,6,True,CONDOS - ELEVATOR APARTMENTS
Queens,FOREST HILLS,10 COOPS - ELEVATOR APARTMENTS,2,2157,1,D4,"67-71 YELLOWSTONE BLVD, 5B",,11375.0,,,,,,1948.0,2,D4,520000,2024-06-12,40.726736,-73.848717,406.0,29.0,4051479.0,4021570001.0,741.0,QN0602,2024,6,True,COOPS - ELEVATOR APARTMENTS
Queens,FOREST HILLS,09 COOPS - WALKUP APARTMENTS,2,3254,20,C6,"2 DARTMOUTH STREET, M28",,11375.0,,,,,,1930.0,2,C6,335000,2024-06-12,40.71909,-73.845567,406.0,29.0,4077443.0,4032330014.0,723.0,QN0602,2024,6,True,COOPS - WALKUP APARTMENTS
Queens,FOREST HILLS,10 COOPS - ELEVATOR APARTMENTS,2,2156,1,D4,"67-35 YELLOWSTONE BLVD, 4E",,11375.0,,,,,,1947.0,2,D4,219000,2024-06-12,40.727441,-73.849019,406.0,29.0,4051477.0,4021560001.0,741.0,QN0602,2024,6,True,COOPS - ELEVATOR APARTMENTS
Queens,GLEN OAKS,09 COOPS - WALKUP APARTMENTS,2,8490,2,C6,"247-16A 76TH AVENUE, GV23C",,11426.0,,,,,,1948.0,2,C6,310000,2024-06-12,40.744607,-73.72321,413.0,23.0,4458932.0,4084900002.0,157101.0,QN1302,2024,6,True,COOPS - WALKUP APARTMENTS
Queens,GLEN OAKS,10 COOPS - ELEVATOR APARTMENTS,2,8489,1,D4,"271-10 GRAND CENTRAL PARKWAY, 21Y",,11005.0,,,,,,1972.0,2,D4,312000,2024-06-12,40.759289,-73.713493,413.0,23.0,4456886.0,4084890001.0,155101.0,QN1301,2024,6,True,COOPS - ELEVATOR APARTMENTS
Queens,GLEN OAKS,09 COOPS - WALKUP APARTMENTS,2,8450,1,C6,"7321 263RD STREET, B",,11004.0,,,,,,1948.0,2,C6,330000,2024-06-12,40.751599,-73.714609,413.0,23.0,4458887.0,4084500001.0,155103.0,QN1301,2024,6,True,COOPS - WALKUP APARTMENTS
Queens,GLEN OAKS,10 COOPS - ELEVATOR APARTMENTS,2,8489,1,D4,"270-10 GRAND CENTRAL PARKWAY, 3U",,11005.0,,,,,,1972.0,2,D4,200000,2024-06-12,40.759289,-73.713493,413.0,23.0,4456885.0,4084890001.0,155101.0,QN1301,2024,6,True,COOPS - ELEVATOR APARTMENTS
Queens,HOWARD BEACH,09 COOPS - WALKUP APARTMENTS,2,11466,1,C6,"86-28 155 AVENUE, 140",,11414.0,,,,,,1958.0,2,C6,330000,2024-06-12,40.665098,-73.848331,410.0,32.0,4619653.0,4114660001.0,6201.0,QN1003,2024,6,True,COOPS - WALKUP APARTMENTS
Queens,JACKSON HEIGHTS,10 COOPS - ELEVATOR APARTMENTS,2,1470,12,D4,"37-20 83RD STREET, 4K",,11372.0,,,,,,1928.0,2,D4,280000,2024-06-12,40.749513,-73.883331,403.0,25.0,4449513.0,4014700012.0,283.0,QN0301,2024,6,True,COOPS - ELEVATOR APARTMENTS
Queens,JAMAICA,10 COOPS - ELEVATOR APARTMENTS,2,9836,22,D4,"164-20 HIGHLAND AVENUE, 7W",,11432.0,,,,,,1958.0,2,D4,116000,2024-06-12,40.710365,-73.799515,408.0,24.0,4210417.0,4098360022.0,44602.0,QN1201,2024,6,True,COOPS - ELEVATOR APARTMENTS
Queens,LITTLE NECK,01 ONE FAMILY DWELLINGS,1,8352,48,A2,256-18 58TH AVENUE,,11362.0,1.0,0.0,1.0,4644.0,936.0,1950.0,1,A2,950000,2024-06-12,40.761758,-73.724045,411.0,23.0,4173028.0,4083520048.0,152902.0,QN1103,2024,6,True,ONE FAMILY DWELLINGS
Queens,JAMAICA ESTATES,01 ONE FAMILY DWELLINGS,1,9961,1,A5,87-62 188 STREET,,11423.0,1.0,0.0,1.0,2250.0,1800.0,1990.0,1,A5,750000,2024-06-12,40.716255,-73.774138,408.0,24.0,4446985.0,4099610001.0,472.0,QN0804,2024,6,True,ONE FAMILY DWELLINGS
Queens,LAURELTON,29 COMMERCIAL GARAGES,4,13098,31,G2,22020 MERRICK BLVD,,11413.0,0.0,1.0,1.0,5640.0,2200.0,1931.0,4,G2,870000,2024-06-12,40.678879,-73.748868,413.0,31.0,4281341.0,4130980031.0,358.0,QN1305,2024,6,True,COMMERCIAL GARAGES
Queens,LONG ISLAND CITY,13 CONDOS - ELEVATOR APARTMENTS,2,437,1826,R4,"23-15 44TH DRIVE, 6006",6006,11101.0,1.0,,1.0,,,2018.0,2,R4,1298269,2024-06-12,40.747575,-73.94454,402.0,26.0,4005166.0,4004377502.0,1903.0,QN0201,2024,6,True,CONDOS - ELEVATOR APARTMENTS
Queens,LONG ISLAND CITY,13 CONDOS - ELEVATOR APARTMENTS,2,72,1156,R4,"22-18 JACKSON AVENUE, 914",914,11101.0,1.0,,1.0,,,2017.0,2,R4,742500,2024-06-12,40.745292,-73.946964,402.0,26.0,4618084.0,4000727501.0,1901.0,QN0201,2024,6,True,CONDOS - ELEVATOR APARTMENTS
Queens,LONG ISLAND CITY,13 CONDOS - ELEVATOR APARTMENTS,2,437,1850,R4,"23-15 44TH DRIVE, 6206",6206,11101.0,1.0,,1.0,,,2018.0,2,R4,1303360,2024-06-12,40.747575,-73.94454,402.0,26.0,4005166.0,4004377502.0,1903.0,QN0201,2024,6,True,CONDOS - ELEVATOR APARTMENTS
Queens,OAKLAND GARDENS,01 ONE FAMILY DWELLINGS,1,7761,268,A2,217-19 KINGSBURY AVENUE,,11364.0,1.0,0.0,1.0,5700.0,1480.0,1945.0,1,A2,1150000,2024-06-12,40.736318,-73.754681,411.0,23.0,4164103.0,4077610268.0,129104.0,QN1104,2024,6,True,ONE FAMILY DWELLINGS
Queens,MASPETH,01 ONE FAMILY DWELLINGS,1,2772,53,A5,62-24 65TH STREET,,11379.0,1.0,0.0,1.0,2000.0,1240.0,1920.0,1,A5,780000,2024-06-12,40.714262,-73.896978,405.0,30.0,4062076.0,4027720053.0,603.0,QN0501,2024,6,True,ONE FAMILY DWELLINGS
Queens,OZONE PARK,01 ONE FAMILY DWELLINGS,1,11344,13,A5,132-14 82ND STREET,,11417.0,1.0,0.0,1.0,2193.0,1280.0,1940.0,1,A5,670000,2024-06-12,40.674883,-73.854419,410.0,32.0,4244886.0,4113440013.0,58.0,QN1002,2024,6,True,ONE FAMILY DWELLINGS
Queens,OAKLAND GARDENS,10 COOPS - ELEVATOR APARTMENTS,2,7732,2,D4,"212-04 73RD AVENUE, 1H",,11364.0,,,,,,1952.0,2,D4,318000,2024-06-12,40.739736,-73.761615,411.0,23.0,4444445.0,4077320002.0,129103.0,QN1104,2024,6,True,COOPS - ELEVATOR APARTMENTS
Queens,QUEENS VILLAGE,02 TWO FAMILY DWELLINGS,1,7968,48,B3,88-38 RANSOM STREET,,11427.0,2.0,0.0,2.0,3950.0,1321.0,1955.0,1,B3,700000,2024-06-12,40.729692,-73.73493,413.0,23.0,4166902.0,4079680048.0,1621.0,QN1302,2024,6,True,TWO FAMILY DWELLINGS
Queens,OZONE PARK,02 TWO FAMILY DWELLINGS,1,9135,141,B2,106-17 79TH STREET,,11417.0,2.0,0.0,2.0,3811.0,1952.0,1920.0,1,B2,975000,2024-06-12,40.677611,-73.85813,410.0,32.0,4189952.0,4091350141.0,4401.0,QN1002,2024,6,True,TWO FAMILY DWELLINGS
Queens,REGO PARK,13 CONDOS - ELEVATOR APARTMENTS,2,3100,1157,R4,"65-50 WETHEROLE STREET, 3K",3K,11374.0,1.0,,1.0,,,1963.0,2,R4,568000,2024-06-12,40.726191,-73.858691,406.0,30.0,4072617.0,4031007502.0,69701.0,QN0601,2024,6,True,CONDOS - ELEVATOR APARTMENTS
Queens,REGO PARK,13 CONDOS - ELEVATOR APARTMENTS,2,3115,1126,R4,"63-93 WOODHAVEN BLVD, 2J",2J,11374.0,1.0,,1.0,,,1952.0,2,R4,450000,2024-06-12,40.721683,-73.866738,406.0,30.0,4449370.0,4031157501.0,69702.0,QN0601,2024,6,True,CONDOS - ELEVATOR APARTMENTS
Queens,RICHMOND HILL,01 ONE FAMILY DWELLINGS,1,9604,77,A1,107-15 124TH STREET,,11419.0,1.0,0.0,1.0,2000.0,1140.0,1925.0,1,A1,690000,2024-06-12,40.685211,-73.818859,410.0,28.0,4205819.0,4096040077.0,164.0,QN1001,2024,6,True,ONE FAMILY DWELLINGS
Queens,ROCKAWAY PARK,13 CONDOS - ELEVATOR APARTMENTS,2,16226,1025,R4,"136 BEACH 117 STREET, 3J",3J,11694.0,1.0,,1.0,,,2005.0,2,R4,690000,2024-06-12,40.578367,-73.837429,414.0,32.0,4531751.0,4162267501.0,93402.0,QN1403,2024,6,True,CONDOS - ELEVATOR APARTMENTS
Queens,ROSEDALE,01 ONE FAMILY DWELLINGS,1,13226,44,A2,135-40 246TH STREET,,11422.0,1.0,0.0,1.0,6000.0,1102.0,1955.0,1,A2,665000,2024-06-12,40.669663,-73.730032,413.0,31.0,4284320.0,4132260044.0,638.0,QN1307,2024,6,True,ONE FAMILY DWELLINGS
Queens,SOUTH JAMAICA,06 TAX CLASS 1 - OTHER,1,10076,19,G0,107-08 INWOOD STREET,,11435.0,0.0,0.0,0.0,2500.0,0.0,1950.0,1,G0,220000,2024-06-12,40.690924,-73.804571,412.0,28.0,4215326.0,4100760019.0,198.0,QN1202,2024,6,True,TAX CLASS 1 - OTHER
Queens,SO. JAMAICA-BAISLEY PARK,01 ONE FAMILY DWELLINGS,1,11970,30,A1,114-50 141ST STREET,,11436.0,1.0,0.0,1.0,2000.0,896.0,1920.0,1,A1,816106,2024-06-12,40.682954,-73.802143,412.0,28.0,4259142.0,4119700030.0,192.0,QN1203,2024,6,True,ONE FAMILY DWELLINGS
Queens,SO. JAMAICA-BAISLEY PARK,01 ONE FAMILY DWELLINGS,1,12109,18,A1,130-35 146TH STREET,,11436.0,1.0,0.0,1.0,2450.0,1512.0,1920.0,1,A1,740000,2024-06-12,40.67007,-73.792477,412.0,28.0,4262876.0,4121090018.0,792.0,QN1203,2024,6,True,ONE FAMILY DWELLINGS
Queens,SPRINGFIELD GARDENS,01 ONE FAMILY DWELLINGS,1,13271,1,A1,165-23 144TH DRIVE,,11434.0,1.0,0.0,1.0,2000.0,872.0,1920.0,1,A1,395000,2024-06-12,40.664431,-73.776995,413.0,31.0,4284888.0,4132710001.0,306.0,QN1306,2024,6,True,ONE FAMILY DWELLINGS
Queens,WHITESTONE,02 TWO FAMILY DWELLINGS,1,4655,23,B3,20-40 149TH STREET,,11357.0,2.0,0.0,2.0,2501.0,2320.0,1920.0,1,B3,369549,2024-06-12,40.780619,-73.817083,407.0,19.0,4443363.0,4046550023.0,1039.0,QN0702,2024,6,True,TWO FAMILY DWELLINGS
Queens,WOODSIDE,03 THREE FAMILY DWELLINGS,1,1216,53,C0,37-14 62ND STREET,,11377.0,3.0,0.0,3.0,2875.0,2052.0,1930.0,1,C0,1460000,2024-06-12,40.748827,-73.900753,402.0,26.0,4027835.0,4012160053.0,261.0,QN0203,2024,6,True,THREE FAMILY DWELLINGS
Queens,WOODSIDE,44 CONDO PARKING,4,1335,1009,RG,"40-22 61ST STREET, P9",P9,11377.0,,1.0,1.0,,,2022.0,4,RG,926608,2024-06-12,40.744468,-73.903348,402.0,26.0,4000000.0,4013350058.0,249.0,QN0203,2024,6,True,CONDO PARKING
Staten Island,BULLS HEAD,01 ONE FAMILY DWELLINGS,1,1657,107,A5,140 ADA DRIVE,,10314.0,1.0,0.0,1.0,2420.0,1232.0,1970.0,1,A5,500407,2024-06-12,40.620557,-74.158722,501.0,49.0,5032706.0,5016570107.0,30301.0,SI0107,2024,6,True,ONE FAMILY DWELLINGS
Staten Island,ARDEN HEIGHTS,04 TAX CLASS 1 CONDOS,1A,6017,1178,R3,"36 HICKORY CIRCLE, N/A",,10312.0,1.0,,1.0,,,1980.0,1,R3,535000,2024-06-12,40.55179,-74.192035,503.0,51.0,5118750.0,5060177503.0,17014.0,SI0303,2024,6,True,TAX CLASS 1 CONDOS
Staten Island,BULLS HEAD,01 ONE FAMILY DWELLINGS,1,1600,31,A5,12 PYRAMID COURT,,10314.0,1.0,0.0,1.0,1597.0,1445.0,2014.0,1,A5,705000,2024-06-12,40.616462,-74.168243,502.0,50.0,5166464.0,5016000031.0,29104.0,SI0204,2024,6,True,ONE FAMILY DWELLINGS
Staten Island,DONGAN HILLS,02 TWO FAMILY DWELLINGS,1,3341,22,B1,238 CROMWELL AVENUE,,10305.0,2.0,0.0,2.0,3880.0,1301.0,1950.0,1,B1,250000,2024-06-12,40.588987,-74.09376,502.0,50.0,5049349.0,5033410022.0,9602.0,SI0201,2024,6,True,TWO FAMILY DWELLINGS
Staten Island,ELTINGVILLE,01 ONE FAMILY DWELLINGS,1,5659,34,A5,63 WOLCOTT AVENUE,,10312.0,1.0,0.0,1.0,5700.0,1680.0,1995.0,1,A5,785000,2024-06-12,40.549567,-74.17688,503.0,51.0,5123205.0,5056590034.0,17012.0,SI0302,2024,6,True,ONE FAMILY DWELLINGS
Staten Island,HUGUENOT,02 TWO FAMILY DWELLINGS,1,6883,1,B2,740 MARCY AVENUE,,10309.0,2.0,0.0,2.0,7485.0,3592.0,1983.0,1,B2,1150000,2024-06-12,40.538768,-74.200578,503.0,51.0,5084296.0,5068830001.0,20804.0,SI0304,2024,6,True,TWO FAMILY DWELLINGS
Staten Island,GREAT KILLS,01 ONE FAMILY DWELLINGS,1,5260,47,A5,399 ARMSTRONG AVE,,10308.0,1.0,0.0,1.0,2470.0,1245.0,1960.0,1,A5,515000,2024-06-12,40.543358,-74.156222,503.0,51.0,5067039.0,5052600047.0,15601.0,SI0302,2024,6,True,ONE FAMILY DWELLINGS
Staten Island,GREAT KILLS,05 TAX CLASS 1 VACANT LAND,1B,5491,42,V0,102 CORTELYOU AVE,,10312.0,0.0,0.0,0.0,4527.0,0.0,,1,V0,1120075,2024-06-12,40.557342,-74.164297,503.0,51.0,5000000.0,5054910042.0,14607.0,SI0302,2024,6,True,TAX CLASS 1 VACANT LAND
Staten Island,MANOR HEIGHTS,01 ONE FAMILY DWELLINGS,1,918,86,A1,56 OCEAN TERRACE,,10314.0,1.0,0.0,1.0,5350.0,2697.0,1960.0,1,A1,1350000,2024-06-12,40.601834,-74.118543,502.0,50.0,5023229.0,5009180086.0,181.0,SI0203,2024,6,True,ONE FAMILY DWELLINGS
Staten Island,GREAT KILLS,02 TWO FAMILY DWELLINGS,1,5209,1,B3,321 NELSON AVE,,10308.0,2.0,0.0,2.0,4200.0,1684.0,1899.0,1,B3,710000,2024-06-12,40.541868,-74.145212,503.0,51.0,5066208.0,5052090001.0,15603.0,SI0302,2024,6,True,TWO FAMILY DWELLINGS
Staten Island,MIDLAND BEACH,02 TWO FAMILY DWELLINGS,1,3651,46,B2,354 BUEL AVENUE,,10305.0,2.0,0.0,2.0,4050.0,2140.0,1960.0,1,B2,1150000,2024-06-12,40.583944,-74.09089,502.0,50.0,5052928.0,5036510046.0,11201.0,SI0202,2024,6,True,TWO FAMILY DWELLINGS
Staten Island,NEW SPRINGVILLE,01 ONE FAMILY DWELLINGS,1,2369,129,A1,579 KLONDIKE AVENUE,,10314.0,1.0,0.0,1.0,5280.0,2188.0,1974.0,1,A1,810000,2024-06-12,40.588135,-74.155617,502.0,51.0,5037678.0,5023690129.0,27705.0,SI0204,2024,6,True,ONE FAMILY DWELLINGS
Staten Island,NEW BRIGHTON,10 COOPS - ELEVATOR APARTMENTS,2,3,1,D4,"350 RICHMOND TERRACE, 3C",,10301.0,,,,,,1960.0,2,D4,318000,2024-06-12,40.648311,-74.084801,501.0,49.0,5000009.0,5000030001.0,7.0,SI0101,2024,6,True,COOPS - ELEVATOR APARTMENTS
Staten Island,NEW DORP-HEIGHTS,01 ONE FAMILY DWELLINGS,1,4371,63,A1,2965 AMBOY ROAD,,10306.0,1.0,0.0,1.0,2280.0,1248.0,1970.0,1,A1,739000,2024-06-12,40.566361,-74.128514,503.0,50.0,5059913.0,5043710063.0,138.0,SI0301,2024,6,True,ONE FAMILY DWELLINGS
Staten Island,STAPLETON,01 ONE FAMILY DWELLINGS,1,539,30,A1,181 BOYD STREET,,10304.0,1.0,0.0,1.0,1386.0,928.0,1910.0,1,A1,359000,2024-06-12,40.625804,-74.081314,501.0,49.0,5014022.0,5005390030.0,21.0,SI0102,2024,6,True,ONE FAMILY DWELLINGS
Staten Island,WESTERLEIGH,01 ONE FAMILY DWELLINGS,1,458,77,A1,68 WATCHOGUE ROAD,,10314.0,1.0,0.0,1.0,2544.0,1360.0,1925.0,1,A1,595000,2024-06-12,40.614003,-74.132831,501.0,50.0,5012342.0,5004580077.0,18901.0,SI0105,2024,6,True,ONE FAMILY DWELLINGS
Staten Island,WOODROW,02 TWO FAMILY DWELLINGS,1,6920,7,B2,664 RAMONA AVENUE,,10309.0,2.0,0.0,2.0,3895.0,2090.0,2002.0,1,B2,1180000,2024-06-12,40.535805,-74.207549,503.0,51.0,5147167.0,5069200007.0,20803.0,SI0304,2024,6,True,TWO FAMILY DWELLINGS
Staten Island,WEST NEW BRIGHTON,01 ONE FAMILY DWELLINGS,1,222,38,A5,287 TAYLOR STREET,,10310.0,1.0,0.0,1.0,2750.0,1260.0,2001.0,1,A5,638000,2024-06-12,40.631383,-74.122706,501.0,49.0,5150567.0,5002220038.0,125.0,SI0104,2024,6,True,ONE FAMILY DWELLINGS
Bronx,BAYCHESTER,02 TWO FAMILY DWELLINGS,1,4739,50,B1,3232 WILSON AVENUE,,10469.0,2.0,0.0,2.0,2658.0,1976.0,1930.0,1,B1,800000,2024-06-13,40.872517,-73.849058,212.0,12.0,2060881.0,2047390050.0,364.0,BX1202,2024,6,True,TWO FAMILY DWELLINGS
Bronx,HIGHBRIDGE/MORRIS HEIGHTS,01 ONE FAMILY DWELLINGS,1,2877,373,A1,1754 UNDERCLIFF AVENUE,,10453.0,1.0,0.0,1.0,3085.0,2179.0,1899.0,1,A1,560000,2024-06-13,40.851295,-73.920206,205.0,14.0,2008901.0,2028770373.0,20502.0,BX0501,2024,6,True,ONE FAMILY DWELLINGS
Bronx,COUNTRY CLUB,01 ONE FAMILY DWELLINGS,1,5409,551,A2,3308 LUCERNE STREET,,10465.0,1.0,0.0,1.0,3115.0,1280.0,1925.0,1,A2,390000,2024-06-13,40.842825,-73.817169,210.0,13.0,2075434.0,2054090551.0,27402.0,BX1003,2024,6,True,ONE FAMILY DWELLINGS
Bronx,KINGSBRIDGE HTS/UNIV HTS,05 TAX CLASS 1 VACANT LAND,1B,3237,123,V0,2601 SEDGWICK AVENUE,,10468.0,0.0,0.0,0.0,4178.0,0.0,,1,V0,875000,2024-06-13,40.868751,-73.90581,207.0,14.0,2000000.0,2032370123.0,269.0,BX0701,2024,6,True,TAX CLASS 1 VACANT LAND
Bronx,KINGSBRIDGE HTS/UNIV HTS,10 COOPS - ELEVATOR APARTMENTS,2,3226,53,D4,"4 FORDHAM HILL OVAL, 3E",,10468.0,,,,,,1950.0,2,D4,89000,2024-06-13,40.865045,-73.907916,207.0,14.0,2092434.0,2032260053.0,261.0,BX0701,2024,6,True,COOPS - ELEVATOR APARTMENTS
Bronx,MELROSE/CONCOURSE,10 COOPS - ELEVATOR APARTMENTS,2,2461,94,D4,"1020 GRAND CONCOURSE, 7RR",,10451.0,,,,,,1963.0,2,D4,132500,2024-06-13,40.830314,-73.920785,204.0,16.0,2002823.0,2024610094.0,18301.0,BX0401,2024,6,True,COOPS - ELEVATOR APARTMENTS
Bronx,PELHAM PARKWAY NORTH,01 ONE FAMILY DWELLINGS,1,4348,14,A2,2318 HOLLAND AVENUE,,10467.0,1.0,0.0,1.0,2500.0,2218.0,1965.0,1,A2,710700,2024-06-13,40.860079,-73.86556,211.0,13.0,2050060.0,2043480014.0,330.0,BX1104,2024,6,True,ONE FAMILY DWELLINGS
Bronx,MORRISANIA/LONGWOOD,02 TWO FAMILY DWELLINGS,1,2716,106,B2,1040 KELLY STREET,,10459.0,2.0,0.0,2.0,2100.0,1680.0,1993.0,1,B2,890000,2024-06-13,40.824586,-73.895828,202.0,17.0,2099812.0,2027160106.0,131.0,BX0202,2024,6,True,TWO FAMILY DWELLINGS
Bronx,PELHAM PARKWAY NORTH,02 TWO FAMILY DWELLINGS,1,4470,31,B1,2552 YOUNG AVENUE,,10469.0,2.0,0.0,2.0,3267.0,1982.0,1955.0,1,B1,680000,2024-06-13,40.863672,-73.848163,211.0,13.0,2052599.0,2044700031.0,316.0,BX1103,2024,6,True,TWO FAMILY DWELLINGS
Bronx,PELHAM PARKWAY NORTH,02 TWO FAMILY DWELLINGS,1,4439,31,B1,2513 BARNES AVE,,10467.0,2.0,0.0,2.0,2000.0,1767.0,1965.0,1,B1,500000,2024-06-13,40.863587,-73.86359,211.0,13.0,2051500.0,2044390031.0,328.0,BX1104,2024,6,True,TWO FAMILY DWELLINGS
Bronx,PARKCHESTER,13 CONDOS - ELEVATOR APARTMENTS,2,3937,2277,R4,"99 METROPOLITAN OVAL, 2E",2E,10462.0,1.0,,1.0,,,,2,R4,135000,2024-06-13,40.838382,-73.860664,209.0,18.0,2096606.0,2039377501.0,21602.0,BX0904,2024,6,True,CONDOS - ELEVATOR APARTMENTS
Bronx,PARKCHESTER,13 CONDOS - ELEVATOR APARTMENTS,2,3943,5028,R4,"1580 METROPOLITAN AVE, MG",MG,10462.0,1.0,,1.0,,,,2,R4,135000,2024-06-13,40.839836,-73.85773,209.0,18.0,2096747.0,2039437501.0,21002.0,BX0904,2024,6,True,CONDOS - ELEVATOR APARTMENTS
Bronx,RIVERDALE,10 COOPS - ELEVATOR APARTMENTS,2,5909,977,D4,"4525 HENRY HUDSON PKWY, 604",,10471.0,,,,,,1953.0,2,D4,630000,2024-06-13,40.891608,-73.908487,208.0,11.0,2085807.0,2059090977.0,30701.0,BX0803,2024,6,True,COOPS - ELEVATOR APARTMENTS
Bronx,RIVERDALE,10 COOPS - ELEVATOR APARTMENTS,2,5856,378,D4,"6495 BROADWAY, 2R",,10471.0,,,,,,1961.0,2,D4,150000,2024-06-13,40.905536,-73.896468,208.0,11.0,2091885.0,2058560378.0,345.0,BX0803,2024,6,True,COOPS - ELEVATOR APARTMENTS
Bronx,RIVERDALE,01 ONE FAMILY DWELLINGS,1,5888,164,A5,6203A SPENCER TERRACE,,10471.0,1.0,0.0,1.0,1924.0,2014.0,1980.0,1,A5,757900,2024-06-13,40.910825,-73.897346,208.0,11.0,2085701.0,2058880164.0,343.0,BX0803,2024,6,True,ONE FAMILY DWELLINGS
Bronx,SOUNDVIEW,01 ONE FAMILY DWELLINGS,1,3471,10,A5,312 THIERIOT AVENUE,,10473.0,1.0,0.0,1.0,2500.0,1498.0,2008.0,1,A5,670000,2024-06-13,40.812117,-73.859837,209.0,18.0,2117135.0,2034710010.0,2.0,BX0902,2024,6,True,ONE FAMILY DWELLINGS
Bronx,WESTCHESTER,02 TWO FAMILY DWELLINGS,1,3993,20,B9,2426 MACLAY AVENUE,,10461.0,2.0,0.0,2.0,1932.0,2680.0,1963.0,1,B9,935000,2024-06-13,40.840471,-73.850338,210.0,18.0,2042116.0,2039930020.0,204.0,BX1001,2024,6,True,TWO FAMILY DWELLINGS
Bronx,WILLIAMSBRIDGE,03 THREE FAMILY DWELLINGS,1,4664,37,C0,723 EAST 216TH STREET,,10467.0,3.0,0.0,3.0,1604.0,2601.0,2005.0,1,C0,780000,2024-06-13,40.881164,-73.863048,212.0,12.0,2114048.0,2046640037.0,390.0,BX1201,2024,6,True,THREE FAMILY DWELLINGS
Brooklyn,BAY RIDGE,01 ONE FAMILY DWELLINGS,1,5874,44,A5,582 BAY RIDGE AVENUE,,11220.0,1.0,0.0,1.0,1074.0,960.0,1930.0,1,A5,590000,2024-06-13,40.632446,-74.018799,310.0,47.0,3145807.0,3058740044.0,130.0,BK1001,2024,6,True,ONE FAMILY DWELLINGS
Bronx,WILLIAMSBRIDGE,02 TWO FAMILY DWELLINGS,1,4867,60,B1,936 EAST 232 STREET,,10466.0,2.0,0.0,2.0,5471.0,1920.0,1930.0,1,B1,1100000,2024-06-13,40.890538,-73.850811,212.0,12.0,2064763.0,2048670060.0,424.0,BX1203,2024,6,True,TWO FAMILY DWELLINGS
Brooklyn,BEDFORD STUYVESANT,01 ONE FAMILY DWELLINGS,1,1669,72,A4,221 MACDONOUGH STREET,,11233.0,1.0,0.0,1.0,2000.0,3801.0,1899.0,1,A4,2850000,2024-06-13,40.681798,-73.936955,303.0,36.0,3046782.0,3016690072.0,273.0,BK0302,2024,6,True,ONE FAMILY DWELLINGS
Brooklyn,BEDFORD STUYVESANT,13 CONDOS - ELEVATOR APARTMENTS,2,1840,1147,R4,"435 TOMPKINS AVENUE, 503",503,11216.0,1.0,,1.0,,,2021.0,2,R4,508000,2024-06-13,40.682619,-73.943754,303.0,36.0,3338719.0,3018400001.0,267.0,BK0301,2024,6,True,CONDOS - ELEVATOR APARTMENTS
Brooklyn,BEDFORD STUYVESANT,03 THREE FAMILY DWELLINGS,1,1619,25,C0,762 GREENE AVENUE,,11221.0,3.0,0.0,3.0,1925.0,3464.0,1899.0,1,C0,1860000,2024-06-13,40.689918,-73.937895,303.0,36.0,3043963.0,3016190025.0,279.0,BK0302,2024,6,True,THREE FAMILY DWELLINGS
Brooklyn,BENSONHURST,13 CONDOS - ELEVATOR APARTMENTS,2,6230,1205,R4,"7504 BAY PARKWAY, 3B",3B,11214.0,1.0,,1.0,,,2019.0,2,R4,697501,2024-06-13,40.607983,-73.987542,311.0,43.0,3160445.0,3062307503.0,268.0,BK1101,2024,6,True,CONDOS - ELEVATOR APARTMENTS
Brooklyn,BENSONHURST,07 RENTALS - WALKUP APARTMENTS,2A,6163,15,C2,2024 BAY RIDGE AVENUE,,11204.0,6.0,0.0,6.0,2667.0,4788.0,1927.0,2,C2,800000,2024-06-13,40.613807,-73.987531,311.0,43.0,3156843.0,3061630015.0,258.0,BK1101,2024,6,True,RENTALS - WALKUP APARTMENTS
Brooklyn,BENSONHURST,07 RENTALS - WALKUP APARTMENTS,2A,6228,27,C2,1952 BAY RIDGE PARKWAY,,11204.0,6.0,0.0,6.0,2292.0,4818.0,1931.0,2,C2,1210000,2024-06-13,40.611458,-73.9928,311.0,43.0,3160336.0,3062280027.0,268.0,BK1101,2024,6,True,RENTALS - WALKUP APARTMENTS
Brooklyn,BRIGHTON BEACH,10 COOPS - ELEVATOR APARTMENTS,2,8680,1,D4,"40 BRIGHTON 1ST ROAD, 6B",,11235.0,,,,,,1963.0,2,D4,360000,2024-06-13,40.57579,-73.966562,313.0,48.0,3427285.0,3086800001.0,36001.0,BK1303,2024,6,True,COOPS - ELEVATOR APARTMENTS
Brooklyn,BRIGHTON BEACH,44 CONDO PARKING,4,8720,2308,RG,"105 OCEANA DRIVE EAST, P8",P8,11235.0,,1.0,1.0,,,2002.0,4,RG,135000,2024-06-13,40.576553,-73.957317,313.0,48.0,3350420.0,3087207512.0,61002.0,BK1303,2024,6,True,CONDO PARKING
Brooklyn,BOROUGH PARK,13 CONDOS - ELEVATOR APARTMENTS,2,6563,1024,R4,"2345 60TH STREET, 5D",5D,11204.0,1.0,,1.0,,,2019.0,2,R4,399999,2024-06-13,40.614494,-73.974766,312.0,44.0,3172628.0,3065637501.0,446.0,BK1204,2024,6,True,CONDOS - ELEVATOR APARTMENTS
Brooklyn,BROOKLYN HEIGHTS,10 COOPS - ELEVATOR APARTMENTS,2,226,1,D4,"45 PINEAPPLE STREET, 4A",,11201.0,,,,,,1939.0,2,D4,1375000,2024-06-13,40.698459,-73.993985,302.0,33.0,3001685.0,3002260001.0,1.0,BK0201,2024,6,True,COOPS - ELEVATOR APARTMENTS
Brooklyn,BROOKLYN HEIGHTS,10 COOPS - ELEVATOR APARTMENTS,2,217,1,D4,"75 HENRY STREET, 16HW",,11201.0,,,,,,1967.0,2,D4,26618,2024-06-13,40.698597,-73.992452,302.0,33.0,3326019.0,3002170001.0,1.0,BK0201,2024,6,True,COOPS - ELEVATOR APARTMENTS
Brooklyn,BUSHWICK,08 RENTALS - ELEVATOR APARTMENTS,2,3369,6,D3,435 CENTRAL AVENUE,,11221.0,17.0,0.0,17.0,5400.0,14955.0,2017.0,2,D3,4760978,2024-06-13,40.692404,-73.915153,304.0,37.0,3425663.0,3033690006.0,415.0,BK0402,2024,6,True,RENTALS - ELEVATOR APARTMENTS
Brooklyn,CLINTON HILL,10 COOPS - ELEVATOR APARTMENTS,2,1902,1,D4,"209 CLINTON AVENUE, 7E",,11205.0,,,,,,1944.0,2,D4,825000,2024-06-13,40.691659,-73.968505,302.0,35.0,3322382.0,3019020001.0,195.0,BK0204,2024,6,True,COOPS - ELEVATOR APARTMENTS
Brooklyn,CARROLL GARDENS,15 CONDOS - 2-10 UNIT RESIDENTIAL,2C,409,1804,R1,"85 DOUGLASS STREET, D",D,11231.0,1.0,,1.0,,,1920.0,2,R1,1685000,2024-06-13,40.683198,-73.991704,306.0,39.0,3006584.0,3004090056.0,6902.0,BK0601,2024,6,True,CONDOS - 2-10 UNIT RESIDENTIAL
Brooklyn,DOWNTOWN-FULTON MALL,10 COOPS - ELEVATOR APARTMENTS,2,266,12,D4,"85 LIVINGSTON STREET, 14L",,11201.0,,,,,,1964.0,2,D4,520000,2024-06-13,40.69143,-73.990823,302.0,33.0,3002556.0,3002660012.0,9.0,BK0201,2024,6,True,COOPS - ELEVATOR APARTMENTS
Brooklyn,CROWN HEIGHTS,15 CONDOS - 2-10 UNIT RESIDENTIAL,2C,1334,1004,R1,"1607 PACIFIC STREET, 2B",2B,11213.0,1.0,,1.0,,,2024.0,2,R1,595000,2024-06-13,40.676984,-73.937334,308.0,36.0,3000000.0,3013340059.0,311.0,BK0802,2024,6,True,CONDOS - 2-10 UNIT RESIDENTIAL
Brooklyn,DOWNTOWN-FULTON MALL,13 CONDOS - ELEVATOR APARTMENTS,2,157,1477,R4,"11 HOYT STREET, PHA",PHA,11201.0,1.0,,1.0,,,2018.0,2,R4,5500000,2024-06-13,40.690216,-73.985327,302.0,33.0,3329438.0,3001577501.0,37.0,BK0202,2024,6,True,CONDOS - ELEVATOR APARTMENTS
Brooklyn,DOWNTOWN-FULTON MALL,13 CONDOS - ELEVATOR APARTMENTS,2,157,1474,R4,"11 HOYT STREET, 56H",56H,11201.0,1.0,,1.0,,,2018.0,2,R4,2753847,2024-06-13,40.690216,-73.985327,302.0,33.0,3329438.0,3001577501.0,37.0,BK0202,2024,6,True,CONDOS - ELEVATOR APARTMENTS
Brooklyn,EAST NEW YORK,03 THREE FAMILY DWELLINGS,1,4209,16,C0,920 GLENMORE AVENUE,,11208.0,3.0,0.0,3.0,1500.0,3000.0,1920.0,1,C0,1165999,2024-06-13,40.676111,-73.876076,305.0,42.0,3094578.0,3042090016.0,1192.0,BK0502,2024,6,True,THREE FAMILY DWELLINGS
Brooklyn,FLATBUSH-CENTRAL,10 COOPS - ELEVATOR APARTMENTS,2,5156,48,D4,"415 ARGYLE ROAD, 7T",,11218.0,,,,,,1961.0,2,D4,447000,2024-06-13,40.639373,-73.965961,314.0,40.0,3118668.0,3051560048.0,520.0,BK1402,2024,6,True,COOPS - ELEVATOR APARTMENTS
Brooklyn,FLATBUSH-CENTRAL,02 TWO FAMILY DWELLINGS,1,5167,61,B9,249 EAST 23RD STREET,,11226.0,2.0,0.0,2.0,2000.0,2120.0,1910.0,1,B9,920000,2024-06-13,40.643616,-73.95557,314.0,40.0,3118984.0,3051670061.0,79201.0,BK1401,2024,6,True,TWO FAMILY DWELLINGS
Brooklyn,FLATBUSH-EAST,01 ONE FAMILY DWELLINGS,1,7975,44,A5,605 EAST 57 STREET,,11234.0,1.0,0.0,1.0,1800.0,1296.0,1960.0,1,A5,685000,2024-06-13,40.638103,-73.922133,318.0,45.0,3223327.0,3079750044.0,94401.0,BK1801,2024,6,True,ONE FAMILY DWELLINGS
Brooklyn,FORT GREENE,07 RENTALS - WALKUP APARTMENTS,2,2097,7,C1,53 ST FELIX STREET,,11217.0,32.0,0.0,32.0,11990.0,27530.0,1983.0,2,C1,55000000,2024-06-13,40.688285,-73.977633,302.0,35.0,,,33.0,BK0203,2024,6,True,RENTALS - WALKUP APARTMENTS
Brooklyn,FLATLANDS,01 ONE FAMILY DWELLINGS,1,7842,64,A9,1606 EAST 45TH STREET,,11234.0,1.0,0.0,1.0,2400.0,1280.0,1920.0,1,A9,438375,2024-06-13,40.621654,-73.932026,318.0,45.0,3218307.0,3078420064.0,650.0,BK1801,2024,6,True,ONE FAMILY DWELLINGS
Brooklyn,FORT GREENE,07 RENTALS - WALKUP APARTMENTS,2,2096,6,C1,221 ASHLAND PLACE,,11217.0,32.0,0.0,32.0,10900.0,25956.0,1930.0,2,C1,55000000,2024-06-13,40.688683,-73.978452,302.0,35.0,3326120.0,3020960006.0,33.0,BK0203,2024,6,True,RENTALS - WALKUP APARTMENTS
Brooklyn,FORT GREENE,08 RENTALS - ELEVATOR APARTMENTS,2,1959,27,D9,80 GREENE AVENUE,,11238.0,97.0,0.0,97.0,16875.0,71470.0,1982.0,2,D9,35000000,2024-06-13,40.686324,-73.969103,302.0,35.0,3055929.0,3019590027.0,199.0,BK0204,2024,6,True,RENTALS - ELEVATOR APARTMENTS
Brooklyn,GOWANUS,15 CONDOS - 2-10 UNIT RESIDENTIAL,2C,1051,1002,R1,"84 16TH STREET, 2",2,11215.0,1.0,,1.0,,,,2,R1,799000,2024-06-13,40.66665,-73.993313,307.0,38.0,3024071.0,3010517501.0,117.0,BK0601,2024,6,True,CONDOS - 2-10 UNIT RESIDENTIAL
Brooklyn,FORT GREENE,07 RENTALS - WALKUP APARTMENTS,2,2097,15,C1,33 ST FELIX STREET,,11217.0,32.0,0.0,32.0,11660.0,26890.0,1984.0,2,C1,55000000,2024-06-13,40.688741,-73.977719,302.0,35.0,3326203.0,3020970015.0,33.0,BK0203,2024,6,True,RENTALS - WALKUP APARTMENTS
Brooklyn,GREENPOINT,13 CONDOS - ELEVATOR APARTMENTS,2,2719,1001,R4,"460 MANHATTAN AVENUE, 1A",1A,11222.0,1.0,,1.0,,,2009.0,2,R4,1615000,2024-06-13,40.720063,-73.947481,301.0,33.0,3392584.0,3027197501.0,499.0,BK0101,2024,6,True,CONDOS - ELEVATOR APARTMENTS
Brooklyn,GREENPOINT,13 CONDOS - ELEVATOR APARTMENTS,2,2520,1130,R4,"29 HURON STREET, 7B-E",7B-E,11222.0,1.0,,1.0,,,2020.0,2,R4,1380000,2024-06-13,40.732493,-73.960685,301.0,33.0,,,56302.0,BK0101,2024,6,True,CONDOS - ELEVATOR APARTMENTS
Brooklyn,OCEAN HILL,02 TWO FAMILY DWELLINGS,1,1528,22,B2,346 SUMPTER STREET,,11233.0,2.0,0.0,2.0,2008.0,1600.0,1910.0,1,B2,774000,2024-06-13,40.681102,-73.910232,316.0,37.0,3041562.0,3015280022.0,369.0,BK1601,2024,6,True,TWO FAMILY DWELLINGS
Brooklyn,OCEAN PARKWAY-NORTH,13 CONDOS - ELEVATOR APARTMENTS,2,6509,1004,R4,"618 AVENUE H, 2C",2C,11230.0,1.0,,1.0,,,2022.0,2,R4,615000,2024-06-13,40.628999,-73.970786,314.0,45.0,3427336.0,3065090007.0,458.0,BK1204,2024,6,True,CONDOS - ELEVATOR APARTMENTS
Brooklyn,OCEAN PARKWAY-SOUTH,02 TWO FAMILY DWELLINGS,1,7201,26,B1,75 PARKWAY COURT,,11235.0,2.0,0.0,2.0,2117.0,1701.0,1945.0,1,B1,538730,2024-06-13,40.589783,-73.964258,315.0,48.0,3195393.0,3072010026.0,370.0,BK1301,2024,6,True,TWO FAMILY DWELLINGS
Brooklyn,PARK SLOPE SOUTH,07 RENTALS - WALKUP APARTMENTS,2A,1112,6,C3,489 7 AVENUE,,11215.0,4.0,0.0,4.0,1485.0,3900.0,1920.0,2,C3,2500000,2024-06-13,40.661747,-73.985871,307.0,39.0,3027082.0,3011120006.0,14902.0,BK0701,2024,6,True,RENTALS - WALKUP APARTMENTS
Brooklyn,PARK SLOPE,09 COOPS - WALKUP APARTMENTS,2C,960,33,C6,"798 PRESIDENT STREET, 2L",,11215.0,,,,,,1912.0,2,C6,1400000,2024-06-13,40.674125,-73.976675,306.0,39.0,3020365.0,3009600033.0,157.0,BK0602,2024,6,True,COOPS - WALKUP APARTMENTS
Brooklyn,PROSPECT HEIGHTS,09 COOPS - WALKUP APARTMENTS,2,1160,32,C6,"382 PROSPECT PLACE, 5",,11238.0,,,,,,1931.0,2,C6,1355000,2024-06-13,40.676674,-73.964175,308.0,35.0,3028875.0,3011600032.0,205.0,BK0801,2024,6,True,COOPS - WALKUP APARTMENTS
Brooklyn,WILLIAMSBURG-NORTH,15 CONDOS - 2-10 UNIT RESIDENTIAL,2C,2292,1303,R1,"217 NORTH 11TH STREET, 3",3,11211.0,1.0,,1.0,,,2006.0,2,R1,997000,2024-06-13,40.718715,-73.953193,301.0,33.0,3392267.0,3022927504.0,519.0,BK0102,2024,6,True,CONDOS - 2-10 UNIT RESIDENTIAL
Brooklyn,WINDSOR TERRACE,04 TAX CLASS 1 CONDOS,1A,872,1105,R3,"587 17TH STREET, 3",3,11218.0,1.0,,1.0,,,,1,R3,915000,2024-06-13,40.656389,-73.979147,307.0,39.0,3347366.0,3008727503.0,171.0,BK0701,2024,6,True,TAX CLASS 1 CONDOS
Manhattan,ALPHABET CITY,15 CONDOS - 2-10 UNIT RESIDENTIAL,2C,394,1409,R1,"643 EAST 11TH STREET, 9",9,10009.0,1.0,,1.0,,,2006.0,2,R1,995000,2024-06-13,40.726737,-73.977714,103.0,2.0,1087895.0,1003947505.0,28.0,MN0303,2024,6,True,CONDOS - 2-10 UNIT RESIDENTIAL
Manhattan,CHELSEA,13 CONDOS - ELEVATOR APARTMENTS,2,689,1071,R4,"500 WEST 18TH STREET, W16D",W16D,10011.0,1.0,,1.0,,,2017.0,2,R4,4470000,2024-06-13,40.744914,-74.007041,104.0,3.0,1090682.0,1006890017.0,9901.0,MN0401,2024,6,True,CONDOS - ELEVATOR APARTMENTS
Manhattan,CHELSEA,13 CONDOS - ELEVATOR APARTMENTS,2,774,1315,R4,"252 7 AVENUE, 16K",16K,10001.0,1.0,,1.0,,,,2,R4,2725000,2024-06-13,40.745112,-73.994919,104.0,3.0,1014176.0,1007747501.0,91.0,MN0401,2024,6,True,CONDOS - ELEVATOR APARTMENTS
Manhattan,CHELSEA,10 COOPS - ELEVATOR APARTMENTS,2,694,42,D4,"520 WEST 23RD STREET, 15E",,10011.0,,,,,,2003.0,2,D4,737500,2024-06-13,40.748129,-74.005233,104.0,3.0,1012335.0,1006940042.0,9901.0,MN0401,2024,6,True,COOPS - ELEVATOR APARTMENTS
Manhattan,CHELSEA,13 CONDOS - ELEVATOR APARTMENTS,2,753,1202,R4,"300 W 30TH STREET, 2A",2A,10001.0,1.0,,1.0,,,2020.0,2,R4,950000,2024-06-13,40.74985,-73.995727,104.0,3.0,1013491.0,1007537503.0,97.0,MN0401,2024,6,True,CONDOS - ELEVATOR APARTMENTS
Manhattan,CHELSEA,10 COOPS - ELEVATOR APARTMENTS,2,722,22,D4,"425 WEST 24TH STREET, 1A",,10011.0,,,,,,1900.0,2,D4,1500000,2024-06-13,40.747541,-74.001754,104.0,3.0,1078466.0,1007220022.0,93.0,MN0401,2024,6,True,COOPS - ELEVATOR APARTMENTS
Manhattan,FASHION,10 COOPS - ELEVATOR APARTMENTS,2,837,40,D0,"372 FIFTH AVENUE, 2D",,10001.0,,,,,,1928.0,2,D0,820000,2024-06-13,40.749341,-73.984369,105.0,4.0,1015898.0,1008370040.0,84.0,MN0502,2024,6,True,COOPS - ELEVATOR APARTMENTS
Manhattan,CLINTON,17 CONDO COOPS,2,1071,1401,R9,"529 WEST 42ND STREET, 1H",,10036.0,,,,,,,2,R9,1660000,2024-06-13,40.760244,-73.996917,104.0,3.0,1082441.0,1010717502.0,12901.0,MN0402,2024,6,True,CONDO COOPS
Manhattan,EAST VILLAGE,15 CONDOS - 2-10 UNIT RESIDENTIAL,2C,461,1006,R1,"236 EAST 6TH STREET, 3W",3W,10003.0,1.0,,1.0,,,1900.0,2,R1,850000,2024-06-13,40.727608,-73.989053,103.0,2.0,1066665.0,1004617501.0,38.0,MN0303,2024,6,True,CONDOS - 2-10 UNIT RESIDENTIAL
Manhattan,CLINTON,10 COOPS - ELEVATOR APARTMENTS,2,1066,37,D4,"408 WEST 57TH STREET, 4N",,10019.0,,,,,,1957.0,2,D4,515000,2024-06-13,40.768159,-73.986307,104.0,6.0,1026870.0,1010660037.0,139.0,MN0402,2024,6,True,COOPS - ELEVATOR APARTMENTS
Manhattan,FINANCIAL,13 CONDOS - ELEVATOR APARTMENTS,2,25,1124,R4,"25 BROAD STREET, F010",F010,10004.0,1.0,,1.0,,,1900.0,2,R4,1065000,2024-06-13,40.706114,-74.01126,101.0,1.0,1000824.0,1000257502.0,9.0,MN0101,2024,6,True,CONDOS - ELEVATOR APARTMENTS
Manhattan,FINANCIAL,13 CONDOS - ELEVATOR APARTMENTS,2,24,1027,R4,"40 BROAD STREET, 14E",14E,10004.0,1.0,,1.0,,,1982.0,2,R4,1090000,2024-06-13,40.706021,-74.011332,101.0,1.0,1078985.0,1000247501.0,9.0,MN0101,2024,6,True,CONDOS - ELEVATOR APARTMENTS
Manhattan,GRAMERCY,10 COOPS - ELEVATOR APARTMENTS,2C,875,73,D4,"13 GRAMERCY PARK SOUTH, 5R",,10003.0,,,,,,1910.0,2,D4,1995000,2024-06-13,40.73789,-73.986732,106.0,2.0,1017940.0,1008750073.0,50.0,MN0602,2024,6,True,COOPS - ELEVATOR APARTMENTS
Manhattan,FLATIRON,13 CONDOS - ELEVATOR APARTMENTS,2,817,1214,R4,"35 WEST 15 STREET, 10B",10B,10011.0,1.0,,1.0,,,2012.0,2,R4,1950000,2024-06-13,40.737254,-73.994436,105.0,3.0,1089677.0,1008177503.0,54.0,MN0501,2024,6,True,CONDOS - ELEVATOR APARTMENTS
Manhattan,GRAMERCY,10 COOPS - ELEVATOR APARTMENTS,2,880,42,D4,"330 THIRD AVENUE, 9G",,10010.0,,,,,,1964.0,2,D4,735000,2024-06-13,40.739811,-73.982451,106.0,2.0,1018079.0,1008800042.0,68.0,MN0602,2024,6,True,COOPS - ELEVATOR APARTMENTS
Manhattan,GREENWICH VILLAGE-WEST,01 ONE FAMILY DWELLINGS,1,630,139,A9,"687 GREENWICH STREET, 2",,10014.0,1.0,0.0,1.0,811.0,2794.0,1989.0,1,A9,6200000,2024-06-13,40.733219,-74.007422,102.0,3.0,1082830.0,1006300039.0,75.0,MN0203,2024,6,True,ONE FAMILY DWELLINGS
Manhattan,GRAMERCY,10 COOPS - ELEVATOR APARTMENTS,2,906,1,D4,"201 EAST 25TH STREET, 5A",,10010.0,,,,,,1965.0,2,D4,755000,2024-06-13,40.739981,-73.98187,106.0,2.0,1019821.0,1009060001.0,66.0,MN0603,2024,6,True,COOPS - ELEVATOR APARTMENTS
Manhattan,GREENWICH VILLAGE-CENTRAL,10 COOPS - ELEVATOR APARTMENTS,2,576,25,D4,"37 WEST 12TH STREET, 9C",,10011.0,,,,,,1961.0,2,D4,3650000,2024-06-13,40.735217,-73.995847,102.0,2.0,1077930.0,1005760025.0,63.0,MN0202,2024,6,True,COOPS - ELEVATOR APARTMENTS
Manhattan,GREENWICH VILLAGE-CENTRAL,10 COOPS - ELEVATOR APARTMENTS,2,532,20,D0,"77 BLEECKER STREET, 505",,10012.0,,,,,,1930.0,2,D0,850000,2024-06-13,40.726634,-73.996042,102.0,2.0,1084761.0,1005320020.0,5501.0,MN0202,2024,6,True,COOPS - ELEVATOR APARTMENTS
Manhattan,GRAMERCY,13 CONDOS - ELEVATOR APARTMENTS,2,870,1410,R4,"1 IRVING PLACE, U15D",U15D,10003.0,1.0,,1.0,,,1987.0,2,R4,1250000,2024-06-13,40.734072,-73.988713,105.0,2.0,1083247.0,1008707501.0,50.0,MN0602,2024,6,True,CONDOS - ELEVATOR APARTMENTS
Manhattan,HARLEM-CENTRAL,07 RENTALS - WALKUP APARTMENTS,2B,1720,40,C5,21 W121ST STREET,,10027.0,8.0,0.0,8.0,2119.0,4764.0,1909.0,2,C5,3575000,2024-06-13,40.804715,-73.94615,110.0,9.0,1053353.0,1017200040.0,200.0,MN1001,2024,6,True,RENTALS - WALKUP APARTMENTS
Manhattan,INWOOD,10 COOPS - ELEVATOR APARTMENTS,2,2243,332,D4,"50 PARK TERRACE EAST, 7GH",,10034.0,,,,,,1941.0,2,D4,949000,2024-06-13,40.87036,-73.916669,112.0,10.0,1065028.0,1022430332.0,307.0,MN1203,2024,6,True,COOPS - ELEVATOR APARTMENTS
Manhattan,HARLEM-EAST,11 SPECIAL CONDO BILLING LOTS,2,1646,1002,RR,"217 EAST 96TH STREET, 29C",RES,10029.0,17.0,0.0,17.0,2550.0,19429.0,1987.0,2,RR,965000,2024-06-13,40.784746,-73.94825,111.0,8.0,1086570.0,1016467502.0,15602.0,MN1101,2024,6,True,SPECIAL CONDO BILLING LOTS
Manhattan,MANHATTAN VALLEY,13 CONDOS - ELEVATOR APARTMENTS,2,1833,4397,R4,"400 CENTRAL PARK WEST, 20E",20E,10025.0,1.0,,1.0,,,1960.0,2,R4,760000,2024-06-13,40.793946,-73.963036,107.0,7.0,1055288.0,1018337504.0,185.0,MN0703,2024,6,True,CONDOS - ELEVATOR APARTMENTS
Manhattan,MANHATTAN VALLEY,13 CONDOS - ELEVATOR APARTMENTS,2,1833,3013,R4,"392 CENTRAL PARK WEST, 1R",1R,10025.0,1.0,,1.0,,,1960.0,2,R4,1240000,2024-06-13,40.793779,-73.963159,107.0,7.0,1055287.0,1018337503.0,185.0,MN0703,2024,6,True,CONDOS - ELEVATOR APARTMENTS
Manhattan,MANHATTAN VALLEY,13 CONDOS - ELEVATOR APARTMENTS,2,1833,4060,R4,"400 CENTRAL PARK WEST, 3W",3W,10025.0,1.0,,1.0,,,1960.0,2,R4,1100000,2024-06-13,40.793946,-73.963036,107.0,7.0,1055288.0,1018337504.0,185.0,MN0703,2024,6,True,CONDOS - ELEVATOR APARTMENTS
Manhattan,KIPS BAY,13 CONDOS - ELEVATOR APARTMENTS,2,943,1645,R4,"330 EAST 38TH ST, 44L",44L,10016.0,1.0,,1.0,,,,2,R4,1450000,2024-06-13,40.746742,-73.972741,106.0,4.0,1076166.0,1009437501.0,78.0,MN0603,2024,6,True,CONDOS - ELEVATOR APARTMENTS
Manhattan,MIDTOWN EAST,10 COOPS - ELEVATOR APARTMENTS,2,1334,41,D4,"320 EAST 42ND STREET, 414",,10017.0,,,,,,1929.0,2,D4,310000,2024-06-13,40.74955,-73.971571,106.0,4.0,1038656.0,1013340041.0,88.0,MN0603,2024,6,True,COOPS - ELEVATOR APARTMENTS
Manhattan,MIDTOWN EAST,10 COOPS - ELEVATOR APARTMENTS,2,1370,46,D4,"400 EAST 59TH STREET, 11GH",,10022.0,,,,,,1929.0,2,D4,1250000,2024-06-13,40.759469,-73.961633,106.0,5.0,1040640.0,1013700046.0,10601.0,MN0604,2024,6,True,COOPS - ELEVATOR APARTMENTS
Manhattan,MIDTOWN EAST,10 COOPS - ELEVATOR APARTMENTS,2,1336,10,D4,"321 EAST 43RD STREET, 404",,10017.0,,,,,,1928.0,2,D4,545000,2024-06-13,40.750098,-73.970755,106.0,4.0,1038665.0,1013360010.0,88.0,MN0603,2024,6,True,COOPS - ELEVATOR APARTMENTS
Manhattan,MIDTOWN EAST,10 COOPS - ELEVATOR APARTMENTS,2,1368,13,D4,"433 EAST 56TH STREET, 6G",,10022.0,,,,,,1967.0,2,D4,1090000,2024-06-13,40.757065,-73.962028,106.0,4.0,1040468.0,1013680013.0,10601.0,MN0604,2024,6,True,COOPS - ELEVATOR APARTMENTS
Manhattan,MURRAY HILL,10 COOPS - ELEVATOR APARTMENTS,2,884,27,D4,"137 EAST 28TH STREET, 5D",,10016.0,,,,,,1927.0,2,D4,575000,2024-06-13,40.742512,-73.982111,106.0,2.0,1018215.0,1008840027.0,72.0,MN0603,2024,6,True,COOPS - ELEVATOR APARTMENTS
Manhattan,MORNINGSIDE HEIGHTS,10 COOPS - ELEVATOR APARTMENTS,2,1978,1,D4,"90 LASALLE STREET, 9D",,10027.0,,,,,,1956.0,2,D4,656000,2024-06-13,40.813284,-73.958495,109.0,7.0,1084113.0,1019780001.0,211.0,MN0901,2024,6,True,COOPS - ELEVATOR APARTMENTS
Manhattan,MORNINGSIDE HEIGHTS,10 COOPS - ELEVATOR APARTMENTS,2,1977,37,D4,"510 WEST 123RD STREET, 48",,10027.0,,,,,,1926.0,2,D4,415000,2024-06-13,40.811525,-73.958453,109.0,7.0,1059681.0,1019770037.0,211.0,MN0901,2024,6,True,COOPS - ELEVATOR APARTMENTS
Queens,FLUSHING-NORTH,01 ONE FAMILY DWELLINGS,1,5654,30,A5,50-10 185TH STREET,,11365.0,1.0,0.0,1.0,2500.0,1108.0,1940.0,1,A5,800000,2024-09-11,40.744737,-73.791573,411.0,20.0,4127742.0,4056540030.0,1417.0,QN1101,2024,9,True,ONE FAMILY DWELLINGS
Queens,FLUSHING-SOUTH,10 COOPS - ELEVATOR APARTMENTS,2,6698,40,D4,"150-10 71 AVENUE, 4H",,11367.0,,,,,,1952.0,2,D4,265000,2024-09-11,40.729238,-73.8177,408.0,24.0,4451496.0,4066980040.0,77906.0,QN0801,2024,9,True,COOPS - ELEVATOR APARTMENTS
Queens,FOREST HILLS,29 COMMERCIAL GARAGES,4,3178,70,G4,75-41 YELLOWSTONE BLVD,,11374.0,0.0,1.0,1.0,8405.0,1288.0,1960.0,4,G4,240147,2024-09-11,40.71443,-73.859026,406.0,30.0,4075320.0,4031780070.0,703.0,QN0601,2024,9,True,COMMERCIAL GARAGES
Queens,FOREST HILLS,10 COOPS - ELEVATOR APARTMENTS,2,3236,35,D4,"70-25 YELLOWSTONE BOULEVARD, 2K",,11375.0,,,,,,1965.0,2,D4,240000,2024-09-11,40.722598,-73.849816,406.0,29.0,4433878.0,4032360035.0,711.0,QN0602,2024,9,True,COOPS - ELEVATOR APARTMENTS
Queens,GLEN OAKS,10 COOPS - ELEVATOR APARTMENTS,2,8489,1,D4,"271-10 GRAND CENTRAL PARKWAY, 22Y",,11005.0,,,,,,1972.0,2,D4,305000,2024-09-11,40.759289,-73.713493,413.0,23.0,4456886.0,4084890001.0,155101.0,QN1301,2024,9,True,COOPS - ELEVATOR APARTMENTS
Queens,HAMMELS,13 CONDOS - ELEVATOR APARTMENTS,2,16169,1023,R4,"9610 SHORE FRONT PARKWAY, 7C",7C,11693.0,1.0,,1.0,,,2009.0,2,R4,650000,2024-09-11,40.583343,-73.817253,414.0,32.0,4539425.0,4161697501.0,94201.0,QN1402,2024,9,True,CONDOS - ELEVATOR APARTMENTS
Queens,GLENDALE,02 TWO FAMILY DWELLINGS,1,3713,19,B3,78-24 61ST STREET,,11385.0,2.0,0.0,2.0,2642.0,1214.0,1920.0,1,B3,830000,2024-09-11,40.696676,-73.893482,405.0,30.0,4090634.0,4037130019.0,567.0,QN0503,2024,9,True,TWO FAMILY DWELLINGS
Queens,HOLLIS,01 ONE FAMILY DWELLINGS,1,9924,35,A1,184-18 89TH AVE,,11423.0,1.0,0.0,1.0,3000.0,1232.0,1925.0,1,A1,785000,2024-09-11,40.712665,-73.776967,412.0,23.0,4212573.0,4099240035.0,470.0,QN1201,2024,9,True,ONE FAMILY DWELLINGS
Queens,JACKSON HEIGHTS,02 TWO FAMILY DWELLINGS,1,1364,39,B3,2642 91ST STREET,,11369.0,2.0,0.0,2.0,2000.0,1480.0,1930.0,1,B3,950000,2024-09-11,40.762587,-73.878128,403.0,22.0,4032436.0,4013640039.0,329.0,QN0302,2024,9,True,TWO FAMILY DWELLINGS
Queens,HOWARD BEACH,13 CONDOS - ELEVATOR APARTMENTS,2,11417,1010,R4,"85-09 151ST AVENUE, LK",LK,11414.0,1.0,,1.0,,,1964.0,2,R4,459000,2024-09-11,40.668248,-73.849372,410.0,32.0,4446805.0,4114177501.0,6201.0,QN1003,2024,9,True,CONDOS - ELEVATOR APARTMENTS
Queens,HOWARD BEACH,13 CONDOS - ELEVATOR APARTMENTS,2,11417,3302,R4,"149-30 88TH STREET, 3B",3B,11414.0,1.0,,1.0,,,1969.0,2,R4,405000,2024-09-11,40.669654,-73.847369,410.0,32.0,4446826.0,4114177502.0,6201.0,QN1003,2024,9,True,CONDOS - ELEVATOR APARTMENTS
Queens,JACKSON HEIGHTS,10 COOPS - ELEVATOR APARTMENTS,2,1273,1,D4,"73-12 35TH AVENUE, D24",,11372.0,,,,,,1940.0,2,D4,635000,2024-09-11,40.750922,-73.892828,403.0,25.0,4029556.0,4012730001.0,289.0,QN0301,2024,9,True,COOPS - ELEVATOR APARTMENTS
Queens,JACKSON HEIGHTS,10 COOPS - ELEVATOR APARTMENTS,2,1266,1,D4,"79-10 34TH AVENUE, 7B",,11372.0,,,,,,1955.0,2,D4,460000,2024-09-11,40.753448,-73.887616,403.0,25.0,4029138.0,4012660001.0,285.0,QN0301,2024,9,True,COOPS - ELEVATOR APARTMENTS
Queens,JACKSON HEIGHTS,12 CONDOS - WALKUP APARTMENTS,2,948,1056,R2,"19-50 80TH STREET, 2",2,11370.0,1.0,,1.0,,,,2,R2,474000,2024-09-11,40.771527,-73.890174,401.0,22.0,4444666.0,4009487501.0,317.0,QN0101,2024,9,True,CONDOS - WALKUP APARTMENTS
Queens,JACKSON HEIGHTS,10 COOPS - ELEVATOR APARTMENTS,2,1418,1,D4,"32-45 88TH STREET, B410",,11369.0,,,,,,1952.0,2,D4,235000,2024-09-11,40.757283,-73.879986,403.0,25.0,4535001.0,4014180001.0,339.0,QN0301,2024,9,True,COOPS - ELEVATOR APARTMENTS
Queens,LAURELTON,05 TAX CLASS 1 VACANT LAND,1B,13117,61,V0,135-26 223RD STREET,,11413.0,0.0,0.0,0.0,3899.0,0.0,,1,V0,350000,2024-09-11,40.675975,-73.747625,413.0,31.0,4000000.0,4131170061.0,358.0,QN1305,2024,9,True,TAX CLASS 1 VACANT LAND
Queens,LITTLE NECK,09 COOPS - WALKUP APARTMENTS,2,8349,36,C6,"25112 58TH AVENUE, 22",,11362.0,,,,,,1953.0,2,C6,438000,2024-09-11,40.760729,-73.728583,411.0,23.0,4455965.0,4083490036.0,152902.0,QN1103,2024,9,True,COOPS - WALKUP APARTMENTS
Queens,JAMAICA HILLS,02 TWO FAMILY DWELLINGS,1,9864,112,B2,84-37 171ST STREET,,11432.0,2.0,0.0,2.0,3669.0,1763.0,1940.0,1,B2,1235000,2024-09-11,40.715547,-73.793453,408.0,24.0,4210998.0,4098640112.0,456.0,QN0805,2024,9,True,TWO FAMILY DWELLINGS
Queens,LONG ISLAND CITY,02 TWO FAMILY DWELLINGS,1,306,45,B1,51-42 35TH STREET,,11101.0,2.0,0.0,2.0,2521.0,1584.0,1880.0,1,B1,750000,2024-09-11,40.73664,-73.934031,402.0,26.0,4003663.0,4003060045.0,19901.0,QN0202,2024,9,True,TWO FAMILY DWELLINGS
Queens,MIDDLE VILLAGE,22 STORE BUILDINGS,4,3770,16,K1,73-16 METROPOLITAN AVENUE,,11379.0,0.0,1.0,1.0,525.0,525.0,1931.0,4,K1,365000,2024-09-11,40.712746,-73.879063,405.0,30.0,4091335.0,4037700016.0,619.0,QN0504,2024,9,True,STORE BUILDINGS
Queens,OAKLAND GARDENS,01 ONE FAMILY DWELLINGS,1,7618,36,A5,64-54 218TH STREET,,11364.0,1.0,0.0,1.0,2600.0,1236.0,1950.0,1,A5,910000,2024-09-11,40.746191,-73.75877,411.0,23.0,4162429.0,4076180036.0,1367.0,QN1104,2024,9,True,ONE FAMILY DWELLINGS
Queens,MASPETH,02 TWO FAMILY DWELLINGS,1,2777,6,B2,58-15 BROWN PLACE,,11378.0,2.0,0.0,2.0,7293.0,1760.0,1930.0,1,B2,1100000,2024-09-11,40.723878,-73.895711,405.0,30.0,4062222.0,4027770006.0,517.0,QN0501,2024,9,True,TWO FAMILY DWELLINGS
Queens,OAKLAND GARDENS,10 COOPS - ELEVATOR APARTMENTS,2,7732,2,D4,"73-11 210TH STREET, 6P",,11364.0,,,,,,1952.0,2,D4,255000,2024-09-11,40.738823,-73.763434,411.0,23.0,4444448.0,4077320002.0,129103.0,QN1104,2024,9,True,COOPS - ELEVATOR APARTMENTS
Queens,QUEENS VILLAGE,01 ONE FAMILY DWELLINGS,1,11209,48,A2,225-36 111TH AVENUE,,11429.0,1.0,0.0,1.0,3280.0,1040.0,1945.0,1,A2,497000,2024-09-11,40.706029,-73.731536,413.0,27.0,4241611.0,4112090048.0,580.0,QN1303,2024,9,True,ONE FAMILY DWELLINGS
Queens,OZONE PARK,02 TWO FAMILY DWELLINGS,1,9084,18,B1,8410 101ST AVENUE,,11416.0,2.0,0.0,2.0,2640.0,1840.0,1960.0,1,B1,487500,2024-09-11,40.681653,-73.855158,409.0,32.0,4188931.0,4090840018.0,52.0,QN0904,2024,9,True,TWO FAMILY DWELLINGS
Queens,REGO PARK,10 COOPS - ELEVATOR APARTMENTS,2,3159,70,D4,"98-120 QUEENS BOULEVARD, 6M",,11374.0,,,,,,1939.0,2,D4,180000,2024-09-11,40.727276,-73.854626,406.0,29.0,4074785.0,4031590070.0,71306.0,QN0602,2024,9,True,COOPS - ELEVATOR APARTMENTS
Queens,REGO PARK,13 CONDOS - ELEVATOR APARTMENTS,2,2075,1162,R4,"92-29 QUEENS BLVD, 11B",11B,11374.0,1.0,,1.0,,,,2,R4,610000,2024-09-11,40.732399,-73.867651,406.0,24.0,4050128.0,4020757501.0,71702.0,QN0601,2024,9,True,CONDOS - ELEVATOR APARTMENTS
Queens,RIDGEWOOD,22 STORE BUILDINGS,4,3466,66,K4,57-09 MYRTLE AVENUE,,11385.0,0.0,1.0,1.0,3578.0,3000.0,1930.0,4,K4,3500000,2024-09-11,40.700442,-73.903278,405.0,30.0,4435559.0,4034660066.0,551.0,QN0502,2024,9,True,STORE BUILDINGS
Queens,SO. JAMAICA-BAISLEY PARK,01 ONE FAMILY DWELLINGS,1,12061,42,A1,126-19 143RD STREET,,11436.0,1.0,0.0,1.0,2542.0,1634.0,1925.0,1,A1,700000,2024-09-11,40.673641,-73.795699,412.0,28.0,4261921.0,4120610042.0,790.0,QN1203,2024,9,True,ONE FAMILY DWELLINGS
Queens,SOUTH OZONE PARK,02 TWO FAMILY DWELLINGS,1,11776,1,B3,131-23 131 STREET,,11420.0,2.0,0.0,2.0,3480.0,1504.0,1930.0,1,B3,256500,2024-09-11,40.669685,-73.807633,410.0,28.0,4255721.0,4117760001.0,818.0,QN1001,2024,9,True,TWO FAMILY DWELLINGS
Queens,ST. ALBANS,01 ONE FAMILY DWELLINGS,1,10950,126,A1,190-65 111TH ROAD,,11412.0,1.0,0.0,1.0,4000.0,1227.0,1930.0,1,A1,600000,2024-09-11,40.701281,-73.764314,412.0,27.0,4234502.0,4109500126.0,524.0,QN1205,2024,9,True,ONE FAMILY DWELLINGS
Queens,SPRINGFIELD GARDENS,02 TWO FAMILY DWELLINGS,1,12529,16,S2,136-34 FARMERS BOULEVARD,,11434.0,2.0,1.0,3.0,2607.0,2368.0,1930.0,1,S2,400000,2024-09-11,40.673959,-73.763786,412.0,27.0,4270317.0,4125290015.0,33401.0,QN1204,2024,9,True,TWO FAMILY DWELLINGS
Queens,SPRINGFIELD GARDENS,01 ONE FAMILY DWELLINGS,1,12578,12,A2,137-49 172ND STREET,,11434.0,1.0,0.0,1.0,4000.0,1392.0,1930.0,1,A2,845000,2024-09-11,40.671975,-73.768397,412.0,28.0,4270806.0,4125780012.0,33405.0,QN1204,2024,9,True,ONE FAMILY DWELLINGS
Queens,SUNNYSIDE,44 CONDO PARKING,4,182,1002,RG,"43-02 BARNETT AVENUE, 1",1,11104.0,,1.0,1.0,,,1920.0,4,RG,175000,2024-09-11,40.749182,-73.920177,402.0,26.0,4002327.0,4001827501.0,183.0,QN0202,2024,9,True,CONDO PARKING
Queens,WOODSIDE,10 COOPS - ELEVATOR APARTMENTS,2,1111,1,D4,"5110 30TH AVENUE, G5P",,11377.0,,,,,,1935.0,2,D4,275000,2024-09-11,40.759725,-73.905957,401.0,22.0,4431252.0,4011110001.0,295.0,QN0104,2024,9,True,COOPS - ELEVATOR APARTMENTS
Staten Island,ARDEN HEIGHTS,01 ONE FAMILY DWELLINGS,1,5743,290,A5,32 AMANDA CT,,10312.0,1.0,0.0,1.0,500.0,1300.0,2003.0,1,A5,535000,2024-09-11,40.564081,-74.185509,503.0,51.0,5120567.0,5057430290.0,17007.0,SI0303,2024,9,True,ONE FAMILY DWELLINGS
Staten Island,DONGAN HILLS,01 ONE FAMILY DWELLINGS,1,3344,34,A2,287 SEAVIEW AVENUE,,10305.0,1.0,0.0,1.0,4950.0,1098.0,1930.0,1,A2,728000,2024-09-11,40.586792,-74.092651,502.0,50.0,5049455.0,5033440034.0,9602.0,SI0201,2024,9,True,ONE FAMILY DWELLINGS
Staten Island,BULLS HEAD,02 TWO FAMILY DWELLINGS,1,2074,1,B2,95 GOLLER PLACE,,10314.0,2.0,0.0,2.0,3726.0,1800.0,1980.0,1,B2,905000,2024-09-11,40.605347,-74.159849,502.0,50.0,5035058.0,5020740001.0,27301.0,SI0204,2024,9,True,TWO FAMILY DWELLINGS
Staten Island,CASTLETON CORNERS,01 ONE FAMILY DWELLINGS,1,373,152,A5,75 CHANDLER AVENUE,,10314.0,1.0,0.0,1.0,2000.0,880.0,1940.0,1,A5,500000,2024-09-11,40.614382,-74.125434,501.0,50.0,5010570.0,5003730152.0,151.0,SI0105,2024,9,True,ONE FAMILY DWELLINGS
Staten Island,CASTLETON CORNERS,01 ONE FAMILY DWELLINGS,1,712,85,A1,105 GOWER STREET,,10314.0,1.0,0.0,1.0,7575.0,1022.0,1915.0,1,A1,700000,2024-09-11,40.61023,-74.124007,501.0,50.0,5018023.0,5007120085.0,18701.0,SI0105,2024,9,True,ONE FAMILY DWELLINGS
Staten Island,CASTLETON CORNERS,01 ONE FAMILY DWELLINGS,1,377,418,A2,195 CHANDLER AVENUE,,10314.0,1.0,0.0,1.0,3800.0,2093.0,1970.0,1,A2,705000,2024-09-11,40.614059,-74.129604,501.0,50.0,5010918.0,5003770418.0,151.0,SI0105,2024,9,True,ONE FAMILY DWELLINGS
Staten Island,GREAT KILLS,02 TWO FAMILY DWELLINGS,1,5483,4,B2,63 DEMOPOLIS AVENUE,,10308.0,2.0,0.0,2.0,7000.0,2500.0,1999.0,1,B2,450000,2024-09-11,40.549793,-74.161285,503.0,51.0,5153403.0,5054830004.0,14604.0,SI0302,2024,9,True,TWO FAMILY DWELLINGS
Staten Island,NEW BRIGHTON,02 TWO FAMILY DWELLINGS,1,16,122,B1,436 ST MARKS PLACE,,10301.0,2.0,0.0,2.0,2125.0,1348.0,1920.0,1,B1,805000,2024-09-11,40.639193,-74.077331,501.0,49.0,5000210.0,5000160122.0,3.0,SI0101,2024,9,True,TWO FAMILY DWELLINGS
Staten Island,MIDLAND BEACH,02 TWO FAMILY DWELLINGS,1,3657,51,B2,319 SEAVER AVENUE,,10305.0,2.0,0.0,2.0,4497.0,2120.0,1965.0,1,B2,999000,2024-09-11,40.582198,-74.094513,502.0,50.0,5053067.0,5036570051.0,11201.0,SI0202,2024,9,True,TWO FAMILY DWELLINGS
Staten Island,NEW SPRINGVILLE,04 TAX CLASS 1 CONDOS,1A,1994,1064,R3,"258 ASHWORTH AVENUE, 226",226,10314.0,1.0,,1.0,,,1986.0,1,R3,545000,2024-09-11,40.592298,-74.149747,502.0,51.0,5171296.0,5019947501.0,27301.0,SI0204,2024,9,True,TAX CLASS 1 CONDOS
Staten Island,NEW DORP,01 ONE FAMILY DWELLINGS,1,4220,16,A2,293 ROSE AVENUE,,10306.0,1.0,0.0,1.0,3700.0,1302.0,1965.0,1,A2,790000,2024-09-11,40.570995,-74.114014,502.0,50.0,5057573.0,5042200016.0,134.0,SI0202,2024,9,True,ONE FAMILY DWELLINGS
Staten Island,NEW SPRINGVILLE,01 ONE FAMILY DWELLINGS,1,2015,556,A1,4 SHEPARD AVENUE,,10314.0,1.0,0.0,1.0,3800.0,2322.0,1970.0,1,A1,900000,2024-09-11,40.595724,-74.157745,502.0,51.0,5034851.0,5020150556.0,27301.0,SI0204,2024,9,True,ONE FAMILY DWELLINGS
Staten Island,OAKWOOD-BEACH,01 ONE FAMILY DWELLINGS,1,4690,119,A5,160 AVISTON STREET,,10306.0,1.0,0.0,1.0,2500.0,1520.0,1975.0,1,A5,580557,2024-09-11,40.555674,-74.116967,503.0,50.0,5063111.0,5046900119.0,12805.0,SI0301,2024,9,True,ONE FAMILY DWELLINGS
Staten Island,OAKWOOD-BEACH,01 ONE FAMILY DWELLINGS,1,4690,40,A5,582 RIGA STREET,,10306.0,1.0,0.0,1.0,3600.0,1760.0,1997.0,1,A5,580557,2024-09-11,40.555535,-74.118093,503.0,50.0,5127893.0,5046900040.0,12805.0,SI0301,2024,9,True,ONE FAMILY DWELLINGS
Staten Island,PLEASANT PLAINS,01 ONE FAMILY DWELLINGS,1,7771,74,A1,40 ADELPHI AVENUE,,10309.0,1.0,0.0,1.0,4000.0,1320.0,1925.0,1,A1,925000,2024-09-11,40.516181,-74.2312,503.0,51.0,5087384.0,5077710074.0,24401.0,SI0305,2024,9,True,ONE FAMILY DWELLINGS
Staten Island,OAKWOOD,01 ONE FAMILY DWELLINGS,1,4711,15,A2,213 CURRIE AVENUE,,10306.0,1.0,0.0,1.0,4040.0,968.0,1955.0,1,A2,845000,2024-09-11,40.557871,-74.128171,503.0,50.0,5063330.0,5047110015.0,13204.0,SI0301,2024,9,True,ONE FAMILY DWELLINGS
Staten Island,ROSEBANK,04 TAX CLASS 1 CONDOS,1A,3024,1198,R3,"99 DOGWOOD LANE, N/A",,10305.0,1.0,,1.0,,,1977.0,1,R3,770000,2024-09-11,40.602686,-74.071296,502.0,50.0,5121824.0,5030247502.0,2002.0,SI0201,2024,9,True,TAX CLASS 1 CONDOS
Staten Island,SOUTH BEACH,01 ONE FAMILY DWELLINGS,1,3394,44,A5,92 SCOTT AVENUE,,10305.0,1.0,0.0,1.0,2500.0,1440.0,1999.0,1,A5,780000,2024-09-11,40.591799,-74.080664,502.0,50.0,5149772.0,5033940044.0,7002.0,SI0201,2024,9,True,ONE FAMILY DWELLINGS
Staten Island,ROSEBANK,04 TAX CLASS 1 CONDOS,1A,3024,1165,R3,"301 HILLBROOK DRIVE, N/A",,10305.0,1.0,,1.0,,,1977.0,1,R3,630000,2024-09-11,40.603265,-74.070775,502.0,50.0,5121838.0,5030247502.0,2002.0,SI0201,2024,9,True,TAX CLASS 1 CONDOS
Staten Island,SOUTH BEACH,21 OFFICE BUILDINGS,4,3377,101,O8,265 MASON AVENUE,,10305.0,2.0,2.0,4.0,5454.0,4835.0,2008.0,4,O8,1999000,2024-09-11,40.586115,-74.087286,502.0,50.0,5151207.0,5033770101.0,7001.0,SI0201,2024,9,True,OFFICE BUILDINGS
Staten Island,TOTTENVILLE,01 ONE FAMILY DWELLINGS,1,7912,23,A2,380 MAIN STREET,,10307.0,1.0,0.0,1.0,5820.0,960.0,1965.0,1,A2,700000,2024-09-11,40.505655,-74.245745,503.0,51.0,5088199.0,5079120023.0,24401.0,SI0305,2024,9,True,ONE FAMILY DWELLINGS
Staten Island,TOTTENVILLE,01 ONE FAMILY DWELLINGS,1,8001,52,A5,10 CONFERENCE COURT,,10307.0,1.0,0.0,1.0,1457.0,1700.0,1998.0,1,A5,575000,2024-09-11,40.513072,-74.250592,503.0,51.0,5129993.0,5080010052.0,248.0,SI0305,2024,9,True,ONE FAMILY DWELLINGS
Staten Island,TOTTENVILLE,01 ONE FAMILY DWELLINGS,1,7925,26,A1,218 FINLAY STREET,,10307.0,1.0,0.0,1.0,5850.0,2800.0,1994.0,1,A1,1095000,2024-09-11,40.502308,-74.248459,503.0,51.0,5114926.0,5079250026.0,24402.0,SI0305,2024,9,True,ONE FAMILY DWELLINGS
Staten Island,WEST NEW BRIGHTON,29 COMMERCIAL GARAGES,4,179,4,G7,333 BROADWAY,,10310.0,0.0,0.0,0.0,6000.0,0.0,,4,G7,1900000,2024-09-11,40.633157,-74.116912,501.0,49.0,5004940.0,5001790004.0,105.0,SI0104,2024,9,True,COMMERCIAL GARAGES
Staten Island,WILLOWBROOK,01 ONE FAMILY DWELLINGS,1,784,8,A5,211 MARTIN AVE,,10314.0,1.0,0.0,1.0,3000.0,1248.0,1970.0,1,A5,685000,2024-09-11,40.606092,-74.139784,502.0,50.0,5020150.0,5007840008.0,18902.0,SI0203,2024,9,True,ONE FAMILY DWELLINGS
Staten Island,WILLOWBROOK,01 ONE FAMILY DWELLINGS,1,750,132,A5,473 COLLFIELD AVENUE,,10314.0,1.0,0.0,1.0,3000.0,1472.0,1994.0,1,A5,647412,2024-09-11,40.608906,-74.143935,501.0,50.0,5114916.0,5007500132.0,18901.0,SI0105,2024,9,True,ONE FAMILY DWELLINGS
Staten Island,WEST NEW BRIGHTON,21 OFFICE BUILDINGS,4,207,73,P5,332 BROADWAY,,10310.0,1.0,1.0,2.0,9801.0,7796.0,1931.0,4,O7,1900000,2024-09-11,40.633154,-74.116934,501.0,49.0,5005538.0,5002070073.0,13302.0,SI0106,2024,9,True,OFFICE BUILDINGS
Bronx,BATHGATE,03 THREE FAMILY DWELLINGS,1,3035,53,C0,459 EAST 178TH STREET,,10457.0,3.0,0.0,3.0,1799.0,3520.0,2007.0,1,C0,1175000,2024-09-12,40.848521,-73.897944,206.0,15.0,2116201.0,2030350053.0,395.0,BX0602,2024,9,True,THREE FAMILY DWELLINGS
Bronx,BATHGATE,03 THREE FAMILY DWELLINGS,1,3035,54,C0,457 EAST 178TH STREET,,10457.0,3.0,0.0,3.0,1800.0,3520.0,2007.0,1,C0,1175000,2024-09-12,40.848535,-73.897988,206.0,15.0,2115948.0,2030350054.0,395.0,BX0602,2024,9,True,THREE FAMILY DWELLINGS
Bronx,BAYCHESTER,03 THREE FAMILY DWELLINGS,1,4776,55,C0,3014 BRUNER AVE,,10469.0,3.0,0.0,3.0,3105.0,3034.0,1970.0,1,C0,592000,2024-09-12,40.871574,-73.837613,212.0,12.0,2062187.0,2047760055.0,46208.0,BX1202,2024,9,True,THREE FAMILY DWELLINGS
Bronx,BEDFORD PARK/NORWOOD,01 ONE FAMILY DWELLINGS,1,3288,20,A1,2758 BAINBRIDGE AVENUE,,10458.0,1.0,0.0,1.0,2250.0,1268.0,1910.0,1,A1,500000,2024-09-12,40.866972,-73.889987,207.0,15.0,2016655.0,2032880020.0,40502.0,BX0702,2024,9,True,ONE FAMILY DWELLINGS
Bronx,BRONXDALE,22 STORE BUILDINGS,4,4518,3,K1,1011-1017 ALLERTON AVENUE,,10469.0,0.0,4.0,4.0,5000.0,2750.0,1961.0,4,K1,450000,2024-09-12,40.865497,-73.858395,211.0,13.0,2053873.0,2045180003.0,344.0,BX1103,2024,9,True,STORE BUILDINGS
Bronx,HUNTS POINT,29 COMMERCIAL GARAGES,4,2762,408,G7,900 EDGEWATER ROAD,,10474.0,0.0,0.0,0.0,33125.0,0.0,1953.0,4,G9,7000000,2024-09-12,40.820987,-73.884369,202.0,17.0,2006494.0,2027620408.0,11502.0,BX0201,2024,9,True,COMMERCIAL GARAGES
Bronx,HIGHBRIDGE/MORRIS HEIGHTS,10 COOPS - ELEVATOR APARTMENTS,2,2510,50,D4,"1177 ANDERSON AVENUE, 4C",,10452.0,,,,,,1929.0,2,D4,70000,2024-09-12,40.836223,-73.924153,204.0,16.0,2098785.0,2025100050.0,199.0,BX0402,2024,9,True,COOPS - ELEVATOR APARTMENTS
Bronx,EAST TREMONT,09 COOPS - WALKUP APARTMENTS,2,3094,54,C6,"755 OAKLAND PLACE, 1E",,10457.0,,,,,,1907.0,2,C6,65000,2024-09-12,40.846472,-73.887603,206.0,15.0,2012653.0,2030940054.0,371.0,BX0602,2024,9,True,COOPS - WALKUP APARTMENTS
Bronx,COUNTRY CLUB,01 ONE FAMILY DWELLINGS,1,5415,32,A2,1547 RESEARCH AVENUE,,10465.0,1.0,0.0,1.0,2500.0,1371.0,1920.0,1,A2,410000,2024-09-12,40.845269,-73.819341,210.0,13.0,2076131.0,2054150032.0,27402.0,BX1003,2024,9,True,ONE FAMILY DWELLINGS
Bronx,FORDHAM,01 ONE FAMILY DWELLINGS,1,3275,23,A1,2566 MARION AVENUE,,10458.0,1.0,0.0,1.0,4900.0,3000.0,1920.0,1,A1,800000,2024-09-12,40.863167,-73.892058,207.0,15.0,2016310.0,2032750023.0,39901.0,BX0701,2024,9,True,ONE FAMILY DWELLINGS
Bronx,MORRIS PARK/VAN NEST,02 TWO FAMILY DWELLINGS,1,4128,5,B1,1032 RHINELANDER AVENUE,,10461.0,2.0,0.0,2.0,2250.0,1526.0,1920.0,1,B1,835000,2024-09-12,40.850615,-73.856539,211.0,13.0,2045470.0,2041280005.0,252.0,BX1102,2024,9,True,TWO FAMILY DWELLINGS
Bronx,MORRIS PARK/VAN NEST,14 RENTALS - 4-10 UNIT,2A,4051,9,S9,725 MORRIS PARK AVENUE,,10462.0,4.0,2.0,6.0,1900.0,5400.0,1920.0,2,S9,2000000,2024-09-12,40.845452,-73.865069,211.0,13.0,2093074.0,2040510009.0,232.0,BX1101,2024,9,True,RENTALS - 4-10 UNIT
Bronx,PARKCHESTER,13 CONDOS - ELEVATOR APARTMENTS,2,3943,4778,R4,"1610 METROPOLITAN AVENUE, 6E",6E,10462.0,1.0,,1.0,,,,2,R4,180000,2024-09-12,40.8402,-73.85675,209.0,18.0,2096743.0,2039437501.0,21002.0,BX0904,2024,9,True,CONDOS - ELEVATOR APARTMENTS
Bronx,PELHAM GARDENS,02 TWO FAMILY DWELLINGS,1,4491,37,B2,2481 WICKHAM AVENUE,,10469.0,2.0,0.0,2.0,4462.0,2484.0,1999.0,1,B2,725000,2024-09-12,40.86209,-73.835199,211.0,13.0,2103724.0,2044910037.0,310.0,BX1103,2024,9,True,TWO FAMILY DWELLINGS
Bronx,MORRISANIA/LONGWOOD,07 RENTALS - WALKUP APARTMENTS,2,2715,49,C7,995 WESTCHESTER AVENUE,,10459.0,7.0,7.0,14.0,4657.0,14000.0,1924.0,2,C7,3650000,2024-09-12,40.823494,-73.894207,202.0,17.0,2005668.0,2027150049.0,12901.0,BX0202,2024,9,True,RENTALS - WALKUP APARTMENTS
Bronx,PARKCHESTER,13 CONDOS - ELEVATOR APARTMENTS,2,3938,2962,R4,"1523 UNIONPORT ROAD, 3G",3G,10462.0,1.0,,1.0,,,,2,R4,205000,2024-09-12,40.83656,-73.856855,209.0,18.0,2096654.0,2039387501.0,212.0,BX0904,2024,9,True,CONDOS - ELEVATOR APARTMENTS
Bronx,RIVERDALE,10 COOPS - ELEVATOR APARTMENTS,2,5745,305,D4,"2575 PALISADE AVENUE, 1B",,10463.0,,,,,,1958.0,2,D4,445000,2024-09-12,40.881594,-73.921631,208.0,11.0,2083479.0,2057450305.0,29301.0,BX0803,2024,9,True,COOPS - ELEVATOR APARTMENTS
Bronx,RIVERDALE,10 COOPS - ELEVATOR APARTMENTS,2,5736,6,D4,"3050 FAIRFIELD AVENUE, 5H",,10463.0,,,,,,1958.0,2,D4,549000,2024-09-12,40.882723,-73.914509,208.0,11.0,2083403.0,2057360006.0,29302.0,BX0803,2024,9,True,COOPS - ELEVATOR APARTMENTS
Bronx,RIVERDALE,10 COOPS - ELEVATOR APARTMENTS,2,5920,653,D4,"3671 HUDSON MANOR TERRACE, 3C",,10463.0,,,,,,1963.0,2,D4,735000,2024-09-12,40.887821,-73.91575,208.0,11.0,2085874.0,2059200653.0,309.0,BX0803,2024,9,True,COOPS - ELEVATOR APARTMENTS
Bronx,SOUNDVIEW,02 TWO FAMILY DWELLINGS,1,3717,45,B3,1051 STRATFORD AVENUE,,10472.0,2.0,0.0,2.0,2825.0,1640.0,1940.0,1,B3,730000,2024-09-12,40.825446,-73.874635,209.0,18.0,2023575.0,2037170045.0,48.0,BX0901,2024,9,True,TWO FAMILY DWELLINGS
Bronx,THROGS NECK,04 TAX CLASS 1 CONDOS,1A,5519,1036,R3,"1 PATRICIA LANE, 404",404,10465.0,1.0,,1.0,,,2002.0,1,R3,499000,2024-09-12,40.819005,-73.806081,210.0,13.0,2103832.0,2055197501.0,138.0,BX1002,2024,9,True,TAX CLASS 1 CONDOS
Brooklyn,BAY RIDGE,01 ONE FAMILY DWELLINGS,1,5932,62,A5,659 BAY RIDGE PARKWAY,,11209.0,1.0,0.0,1.0,812.0,768.0,2019.0,1,A5,220000,2024-09-12,40.627226,-74.018877,310.0,47.0,3000000.0,3059320062.0,134.0,BK1001,2024,9,True,ONE FAMILY DWELLINGS
Brooklyn,BAY RIDGE,02 TWO FAMILY DWELLINGS,1,5910,28,B1,554 72ND STREET,,11209.0,2.0,0.0,2.0,2000.0,2650.0,1905.0,1,B1,1480000,2024-09-12,40.631052,-74.020363,310.0,47.0,3147476.0,3059100028.0,130.0,BK1001,2024,9,True,TWO FAMILY DWELLINGS
Brooklyn,BATH BEACH,09 COOPS - WALKUP APARTMENTS,2,6462,40,C6,"8909 BAY 16TH STREET, 11214",,11214.0,,,,,,1949.0,2,C6,265000,2024-09-12,40.601906,-74.010595,311.0,47.0,3328635.0,3064620040.0,176.0,BK1102,2024,9,True,COOPS - WALKUP APARTMENTS
Bronx,WILLIAMSBRIDGE,03 THREE FAMILY DWELLINGS,1,4861,55,C0,910 EAST 226 STREET,,10466.0,3.0,0.0,3.0,2725.0,3198.0,1925.0,1,C0,400000,2024-09-12,40.886474,-73.853703,212.0,12.0,2064444.0,2048610055.0,404.0,BX1201,2024,9,True,THREE FAMILY DWELLINGS
Brooklyn,BAY RIDGE,10 COOPS - ELEVATOR APARTMENTS,2,5904,2,D4,"7259 SHORE ROAD, 2D",,11209.0,,,,,,1955.0,2,D4,340000,2024-09-12,40.634646,-74.036955,310.0,47.0,3147142.0,3059040002.0,38.0,BK1001,2024,9,True,COOPS - ELEVATOR APARTMENTS
Brooklyn,BAY RIDGE,10 COOPS - ELEVATOR APARTMENTS,2,5929,58,D4,"345 75TH STREET, 6G",,11209.0,,,,,,1929.0,2,D4,185000,2024-09-12,40.631179,-74.026534,310.0,47.0,3148286.0,3059290058.0,66.0,BK1001,2024,9,True,COOPS - ELEVATOR APARTMENTS
Brooklyn,BEDFORD STUYVESANT,12 CONDOS - WALKUP APARTMENTS,2,1953,1101,R2,"136 CLIFTON PLACE, 1A",1A,11238.0,1.0,,1.0,,,2010.0,2,R2,1325000,2024-09-12,40.688247,-73.95893,303.0,36.0,3397384.0,3019537502.0,233.0,BK0301,2024,9,True,CONDOS - WALKUP APARTMENTS
Brooklyn,BEDFORD STUYVESANT,15 CONDOS - 2-10 UNIT RESIDENTIAL,2C,1641,1102,R1,"637 MADISON STREET, 1R",1R,11221.0,1.0,,1.0,,,2022.0,2,R1,889000,2024-09-12,40.686909,-73.931628,303.0,36.0,,,293.0,BK0302,2024,9,True,CONDOS - 2-10 UNIT RESIDENTIAL
Brooklyn,BEDFORD STUYVESANT,02 TWO FAMILY DWELLINGS,1,1639,76,B3,481 MADISON STREET,,11221.0,2.0,0.0,2.0,1800.0,3024.0,1899.0,1,B3,1600000,2024-09-12,40.686177,-73.937989,303.0,36.0,3044839.0,3016390076.0,277.0,BK0302,2024,9,True,TWO FAMILY DWELLINGS
Brooklyn,BENSONHURST,02 TWO FAMILY DWELLINGS,1,6858,69,S2,2317 86TH STREET,,11214.0,2.0,1.0,3.0,1883.0,2920.0,1930.0,1,S2,500000,2024-09-12,40.600328,-73.991163,311.0,43.0,3185348.0,3068580069.0,298.0,BK1103,2024,9,True,TWO FAMILY DWELLINGS
Brooklyn,BOERUM HILL,02 TWO FAMILY DWELLINGS,1,387,30,B9,232 BERGEN STREET,,11217.0,2.0,0.0,2.0,2000.0,3500.0,1899.0,1,B9,3000000,2024-09-12,40.684526,-73.984856,302.0,39.0,3005920.0,3003870030.0,71.0,BK0601,2024,9,True,TWO FAMILY DWELLINGS
Brooklyn,BERGEN BEACH,01 ONE FAMILY DWELLINGS,1,8435,12,A2,2167 ROYCE STREET,,11234.0,1.0,0.0,1.0,6000.0,1020.0,1955.0,1,A2,857500,2024-09-12,40.620665,-73.903394,318.0,46.0,3237797.0,3084350012.0,69602.0,BK1802,2024,9,True,ONE FAMILY DWELLINGS
Brooklyn,BENSONHURST,07 RENTALS - WALKUP APARTMENTS,2A,6325,52,C3,84-20 17 AVENUE,,11214.0,4.0,0.0,4.0,4800.0,4900.0,1929.0,2,C3,2295000,2024-09-12,40.609748,-74.00367,311.0,47.0,3165094.0,3063250052.0,180.0,BK1102,2024,9,True,RENTALS - WALKUP APARTMENTS
Brooklyn,BERGEN BEACH,01 ONE FAMILY DWELLINGS,1,8443,26,A2,2231 EAST 74TH STREET,,11234.0,1.0,0.0,1.0,4000.0,1145.0,1955.0,1,A2,830000,2024-09-12,40.618998,-73.902816,318.0,46.0,3237998.0,3084430026.0,70601.0,BK1802,2024,9,True,ONE FAMILY DWELLINGS
Brooklyn,BOROUGH PARK,31 COMMERCIAL VACANT LAND,4,5454,82,V1,1617 50TH STREET,,11204.0,0.0,0.0,0.0,4007.0,0.0,,4,V1,3350000,2024-09-12,40.630092,-73.985438,312.0,44.0,3000000.0,3054540082.0,474.0,BK1202,2024,9,True,COMMERCIAL VACANT LAND
Brooklyn,BRIGHTON BEACH,13 CONDOS - ELEVATOR APARTMENTS,2,8665,1113,R4,"2964 BRIGHTON 6TH STREET, 6B",6B,11235.0,1.0,,1.0,,,,2,R4,674367,2024-09-12,40.579862,-73.962323,313.0,48.0,3391415.0,3086657502.0,364.0,BK1303,2024,9,True,CONDOS - ELEVATOR APARTMENTS
Brooklyn,BROOKLYN HEIGHTS,07 RENTALS - WALKUP APARTMENTS,2A,270,15,C2,151 STATE STREET,,11201.0,5.0,0.0,5.0,2168.0,4100.0,1850.0,2,C2,4900000,2024-09-12,40.690667,-73.993185,302.0,33.0,3002665.0,3002700015.0,9.0,BK0201,2024,9,True,RENTALS - WALKUP APARTMENTS
Brooklyn,BOROUGH PARK,15 CONDOS - 2-10 UNIT RESIDENTIAL,2C,5687,1007,R1,"935 57TH STREET, 3C",3C,11219.0,1.0,,1.0,,,1930.0,2,R1,354900,2024-09-12,40.635352,-74.004716,312.0,43.0,3139952.0,3056870065.0,116.0,BK1201,2024,9,True,CONDOS - 2-10 UNIT RESIDENTIAL
Brooklyn,BROOKLYN HEIGHTS,10 COOPS - ELEVATOR APARTMENTS,2,253,57,D4,"70 REMSEN STREET, 8J",,11201.0,,,,,,1928.0,2,D4,400000,2024-09-12,40.694403,-73.995658,302.0,33.0,3002201.0,3002530057.0,501.0,BK0201,2024,9,True,COOPS - ELEVATOR APARTMENTS
Brooklyn,BROOKLYN HEIGHTS,13 CONDOS - ELEVATOR APARTMENTS,2,245,1362,R4,"360 FURMAN STREET, 1027",1027,11201.0,1.0,,1.0,,,2008.0,2,R4,3600000,2024-09-12,40.693398,-73.999488,302.0,33.0,3393008.0,3002457501.0,7.0,BK0201,2024,9,True,CONDOS - ELEVATOR APARTMENTS
Brooklyn,CANARSIE,03 THREE FAMILY DWELLINGS,1,8086,28,C0,1419 EAST 89TH STREET,,11236.0,3.0,0.0,3.0,2392.0,2773.0,1960.0,1,C0,991000,2024-09-12,40.63118,-73.8972,318.0,46.0,3227979.0,3080860028.0,1026.0,BK1803,2024,9,True,THREE FAMILY DWELLINGS
Brooklyn,BUSHWICK,15 CONDOS - 2-10 UNIT RESIDENTIAL,2C,3432,1103,R1,"1370 BUSHWICK AVE, 2B",2B,11207.0,1.0,,1.0,,,2017.0,2,R1,710000,2024-09-12,40.685214,-73.910634,304.0,37.0,3403057.0,3034327502.0,403.0,BK0402,2024,9,True,CONDOS - 2-10 UNIT RESIDENTIAL
Brooklyn,CANARSIE,01 ONE FAMILY DWELLINGS,1,8257,64,A2,1478 EAST 93RD STREET,,11236.0,1.0,0.0,1.0,1254.0,589.0,1920.0,1,A2,407000,2024-09-12,40.63566,-73.89711,318.0,46.0,3232619.0,3082570064.0,1008.0,BK1803,2024,9,True,ONE FAMILY DWELLINGS
Brooklyn,CANARSIE,02 TWO FAMILY DWELLINGS,1,8264,1,B2,1282 EAST 100 STREET,,11236.0,2.0,0.0,2.0,2140.0,1914.0,2007.0,1,B2,970000,2024-09-12,40.639044,-73.891531,318.0,46.0,3392793.0,3082640001.0,1012.0,BK1803,2024,9,True,TWO FAMILY DWELLINGS
Brooklyn,COBBLE HILL,07 RENTALS - WALKUP APARTMENTS,2A,296,18,C3,136 AMITY STREET,,11201.0,4.0,0.0,4.0,2500.0,5000.0,1900.0,2,C3,2800000,2024-09-12,40.689122,-73.995785,306.0,39.0,3003126.0,3002960018.0,45.0,BK0601,2024,9,True,RENTALS - WALKUP APARTMENTS
Brooklyn,CROWN HEIGHTS,02 TWO FAMILY DWELLINGS,1,1291,45,B9,368 BROOKLYN AVENUE,,11213.0,2.0,0.0,2.0,2542.0,3744.0,1905.0,1,B9,2250000,2024-09-12,40.666316,-73.945278,309.0,35.0,3033941.0,3012910045.0,333.0,BK0901,2024,9,True,TWO FAMILY DWELLINGS
Brooklyn,CROWN HEIGHTS,02 TWO FAMILY DWELLINGS,1,1406,18,B1,1502 PRESIDENT STREET,,11213.0,2.0,0.0,2.0,2405.0,3492.0,1901.0,1,B1,883333,2024-09-12,40.667408,-73.938648,309.0,35.0,3037834.0,3014060018.0,335.0,BK0901,2024,9,True,TWO FAMILY DWELLINGS
Brooklyn,DOWNTOWN-FULTON MALL,10 COOPS - ELEVATOR APARTMENTS,2,266,12,D4,"85 LIVINGSTON STREET, COMM",,11201.0,,,,,,1964.0,2,D4,1325000,2024-09-12,40.69143,-73.990823,302.0,33.0,3002556.0,3002660012.0,9.0,BK0201,2024,9,True,COOPS - ELEVATOR APARTMENTS
Brooklyn,CYPRESS HILLS,01 ONE FAMILY DWELLINGS,1,3919,3,A1,81 HENDRIX STREET,,11207.0,1.0,0.0,1.0,1667.0,1724.0,1901.0,1,A1,925000,2024-09-12,40.680405,-73.891341,305.0,37.0,3086846.0,3039190003.0,1146.0,BK0501,2024,9,True,ONE FAMILY DWELLINGS
Brooklyn,EAST NEW YORK,02 TWO FAMILY DWELLINGS,1,3866,19,B1,641 SNEDIKER AVENUE,,11207.0,2.0,0.0,2.0,2292.0,2052.0,1993.0,1,B1,802000,2024-09-12,40.658901,-73.898307,305.0,42.0,3085929.0,3038660019.0,1132.0,BK0503,2024,9,True,TWO FAMILY DWELLINGS
Brooklyn,DOWNTOWN-FULTON MALL,13 CONDOS - ELEVATOR APARTMENTS,2,157,1426,R4,"11 HOYT STREET, 51D",51D,11201.0,1.0,,1.0,,,2018.0,2,R4,1715000,2024-09-12,40.690216,-73.985327,302.0,33.0,3329438.0,3001577501.0,37.0,BK0202,2024,9,True,CONDOS - ELEVATOR APARTMENTS
Brooklyn,DOWNTOWN-FULTON MALL,11 SPECIAL CONDO BILLING LOTS,2,149,1102,RR,"138 WILLOUGHBY STREET, 68F",RESI,11201.0,458.0,0.0,458.0,21474.0,472115.0,2017.0,2,RR,1546649,2024-09-12,40.692069,-73.983135,302.0,33.0,3396962.0,3001497502.0,1502.0,BK0202,2024,9,True,SPECIAL CONDO BILLING LOTS
Brooklyn,FLATBUSH-CENTRAL,10 COOPS - ELEVATOR APARTMENTS,2,5080,60,D4,"500 OCEAN AVENUE, 6A",,11226.0,,,,,,1931.0,2,D4,499000,2024-09-12,40.650634,-73.96113,314.0,40.0,3116541.0,3050800060.0,50801.0,BK1401,2024,9,True,COOPS - ELEVATOR APARTMENTS
Brooklyn,FLATBUSH-EAST,01 ONE FAMILY DWELLINGS,1,5000,33,A5,762 EAST 37TH STREET,,11210.0,1.0,0.0,1.0,2200.0,1806.0,1940.0,1,A5,736000,2024-09-12,40.638211,-73.941457,317.0,45.0,3113920.0,3050000033.0,782.0,BK1702,2024,9,True,ONE FAMILY DWELLINGS
Brooklyn,FLATBUSH-CENTRAL,03 THREE FAMILY DWELLINGS,1,5231,70,C0,499 EAST 29TH STREET,,11210.0,3.0,0.0,3.0,4000.0,2624.0,1920.0,1,C0,650000,2024-09-12,40.638198,-73.949185,314.0,45.0,3121070.0,3052310070.0,78801.0,BK1401,2024,9,True,THREE FAMILY DWELLINGS
Brooklyn,FLATBUSH-CENTRAL,10 COOPS - ELEVATOR APARTMENTS,2,5159,13,D4,"400 EAST 17TH STREET, 405",,11226.0,,,,,,1962.0,2,D4,100793,2024-09-12,40.641077,-73.962479,314.0,40.0,3118756.0,3051590013.0,514.0,BK1401,2024,9,True,COOPS - ELEVATOR APARTMENTS
Brooklyn,FLATBUSH-EAST,02 TWO FAMILY DWELLINGS,1,4869,44,B1,8 RALEIGH PLACE,,11226.0,2.0,0.0,2.0,1950.0,2060.0,1910.0,1,B1,1065000,2024-09-12,40.651504,-73.947726,317.0,40.0,3108576.0,3048690044.0,818.0,BK1701,2024,9,True,TWO FAMILY DWELLINGS
Brooklyn,FLATBUSH-LEFFERTS GARDEN,10 COOPS - ELEVATOR APARTMENTS,2,5026,34,D4,"125 OCEAN AVE, 1F",,11225.0,,,,,,1939.0,2,D4,690000,2024-09-12,40.659763,-73.962681,309.0,40.0,3114591.0,3050260034.0,79802.0,BK0902,2024,9,True,COOPS - ELEVATOR APARTMENTS
Brooklyn,FLATBUSH-NORTH,03 THREE FAMILY DWELLINGS,1,4667,24,C0,396 EAST 93RD STREET,,11212.0,3.0,0.0,3.0,1880.0,1627.0,1950.0,1,C0,1136252,2024-09-12,40.656506,-73.920331,317.0,41.0,3101766.0,3046670024.0,886.0,BK1704,2024,9,True,THREE FAMILY DWELLINGS
Brooklyn,FORT GREENE,10 COOPS - ELEVATOR APARTMENTS,2,2100,72,D4,"101 LAFAYETTE AVENUE, 7B",,11217.0,,,,,,1931.0,2,D4,445000,2024-09-12,40.687261,-73.974093,302.0,35.0,3058921.0,3021000072.0,181.0,BK0203,2024,9,True,COOPS - ELEVATOR APARTMENTS
Brooklyn,GRAVESEND,01 ONE FAMILY DWELLINGS,1,6646,38,A5,1776 W 10TH STREET,,11223.0,1.0,0.0,1.0,1800.0,1368.0,1915.0,1,A5,998000,2024-09-12,40.603741,-73.982746,311.0,43.0,3176547.0,3066460038.0,428.0,BK1103,2024,9,True,ONE FAMILY DWELLINGS
Brooklyn,GRAVESEND,04 TAX CLASS 1 CONDOS,1A,6597,1003,R3,"1575 WEST 10TH STREET, 2A3",2A3,11204.0,1.0,,1.0,,,,1,R3,468000,2024-09-12,40.608487,-73.98362,311.0,43.0,3174179.0,3065977501.0,430.0,BK1101,2024,9,True,TAX CLASS 1 CONDOS
Brooklyn,GRAVESEND,01 ONE FAMILY DWELLINGS,1,6917,47,A9,142 BAY 50TH STREET,,11214.0,1.0,0.0,1.0,1933.0,1430.0,1925.0,1,A9,585000,2024-09-12,40.585832,-73.986665,313.0,47.0,3187428.0,3069170048.0,31401.0,BK1301,2024,9,True,ONE FAMILY DWELLINGS
Brooklyn,GRAVESEND,02 TWO FAMILY DWELLINGS,1,6908,17,B1,2528 HARWAY AVENUE,,11214.0,2.0,0.0,2.0,1783.0,2223.0,1960.0,1,B1,1420000,2024-09-12,40.592214,-73.991675,311.0,47.0,3187067.0,3069080017.0,304.0,BK1103,2024,9,True,TWO FAMILY DWELLINGS
Brooklyn,GRAVESEND,10 COOPS - ELEVATOR APARTMENTS,2,6933,55,D4,"2630 CROPSEY AVENUE, 5A",,11214.0,,,,,,1963.0,2,D4,380000,2024-09-12,40.589563,-73.990887,313.0,47.0,3336512.0,3069330055.0,31401.0,BK1301,2024,9,True,COOPS - ELEVATOR APARTMENTS
Brooklyn,GRAVESEND,10 COOPS - ELEVATOR APARTMENTS,2,6919,1,D4,"2483 WEST 16TH STREET, 4H",,11214.0,,,,,,1963.0,2,D4,435000,2024-09-12,40.586911,-73.985357,313.0,47.0,3337264.0,3069190001.0,308.0,BK1301,2024,9,True,COOPS - ELEVATOR APARTMENTS
Brooklyn,GREENPOINT,27 FACTORIES,4,2592,14,F5,36 FRANKLIN STREET,,11222.0,0.0,1.0,1.0,2750.0,2750.0,1931.0,4,F5,7750000,2024-09-12,40.72641,-73.957322,301.0,33.0,3345838.0,3025920014.0,561.0,BK0101,2024,9,True,FACTORIES
Brooklyn,GREENPOINT,14 RENTALS - 4-10 UNIT,2A,2690,2,S5,264 NASSAU AVENUE,,11222.0,5.0,1.0,6.0,2500.0,4500.0,1931.0,2,S5,1500000,2024-09-12,40.725988,-73.940503,301.0,33.0,3067254.0,3026900002.0,593.0,BK0101,2024,9,True,RENTALS - 4-10 UNIT
Brooklyn,KENSINGTON,10 COOPS - ELEVATOR APARTMENTS,2,5305,51,D4,"36 DAHILL ROAD, 4-I",,11218.0,,,,,,1950.0,2,D4,415000,2024-09-12,40.646384,-73.981186,312.0,39.0,3123574.0,3053050051.0,498.0,BK1203,2024,9,True,COOPS - ELEVATOR APARTMENTS
Brooklyn,GREENPOINT,27 FACTORIES,4,2592,11,F5,30 FRANKLIN STREET,,11222.0,0.0,1.0,1.0,8060.0,5294.0,1931.0,4,F5,7750000,2024-09-12,40.726072,-73.957384,301.0,33.0,3065247.0,3025920011.0,561.0,BK0101,2024,9,True,FACTORIES
Brooklyn,GREENPOINT,27 FACTORIES,4,2592,26,F5,266 BANKER STREET,,11222.0,0.0,1.0,1.0,2613.0,924.0,1931.0,4,F5,7750000,2024-09-12,40.726632,-73.95651,301.0,33.0,3065251.0,3025920026.0,561.0,BK0101,2024,9,True,FACTORIES
Brooklyn,GREENPOINT,27 FACTORIES,4,2592,15,F5,38 FRANKLIN STREET,,11222.0,0.0,1.0,1.0,2587.0,5425.0,1931.0,4,F5,7750000,2024-09-12,40.72644,-73.957319,301.0,33.0,3065249.0,3025920015.0,561.0,BK0101,2024,9,True,FACTORIES
Brooklyn,MADISON,22 STORE BUILDINGS,4,7338,48,K2,3003 AVENUE U,,11229.0,0.0,1.0,1.0,2000.0,1700.0,1925.0,4,K2,660000,2024-09-12,40.600773,-73.938843,315.0,46.0,3199145.0,3073380048.0,568.0,BK1502,2024,9,True,STORE BUILDINGS
Brooklyn,MARINE PARK,01 ONE FAMILY DWELLINGS,1,7694,85,A1,1477 EAST 32ND STREET,,11234.0,1.0,0.0,1.0,2400.0,1608.0,1920.0,1,A1,615000,2024-09-12,40.616377,-73.943673,318.0,45.0,3211552.0,3076940085.0,644.0,BK1802,2024,9,True,ONE FAMILY DWELLINGS
Brooklyn,MADISON,21 OFFICE BUILDINGS,4,7338,49,O5,3001 AVENUE U,,11229.0,1.0,2.0,3.0,2000.0,1800.0,1925.0,4,O5,990000,2024-09-12,40.600768,-73.938904,315.0,46.0,3254160.0,3073380049.0,568.0,BK1502,2024,9,True,OFFICE BUILDINGS
Brooklyn,MILL BASIN,01 ONE FAMILY DWELLINGS,1,8600,12,A1,2743 WHITMAN DRIVE,,11234.0,1.0,0.0,1.0,4000.0,2041.0,2023.0,1,A1,760000,2024-09-12,40.604719,-73.911494,318.0,46.0,3000000.0,3086000012.0,70201.0,BK1802,2024,9,True,ONE FAMILY DWELLINGS
Brooklyn,MILL BASIN,01 ONE FAMILY DWELLINGS,1,8470,2001,A3,11 BELL POINT DRIVE,,11234.0,1.0,0.0,1.0,8703.0,3000.0,2005.0,1,A3,1700000,2024-09-12,40.609971,-73.913998,318.0,46.0,3346588.0,3084702001.0,698.0,BK1802,2024,9,True,ONE FAMILY DWELLINGS
Brooklyn,MARINE PARK,10 COOPS - ELEVATOR APARTMENTS,2,7654,14,D4,"3626 KINGS HIGHWAY, 5G",,11234.0,,,,,,1939.0,2,D4,215000,2024-09-12,40.621351,-73.939616,318.0,45.0,3209903.0,3076540014.0,738.0,BK1801,2024,9,True,COOPS - ELEVATOR APARTMENTS
Brooklyn,OCEAN PARKWAY-NORTH,01 ONE FAMILY DWELLINGS,1,6512,35,A1,866 EAST 10TH STREET,,11230.0,1.0,0.0,1.0,3000.0,1632.0,1915.0,1,A1,2625000,2024-09-12,40.627752,-73.966766,312.0,45.0,3170555.0,3065120035.0,456.0,BK1204,2024,9,True,ONE FAMILY DWELLINGS
Brooklyn,OCEAN PARKWAY-NORTH,10 COOPS - ELEVATOR APARTMENTS,2,6495,1,D4,"855 EAST 7TH STREET, 1F",,11230.0,,,,,,1963.0,2,D4,572000,2024-09-12,40.630163,-73.970202,314.0,45.0,3170096.0,3064950001.0,460.0,BK1402,2024,9,True,COOPS - ELEVATOR APARTMENTS
Brooklyn,OCEAN PARKWAY-NORTH,10 COOPS - ELEVATOR APARTMENTS,2,5357,5,D4,"260 OCEAN PARKWAY, 2D",,11218.0,,,,,,1930.0,2,D4,400000,2024-09-12,40.642946,-73.974038,312.0,39.0,3125448.0,3053570005.0,494.0,BK1203,2024,9,True,COOPS - ELEVATOR APARTMENTS
Brooklyn,OCEAN PARKWAY-SOUTH,03 THREE FAMILY DWELLINGS,1,7128,67,C0,2121 EAST 1ST STREET,,11223.0,3.0,0.0,3.0,2567.0,2720.0,1930.0,1,C0,2200000,2024-09-12,40.596863,-73.970466,315.0,44.0,3192815.0,3071280067.0,396.0,BK1501,2024,9,True,THREE FAMILY DWELLINGS
Brooklyn,PARK SLOPE,02 TWO FAMILY DWELLINGS,1,1103,32,B3,486 14TH ST,,11215.0,2.0,0.0,2.0,1900.0,2960.0,1901.0,1,B3,3850000,2024-09-12,40.661928,-73.980057,306.0,39.0,3026609.0,3011030032.0,167.0,BK0602,2024,9,True,TWO FAMILY DWELLINGS
Brooklyn,OLD MILL BASIN,01 ONE FAMILY DWELLINGS,1,7882,37,A9,1323 EAST 57TH STREET,,11234.0,1.0,0.0,1.0,1750.0,1232.0,1920.0,1,A9,748000,2024-09-12,40.62104,-73.920302,318.0,46.0,3220388.0,3078820037.0,690.0,BK1801,2024,9,True,ONE FAMILY DWELLINGS
Brooklyn,OCEAN PARKWAY-SOUTH,02 TWO FAMILY DWELLINGS,1,7157,13,B1,2230 OCEAN PARKWAY,,11223.0,2.0,0.0,2.0,4363.0,2724.0,1935.0,1,B1,4400000,2024-09-12,40.594981,-73.964943,315.0,44.0,3193935.0,3071570013.0,390.0,BK1501,2024,9,True,TWO FAMILY DWELLINGS
Brooklyn,PARK SLOPE,09 COOPS - WALKUP APARTMENTS,2C,937,11,C6,"638 WARREN STREET, 1L",,11217.0,,,,,,1920.0,2,C6,620000,2024-09-12,40.680949,-73.979781,306.0,39.0,3018797.0,3009370011.0,12901.0,BK0602,2024,9,True,COOPS - WALKUP APARTMENTS
Brooklyn,OLD MILL BASIN,02 TWO FAMILY DWELLINGS,1,7880,1,B3,5523 AVENUE N,,11234.0,2.0,0.0,2.0,4000.0,1180.0,1901.0,1,B3,688888,2024-09-12,40.619276,-73.921777,318.0,46.0,3220238.0,3078800001.0,690.0,BK1801,2024,9,True,TWO FAMILY DWELLINGS
Brooklyn,PARK SLOPE,10 COOPS - ELEVATOR APARTMENTS,2,963,67,D4,"195 GARFIELD PLACE, 3N",,11215.0,,,,,,1931.0,2,D4,650000,2024-09-12,40.672679,-73.977779,306.0,39.0,3020549.0,3009630067.0,157.0,BK0602,2024,9,True,COOPS - ELEVATOR APARTMENTS
Brooklyn,SHEEPSHEAD BAY,10 COOPS - ELEVATOR APARTMENTS,2,7422,1042,D4,"2461 EAST 29TH STREET, 6N",,11235.0,,,,,,1955.0,2,D4,270000,2024-09-12,40.592466,-73.941389,315.0,48.0,3334400.0,3074221042.0,59402.0,BK1503,2024,9,True,COOPS - ELEVATOR APARTMENTS
Brooklyn,SUNSET PARK,14 RENTALS - 4-10 UNIT,2B,775,9,S9,4801 5 AVENUE,,11220.0,5.0,2.0,7.0,1613.0,5547.0,1924.0,2,S9,700000,2024-09-12,40.646138,-74.009232,307.0,38.0,3012639.0,3007750009.0,98.0,BK0703,2024,9,True,RENTALS - 4-10 UNIT
Brooklyn,SUNSET PARK,04 TAX CLASS 1 CONDOS,1A,892,1325,R3,"695 6 AVENUE, 3D",3D,11215.0,1.0,,1.0,,,2016.0,1,R3,1300500,2024-09-12,40.660378,-73.990831,307.0,39.0,3425939.0,3008927504.0,147.0,BK0702,2024,9,True,TAX CLASS 1 CONDOS
Brooklyn,WILLIAMSBURG-EAST,02 TWO FAMILY DWELLINGS,1,2761,44,B9,37 DEVOE STREET,,11211.0,2.0,0.0,2.0,1313.0,1530.0,1901.0,1,B9,2300000,2024-09-12,40.713259,-73.949969,301.0,34.0,3068796.0,3027610044.0,513.0,BK0102,2024,9,True,TWO FAMILY DWELLINGS
Brooklyn,WILLIAMSBURG-SOUTH,46 CONDO STORE BUILDINGS,4,2420,1201,RK,"207 SOUTH 3RD STREET, C",C,11211.0,,1.0,1.0,,,1990.0,4,RK,18991004,2024-09-12,40.711279,-73.95911,301.0,34.0,3421342.0,3024207503.0,523.0,BK0102,2024,9,True,CONDO STORE BUILDINGS
Brooklyn,WINDSOR TERRACE,10 COOPS - ELEVATOR APARTMENTS,2,1107,33,D4,"75 PROSPECT PARK SOUTHWEST, A4",,11215.0,,,,,,1936.0,2,D4,724000,2024-09-12,40.658809,-73.975354,307.0,39.0,3026795.0,3011070033.0,171.0,BK0701,2024,9,True,COOPS - ELEVATOR APARTMENTS
Manhattan,CHELSEA,10 COOPS - ELEVATOR APARTMENTS,2,748,1,D4,"351 WEST 24TH STREET, 9E",,10011.0,,,,,,1963.0,2,D4,96513,2024-09-12,40.746614,-74.000242,104.0,3.0,1083598.0,1007480001.0,93.0,MN0401,2024,9,True,COOPS - ELEVATOR APARTMENTS
Manhattan,CHELSEA,13 CONDOS - ELEVATOR APARTMENTS,2,766,1236,R4,"270 WEST 17TH STREET, 18G",18G,10011.0,1.0,,1.0,,,1989.0,2,R4,1197500,2024-09-12,40.741242,-74.000137,104.0,3.0,1076135.0,1007667502.0,81.0,MN0401,2024,9,True,CONDOS - ELEVATOR APARTMENTS
Manhattan,CLINTON,44 CONDO PARKING,4,1064,1138,RG,"421 WEST 54TH STREET, P9",P9,10019.0,,1.0,1.0,,,,4,RG,3895000,2024-09-12,40.766348,-73.98795,104.0,3.0,1087506.0,1010647502.0,139.0,MN0402,2024,9,True,CONDO PARKING
Manhattan,CLINTON,10 COOPS - ELEVATOR APARTMENTS,2,1067,22,D4,"421 WEST 57TH ST, 2G",,10019.0,,,,,,1940.0,2,D4,193866,2024-09-12,40.768274,-73.986541,104.0,6.0,1026885.0,1010670022.0,139.0,MN0402,2024,9,True,COOPS - ELEVATOR APARTMENTS
Manhattan,FLATIRON,21 OFFICE BUILDINGS,4,821,38,O6,"5 WEST 19TH STREET, 8S",,10011.0,11.0,12.0,23.0,9200.0,91000.0,1900.0,4,O6,2650000,2024-09-12,40.739337,-73.991946,105.0,3.0,1015475.0,1008210038.0,54.0,MN0501,2024,9,True,OFFICE BUILDINGS
Manhattan,FLATIRON,10 COOPS - ELEVATOR APARTMENTS,2,817,25,D0,"29 WEST 15TH STREET, 6 FL",,10011.0,,,,,,1905.0,2,D0,1805000,2024-09-12,40.737183,-73.994259,105.0,3.0,1015308.0,1008170025.0,54.0,MN0501,2024,9,True,COOPS - ELEVATOR APARTMENTS
Manhattan,GRAMERCY,13 CONDOS - ELEVATOR APARTMENTS,2,900,1343,R4,"200 EAST 20TH ST, 14B",14B,10003.0,1.0,,1.0,,,2022.0,2,R4,3474300,2024-09-12,40.736915,-73.984422,106.0,2.0,1019607.0,1009000055.0,64.0,MN0602,2024,9,True,CONDOS - ELEVATOR APARTMENTS
Manhattan,GREENWICH VILLAGE-CENTRAL,10 COOPS - ELEVATOR APARTMENTS,2,567,19,D4,"25 EAST 9TH STREET, 4A",,10003.0,,,,,,1926.0,2,D4,3520500,2024-09-12,40.732275,-73.994537,102.0,2.0,1009238.0,1005670019.0,59.0,MN0202,2024,9,True,COOPS - ELEVATOR APARTMENTS
Manhattan,GREENWICH VILLAGE-CENTRAL,10 COOPS - ELEVATOR APARTMENTS,2,567,19,D4,"25 EAST 9TH STREET, 4B",,10003.0,,,,,,1926.0,2,D4,650000,2024-09-12,40.732275,-73.994537,102.0,2.0,1009238.0,1005670019.0,59.0,MN0202,2024,9,True,COOPS - ELEVATOR APARTMENTS
Manhattan,GREENWICH VILLAGE-CENTRAL,10 COOPS - ELEVATOR APARTMENTS,2,566,18,D4,"20 EAST 9TH STREET, 19C",,10003.0,,,,,,1964.0,2,D4,2635000,2024-09-12,40.732379,-73.994829,102.0,2.0,1009223.0,1005660018.0,59.0,MN0202,2024,9,True,COOPS - ELEVATOR APARTMENTS
Manhattan,GREENWICH VILLAGE-CENTRAL,10 COOPS - ELEVATOR APARTMENTS,2,561,45,D4,"45 EAST 9TH STREET, 99",,10003.0,,,,,,1925.0,2,D4,1675000,2024-09-12,40.731723,-73.993224,102.0,2.0,1009101.0,1005610045.0,59.0,MN0202,2024,9,True,COOPS - ELEVATOR APARTMENTS
Manhattan,HARLEM-CENTRAL,02 TWO FAMILY DWELLINGS,1,1911,34,S2,333 LENOX AVENUE,,10027.0,2.0,1.0,3.0,1422.0,3300.0,1910.0,1,S2,1510000,2024-09-12,40.808873,-73.944695,110.0,9.0,1057867.0,1019110034.0,224.0,MN1002,2024,9,True,TWO FAMILY DWELLINGS
Manhattan,HARLEM-UPPER,13 CONDOS - ELEVATOR APARTMENTS,2,2090,1140,R4,"668 RIVERSIDE DRIVE, 4I",4I,10031.0,1.0,,1.0,,,,2,R4,702593,2024-09-12,40.82638,-73.952561,109.0,7.0,1062364.0,1020907502.0,229.0,MN0903,2024,9,True,CONDOS - ELEVATOR APARTMENTS
Manhattan,HARLEM-WEST,10 COOPS - ELEVATOR APARTMENTS,2,2001,60,D4,"575 RIVERSIDE DRIVE, 42",,10031.0,,,,,,1926.0,2,D4,599000,2024-09-12,40.82104,-73.957753,109.0,7.0,1059945.0,1020010060.0,22302.0,MN0902,2024,9,True,COOPS - ELEVATOR APARTMENTS
Manhattan,KIPS BAY,13 CONDOS - ELEVATOR APARTMENTS,2,943,1506,R4,"330 EAST 38TH STREET, 36D",36D,10016.0,1.0,,1.0,,,,2,R4,1900000,2024-09-12,40.746742,-73.972741,106.0,4.0,1076166.0,1009437501.0,78.0,MN0603,2024,9,True,CONDOS - ELEVATOR APARTMENTS
Manhattan,MIDTOWN EAST,10 COOPS - ELEVATOR APARTMENTS,2,1323,36,D4,"230 EAST 50TH STREET, 6B",,10022.0,,,,,,1927.0,2,D4,800000,2024-09-12,40.755472,-73.969948,106.0,4.0,1038238.0,1013230036.0,98.0,MN0604,2024,9,True,COOPS - ELEVATOR APARTMENTS
Manhattan,MIDTOWN EAST,10 COOPS - ELEVATOR APARTMENTS,2,1365,20,D4,"60 SUTTON PLACE SOUTH, 14EN",,10022.0,,,,,,1951.0,2,D4,1600000,2024-09-12,40.755286,-73.962231,106.0,4.0,1040160.0,1013650020.0,8603.0,MN0604,2024,9,True,COOPS - ELEVATOR APARTMENTS
Manhattan,MIDTOWN EAST,10 COOPS - ELEVATOR APARTMENTS,2,1333,1,D4,"305 EAST 40TH STREET, 3X",,10016.0,,,,,,1963.0,2,D4,435250,2024-09-12,40.748469,-73.972954,106.0,4.0,1038645.0,1013330001.0,88.0,MN0603,2024,9,True,COOPS - ELEVATOR APARTMENTS
Brooklyn,FORT GREENE,17 CONDO COOPS,2,2004,1003,R9,"212 SOUTH OXFORD STREET, 3",,11217.0,,,,,,2009.0,2,R9,525000,2024-10-28,40.683198,-73.972861,302.0,35.0,3397489.0,3020047501.0,179.0,BK0203,2024,10,True,CONDO COOPS
Brooklyn,GRAVESEND,03 THREE FAMILY DWELLINGS,1,6932,7,C0,2568 CROPSEY AVENUE,,11214.0,3.0,0.0,3.0,2385.0,3220.0,1970.0,1,C0,1500000,2024-10-28,40.590784,-73.99187,311.0,47.0,3187670.0,3069320007.0,304.0,BK1103,2024,10,True,THREE FAMILY DWELLINGS
Brooklyn,GRAVESEND,03 THREE FAMILY DWELLINGS,1,7148,60,C0,457 VAN SICKLEN STREET,,11223.0,3.0,0.0,3.0,1570.0,1024.0,1910.0,1,C0,690000,2024-10-28,40.592989,-73.975555,315.0,44.0,3193526.0,3071480060.0,386.0,BK1501,2024,10,True,THREE FAMILY DWELLINGS
Brooklyn,GRAVESEND,02 TWO FAMILY DWELLINGS,1,6953,52,B1,248 AVENUE Z,,11214.0,2.0,0.0,2.0,2000.0,1216.0,1930.0,1,B1,999000,2024-10-28,40.584676,-73.984137,313.0,47.0,3187942.0,3069530052.0,308.0,BK1301,2024,10,True,TWO FAMILY DWELLINGS
Brooklyn,GREENPOINT,13 CONDOS - ELEVATOR APARTMENTS,2,2520,1070,R4,"29 HURON STREET, 10H-W",10H-W,11222.0,1.0,,1.0,,,2020.0,2,R4,880000,2024-10-28,40.732493,-73.960685,301.0,33.0,,,56302.0,BK0101,2024,10,True,CONDOS - ELEVATOR APARTMENTS
Brooklyn,GREENPOINT,03 THREE FAMILY DWELLINGS,1,2652,23,C0,35 JEWEL STREET,,11222.0,3.0,0.0,3.0,1667.0,2400.0,1901.0,1,C0,2100000,2024-10-28,40.726199,-73.946221,301.0,33.0,3066325.0,3026520023.0,571.0,BK0101,2024,10,True,THREE FAMILY DWELLINGS
Brooklyn,MARINE PARK,01 ONE FAMILY DWELLINGS,1,8483,31,A1,1823 RYDER STREET,,11234.0,1.0,0.0,1.0,2000.0,840.0,1930.0,1,A1,550000,2024-10-28,40.61392,-73.93225,318.0,46.0,3239352.0,3084830031.0,654.0,BK1802,2024,10,True,ONE FAMILY DWELLINGS
Brooklyn,MARINE PARK,01 ONE FAMILY DWELLINGS,1,7708,56,A9,1624 EAST 36TH STREET,,11234.0,1.0,0.0,1.0,1800.0,1148.0,1925.0,1,A9,815000,2024-10-28,40.615745,-73.938044,318.0,46.0,3212396.0,3077080056.0,646.0,BK1802,2024,10,True,ONE FAMILY DWELLINGS
Brooklyn,MARINE PARK,02 TWO FAMILY DWELLINGS,1,7694,14,B1,1561 EAST 32ND STREET,,11234.0,2.0,0.0,2.0,2500.0,1600.0,1930.0,1,B1,900000,2024-10-28,40.615064,-73.942208,318.0,45.0,3211497.0,3076940014.0,644.0,BK1802,2024,10,True,TWO FAMILY DWELLINGS
Brooklyn,OLD MILL BASIN,02 TWO FAMILY DWELLINGS,1,7883,64,B3,1346 EAST 59TH STREET,,11234.0,2.0,0.0,2.0,2000.0,1250.0,1920.0,1,B3,745000,2024-10-28,40.62074,-73.918411,318.0,46.0,3220485.0,3078830064.0,690.0,BK1801,2024,10,True,TWO FAMILY DWELLINGS
Brooklyn,PARK SLOPE,02 TWO FAMILY DWELLINGS,1,1096,22,B9,524 11TH STREET,,11215.0,2.0,0.0,2.0,1958.0,2322.0,1901.0,1,B9,2350000,2024-10-28,40.665178,-73.981537,306.0,39.0,3026275.0,3010960022.0,151.0,BK0602,2024,10,True,TWO FAMILY DWELLINGS
Brooklyn,OLD MILL BASIN,01 ONE FAMILY DWELLINGS,1,7878,33,A9,1543 EAST 53RD STREET,,11234.0,1.0,0.0,1.0,1900.0,1274.0,1920.0,1,A9,760000,2024-10-28,40.620713,-73.924131,318.0,46.0,3220123.0,3078780033.0,680.0,BK1801,2024,10,True,ONE FAMILY DWELLINGS
Brooklyn,PARK SLOPE,13 CONDOS - ELEVATOR APARTMENTS,2,974,1317,R4,"302 2 STREET, 4C",4C,11215.0,1.0,,1.0,,,2005.0,2,R4,828000,2024-10-28,40.674316,-73.9847,306.0,39.0,3392416.0,3009747504.0,135.0,BK0602,2024,10,True,CONDOS - ELEVATOR APARTMENTS
Brooklyn,PARK SLOPE,13 CONDOS - ELEVATOR APARTMENTS,2,961,1041,R4,"560 CARROLL STREET, 11B",11B,11215.0,1.0,,1.0,,,2007.0,2,R4,1550000,2024-10-28,40.675927,-73.983355,306.0,39.0,3397513.0,3009617502.0,133.0,BK0602,2024,10,True,CONDOS - ELEVATOR APARTMENTS
Brooklyn,PARK SLOPE,15 CONDOS - 2-10 UNIT RESIDENTIAL,2C,1102,1505,R1,"390 14TH STREET, 5",5,11215.0,1.0,,1.0,,,2009.0,2,R1,1010000,2024-10-28,40.66357,-73.983455,306.0,39.0,3396876.0,3011027506.0,14901.0,BK0602,2024,10,True,CONDOS - 2-10 UNIT RESIDENTIAL
Brooklyn,SHEEPSHEAD BAY,10 COOPS - ELEVATOR APARTMENTS,2,7370,21,D4,"3105 AVENUE V, 2F",,11229.0,,,,,,1952.0,2,D4,250000,2024-10-28,40.599225,-73.934609,315.0,46.0,3320773.0,3073700021.0,570.0,BK1503,2024,10,True,COOPS - ELEVATOR APARTMENTS
Brooklyn,SHEEPSHEAD BAY,15 CONDOS - 2-10 UNIT RESIDENTIAL,2C,7397,1101,R1,"2362 EAST 13TH STREET, 1A",1A,11229.0,1.0,,1.0,,,1976.0,2,R1,314340,2024-10-28,40.593033,-73.957206,315.0,48.0,3201756.0,3073977502.0,584.0,BK1501,2024,10,True,CONDOS - 2-10 UNIT RESIDENTIAL
Brooklyn,SUNSET PARK,13 CONDOS - ELEVATOR APARTMENTS,2,922,1311,R4,"4112 8TH AVENUE, 6A",6A,11232.0,1.0,,1.0,,,2017.0,2,R4,498000,2024-10-28,40.646034,-73.998609,307.0,38.0,3426044.0,3009227504.0,9201.0,BK0703,2024,10,True,CONDOS - ELEVATOR APARTMENTS
Brooklyn,WILLIAMSBURG-EAST,13 CONDOS - ELEVATOR APARTMENTS,2,2741,1003,R4,"538 UNION AVENUE, 2B",2B,11211.0,1.0,,1.0,,,2013.0,2,R4,1008068,2024-10-28,40.716477,-73.952008,301.0,33.0,3418365.0,3027417501.0,515.0,BK0102,2024,10,True,CONDOS - ELEVATOR APARTMENTS
Queens,WOODSIDE,03 THREE FAMILY DWELLINGS,1,1240,92,C0,40-03 WOODSIDE AVENUE,,11377.0,3.0,0.0,3.0,1112.0,2575.0,1960.0,1,C0,970000,2024-10-28,40.748475,-73.910138,402.0,26.0,,,255.0,QN0203,2024,10,True,THREE FAMILY DWELLINGS
Brooklyn,WINDSOR TERRACE,10 COOPS - ELEVATOR APARTMENTS,2,5268,18,D4,"202 SEELEY STREET, 5G",,11218.0,,,,,,1931.0,2,D4,402000,2024-10-28,40.655002,-73.975204,307.0,39.0,3122187.0,3052680018.0,50202.0,BK0701,2024,10,True,COOPS - ELEVATOR APARTMENTS
Brooklyn,WILLIAMSBURG-SOUTH,44 CONDO PARKING,4,2129,1738,RG,"26 BROADWAY, PKG6",PKG6,11249.0,,1.0,1.0,,,,4,RG,1325500,2024-10-28,40.710752,-73.967973,301.0,33.0,3424338.0,3021297507.0,549.0,BK0102,2024,10,True,CONDO PARKING
Manhattan,CHELSEA,13 CONDOS - ELEVATOR APARTMENTS,2,694,1229,R4,"555 WEST 22ND STREET, 18BW",18BW,10011.0,1.0,,1.0,,,2019.0,2,R4,5750000,2024-10-28,40.74756,-74.005919,104.0,3.0,1012322.0,1006947502.0,9901.0,MN0401,2024,10,True,CONDOS - ELEVATOR APARTMENTS
Manhattan,CHELSEA,10 COOPS - ELEVATOR APARTMENTS,2,748,1,D4,"341 WEST 24TH STREET, 10A",,10011.0,,,,,,1963.0,2,D4,135366,2024-10-28,40.746325,-73.999802,104.0,3.0,1083598.0,1007480001.0,93.0,MN0401,2024,10,True,COOPS - ELEVATOR APARTMENTS
Manhattan,FINANCIAL,13 CONDOS - ELEVATOR APARTMENTS,2,25,1227,R4,"25 BROAD STREET, M017",M017,10004.0,1.0,,1.0,,,1900.0,2,R4,1400000,2024-10-28,40.706114,-74.01126,101.0,1.0,1000824.0,1000257502.0,9.0,MN0101,2024,10,True,CONDOS - ELEVATOR APARTMENTS
Manhattan,FLATIRON,10 COOPS - ELEVATOR APARTMENTS,2C,823,4,D0,"682 SIXTH AVENUE, 7",,10010.0,,,,,,1920.0,2,D0,2245000,2024-10-28,40.741884,-73.993533,105.0,3.0,1015521.0,1008230004.0,58.0,MN0501,2024,10,True,COOPS - ELEVATOR APARTMENTS
Manhattan,FLATIRON,13 CONDOS - ELEVATOR APARTMENTS,2,856,1282,R4,"225 FIFTH AVENUE, PHK",PHK,10010.0,1.0,,1.0,,,1900.0,2,R4,2700000,2024-10-28,40.743827,-73.987907,105.0,3.0,1087263.0,1008567502.0,56.0,MN0501,2024,10,True,CONDOS - ELEVATOR APARTMENTS
Manhattan,GRAMERCY,10 COOPS - ELEVATOR APARTMENTS,2,899,1,D4,"205 THIRD AVE, 18N",,10003.0,,,,,,1964.0,2,D4,1220000,2024-10-28,40.735875,-73.985289,106.0,2.0,1019580.0,1008990001.0,48.0,MN0602,2024,10,True,COOPS - ELEVATOR APARTMENTS
Manhattan,FLATIRON,46 CONDO STORE BUILDINGS,4,844,1001,RK,"5 EAST 16TH STREET, 1",1,10003.0,,1.0,1.0,,,1920.0,4,RK,4500000,2024-10-28,40.737196,-73.992307,105.0,2.0,1016096.0,1008447501.0,52.0,MN0501,2024,10,True,CONDO STORE BUILDINGS
Manhattan,FLATIRON,10 COOPS - ELEVATOR APARTMENTS,2,827,68,D0,"38 WEST 26TH STREET, 12AB",,10010.0,,,,,,1909.0,2,D0,6400000,2024-10-28,40.744357,-73.990372,105.0,3.0,1015631.0,1008270068.0,58.0,MN0501,2024,10,True,COOPS - ELEVATOR APARTMENTS
Manhattan,GREENWICH VILLAGE-CENTRAL,17 CONDO COOPS,2,560,1003,R9,"30 EAST 9TH STREET, 4K",,10003.0,,,,,,1955.0,2,R9,1550000,2024-10-28,40.731976,-73.99387,102.0,2.0,1009090.0,1005607501.0,59.0,MN0202,2024,10,True,CONDO COOPS
Manhattan,GREENWICH VILLAGE-WEST,09 COOPS - WALKUP APARTMENTS,2,603,1,C6,"133 BARROW STREET, 1A",,10014.0,,,,,,1960.0,2,C6,1135266,2024-10-28,40.731932,-74.009493,102.0,3.0,1083168.0,1006030001.0,69.0,MN0203,2024,10,True,COOPS - WALKUP APARTMENTS
Manhattan,GREENWICH VILLAGE-WEST,10 COOPS - ELEVATOR APARTMENTS,2,616,11,D4,"14 HORATIO STREET, 5E",,10014.0,,,,,,1960.0,2,D4,715000,2024-10-28,40.73875,-74.003111,102.0,3.0,1011066.0,1006160011.0,77.0,MN0203,2024,10,True,COOPS - ELEVATOR APARTMENTS
Manhattan,GREENWICH VILLAGE-WEST,13 CONDOS - ELEVATOR APARTMENTS,2,608,1054,R4,"175 WEST 12TH STREET, 5E",5E,10011.0,1.0,,1.0,,,1961.0,2,R4,1100000,2024-10-28,40.736853,-73.999726,102.0,3.0,1067315.0,1006087501.0,71.0,MN0203,2024,10,True,CONDOS - ELEVATOR APARTMENTS
Manhattan,KIPS BAY,10 COOPS - ELEVATOR APARTMENTS,2,930,1,D4,"305 EAST 24TH STREET, 12R",,10010.0,,,,,,1964.0,2,D4,525000,2024-10-28,40.738424,-73.980092,106.0,2.0,1020599.0,1009300001.0,66.0,MN0603,2024,10,True,COOPS - ELEVATOR APARTMENTS
Manhattan,MIDTOWN CBD,10 COOPS - ELEVATOR APARTMENTS,2,1312,69,D4,"475 PARK AVENUE, 10A",,10022.0,,,,,,1908.0,2,D4,3795000,2024-10-28,40.762131,-73.97036,105.0,4.0,1036921.0,1013120069.0,11203.0,MN0604,2024,10,True,COOPS - ELEVATOR APARTMENTS
Manhattan,MIDTOWN EAST,12 CONDOS - WALKUP APARTMENTS,2,1342,1203,R2,"342 EAST 50TH STREET, 3/2A",3/2A,10022.0,1.0,,1.0,,,,2,R2,485000,2024-10-28,40.754421,-73.967465,106.0,4.0,1039475.0,1013427503.0,98.0,MN0604,2024,10,True,CONDOS - WALKUP APARTMENTS
Manhattan,MIDTOWN EAST,10 COOPS - ELEVATOR APARTMENTS,2,1368,24,D4,"14 SUTTON PLACE SOUTH, 11G",,10022.0,,,,,,1929.0,2,D4,765000,2024-10-28,40.756861,-73.961046,106.0,4.0,1040469.0,1013680024.0,10601.0,MN0604,2024,10,True,COOPS - ELEVATOR APARTMENTS
Manhattan,MIDTOWN WEST,13 CONDOS - ELEVATOR APARTMENTS,2,1008,1417,R4,"150 WEST 56TH STREET, 6303",6303,10019.0,1.0,,1.0,,,1987.0,2,R4,1550000,2024-10-28,40.764505,-73.979734,105.0,6.0,1076177.0,1010087503.0,137.0,MN0502,2024,10,True,CONDOS - ELEVATOR APARTMENTS
Manhattan,MURRAY HILL,07 RENTALS - WALKUP APARTMENTS,2B,864,49,C5,30 EAST 35TH STREET,,10016.0,9.0,0.0,9.0,2091.0,6952.0,1925.0,2,C5,66208968,2024-10-28,40.74827,-73.98211,106.0,4.0,1017109.0,1008640049.0,74.0,MN0501,2024,10,True,RENTALS - WALKUP APARTMENTS
Manhattan,MIDTOWN WEST,13 CONDOS - ELEVATOR APARTMENTS,2,1271,408,R4,"77 WEST 55 STREET, 4H",4H,10019.0,1.0,,1.0,,,,2,R4,770000,2024-10-28,40.762616,-73.977146,105.0,4.0,1034856.0,1012717501.0,104.0,MN0502,2024,10,True,CONDOS - ELEVATOR APARTMENTS
Manhattan,MURRAY HILL,10 COOPS - ELEVATOR APARTMENTS,2,864,41,D4,"16 PARK AVENUE, 7D",,10016.0,,,,,,1924.0,2,D4,532500,2024-10-28,40.747696,-73.981208,106.0,4.0,1017106.0,1008640041.0,74.0,MN0501,2024,10,True,COOPS - ELEVATOR APARTMENTS
Manhattan,MIDTOWN WEST,13 CONDOS - ELEVATOR APARTMENTS,2,1274,1610,R4,"768 5 AVENUE, 1710",1710,10019.0,1.0,,1.0,,,,2,R4,1550000,2024-10-28,40.764155,-73.973951,105.0,4.0,1035253.0,1012747504.0,11201.0,MN0502,2024,10,True,CONDOS - ELEVATOR APARTMENTS
Manhattan,MURRAY HILL,07 RENTALS - WALKUP APARTMENTS,2B,864,48,C5,32 EAST 35TH STREET,,10016.0,9.0,1.0,10.0,2469.0,7970.0,1926.0,2,C5,66208968,2024-10-28,40.748259,-73.982081,106.0,4.0,1017108.0,1008640048.0,74.0,MN0501,2024,10,True,RENTALS - WALKUP APARTMENTS
Manhattan,MURRAY HILL,02 TWO FAMILY DWELLINGS,1,864,52,S2,24 EAST 35TH STREET,,10016.0,2.0,1.0,3.0,2041.0,5957.0,1925.0,1,S2,1648221,2024-10-28,40.748306,-73.982193,106.0,4.0,1017112.0,1008640052.0,74.0,MN0501,2024,10,True,TWO FAMILY DWELLINGS
Manhattan,MURRAY HILL,10 COOPS - ELEVATOR APARTMENTS,2,867,57,D4,"244 MADISON AVENUE, 7B",,10016.0,,,,,,1916.0,2,D4,570000,2024-10-28,40.750131,-73.981247,105.0,4.0,1017221.0,1008670057.0,82.0,MN0502,2024,10,True,COOPS - ELEVATOR APARTMENTS
Manhattan,MIDTOWN WEST,10 COOPS - ELEVATOR APARTMENTS,2,1049,1,D4,"30 WEST 60TH STREET, 14K",,10019.0,,,,,,1957.0,2,D4,740000,2024-10-28,40.769443,-73.983375,104.0,6.0,1082935.0,1010490001.0,145.0,MN0701,2024,10,True,COOPS - ELEVATOR APARTMENTS
Manhattan,MURRAY HILL,02 TWO FAMILY DWELLINGS,1,892,56,B1,146 EAST 37TH STREET,,10016.0,2.0,0.0,2.0,1383.0,3860.0,1901.0,1,B1,1800000,2024-10-28,40.748063,-73.977793,106.0,4.0,1018973.0,1008920056.0,80.0,MN0603,2024,10,True,TWO FAMILY DWELLINGS
Manhattan,SOHO,09 COOPS - WALKUP APARTMENTS,2,518,14,C6,"64 MACDOUGAL STREET, 11",,10012.0,,,,,,1904.0,2,C6,680000,2024-10-28,40.727812,-74.002324,102.0,1.0,1008069.0,1005180014.0,49.0,MN0201,2024,10,True,COOPS - WALKUP APARTMENTS
Manhattan,MURRAY HILL,37 RELIGIOUS FACILITIES,4,864,50,M9,28 EAST 35TH STREET,,10016.0,0.0,5.0,5.0,2024.0,6952.0,1925.0,4,M9,66208968,2024-10-28,40.748281,-73.982139,106.0,4.0,1017110.0,1008640050.0,74.0,MN0501,2024,10,True,RELIGIOUS FACILITIES
Manhattan,MURRAY HILL,37 RELIGIOUS FACILITIES,4,864,51,M9,26 EAST 35TH STREET,,10016.0,4.0,1.0,5.0,2057.0,6859.0,1900.0,4,M9,66208968,2024-10-28,40.748295,-73.982164,106.0,4.0,1017111.0,1008640051.0,74.0,MN0501,2024,10,True,RELIGIOUS FACILITIES
Manhattan,SOHO,13 CONDOS - ELEVATOR APARTMENTS,2,504,1003,R4,"180 AVENUE OF THE AMER, 4A",4A,10013.0,1.0,,1.0,,,2013.0,2,R4,3369000,2024-10-28,40.725998,-74.003821,102.0,1.0,1088982.0,1005047501.0,49.0,MN0201,2024,10,True,CONDOS - ELEVATOR APARTMENTS
Manhattan,MURRAY HILL,37 RELIGIOUS FACILITIES,4,864,47,M1,34 EAST 35TH STREET,,10016.0,0.0,1.0,1.0,17373.0,46903.0,1947.0,4,M1,66208968,2024-10-28,40.748248,-73.982056,106.0,4.0,1017107.0,1008640047.0,74.0,MN0501,2024,10,True,RELIGIOUS FACILITIES
Manhattan,SOHO,13 CONDOS - ELEVATOR APARTMENTS,2,594,1820,R4,"475 GREENWICH STREET, 6B",6B,10013.0,1.0,,1.0,,,,2,R4,165282,2024-10-28,40.724386,-74.009362,101.0,1.0,1087686.0,1005947508.0,39.0,MN0102,2024,10,True,CONDOS - ELEVATOR APARTMENTS
Manhattan,TRIBECA,13 CONDOS - ELEVATOR APARTMENTS,2,217,1297,R4,"250 WEST STREET, 11B",11B,10013.0,1.0,,1.0,,,1906.0,2,R4,8500000,2024-10-28,40.721704,-74.011317,101.0,1.0,1002814.0,1002177503.0,39.0,MN0102,2024,10,True,CONDOS - ELEVATOR APARTMENTS
Manhattan,TRIBECA,13 CONDOS - ELEVATOR APARTMENTS,2,217,1299,R4,"250 WEST STREET, 11D",11D,10013.0,1.0,,1.0,,,1906.0,2,R4,4150000,2024-10-28,40.721704,-74.011317,101.0,1.0,1002814.0,1002177503.0,39.0,MN0102,2024,10,True,CONDOS - ELEVATOR APARTMENTS
Manhattan,UPPER EAST SIDE (59-79),10 COOPS - ELEVATOR APARTMENTS,2,1395,50,D4,"150 EAST 61ST ST, 9G",,10065.0,,,,,,1960.0,2,D4,1100000,2024-10-28,40.763319,-73.966912,108.0,4.0,1041938.0,1013950050.0,11402.0,MN0802,2024,10,True,COOPS - ELEVATOR APARTMENTS
Manhattan,UPPER EAST SIDE (59-79),10 COOPS - ELEVATOR APARTMENTS,2,1383,1,D4,"870 FIFTH AVENUE, 5E",,10065.0,,,,,,1949.0,2,D4,1625000,2024-10-28,40.769802,-73.968421,108.0,4.0,1041250.0,1013830001.0,122.0,MN0802,2024,10,True,COOPS - ELEVATOR APARTMENTS
Manhattan,TRIBECA,13 CONDOS - ELEVATOR APARTMENTS,2,217,1304,R4,"250 WEST STREET, PH",PH,10013.0,1.0,,1.0,,,1906.0,2,R4,37600000,2024-10-28,40.721704,-74.011317,101.0,1.0,1002814.0,1002177503.0,39.0,MN0102,2024,10,True,CONDOS - ELEVATOR APARTMENTS
Manhattan,TRIBECA,13 CONDOS - ELEVATOR APARTMENTS,2,217,1298,R4,"250 WEST STREET, 11C",11C,10013.0,1.0,,1.0,,,1906.0,2,R4,9750000,2024-10-28,40.721704,-74.011317,101.0,1.0,1002814.0,1002177503.0,39.0,MN0102,2024,10,True,CONDOS - ELEVATOR APARTMENTS
Manhattan,UPPER EAST SIDE (59-79),10 COOPS - ELEVATOR APARTMENTS,2,1445,7,D4,"315 EAST 70TH STREET, 5A",,10021.0,,,,,,1960.0,2,D4,760000,2024-10-28,40.76723,-73.958672,108.0,5.0,1044837.0,1014450007.0,12601.0,MN0801,2024,10,True,COOPS - ELEVATOR APARTMENTS
Manhattan,UPPER EAST SIDE (79-96),13 CONDOS - ELEVATOR APARTMENTS,2,1577,1252,R4,"525 EAST 80TH STREET, 10C",10C,10075.0,1.0,,1.0,,,1981.0,2,R4,2125000,2024-10-28,40.771752,-73.949152,108.0,5.0,1051044.0,1015777502.0,13602.0,MN0803,2024,10,True,CONDOS - ELEVATOR APARTMENTS
Manhattan,UPPER EAST SIDE (79-96),10 COOPS - ELEVATOR APARTMENTS,2,1576,5,D4,"505 EAST 79TH STREET, 2L",,10075.0,,,,,,1963.0,2,D4,1050000,2024-10-28,40.77119,-73.949932,108.0,5.0,1050765.0,1015760005.0,13602.0,MN0803,2024,10,True,COOPS - ELEVATOR APARTMENTS
Manhattan,UPPER EAST SIDE (79-96),13 CONDOS - ELEVATOR APARTMENTS,2,1540,1361,R4,"200 EAST 95TH STREET, 14B",14B,10128.0,1.0,,1.0,,,2016.0,2,R4,5669162,2024-10-28,40.784472,-73.949745,108.0,5.0,1090563.0,1015407503.0,15601.0,MN0803,2024,10,True,CONDOS - ELEVATOR APARTMENTS
Manhattan,UPPER WEST SIDE (59-79),12 CONDOS - WALKUP APARTMENTS,2,1186,1037,R4,"393 WEST END AVENUE, 7A",7A,10024.0,1.0,,1.0,,,1927.0,2,R2,3472500,2024-10-28,40.784133,-73.981335,107.0,6.0,1031127.0,1011867501.0,167.0,MN0702,2024,10,True,CONDOS - WALKUP APARTMENTS
Manhattan,UPPER WEST SIDE (59-79),10 COOPS - ELEVATOR APARTMENTS,2,1146,8,D4,"151 WEST 74TH STREET, 5CD",,10023.0,,,,,,1923.0,2,D4,2025000,2024-10-28,40.779568,-73.979798,107.0,6.0,1030054.0,1011460008.0,161.0,MN0702,2024,10,True,COOPS - ELEVATOR APARTMENTS
Manhattan,UPPER WEST SIDE (59-79),13 CONDOS - ELEVATOR APARTMENTS,2,1138,1006,R4,"144 COLUMBUS AVENUE, 4D",4D,10023.0,1.0,,1.0,,,,2,R4,2250000,2024-10-28,40.773832,-73.981417,107.0,6.0,1028840.0,1011387501.0,15302.0,MN0701,2024,10,True,CONDOS - ELEVATOR APARTMENTS
Manhattan,UPPER WEST SIDE (79-96),09 COOPS - WALKUP APARTMENTS,2C,1209,45,C6,"32 WEST 96TH STREET, 4B",,10025.0,,,,,,1910.0,2,C6,340000,2024-10-28,40.792048,-73.965623,107.0,6.0,1031734.0,1012090045.0,181.0,MN0702,2024,10,True,COOPS - WALKUP APARTMENTS
Manhattan,UPPER WEST SIDE (59-79),13 CONDOS - ELEVATOR APARTMENTS,2,1171,4430,R4,"60 RIVERSIDE BOULEVARD, 3004",3004,10069.0,1.0,,1.0,,,2008.0,2,R4,2525000,2024-10-28,40.774566,-73.99132,107.0,6.0,1087835.0,1011717508.0,15102.0,MN0701,2024,10,True,CONDOS - ELEVATOR APARTMENTS
Manhattan,UPPER WEST SIDE (79-96),10 COOPS - ELEVATOR APARTMENTS,2,1225,52,D4,"150 WEST 95TH STREET, 3C",,10025.0,,,,,,1925.0,2,D4,1475000,2024-10-28,40.792784,-73.969461,107.0,7.0,1032573.0,1012250052.0,181.0,MN0702,2024,10,True,COOPS - ELEVATOR APARTMENTS
Manhattan,UPPER WEST SIDE (79-96),17 CONDO COOPS,2,1230,1002,R9,"221 WEST 82ND STREET, 12F",,10024.0,,,,,,1923.0,2,R9,3100000,2024-10-28,40.785532,-73.977904,107.0,6.0,1076247.0,1012307501.0,171.0,MN0702,2024,10,True,CONDO COOPS
Manhattan,UPPER WEST SIDE (96-116),10 COOPS - ELEVATOR APARTMENTS,2,1889,22,D4,"839 WEST END AVENUE, 6D",,10025.0,,,,,,1925.0,2,D4,1220000,2024-10-28,40.798477,-73.971192,107.0,7.0,1057136.0,1018890022.0,187.0,MN0703,2024,10,True,COOPS - ELEVATOR APARTMENTS
Queens,ASTORIA,10 COOPS - ELEVATOR APARTMENTS,2,557,3,D4,"21-80 33 ROAD, 12D",,11106.0,,,,,,1950.0,2,D4,410000,2024-10-28,40.762734,-73.930204,401.0,22.0,4430869.0,4005570003.0,45.0,QN0105,2024,10,True,COOPS - ELEVATOR APARTMENTS
Queens,BAYSIDE,01 ONE FAMILY DWELLINGS,1,7385,32,A2,208-11 53 AVENUE,,11364.0,1.0,0.0,1.0,4000.0,1485.0,1956.0,1,A2,1058000,2024-10-28,40.750783,-73.770917,411.0,23.0,4158760.0,4073850032.0,1435.0,QN1102,2024,10,True,ONE FAMILY DWELLINGS
Queens,BAYSIDE,01 ONE FAMILY DWELLINGS,1,7465,5,A1,58-06 215TH STREET,,11364.0,1.0,0.0,1.0,3998.0,1944.0,1945.0,1,A1,1325000,2024-10-28,40.748865,-73.763145,411.0,23.0,4160776.0,4074650005.0,1399.0,QN1102,2024,10,True,ONE FAMILY DWELLINGS
Queens,BAYSIDE,01 ONE FAMILY DWELLINGS,1,7506,6,A1,50-14 231ST STREET,,11364.0,1.0,0.0,1.0,5000.0,2417.0,1955.0,1,A1,1100000,2024-10-28,40.758732,-73.752437,411.0,23.0,4161168.0,4075060006.0,138501.0,QN1102,2024,10,True,ONE FAMILY DWELLINGS
Queens,ASTORIA,10 COOPS - ELEVATOR APARTMENTS,2,557,3,D4,"21-25 34TH AVENUE, 15C",,11106.0,,,,,,1950.0,2,D4,605000,2024-10-28,40.762324,-73.932886,401.0,22.0,4430871.0,4005570003.0,45.0,QN0105,2024,10,True,COOPS - ELEVATOR APARTMENTS
Queens,BAYSIDE,02 TWO FAMILY DWELLINGS,1,7365,32,B3,48-54 207TH STREET,,11364.0,2.0,0.0,2.0,3000.0,1704.0,1920.0,1,B3,1210000,2024-10-28,40.752557,-73.772997,411.0,23.0,4158154.0,4073650032.0,1435.0,QN1102,2024,10,True,TWO FAMILY DWELLINGS
Queens,BAYSIDE,10 COOPS - ELEVATOR APARTMENTS,2,5938,7,D4,"18-15 215TH STREET, 10R",,11360.0,,,,,,1969.0,2,D4,422940,2024-10-28,40.783752,-73.776303,407.0,19.0,4454676.0,4059380007.0,99703.0,QN0703,2024,10,True,COOPS - ELEVATOR APARTMENTS
Queens,CAMBRIA HEIGHTS,01 ONE FAMILY DWELLINGS,1,12788,24,A0,119-50 229TH STREET,,11411.0,1.0,0.0,1.0,3825.0,1696.0,1945.0,1,A0,730000,2024-10-28,40.68864,-73.734422,413.0,27.0,4275666.0,4127880024.0,612.0,QN1304,2024,10,True,ONE FAMILY DWELLINGS
Queens,BROAD CHANNEL,01 ONE FAMILY DWELLINGS,1,15400,88,A2,410 CROSS BAY BOULEVARD,,11693.0,1.0,0.0,1.0,2454.0,906.0,1920.0,1,A2,530000,2024-10-28,40.612222,-73.819338,414.0,32.0,4297304.0,4154000088.0,107201.0,QN1403,2024,10,True,ONE FAMILY DWELLINGS
Queens,BROAD CHANNEL,01 ONE FAMILY DWELLINGS,1,15320,49,A2,19 WEST 16TH ROAD,,11693.0,1.0,0.0,1.0,2500.0,600.0,1935.0,1,A2,475000,2024-10-28,40.601734,-73.821203,414.0,32.0,4297150.0,4153200049.0,107201.0,QN1403,2024,10,True,ONE FAMILY DWELLINGS
Queens,BEECHHURST,10 COOPS - ELEVATOR APARTMENTS,2,4603,18,D4,"166-10 POWELLS COVE BLVD, 3B",,11357.0,,,,,,1958.0,2,D4,420000,2024-10-28,40.793938,-73.797201,407.0,19.0,4104372.0,4046030018.0,991.0,QN0702,2024,10,True,COOPS - ELEVATOR APARTMENTS
Queens,COLLEGE POINT,04 TAX CLASS 1 CONDOS,1A,3916,1537,R3,"3-18 ENDEAVOR PLACE, 139",139,11356.0,1.0,,1.0,,,2011.0,1,R3,633600,2024-10-28,40.793507,-73.84486,407.0,19.0,4595367.0,4039167506.0,939.0,QN0701,2024,10,True,TAX CLASS 1 CONDOS
Queens,COLLEGE POINT,04 TAX CLASS 1 CONDOS,1A,4019,1056,R3,"5-42 115TH STREET, 542B",542B,11356.0,1.0,,1.0,,,,1,R3,590000,2024-10-28,40.790363,-73.851758,407.0,19.0,4446640.0,4040197501.0,929.0,QN0701,2024,10,True,TAX CLASS 1 CONDOS
Queens,DOUGLASTON,01 ONE FAMILY DWELLINGS,1,8276,518,A2,244-89 61ST AVENUE,,11362.0,1.0,0.0,1.0,3900.0,1214.0,1950.0,1,A2,890000,2024-10-28,40.756379,-73.733846,411.0,23.0,4171733.0,4082760518.0,152901.0,QN1103,2024,10,True,ONE FAMILY DWELLINGS
Queens,CORONA,13 CONDOS - ELEVATOR APARTMENTS,2,1766,1016,R4,"100-05 39TH AVENUE, 3C",3C,11368.0,1.0,,1.0,,,,2,R4,455000,2024-10-28,40.749977,-73.865476,403.0,21.0,4536912.0,4017667501.0,40702.0,QN0303,2024,10,True,CONDOS - ELEVATOR APARTMENTS
Queens,DOUGLASTON,01 ONE FAMILY DWELLINGS,1,8370,57,A3,64-34 MARATHON PARKWAY,,11362.0,1.0,0.0,1.0,4400.0,2276.0,1960.0,1,A3,1238000,2024-10-28,40.754449,-73.727761,411.0,23.0,4173089.0,4083700057.0,152901.0,QN1103,2024,10,True,ONE FAMILY DWELLINGS
Queens,ELMHURST,10 COOPS - ELEVATOR APARTMENTS,2,1548,6,D4,"84-20 51ST AVE, 4L",,11373.0,,,,,,1961.0,2,D4,327000,2024-10-28,40.738305,-73.878963,404.0,25.0,4038747.0,4015480006.0,473.0,QN0401,2024,10,True,COOPS - ELEVATOR APARTMENTS
Queens,FLUSHING-NORTH,01 ONE FAMILY DWELLINGS,1,4855,26,A1,32-12 155TH STREET,,11354.0,1.0,0.0,1.0,5050.0,1400.0,1925.0,1,A1,930000,2024-10-28,40.769531,-73.809348,407.0,19.0,4109821.0,4048550026.0,1151.0,QN0704,2024,10,True,ONE FAMILY DWELLINGS
Queens,FLORAL PARK,01 ONE FAMILY DWELLINGS,1,8742,151,A0,81-44 268TH STREET,,11004.0,1.0,0.0,1.0,4000.0,1020.0,1950.0,1,A0,780000,2024-10-28,40.743719,-73.702792,413.0,23.0,4178765.0,4087420151.0,157901.0,QN1301,2024,10,True,ONE FAMILY DWELLINGS
Queens,FLUSHING-NORTH,02 TWO FAMILY DWELLINGS,1,5364,19,B3,42-02 189 STREET,,11358.0,2.0,0.0,2.0,5000.0,1826.0,1925.0,1,B3,1350000,2024-10-28,40.758992,-73.792308,411.0,19.0,4121020.0,4053640019.0,1175.0,QN0704,2024,10,True,TWO FAMILY DWELLINGS
Queens,FLUSHING-NORTH,01 ONE FAMILY DWELLINGS,1,5612,21,S1,47-29 HOLLIS COURT BLVD,,11358.0,1.0,1.0,2.0,2100.0,1548.0,1965.0,1,S1,950000,2024-10-28,40.751549,-73.788383,411.0,20.0,,,1429.0,QN1101,2024,10,True,ONE FAMILY DWELLINGS
Queens,FLUSHING-NORTH,13 CONDOS - ELEVATOR APARTMENTS,2,4981,209,R4,"140-55 34TH AVENUE, 2J",2J,11354.0,1.0,,1.0,,,1967.0,2,R4,775000,2024-10-28,40.76654,-73.826956,407.0,20.0,4112574.0,4049817501.0,1161.0,QN0707,2024,10,True,CONDOS - ELEVATOR APARTMENTS
Queens,FLUSHING-NORTH,10 COOPS - ELEVATOR APARTMENTS,2,5192,1,D4,"44-69 KISSENA BLVD, 5M",,11355.0,,,,,,1955.0,2,D4,440000,2024-10-28,40.752684,-73.821343,407.0,20.0,4443489.0,4051920001.0,859.0,QN0707,2024,10,True,COOPS - ELEVATOR APARTMENTS
Queens,FLUSHING-NORTH,10 COOPS - ELEVATOR APARTMENTS,2,5001,1,D4,"34-25 150TH PLACE, 1G",,11354.0,,,,,,1962.0,2,D4,378430,2024-10-28,40.767061,-73.814304,407.0,20.0,4113160.0,4050010001.0,1157.0,QN0704,2024,10,True,COOPS - ELEVATOR APARTMENTS
Queens,FLUSHING-NORTH,13 CONDOS - ELEVATOR APARTMENTS,2,5066,2598,R4,"131-02A 40TH ROAD, 13G",13G,11354.0,1.0,,1.0,,,2020.0,2,R4,892212,2024-10-28,40.755588,-73.836636,407.0,20.0,4624162.0,4050660150.0,871.0,QN0707,2024,10,True,CONDOS - ELEVATOR APARTMENTS
Queens,FLUSHING-NORTH,13 CONDOS - ELEVATOR APARTMENTS,2,5066,2587,R4,"131-02A 40TH ROAD, 12G",12G,11354.0,1.0,,1.0,,,2020.0,2,R4,811902,2024-10-28,40.755588,-73.836636,407.0,20.0,4624162.0,4050660150.0,871.0,QN0707,2024,10,True,CONDOS - ELEVATOR APARTMENTS
Queens,FLUSHING-SOUTH,44 CONDO PARKING,4,6811,1046,RG,"153-53 77TH AVENUE, P22",P22,11367.0,,1.0,1.0,,,2019.0,4,RG,100000,2024-10-28,40.723661,-73.811052,408.0,24.0,4147493.0,4068117502.0,77908.0,QN0801,2024,10,True,CONDO PARKING
Queens,FLUSHING-SOUTH,28 COMMERCIAL CONDOS,4,6811,1001,R5,"153-53 77TH AVENUE, CF1",CF1,11367.0,,1.0,1.0,,,2019.0,4,R5,1442350,2024-10-28,40.723661,-73.811052,408.0,24.0,4147493.0,4068117502.0,77908.0,QN0801,2024,10,True,COMMERCIAL CONDOS
Queens,FLUSHING-SOUTH,01 ONE FAMILY DWELLINGS,1,6833,31,A5,160-18 73RD AVENUE,,11366.0,1.0,0.0,1.0,2550.0,1088.0,1955.0,1,A5,815000,2024-10-28,40.727476,-73.808021,408.0,24.0,4147995.0,4068330031.0,1257.0,QN0802,2024,10,True,ONE FAMILY DWELLINGS
Queens,FOREST HILLS,10 COOPS - ELEVATOR APARTMENTS,2,2251,54,D4,"7261 113 STREET, 7S",,11375.0,,,,,,1951.0,2,D4,350000,2024-10-28,40.720494,-73.836567,406.0,29.0,4052720.0,4022510054.0,75701.0,QN0602,2024,10,True,COOPS - ELEVATOR APARTMENTS
Queens,FOREST HILLS,13 CONDOS - ELEVATOR APARTMENTS,2,3238,1553,R4,"107-06 QUEENS BOULEVARD, 8G",8G,11375.0,1.0,,1.0,,,2019.0,2,R4,1349181,2024-10-28,40.721805,-73.846088,406.0,29.0,4077483.0,4032387505.0,711.0,QN0602,2024,10,True,CONDOS - ELEVATOR APARTMENTS
Queens,GLEN OAKS,10 COOPS - ELEVATOR APARTMENTS,2,8489,1,D4,"270-10 GRAND CENTRAL PKWY., 5X",,11005.0,,,,,,1972.0,2,D4,215000,2024-10-28,40.759289,-73.713493,413.0,23.0,4456885.0,4084890001.0,155101.0,QN1301,2024,10,True,COOPS - ELEVATOR APARTMENTS
Queens,GLENDALE,03 THREE FAMILY DWELLINGS,1,3664,31,C0,70-38 72ND PLACE,,11385.0,3.0,0.0,3.0,2925.0,2160.0,1930.0,1,C0,1190000,2024-10-28,40.705933,-73.878863,405.0,32.0,4089157.0,4036640031.0,623.0,QN0503,2024,10,True,THREE FAMILY DWELLINGS
Queens,GLEN OAKS,09 COOPS - WALKUP APARTMENTS,2,8490,2,C6,"247-32 76TH AVENUE, 2B",,11426.0,,,,,,1948.0,2,C6,275000,2024-10-28,40.744607,-73.723192,413.0,23.0,4458943.0,4084900002.0,157101.0,QN1302,2024,10,True,COOPS - WALKUP APARTMENTS
Queens,FRESH MEADOWS,02 TWO FAMILY DWELLINGS,1,7185,31,B1,73-50 198TH STREET,,11366.0,2.0,0.0,2.0,2857.0,1848.0,1955.0,1,B1,1220000,2024-10-28,40.735432,-73.774202,408.0,23.0,4154479.0,4071850031.0,1333.0,QN0803,2024,10,True,TWO FAMILY DWELLINGS
Queens,GLENDALE,01 ONE FAMILY DWELLINGS,1,3732,101,A1,62-48 80TH ROAD,,11385.0,1.0,0.0,1.0,2791.0,1622.0,1925.0,1,A1,825000,2024-10-28,40.695029,-73.890383,405.0,30.0,4091194.0,4037320101.0,567.0,QN0503,2024,10,True,ONE FAMILY DWELLINGS
Queens,HOLLIS,03 THREE FAMILY DWELLINGS,1,9906,32,C0,90-54 185 STREET,,11423.0,3.0,0.0,3.0,2500.0,3320.0,1920.0,1,C0,1160000,2024-10-28,40.710615,-73.774672,412.0,23.0,4212059.0,4099060032.0,470.0,QN1201,2024,10,True,THREE FAMILY DWELLINGS
Queens,HOLLIS,01 ONE FAMILY DWELLINGS,1,10351,68,A2,186-05 BRINKERHOFF AVENUE,,11412.0,1.0,0.0,1.0,4000.0,1200.0,1945.0,1,A2,85000,2024-10-28,40.702272,-73.769738,412.0,27.0,4220563.0,4103510068.0,404.0,QN1205,2024,10,True,ONE FAMILY DWELLINGS
Queens,HOLLIS,01 ONE FAMILY DWELLINGS,1,10822,9,A5,195-16 WOODHULL AVENUE,,11423.0,1.0,0.0,1.0,3124.0,1496.0,1925.0,1,A5,735000,2024-10-28,40.712017,-73.7646,412.0,27.0,4231518.0,4108220009.0,500.0,QN1206,2024,10,True,ONE FAMILY DWELLINGS
Queens,JACKSON HEIGHTS,01 ONE FAMILY DWELLINGS,1,1404,10,A5,31-12 93RD STREET,,11369.0,1.0,0.0,1.0,2000.0,1308.0,1930.0,1,A5,765000,2024-10-28,40.759925,-73.875747,403.0,21.0,4034106.0,4014040010.0,351.0,QN0301,2024,10,True,ONE FAMILY DWELLINGS
Queens,JAMAICA ESTATES,01 ONE FAMILY DWELLINGS,1,7256,119,A2,80-12 188TH STREET,,11423.0,1.0,0.0,1.0,5320.0,1378.0,1940.0,1,A2,1200000,2024-10-28,40.728735,-73.780954,408.0,24.0,4156127.0,4072560119.0,1277.0,QN0804,2024,10,True,ONE FAMILY DWELLINGS
Queens,LAURELTON,01 ONE FAMILY DWELLINGS,1,12931,78,A1,131-15 221ST STREET,,11413.0,1.0,0.0,1.0,4000.0,1270.0,1920.0,1,A1,450000,2024-10-28,40.681786,-73.746492,413.0,31.0,4278481.0,4129310078.0,626.0,QN1305,2024,10,True,ONE FAMILY DWELLINGS
Queens,LONG ISLAND CITY,13 CONDOS - ELEVATOR APARTMENTS,2,267,1340,R4,"44-15 PURVES STREET, 14D",14D,11101.0,1.0,,1.0,,,2012.0,2,R4,689000,2024-10-28,40.747054,-73.941199,402.0,26.0,4595482.0,4002677503.0,1902.0,QN0201,2024,10,True,CONDOS - ELEVATOR APARTMENTS
Queens,LONG ISLAND CITY,10 COOPS - ELEVATOR APARTMENTS,2,18,1,D4,"474 48TH AVENUE, 4-S",,11109.0,,,,,,1996.0,2,D4,535000,2024-10-28,40.74458,-73.956448,402.0,26.0,4000019.0,4000180001.0,101.0,QN0201,2024,10,True,COOPS - ELEVATOR APARTMENTS
Queens,LITTLE NECK,10 COOPS - ELEVATOR APARTMENTS,2,8256,108,D4,"54-44 LITTLE NECK PKWY, 6U",,11362.0,,,,,,1962.0,2,D4,220000,2024-10-28,40.766001,-73.72502,411.0,19.0,4171524.0,4082560108.0,150702.0,QN1103,2024,10,True,COOPS - ELEVATOR APARTMENTS
Queens,LONG ISLAND CITY,13 CONDOS - ELEVATOR APARTMENTS,2,34,1097,R4,"5-49 BORDEN AVENUE, E9",E9,11101.0,1.0,,1.0,,,2008.0,2,R4,1250000,2024-10-28,40.741406,-73.954881,402.0,26.0,4533745.0,4000347501.0,701.0,QN0201,2024,10,True,CONDOS - ELEVATOR APARTMENTS
Queens,OAKLAND GARDENS,10 COOPS - ELEVATOR APARTMENTS,2,7732,2,D4,"73-62 BELL BLVD, 1J",,11364.0,,,,,,1952.0,2,D4,331000,2024-10-28,40.739568,-73.757704,411.0,23.0,4453068.0,4077320002.0,129103.0,QN1104,2024,10,True,COOPS - ELEVATOR APARTMENTS
Queens,OAKLAND GARDENS,09 COOPS - WALKUP APARTMENTS,2,7629,2,C6,"68-01 BELL BLVD, UPPER",,11364.0,,,,,,1949.0,2,C6,410000,2024-10-28,40.742785,-73.759201,411.0,23.0,4460022.0,4076290002.0,1367.0,QN1104,2024,10,True,COOPS - WALKUP APARTMENTS
Queens,OAKLAND GARDENS,01 ONE FAMILY DWELLINGS,1,7840,83,A1,226-62 77TH AVENUE,,11364.0,1.0,0.0,1.0,5969.0,2520.0,1950.0,1,A1,1073236,2024-10-28,40.739203,-73.744711,411.0,23.0,4165626.0,4078400083.0,129104.0,QN1104,2024,10,True,ONE FAMILY DWELLINGS
Queens,OAKLAND GARDENS,09 COOPS - WALKUP APARTMENTS,2,7632,2,C6,"219-32 67TH AVENUE, DUPLX",,11364.0,,,,,,1949.0,2,C6,398000,2024-10-28,40.745097,-73.756811,411.0,23.0,4596427.0,4076320002.0,1367.0,QN1104,2024,10,True,COOPS - WALKUP APARTMENTS
Queens,QUEENS VILLAGE,01 ONE FAMILY DWELLINGS,1,10740,30,A1,221-81 91ST AVENUE,,11428.0,1.0,0.0,1.0,4940.0,1480.0,1925.0,1,A1,805000,2024-10-28,40.727891,-73.735944,413.0,23.0,4230227.0,4107400030.0,554.0,QN1303,2024,10,True,ONE FAMILY DWELLINGS
Queens,REGO PARK,10 COOPS - ELEVATOR APARTMENTS,2,2082,107,D4,"61-25 97TH STREET, 4P",,11374.0,,,,,,1960.0,2,D4,230000,2024-10-28,40.733977,-73.862427,406.0,24.0,4449614.0,4020820107.0,71702.0,QN0601,2024,10,True,COOPS - ELEVATOR APARTMENTS
Queens,REGO PARK,13 CONDOS - ELEVATOR APARTMENTS,2,3100,1132,R4,"65-50 WETHEROLE STREET, 2F",2F,11374.0,1.0,,1.0,,,1963.0,2,R4,460000,2024-10-28,40.726191,-73.858691,406.0,30.0,4072617.0,4031007502.0,69701.0,QN0601,2024,10,True,CONDOS - ELEVATOR APARTMENTS
Queens,RIDGEWOOD,07 RENTALS - WALKUP APARTMENTS,2A,3407,3,C2,587 ONDERDONK AVENUE,,11385.0,5.0,0.0,5.0,2500.0,4500.0,1930.0,2,C2,1800000,2024-10-28,40.705258,-73.909352,405.0,34.0,4081418.0,4034070003.0,591.0,QN0502,2024,10,True,RENTALS - WALKUP APARTMENTS
Queens,RICHMOND HILL,03 THREE FAMILY DWELLINGS,1,9486,48,C0,101-55 118TH STREET,,11419.0,3.0,0.0,3.0,3680.0,1992.0,1915.0,1,C0,1160000,2024-10-28,40.689345,-73.826665,409.0,29.0,4200543.0,4094860048.0,106.0,QN1001,2024,10,True,THREE FAMILY DWELLINGS
Queens,RICHMOND HILL,03 THREE FAMILY DWELLINGS,1,9254,123,C0,86-25 116TH STREET,,11418.0,3.0,0.0,3.0,1180.0,2240.0,2008.0,1,C0,1095000,2024-10-28,40.69961,-73.833473,409.0,29.0,4538257.0,4092540123.0,132.0,QN0902,2024,10,True,THREE FAMILY DWELLINGS
Queens,RICHMOND HILL,13 CONDOS - ELEVATOR APARTMENTS,2,9285,1033,R4,"132-43 METROPOLITAN AVENUE, 8C",8C,11418.0,1.0,,1.0,,,2022.0,2,R4,403572,2024-10-28,40.702978,-73.81919,409.0,29.0,4000000.0,4092850102.0,21602.0,QN0901,2024,10,True,CONDOS - ELEVATOR APARTMENTS
Queens,ROCKAWAY PARK,13 CONDOS - ELEVATOR APARTMENTS,2,16226,1238,R4,"133 BEACH 116TH STREET, 4F",4F,11694.0,1.0,,1.0,,,2018.0,2,R4,687319,2024-10-28,40.578632,-73.836536,414.0,32.0,4617675.0,4162267502.0,93402.0,QN1403,2024,10,True,CONDOS - ELEVATOR APARTMENTS
Queens,ROSEDALE,01 ONE FAMILY DWELLINGS,1,12886,125,A2,241-39 128TH DRIVE,,11422.0,1.0,0.0,1.0,4953.0,1119.0,1955.0,1,A2,750000,2024-10-28,40.680293,-73.726279,413.0,31.0,4277229.0,4128860125.0,61602.0,QN1307,2024,10,True,ONE FAMILY DWELLINGS
Queens,SOUTH JAMAICA,02 TWO FAMILY DWELLINGS,1,12152,4,B3,109-53 UNION HALL STREET,,11433.0,2.0,0.0,2.0,2442.0,1500.0,1920.0,1,B3,651680,2024-10-28,40.69377,-73.790391,412.0,28.0,4263344.0,4121520004.0,260.0,QN1202,2024,10,True,TWO FAMILY DWELLINGS
Queens,SO. JAMAICA-BAISLEY PARK,01 ONE FAMILY DWELLINGS,1,12011,71,A1,117-08 140TH STREET,,11436.0,1.0,0.0,1.0,2375.0,1150.0,1930.0,1,A1,600000,2024-10-28,40.677862,-73.801379,412.0,28.0,4260505.0,4120110071.0,182.0,QN1203,2024,10,True,ONE FAMILY DWELLINGS
Queens,SO. JAMAICA-BAISLEY PARK,02 TWO FAMILY DWELLINGS,1,12334,298,S2,114-08 MERRICK BLVD,,11434.0,2.0,1.0,3.0,1670.0,2200.0,1931.0,1,S2,800000,2024-10-28,40.691289,-73.778935,412.0,27.0,4267207.0,4123340298.0,266.0,QN1202,2024,10,True,TWO FAMILY DWELLINGS
Queens,ROSEDALE,02 TWO FAMILY DWELLINGS,1,13750,188,B3,147-39 EDGEWOOD STREET,,11422.0,2.0,0.0,2.0,7200.0,1564.0,1960.0,1,B3,860000,2024-10-28,40.656346,-73.742365,413.0,31.0,4292023.0,4137500188.0,66401.0,QN1307,2024,10,True,TWO FAMILY DWELLINGS
Queens,SO. JAMAICA-BAISLEY PARK,01 ONE FAMILY DWELLINGS,1,12000,3,A1,142-06 116TH AVENUE,,11436.0,1.0,0.0,1.0,2000.0,1106.0,1920.0,1,A1,500266,2024-10-28,40.68062,-73.799831,412.0,28.0,4260155.0,4120000003.0,186.0,QN1203,2024,10,True,ONE FAMILY DWELLINGS
Queens,SOUTH OZONE PARK,01 ONE FAMILY DWELLINGS,1,11610,67,A9,109-09 130TH STREET,,11420.0,1.0,0.0,1.0,2600.0,1815.0,1925.0,1,A9,825000,2024-10-28,40.684568,-73.813218,410.0,28.0,4249876.0,4116100067.0,170.0,QN1001,2024,10,True,ONE FAMILY DWELLINGS
Queens,SOUTH OZONE PARK,02 TWO FAMILY DWELLINGS,1,11830,47,B2,150-22 116TH STREET,,11420.0,2.0,0.0,2.0,4000.0,1336.0,1950.0,1,B2,1160000,2024-10-28,40.667022,-73.824914,410.0,28.0,4257134.0,4118300047.0,84601.0,QN1001,2024,10,True,TWO FAMILY DWELLINGS
Queens,SPRINGFIELD GARDENS,01 ONE FAMILY DWELLINGS,1,12314,107,A1,140-37 158TH STREET,,11434.0,1.0,0.0,1.0,3000.0,1264.0,1930.0,1,A1,834300,2024-10-28,40.668663,-73.77711,412.0,28.0,4266811.0,4123140107.0,294.0,QN1204,2024,10,True,ONE FAMILY DWELLINGS
Queens,ST. ALBANS,01 ONE FAMILY DWELLINGS,1,10951,120,A1,190-43 112TH AVENUE,,11412.0,1.0,0.0,1.0,2825.0,1052.0,1920.0,1,A1,455000,2024-10-28,40.700676,-73.763721,412.0,27.0,4234548.0,4109510120.0,524.0,QN1205,2024,10,True,ONE FAMILY DWELLINGS
Queens,WHITESTONE,01 ONE FAMILY DWELLINGS,1,4765,30,A1,163-52 15 DRIVE,,11357.0,1.0,0.0,1.0,5000.0,1404.0,1940.0,1,A1,970000,2024-10-28,40.785129,-73.799329,407.0,19.0,4107820.0,4047650030.0,1017.0,QN0703,2024,10,True,ONE FAMILY DWELLINGS
Staten Island,ANNADALE,01 ONE FAMILY DWELLINGS,1,5401,26,A1,7 WEAVER STREET,,10312.0,1.0,0.0,1.0,10800.0,4743.0,1980.0,1,A1,1415000,2024-10-28,40.533357,-74.164785,503.0,51.0,5069873.0,5054010026.0,176.0,SI0304,2024,10,True,ONE FAMILY DWELLINGS
Queens,WOODSIDE,09 COOPS - WALKUP APARTMENTS,2,1223,38,C6,"38-05 65TH STREET, 1E",,11377.0,,,,,,1929.0,2,C6,250000,2024-10-28,40.746808,-73.898663,402.0,26.0,4028093.0,4012230038.0,263.0,QN0203,2024,10,True,COOPS - WALKUP APARTMENTS
Queens,WOODSIDE,10 COOPS - ELEVATOR APARTMENTS,2,1227,1,D4,"39-76 57TH STREET, 6B",,11377.0,,,,,,1963.0,2,D4,310000,2024-10-28,40.746579,-73.906961,402.0,26.0,4028212.0,4012270001.0,257.0,QN0203,2024,10,True,COOPS - ELEVATOR APARTMENTS
Queens,WHITESTONE,09 COOPS - WALKUP APARTMENTS,2,4754,1,C6,"15-42 163RD STREET, 6-232",,11357.0,,,,,,1951.0,2,C6,372000,2024-10-28,40.785281,-73.799838,407.0,19.0,4454966.0,4047540001.0,1017.0,QN0703,2024,10,True,COOPS - WALKUP APARTMENTS
Staten Island,ARDEN HEIGHTS,01 ONE FAMILY DWELLINGS,1,6030,134,A5,20A BUNNELL COURT,,10312.0,1.0,0.0,1.0,640.0,980.0,1986.0,1,A5,370000,2024-10-28,40.55235,-74.200356,503.0,51.0,5079610.0,5060300134.0,17013.0,SI0303,2024,10,True,ONE FAMILY DWELLINGS
Staten Island,ARDEN HEIGHTS,01 ONE FAMILY DWELLINGS,1,6020,115,A5,211 DOVER GREEN,,10312.0,1.0,0.0,1.0,1720.0,1480.0,1975.0,1,A5,527888,2024-10-28,40.557612,-74.198375,503.0,51.0,5078513.0,5060200115.0,17013.0,SI0303,2024,10,True,ONE FAMILY DWELLINGS
Staten Island,ELTINGVILLE,01 ONE FAMILY DWELLINGS,1,5669,84,A1,148 WOEHRLE AVENUE,,10312.0,1.0,0.0,1.0,5670.0,2160.0,1980.0,1,A1,885000,2024-10-28,40.553547,-74.180331,503.0,51.0,5076031.0,5056690084.0,17015.0,SI0303,2024,10,True,ONE FAMILY DWELLINGS
Staten Island,ELTINGVILLE,01 ONE FAMILY DWELLINGS,1,5592,35,A2,385 MOSELY AVENUE,,10312.0,1.0,0.0,1.0,5208.0,1750.0,1970.0,1,A2,785000,2024-10-28,40.542414,-74.1677,503.0,51.0,5073947.0,5055920035.0,17011.0,SI0302,2024,10,True,ONE FAMILY DWELLINGS
Staten Island,DONGAN HILLS,10 COOPS - ELEVATOR APARTMENTS,2,3191,61,D4,"1160 RICHMOND ROAD, 6F",,10304.0,,,,,,1969.0,2,D4,320000,2024-10-28,40.598436,-74.091972,502.0,50.0,5046935.0,5031910061.0,9601.0,SI0201,2024,10,True,COOPS - ELEVATOR APARTMENTS
Staten Island,BULLS HEAD,04 TAX CLASS 1 CONDOS,1A,1552,1062,R3,"113 MORANI STREET, 62",,10314.0,1.0,,1.0,,,1980.0,1,R3,638000,2024-10-28,40.609357,-74.157716,502.0,50.0,5117458.0,5015527501.0,29104.0,SI0204,2024,10,True,TAX CLASS 1 CONDOS
Staten Island,GRANT CITY,13 CONDOS - ELEVATOR APARTMENTS,2,3585,1008,R4,"100 COLFAX AVENUE, 1B",1B,10306.0,1.0,,1.0,,,1961.0,2,R4,350000,2024-10-28,40.579906,-74.107779,502.0,50.0,5095450.0,5035857501.0,11402.0,SI0202,2024,10,True,CONDOS - ELEVATOR APARTMENTS
Staten Island,GRANT CITY,13 CONDOS - ELEVATOR APARTMENTS,2,3585,1258,R4,"145 LINCOLN AVENUE, 4J",4J,10306.0,1.0,,1.0,,,1988.0,2,R4,480000,2024-10-28,40.578942,-74.10785,502.0,50.0,5109580.0,5035857502.0,11402.0,SI0202,2024,10,True,CONDOS - ELEVATOR APARTMENTS
Staten Island,MARINERS HARBOR,01 ONE FAMILY DWELLINGS,1,1229,31,A5,22 JOURNEAY STREET,,10303.0,1.0,0.0,1.0,1400.0,1564.0,1992.0,1,A5,480000,2024-10-28,40.632176,-74.15884,501.0,49.0,5149797.0,5012290031.0,231.0,SI0107,2024,10,True,ONE FAMILY DWELLINGS
Staten Island,MANOR HEIGHTS,01 ONE FAMILY DWELLINGS,1,704,46,A5,130 LA GUARDIA AVENUE,,10314.0,1.0,0.0,1.0,2733.0,1144.0,1970.0,1,A5,725000,2024-10-28,40.605532,-74.118052,502.0,50.0,5017752.0,5007040046.0,173.0,SI0203,2024,10,True,ONE FAMILY DWELLINGS
Staten Island,MIDLAND BEACH,01 ONE FAMILY DWELLINGS,1,3701,44,A5,23 ELMTREE AVENUE,,10306.0,1.0,0.0,1.0,2200.0,1042.0,1991.0,1,A5,638000,2024-10-28,40.57418,-74.105013,502.0,50.0,5112764.0,5037010044.0,11203.0,SI0202,2024,10,True,ONE FAMILY DWELLINGS
Staten Island,NEW DORP-HEIGHTS,01 ONE FAMILY DWELLINGS,1,947,35,A1,12 ST STEPHENS PLACE,,10306.0,1.0,0.0,1.0,4105.0,2232.0,1970.0,1,A1,889999,2024-10-28,40.575912,-74.12174,502.0,50.0,5023479.0,5009470035.0,181.0,SI0203,2024,10,True,ONE FAMILY DWELLINGS
Staten Island,NEW DORP-HEIGHTS,01 ONE FAMILY DWELLINGS,1,946,8,A1,39 GELDNER AVENUE,,10306.0,1.0,0.0,1.0,4880.0,2824.0,2005.0,1,A1,1280000,2024-10-28,40.576575,-74.122256,502.0,50.0,5023464.0,5009460008.0,181.0,SI0203,2024,10,True,ONE FAMILY DWELLINGS
Staten Island,NEW SPRINGVILLE,04 TAX CLASS 1 CONDOS,1A,2450,3165,R3,"21 STONE LANE, N/A",,10314.0,1.0,,1.0,,,1978.0,1,R3,460000,2024-10-28,40.578122,-74.157631,502.0,51.0,5120367.0,5024507511.0,27702.0,SI0204,2024,10,True,TAX CLASS 1 CONDOS
Bronx,RIVERDALE,10 COOPS - ELEVATOR APARTMENTS,2,5909,970,D4,"4555 HENRY HUDSON PARKWAY, 1101",,10471.0,,,,,,1953.0,2,D4,530000,2025-01-28,40.892797,-73.908499,208.0,11.0,2085806.0,2059090970.0,30701.0,BX0803,2025,1,True,COOPS - ELEVATOR APARTMENTS
Bronx,RIVERDALE,13 CONDOS - ELEVATOR APARTMENTS,2,5780,1069,R4,"445 WEST 240TH STREET, 7C",7C,10463.0,1.0,,1.0,,,1949.0,2,R4,460000,2025-01-28,40.888361,-73.90422,208.0,11.0,2084040.0,2057807501.0,335.0,BX0803,2025,1,True,CONDOS - ELEVATOR APARTMENTS
Bronx,SOUNDVIEW,01 ONE FAMILY DWELLINGS,1,3453,27,A9,1204 HARDING PARK,,10473.0,1.0,0.0,1.0,2400.0,800.0,1930.0,1,A9,485000,2025-01-28,40.809403,-73.85825,209.0,18.0,2020120.0,2034530027.0,2.0,BX0902,2025,1,True,ONE FAMILY DWELLINGS
Bronx,SOUNDVIEW,07 RENTALS - WALKUP APARTMENTS,2,3515,20,C1,"1715A LACOMBE AVENUE, 1B",,10473.0,40.0,0.0,40.0,38589.0,50000.0,2021.0,2,C1,243000,2025-01-28,40.814487,-73.865674,209.0,18.0,2130574.0,2035150020.0,2001.0,BX0902,2025,1,True,RENTALS - WALKUP APARTMENTS
Bronx,THROGS NECK,02 TWO FAMILY DWELLINGS,1,5428,45,B2,843 LOGAN AVENUE,,10465.0,2.0,0.0,2.0,3742.0,1444.0,1930.0,1,B2,445000,2025-01-28,40.829683,-73.822343,210.0,13.0,2076752.0,2054280045.0,162.0,BX1002,2025,1,True,TWO FAMILY DWELLINGS
Bronx,WAKEFIELD,02 TWO FAMILY DWELLINGS,1,5049,68,B1,4323 BOYD AVENUE,,10466.0,2.0,0.0,2.0,4876.0,4137.0,1910.0,1,B1,715000,2025-01-28,40.895869,-73.851504,212.0,11.0,2069966.0,2050490068.0,436.0,BX1203,2025,1,True,TWO FAMILY DWELLINGS
Bronx,WESTCHESTER,02 TWO FAMILY DWELLINGS,1,4000,9,S2,1626 ST PETERS AVENUE,,10461.0,2.0,1.0,3.0,2184.0,2964.0,1910.0,1,S2,850000,2025-01-28,40.841166,-73.848395,210.0,18.0,2042309.0,2040000009.0,200.0,BX1001,2025,1,True,TWO FAMILY DWELLINGS
Bronx,WILLIAMSBRIDGE,02 TWO FAMILY DWELLINGS,1,4695,43,B1,1014 EAST 213 STREET,,10469.0,2.0,0.0,2.0,2808.0,1920.0,1960.0,1,B1,935000,2025-01-28,40.876734,-73.856205,212.0,12.0,2059299.0,2046950043.0,368.0,BX1201,2025,1,True,TWO FAMILY DWELLINGS
Bronx,WILLIAMSBRIDGE,22 STORE BUILDINGS,4,4831,1,K1,4077 WHITE PLAINS ROAD,,10466.0,0.0,3.0,3.0,3438.0,6200.0,1961.0,4,K1,1795000,2025-01-28,40.890301,-73.859105,212.0,11.0,2063129.0,2048310001.0,408.0,BX1201,2025,1,True,STORE BUILDINGS
Brooklyn,BAY RIDGE,02 TWO FAMILY DWELLINGS,1,5959,14,B3,216 77 STREET,,11209.0,2.0,0.0,2.0,5000.0,2663.0,1899.0,1,B3,1790000,2025-01-28,40.630484,-74.030353,310.0,47.0,3149740.0,3059590014.0,64.0,BK1001,2025,1,True,TWO FAMILY DWELLINGS
Brooklyn,BEDFORD STUYVESANT,07 RENTALS - WALKUP APARTMENTS,2B,1672,9,C7,265-267 MALCOLM X BLVD,,11233.0,7.0,1.0,8.0,1760.0,6864.0,1910.0,2,C7,1000000,2025-01-28,40.683328,-73.929129,303.0,36.0,3046892.0,3016720009.0,383.0,BK0302,2025,1,True,RENTALS - WALKUP APARTMENTS
Brooklyn,BEDFORD STUYVESANT,31 COMMERCIAL VACANT LAND,4,1672,8,V1,267 MALCOLM X BOULEVARD,,11233.0,0.0,0.0,0.0,2080.0,0.0,,4,V1,1000000,2025-01-28,40.683256,-73.929111,303.0,36.0,3046891.0,3016720008.0,383.0,BK0302,2025,1,True,COMMERCIAL VACANT LAND
Brooklyn,BENSONHURST,15 CONDOS - 2-10 UNIT RESIDENTIAL,2C,6168,1201,R1,"7011 14 AVENUE, 1A",1A,11228.0,1.0,,1.0,,,2007.0,2,R1,630000,2025-01-28,40.621685,-74.002395,311.0,38.0,3394307.0,3061687503.0,190.0,BK1101,2025,1,True,CONDOS - 2-10 UNIT RESIDENTIAL
Brooklyn,BOROUGH PARK,03 THREE FAMILY DWELLINGS,1,5434,64,C0,1657 46 STREET,,11204.0,3.0,0.0,3.0,3189.0,3564.0,1970.0,1,C0,2935000,2025-01-28,40.631908,-73.982404,312.0,44.0,3128502.0,3054340064.0,476.0,BK1202,2025,1,True,THREE FAMILY DWELLINGS
Brooklyn,BROWNSVILLE,31 COMMERCIAL VACANT LAND,4,3522,32,V1,120 THATFORD AVENUE,,11212.0,0.0,0.0,0.0,5203.0,0.0,,4,V1,203650,2025-01-28,40.668882,-73.909567,316.0,41.0,3000000.0,3035220032.0,906.0,BK1602,2025,1,True,COMMERCIAL VACANT LAND
Brooklyn,BUSHWICK,04 TAX CLASS 1 CONDOS,1C,3352,1003,R6,"248 PALMETTO STREET, 3",3,11221.0,1.0,,1.0,,,1910.0,1,R6,1175000,2025-01-28,40.695604,-73.914883,304.0,37.0,3076627.0,3033527501.0,435.0,BK0402,2025,1,True,TAX CLASS 1 CONDOS
Brooklyn,CANARSIE,02 TWO FAMILY DWELLINGS,1,8210,32,B9,919 EAST 102ND STREET,,11236.0,2.0,0.0,2.0,2000.0,2244.0,1955.0,1,B9,970000,2025-01-28,40.645609,-73.896352,318.0,46.0,3230424.0,3082100032.0,986.0,BK1803,2025,1,True,TWO FAMILY DWELLINGS
Brooklyn,CANARSIE,02 TWO FAMILY DWELLINGS,1,8238,50,B2,1364 EAST 93RD STREET,,11236.0,2.0,0.0,2.0,2280.0,1840.0,1925.0,1,B2,100000,2025-01-28,40.637726,-73.899416,318.0,46.0,3231637.0,3082380050.0,992.0,BK1803,2025,1,True,TWO FAMILY DWELLINGS
Brooklyn,CANARSIE,03 THREE FAMILY DWELLINGS,1,8161,27,C0,1055 E 92 STREET,,11236.0,3.0,0.0,3.0,2406.0,3278.0,1960.0,1,C0,499000,2025-01-28,40.643387,-73.90727,318.0,46.0,3321361.0,3081610027.0,964.0,BK1803,2025,1,True,THREE FAMILY DWELLINGS
Brooklyn,CLINTON HILL,13 CONDOS - ELEVATOR APARTMENTS,2,1993,1107,R4,"87 IRVING PLACE, 2E",2E,11238.0,1.0,,1.0,,,1971.0,2,R4,956000,2025-01-28,40.682385,-73.959669,302.0,35.0,3057263.0,3019937502.0,227.0,BK0301,2025,1,True,CONDOS - ELEVATOR APARTMENTS
Brooklyn,CROWN HEIGHTS,14 RENTALS - 4-10 UNIT,2A,1124,54,S3,955 PACIFIC STREET,,11238.0,3.0,1.0,4.0,2000.0,3420.0,1931.0,2,S3,2983500,2025-01-28,40.679918,-73.96267,308.0,35.0,3027525.0,3011240054.0,203.0,BK0801,2025,1,True,RENTALS - 4-10 UNIT
Brooklyn,CROWN HEIGHTS,15 CONDOS - 2-10 UNIT RESIDENTIAL,2C,1334,1006,R1,"1607 PACIFIC STREET, 3B",3B,11213.0,1.0,,1.0,,,2024.0,2,R1,599000,2025-01-28,40.676984,-73.937334,308.0,36.0,3427365.0,3013347501.0,311.0,BK0802,2025,1,True,CONDOS - 2-10 UNIT RESIDENTIAL
Brooklyn,CYPRESS HILLS,22 STORE BUILDINGS,4,3674,40,K4,2759 ATLANTIC AVENUE,,11207.0,1.0,3.0,4.0,2740.0,3740.0,1920.0,4,K4,1800000,2025-01-28,40.676243,-73.892472,305.0,37.0,3083394.0,3036740040.0,1198.0,BK0502,2025,1,True,STORE BUILDINGS
Brooklyn,EAST NEW YORK,01 ONE FAMILY DWELLINGS,1,3977,8,A5,259 MILLER AVENUE,,11207.0,1.0,0.0,1.0,1899.0,1080.0,1910.0,1,A5,469000,2025-01-28,40.674644,-73.891736,305.0,37.0,3088480.0,3039770008.0,1152.0,BK0502,2025,1,True,ONE FAMILY DWELLINGS
Brooklyn,FLATBUSH-CENTRAL,10 COOPS - ELEVATOR APARTMENTS,2,5218,1,D4,"1818 NEWKIRK AVE, 1C",,11226.0,,,,,,1958.0,2,D4,729000,2025-01-28,40.636912,-73.960428,314.0,45.0,3120562.0,3052180001.0,518.0,BK1402,2025,1,True,COOPS - ELEVATOR APARTMENTS
Brooklyn,FLATBUSH-EAST,01 ONE FAMILY DWELLINGS,1,4970,63,A9,1365 BROOKLYN AVENUE,,11203.0,1.0,0.0,1.0,1925.0,1312.0,1925.0,1,A9,625000,2025-01-28,40.63985,-73.942587,317.0,45.0,3112468.0,3049700063.0,832.0,BK1702,2025,1,True,ONE FAMILY DWELLINGS
Brooklyn,FLATBUSH-EAST,02 TWO FAMILY DWELLINGS,1,5007,66,B2,1550 NEW YORK AVENUE,,11210.0,2.0,0.0,2.0,4100.0,2235.0,1920.0,1,B2,1300000,2025-01-28,40.635059,-73.944983,317.0,45.0,3114055.0,3050070066.0,78602.0,BK1702,2025,1,True,TWO FAMILY DWELLINGS
Brooklyn,FLATBUSH-LEFFERTS GARDEN,10 COOPS - ELEVATOR APARTMENTS,2,1327,13,D4,"50 LEFFERTS AVE, 1D",,11225.0,,,,,,1939.0,2,D4,420000,2025-01-28,40.661812,-73.959371,309.0,40.0,3035242.0,3013270013.0,79801.0,BK0902,2025,1,True,COOPS - ELEVATOR APARTMENTS
Brooklyn,FLATBUSH-LEFFERTS GARDEN,10 COOPS - ELEVATOR APARTMENTS,2,1327,13,D4,"50 LEFFERTS AVENUE, 5O",,11225.0,,,,,,1939.0,2,D4,704000,2025-01-28,40.661812,-73.959371,309.0,40.0,3035242.0,3013270013.0,79801.0,BK0902,2025,1,True,COOPS - ELEVATOR APARTMENTS
Brooklyn,FLATLANDS,01 ONE FAMILY DWELLINGS,1,7735,73,A9,1092 EAST 52ND STREET,,11234.0,1.0,0.0,1.0,2150.0,906.0,1950.0,1,A9,470015,2025-01-28,40.633574,-73.926498,318.0,45.0,3213614.0,3077350073.0,724.0,BK1801,2025,1,True,ONE FAMILY DWELLINGS
Brooklyn,GERRITSEN BEACH,22 STORE BUILDINGS,4,8925,183,K1,2716 GERRITSEN AVENUE,,11229.0,0.0,1.0,1.0,2100.0,940.0,1920.0,4,K1,500000,2025-01-28,40.592849,-73.925153,315.0,46.0,3249801.0,3089250183.0,628.0,BK1503,2025,1,True,STORE BUILDINGS
Brooklyn,GOWANUS,02 TWO FAMILY DWELLINGS,1,1015,116,B9,232 10TH STREET,,11215.0,2.0,0.0,2.0,1000.0,3000.0,1931.0,1,B9,1135273,2025-01-28,40.670485,-73.990757,306.0,38.0,3330565.0,3010150116.0,121.0,BK0601,2025,1,True,TWO FAMILY DWELLINGS
Brooklyn,GRAVESEND,03 THREE FAMILY DWELLINGS,1,6862,27,C0,31 BAY 34TH STREET,,11214.0,3.0,0.0,3.0,2465.0,2600.0,1935.0,1,C0,1700000,2025-01-28,40.599441,-73.99157,311.0,43.0,3185448.0,3068620027.0,300.0,BK1103,2025,1,True,THREE FAMILY DWELLINGS
Brooklyn,MIDWOOD,10 COOPS - ELEVATOR APARTMENTS,2,6700,26,D4,"920 EAST 17TH STREET, 201",,11230.0,,,,,,1948.0,2,D4,410000,2025-01-28,40.628104,-73.960019,314.0,45.0,3179390.0,3067000026.0,532.0,BK1403,2025,1,True,COOPS - ELEVATOR APARTMENTS
Brooklyn,MIDWOOD,10 COOPS - ELEVATOR APARTMENTS,2,7656,42,D4,"1801 OCEAN AVENUE, 2E",,11230.0,,,,,,1962.0,2,D4,300000,2025-01-28,40.617974,-73.954917,314.0,44.0,3210006.0,3076560042.0,758.0,BK1403,2025,1,True,COOPS - ELEVATOR APARTMENTS
Brooklyn,OCEAN HILL,02 TWO FAMILY DWELLINGS,1,1539,20,B3,148A HULL STREET,,11233.0,2.0,0.0,2.0,1500.0,2167.0,1915.0,1,B3,1512500,2025-01-28,40.679645,-73.909891,316.0,37.0,3041888.0,3015390020.0,369.0,BK1601,2025,1,True,TWO FAMILY DWELLINGS
Brooklyn,OCEAN PARKWAY-NORTH,01 ONE FAMILY DWELLINGS,1,6542,34,A9,1348 EAST 7 STREET,,11230.0,1.0,0.0,1.0,2000.0,1352.0,1925.0,1,A9,999000,2025-01-28,40.618124,-73.967935,312.0,44.0,3171770.0,3065420034.0,452.0,BK1204,2025,1,True,ONE FAMILY DWELLINGS
Brooklyn,OCEAN PARKWAY-NORTH,10 COOPS - ELEVATOR APARTMENTS,2,5374,10,D4,"350 OCEAN PARKWAY, 4M",,11218.0,,,,,,1962.0,2,D4,487000,2025-01-28,40.640341,-73.973545,312.0,39.0,3126157.0,3053740010.0,488.0,BK1203,2025,1,True,COOPS - ELEVATOR APARTMENTS
Brooklyn,OCEAN PARKWAY-NORTH,10 COOPS - ELEVATOR APARTMENTS,2,5377,43,D4,"811 CORTELYOU ROAD, 1O",,11218.0,,,,,,1941.0,2,D4,225000,2025-01-28,40.638826,-73.970533,312.0,39.0,3126291.0,3053770043.0,492.0,BK1203,2025,1,True,COOPS - ELEVATOR APARTMENTS
Brooklyn,OCEAN PARKWAY-NORTH,10 COOPS - ELEVATOR APARTMENTS,2,5391,61,D4,"599 EAST 7 ST, 6N",,11218.0,,,,,,1961.0,2,D4,399000,2025-01-28,40.637179,-73.971518,312.0,39.0,3126865.0,3053910061.0,490.0,BK1203,2025,1,True,COOPS - ELEVATOR APARTMENTS
Brooklyn,PARK SLOPE SOUTH,03 THREE FAMILY DWELLINGS,1,1022,61,C0,265 12 STREET,,11215.0,3.0,0.0,3.0,2000.0,2700.0,1899.0,1,C0,2830000,2025-01-28,40.667772,-73.988602,306.0,38.0,3022904.0,3010220061.0,139.0,BK0602,2025,1,True,THREE FAMILY DWELLINGS
Brooklyn,PROSPECT HEIGHTS,10 COOPS - ELEVATOR APARTMENTS,2,1179,47,D4,"135 EASTERN PARKWAY, 9E",,11238.0,,,,,,1926.0,2,D4,1850000,2025-01-28,40.672162,-73.964289,308.0,35.0,3029628.0,3011790047.0,215.0,BK0801,2025,1,True,COOPS - ELEVATOR APARTMENTS
Brooklyn,SHEEPSHEAD BAY,04 TAX CLASS 1 CONDOS,1A,8815,1053,R3,"3144 EMMONS AVENUE, 308",308,11235.0,1.0,,1.0,,,2007.0,1,R3,999999,2025-01-28,40.584041,-73.934495,315.0,48.0,3398541.0,3088157501.0,622.0,BK1503,2025,1,True,TAX CLASS 1 CONDOS
Brooklyn,SUNSET PARK,07 RENTALS - WALKUP APARTMENTS,2A,5799,28,C3,360 62 STREET,,11220.0,4.0,0.0,4.0,2500.0,3120.0,1923.0,2,C3,1850000,2025-01-28,40.640123,-74.020315,307.0,38.0,3143922.0,3057990028.0,72.0,BK0702,2025,1,True,RENTALS - WALKUP APARTMENTS
Brooklyn,WILLIAMSBURG-CENTRAL,13 CONDOS - ELEVATOR APARTMENTS,2,2239,1015,R4,"24 MIDDLETON STREET, 6C",6C,11206.0,1.0,,1.0,,,2023.0,2,R4,2421399,2025-01-28,40.700408,-73.95506,301.0,33.0,3428904.0,3022397501.0,53101.0,BK0103,2025,1,True,CONDOS - ELEVATOR APARTMENTS
Brooklyn,WILLIAMSBURG-NORTH,49 CONDO WAREHOUSES/FACTORY/INDUS,4,2324,1329,RW,"34 NORTH 7TH STREET, 21",21,11249.0,,1.0,1.0,,,2007.0,4,RW,23000,2025-01-28,40.720527,-73.962056,301.0,33.0,3397391.0,3023247502.0,555.0,BK0102,2025,1,True,CONDO WAREHOUSES/FACTORY/INDUS
Brooklyn,WILLIAMSBURG-SOUTH,13 CONDOS - ELEVATOR APARTMENTS,2,2414,1111,R4,"346 KENT AVENUE, 5B",5B,11249.0,1.0,,1.0,,,2022.0,2,R4,3900000,2025-01-28,40.712846,-73.967633,301.0,33.0,3425050.0,3024147502.0,551.0,BK0102,2025,1,True,CONDOS - ELEVATOR APARTMENTS
Manhattan,CHELSEA,17 CONDO COOPS,2,746,1202,R9,"249 8 AVENUE, 8E",,10011.0,,,,,,1931.0,2,R9,695000,2025-01-28,40.744986,-73.998722,104.0,3.0,1013429.0,1007467503.0,93.0,MN0401,2025,1,True,CONDO COOPS
Manhattan,ALPHABET CITY,17 CONDO COOPS,2,399,1002,R9,"50 AVENUE A, 2AB",,10009.0,,,,,,1920.0,2,R9,2875000,2025-01-28,40.723979,-73.985031,103.0,2.0,1075879.0,1003997501.0,32.0,MN0303,2025,1,True,CONDO COOPS
Manhattan,CIVIC CENTER,10 COOPS - ELEVATOR APARTMENTS,2,117,1,D4,"165 PARK ROW, 18D",,10038.0,,,,,,1960.0,2,D4,625000,2025-01-28,40.713086,-74.000566,103.0,1.0,1077407.0,1001170001.0,27.0,MN0301,2025,1,True,COOPS - ELEVATOR APARTMENTS
Manhattan,CLINTON,13 CONDOS - ELEVATOR APARTMENTS,2,1076,1380,R4,"547 WEST 47TH STREET, 513",513,10036.0,1.0,,1.0,,,2020.0,2,R4,845500,2025-01-28,40.763527,-73.994852,104.0,3.0,1026982.0,1010767502.0,12902.0,MN0402,2025,1,True,CONDOS - ELEVATOR APARTMENTS
Manhattan,CLINTON,13 CONDOS - ELEVATOR APARTMENTS,2,1076,1445,R4,"547 WEST 47TH STREET, 718",718,10036.0,1.0,,1.0,,,2020.0,2,R4,805000,2025-01-28,40.763527,-73.994852,104.0,3.0,1026982.0,1010767502.0,12902.0,MN0402,2025,1,True,CONDOS - ELEVATOR APARTMENTS
Manhattan,FLATIRON,10 COOPS - ELEVATOR APARTMENTS,2,857,18,D4,"66 MADISON AVENUE, 6A",,10016.0,,,,,,1910.0,2,D4,757500,2025-01-28,40.743596,-73.986009,105.0,3.0,1016888.0,1008570018.0,56.0,MN0501,2025,1,True,COOPS - ELEVATOR APARTMENTS
Manhattan,GRAMERCY,10 COOPS - ELEVATOR APARTMENTS,2,871,44,D4,"142 EAST 16TH STREET, 4D",,10003.0,,,,,,1963.0,2,D4,682000,2025-01-28,40.73506,-73.987288,106.0,2.0,1017804.0,1008710044.0,50.0,MN0602,2025,1,True,COOPS - ELEVATOR APARTMENTS
Manhattan,GRAMERCY,10 COOPS - ELEVATOR APARTMENTS,2,898,1,D4,"201 EAST 17TH STREET, 22B",,10003.0,,,,,,1973.0,2,D4,1368000,2025-01-28,40.735052,-73.985411,106.0,2.0,1019551.0,1008980001.0,48.0,MN0602,2025,1,True,COOPS - ELEVATOR APARTMENTS
Manhattan,GRAMERCY,10 COOPS - ELEVATOR APARTMENTS,2,905,26,D4,"245 EAST 24TH STREET, 5E",,10010.0,,,,,,1963.0,2,D4,515000,2025-01-28,40.738682,-73.980709,106.0,2.0,1019791.0,1009050026.0,66.0,MN0603,2025,1,True,COOPS - ELEVATOR APARTMENTS
Manhattan,GRAMERCY,13 CONDOS - ELEVATOR APARTMENTS,2,900,1169,R4,"225 E 19TH ST, 603",603,10003.0,1.0,,1.0,,,1920.0,2,R4,2940000,2025-01-28,40.735935,-73.983867,106.0,2.0,1090879.0,1009007501.0,64.0,MN0602,2025,1,True,CONDOS - ELEVATOR APARTMENTS
Manhattan,GREENWICH VILLAGE-WEST,22 STORE BUILDINGS,4,591,15,K4,91-95 7 AVENUE SOUTH,,10014.0,0.0,2.0,2.0,3354.0,5354.0,1900.0,4,K4,5800000,2025-01-28,40.732758,-74.00328,102.0,3.0,1010184.0,1005910015.0,73.0,MN0203,2025,1,True,STORE BUILDINGS
Manhattan,HARLEM-CENTRAL,02 TWO FAMILY DWELLINGS,1,1927,139,B1,208 WEST 122 STREET,,10027.0,2.0,0.0,2.0,1514.0,3883.0,1910.0,1,B1,3525000,2025-01-28,40.807308,-73.950404,110.0,9.0,1058542.0,1019270139.0,220.0,MN1001,2025,1,True,TWO FAMILY DWELLINGS
Manhattan,HARLEM-EAST,13 CONDOS - ELEVATOR APARTMENTS,2,1681,1133,R4,"342 EAST 110TH STREET, PH8C",PH8C,10029.0,1.0,,1.0,,,2007.0,2,R4,744508,2025-01-28,40.792731,-73.939501,111.0,8.0,1088006.0,1016817502.0,180.0,MN1102,2025,1,True,CONDOS - ELEVATOR APARTMENTS
Manhattan,HARLEM-UPPER,13 CONDOS - ELEVATOR APARTMENTS,2,2058,1002,R4,"463 WEST 142 STREET, GB",GB,10031.0,1.0,,1.0,,,1911.0,2,R4,849000,2025-01-28,40.822933,-73.948065,109.0,7.0,1061251.0,1020587501.0,227.0,MN0903,2025,1,True,CONDOS - ELEVATOR APARTMENTS
Manhattan,KIPS BAY,13 CONDOS - ELEVATOR APARTMENTS,2,943,1968,R4,"308 EAST 38 STREET, 15A",15A,10016.0,1.0,,1.0,,,2001.0,2,R4,1245000,2025-01-28,40.747036,-73.973445,106.0,4.0,1021916.0,1009437502.0,78.0,MN0603,2025,1,True,CONDOS - ELEVATOR APARTMENTS
Manhattan,KIPS BAY,17 CONDO COOPS,2,928,1107,R9,"310 EAST 23RD STREET, 9J",,10010.0,,,,,,1900.0,2,R9,585000,2025-01-28,40.73765,-73.980366,106.0,2.0,1076164.0,1009287502.0,64.0,MN0602,2025,1,True,CONDO COOPS
Manhattan,LITTLE ITALY,07 RENTALS - WALKUP APARTMENTS,2,509,14,C7,280 MULBERRY STREET,,10012.0,33.0,2.0,35.0,3633.0,14982.0,1920.0,2,C7,14000000,2025-01-28,40.724411,-73.995169,102.0,1.0,1007916.0,1005090014.0,43.0,MN0201,2025,1,True,RENTALS - WALKUP APARTMENTS
Manhattan,MIDTOWN EAST,10 COOPS - ELEVATOR APARTMENTS,2,1328,21,D4,"245 EAST 54TH STREET, 28T",,10022.0,,,,,,1977.0,2,D4,360000,2025-01-28,40.757896,-73.967893,106.0,4.0,1038575.0,1013280021.0,10801.0,MN0604,2025,1,True,COOPS - ELEVATOR APARTMENTS
Manhattan,MIDTOWN EAST,10 COOPS - ELEVATOR APARTMENTS,2,1333,18,D4,"2 TUDOR CITY PLACE, GFS",,10017.0,,,,,,1955.0,2,D4,525000,2025-01-28,40.747985,-73.971265,106.0,4.0,1038646.0,1013330018.0,88.0,MN0603,2025,1,True,COOPS - ELEVATOR APARTMENTS
Manhattan,MIDTOWN EAST,10 COOPS - ELEVATOR APARTMENTS,2,1334,22,D4,"25 TUDOR CITY PLACE, 1607",,10017.0,,,,,,1928.0,2,D4,330000,2025-01-28,40.748545,-73.970799,106.0,4.0,1038655.0,1013340022.0,88.0,MN0603,2025,1,True,COOPS - ELEVATOR APARTMENTS
Manhattan,MIDTOWN EAST,10 COOPS - ELEVATOR APARTMENTS,2,1362,41,D4,"420 EAST 51ST STREET, 10G",,10022.0,,,,,,1962.0,2,D4,430000,2025-01-28,40.754178,-73.964942,106.0,4.0,1040114.0,1013620041.0,8603.0,MN0604,2025,1,True,COOPS - ELEVATOR APARTMENTS
Manhattan,MIDTOWN EAST,10 COOPS - ELEVATOR APARTMENTS,2,1363,20,D4,"455 EAST 51ST STREET, 3F",,10022.0,,,,,,1930.0,2,D4,825000,2025-01-28,40.753887,-73.964213,106.0,4.0,1040139.0,1013630020.0,8603.0,MN0604,2025,1,True,COOPS - ELEVATOR APARTMENTS
Manhattan,MURRAY HILL,10 COOPS - ELEVATOR APARTMENTS,2,865,7,D4,"7 EAST 35TH STREET, 1F",,10016.0,,,,,,1979.0,2,D4,450000,2025-01-28,40.748882,-73.983524,105.0,4.0,1017121.0,1008650007.0,82.0,MN0502,2025,1,True,COOPS - ELEVATOR APARTMENTS
Manhattan,MURRAY HILL,10 COOPS - ELEVATOR APARTMENTS,2,890,54,D4,"152 EAST 35TH STREET, 2D",,10016.0,,,,,,1930.0,2,D4,268888,2025-01-28,40.746826,-73.978685,106.0,4.0,1018533.0,1008900054.0,72.0,MN0603,2025,1,True,COOPS - ELEVATOR APARTMENTS
Manhattan,TRIBECA,15 CONDOS - 2-10 UNIT RESIDENTIAL,2C,220,1402,R1,"32 LAIGHT STREET, 2",2,10013.0,1.0,,1.0,,,,2,R1,2775000,2025-01-28,40.721889,-74.007378,101.0,1.0,1066505.0,1002207505.0,33.0,MN0102,2025,1,True,CONDOS - 2-10 UNIT RESIDENTIAL
Manhattan,UPPER EAST SIDE (59-79),10 COOPS - ELEVATOR APARTMENTS,2,1427,38,D4,"210 EAST 73RD STREET, 3E",,10021.0,,,,,,1929.0,2,D4,635000,2025-01-28,40.770217,-73.959619,108.0,5.0,1043977.0,1014270038.0,12602.0,MN0801,2025,1,True,COOPS - ELEVATOR APARTMENTS
Manhattan,UPPER EAST SIDE (59-79),10 COOPS - ELEVATOR APARTMENTS,2,1469,28,D4,"444 EAST 75TH STREET, 2A",,10021.0,,,,,,1963.0,2,D4,650000,2025-01-28,40.76879,-73.952555,108.0,5.0,1045901.0,1014690028.0,13201.0,MN0801,2025,1,True,COOPS - ELEVATOR APARTMENTS
Manhattan,UPPER EAST SIDE (59-79),15 CONDOS - 2-10 UNIT RESIDENTIAL,2C,1380,1111,R1,"760 MADISON AVENUE, PH11",PH11,10065.0,1.0,,1.0,,,2023.0,2,R1,30877688,2025-01-28,40.767637,-73.968469,108.0,4.0,1000000.0,1013807502.0,122.0,MN0802,2025,1,True,CONDOS - 2-10 UNIT RESIDENTIAL
Manhattan,UPPER EAST SIDE (59-79),17 CONDO COOPS,2,1424,1003,R9,"233 EAST 69TH STREET, 5F",,10021.0,,,,,,1957.0,2,R9,355000,2025-01-28,40.767258,-73.960675,108.0,5.0,1072223.0,1014247501.0,12602.0,MN0801,2025,1,True,CONDO COOPS
Manhattan,UPPER EAST SIDE (79-96),02 TWO FAMILY DWELLINGS,1,1509,32,B3,183 EAST 80TH STREET,,10075.0,2.0,0.0,2.0,1667.0,5000.0,1899.0,1,B3,13750000,2025-01-28,40.775211,-73.957352,108.0,4.0,1047520.0,1015090032.0,140.0,MN0802,2025,1,True,TWO FAMILY DWELLINGS
Manhattan,UPPER EAST SIDE (79-96),10 COOPS - ELEVATOR APARTMENTS,2,1500,54,D4,"1228 MADISON AVENUE, 12",,10128.0,,,,,,2019.0,2,D4,9950000,2025-01-28,40.782554,-73.95759,108.0,4.0,1091585.0,1015000054.0,15002.0,MN0802,2025,1,True,COOPS - ELEVATOR APARTMENTS
Manhattan,UPPER EAST SIDE (79-96),10 COOPS - ELEVATOR APARTMENTS,2,1505,56,D4,"1326 MADISON AVE., 42",,10128.0,,,,,,1900.0,2,D4,1920000,2025-01-28,40.785687,-73.955298,108.0,5.0,1047127.0,1015050056.0,16001.0,MN0802,2025,1,True,COOPS - ELEVATOR APARTMENTS
Manhattan,UPPER EAST SIDE (79-96),10 COOPS - ELEVATOR APARTMENTS,2,1560,5,D4,"415 EAST 80 STREET, 4H",,10075.0,,,,,,1959.0,2,D4,320000,2025-01-28,40.772665,-73.951318,108.0,5.0,1050361.0,1015600005.0,13603.0,MN0803,2025,1,True,COOPS - ELEVATOR APARTMENTS
Manhattan,UPPER WEST SIDE (59-79),10 COOPS - ELEVATOR APARTMENTS,2,1146,8,D4,"151 WEST 74TH STREET, 3C",,10023.0,,,,,,1923.0,2,D4,750000,2025-01-28,40.779568,-73.979798,107.0,6.0,1030054.0,1011460008.0,161.0,MN0702,2025,1,True,COOPS - ELEVATOR APARTMENTS
Manhattan,UPPER WEST SIDE (59-79),10 COOPS - ELEVATOR APARTMENTS,2,1183,37,D4,"310 WEST 72ND STREET, 16A",,10023.0,,,,,,1925.0,2,D4,2990000,2025-01-28,40.780002,-73.984965,107.0,6.0,1030968.0,1011830037.0,159.0,MN0701,2025,1,True,COOPS - ELEVATOR APARTMENTS
Manhattan,UPPER WEST SIDE (59-79),13 CONDOS - ELEVATOR APARTMENTS,2,1120,1025,R4,"45 WEST 67TH STREET, 8D",8D,10023.0,1.0,,1.0,,,1983.0,2,R4,790000,2025-01-28,40.773595,-73.979594,107.0,6.0,1028260.0,1011207501.0,15301.0,MN0701,2025,1,True,CONDOS - ELEVATOR APARTMENTS
Manhattan,UPPER WEST SIDE (59-79),13 CONDOS - ELEVATOR APARTMENTS,2,1131,1078,R4,"2 COLUMBUS AVENUE, 23A",23A,10023.0,1.0,,1.0,,,,2,R4,3200023,2025-01-28,40.769476,-73.985122,107.0,6.0,1085729.0,1011317501.0,145.0,MN0701,2025,1,True,CONDOS - ELEVATOR APARTMENTS
Manhattan,UPPER WEST SIDE (59-79),13 CONDOS - ELEVATOR APARTMENTS,2,1139,1054,R4,"1991 BROADWAY, 18C",18C,10023.0,1.0,,1.0,,,1985.0,2,R4,565000,2025-01-28,40.775114,-73.982193,107.0,6.0,1028857.0,1011397501.0,15302.0,MN0701,2025,1,True,CONDOS - ELEVATOR APARTMENTS
Manhattan,UPPER WEST SIDE (59-79),13 CONDOS - ELEVATOR APARTMENTS,2,1140,1164,R4,"155 WEST 68 STREET, 19-09",19-09,10023.0,1.0,,1.0,,,1965.0,2,R4,897588,2025-01-28,40.775704,-73.982659,107.0,6.0,1028950.0,1011407501.0,15302.0,MN0701,2025,1,True,CONDOS - ELEVATOR APARTMENTS
Manhattan,UPPER WEST SIDE (59-79),13 CONDOS - ELEVATOR APARTMENTS,2,1158,1879,R4,"200 AMSTERDAM AVENUE, 28B",28B,10023.0,1.0,,1.0,,,2018.0,2,R4,6500500,2025-01-28,40.77678,-73.982987,107.0,6.0,1030358.0,1011587508.0,15501.0,MN0701,2025,1,True,CONDOS - ELEVATOR APARTMENTS
Manhattan,UPPER WEST SIDE (59-79),17 CONDO COOPS,2,1124,1002,R9,"40 WEST 72ND STREET, 118",,10023.0,,,,,,1926.0,2,R9,1515000,2025-01-28,40.776993,-73.977827,107.0,6.0,1028630.0,1011247501.0,157.0,MN0701,2025,1,True,CONDO COOPS
Manhattan,UPPER WEST SIDE (59-79),17 CONDO COOPS,2,1158,1107,R9,"180 WEST END AVENUE, 15P",,10023.0,,,,,,1965.0,2,R9,490000,2025-01-28,40.777615,-73.986066,107.0,6.0,1070696.0,1011587502.0,15501.0,MN0701,2025,1,True,CONDO COOPS
Manhattan,UPPER WEST SIDE (59-79),17 CONDO COOPS,2,1170,1010,R9,"200 WEST 79 STREET, 9S",,10024.0,,,,,,1975.0,2,R9,425000,2025-01-28,40.783237,-73.978565,107.0,6.0,1030909.0,1011707501.0,167.0,MN0702,2025,1,True,CONDO COOPS
Manhattan,UPPER WEST SIDE (79-96),10 COOPS - ELEVATOR APARTMENTS,2,1210,37,D4,"102 WEST 80TH STREET, 52",,10024.0,,,,,,1901.0,2,D4,406721,2025-01-28,40.782759,-73.975308,107.0,6.0,1031765.0,1012100037.0,165.0,MN0702,2025,1,True,COOPS - ELEVATOR APARTMENTS
Manhattan,UPPER WEST SIDE (96-116),10 COOPS - ELEVATOR APARTMENTS,2,1888,31,D4,"310 WEST 99TH STREET, 308",,10025.0,,,,,,1920.0,2,D4,775000,2025-01-28,40.797339,-73.972172,107.0,7.0,1057084.0,1018880031.0,187.0,MN0703,2025,1,True,COOPS - ELEVATOR APARTMENTS
Manhattan,UPPER WEST SIDE (96-116),13 CONDOS - ELEVATOR APARTMENTS,2,1874,1162,R4,"218 WEST 103RD STREET, 9F",9F,10025.0,1.0,,1.0,,,2023.0,2,R4,1235000,2025-01-28,40.79891,-73.9681,107.0,7.0,1091027.0,1018747502.0,191.0,MN0703,2025,1,True,CONDOS - ELEVATOR APARTMENTS
Manhattan,WASHINGTON HEIGHTS UPPER,10 COOPS - ELEVATOR APARTMENTS,2,2179,10,D4,"160 CABRINI BOULEVARD, 101",,10033.0,,,,,,1939.0,2,D4,1050000,2025-01-28,40.853008,-73.939688,112.0,10.0,1079987.0,1021790010.0,275.0,MN1202,2025,1,True,COOPS - ELEVATOR APARTMENTS
Manhattan,WASHINGTON HEIGHTS UPPER,10 COOPS - ELEVATOR APARTMENTS,2,2179,440,D4,"350 CABRINI BLVD, 7K",,10040.0,,,,,,1935.0,2,D4,860000,2025-01-28,40.856704,-73.937111,112.0,10.0,1064378.0,1021790440.0,275.0,MN1202,2025,1,True,COOPS - ELEVATOR APARTMENTS
Queens,ASTORIA,09 COOPS - WALKUP APARTMENTS,2,654,29,C6,"24-65 38TH STREET, 3A",,11103.0,,,,,,1929.0,2,C6,1155000,2025-01-28,40.768486,-73.912353,401.0,22.0,4010262.0,4006540029.0,143.0,QN0104,2025,1,True,COOPS - WALKUP APARTMENTS
Queens,ASTORIA,13 CONDOS - ELEVATOR APARTMENTS,2,573,1107,R4,"26-14 28TH STREET, 4A",4A,11102.0,1.0,,1.0,,,1940.0,2,R4,1250000,2025-01-28,40.770449,-73.921206,401.0,22.0,4615300.0,4005737502.0,69.0,QN0103,2025,1,True,CONDOS - ELEVATOR APARTMENTS
Queens,ASTORIA,17 CONDO COOPS,2,576,1015,R9,"30-06 29 STREET, 6A",,11102.0,,,,,,1937.0,2,R9,455000,2025-01-28,40.767418,-73.923177,401.0,22.0,4006920.0,4005767501.0,73.0,QN0103,2025,1,True,CONDO COOPS
Queens,BAYSIDE,10 COOPS - ELEVATOR APARTMENTS,2,5878,3,D4,"18-50 211TH STREET, 5D",,11360.0,,,,,,1961.0,2,D4,250000,2025-01-28,40.780364,-73.78112,407.0,19.0,4443730.0,4058780003.0,99704.0,QN0703,2025,1,True,COOPS - ELEVATOR APARTMENTS
Queens,BELLE HARBOR,02 TWO FAMILY DWELLINGS,1,16246,28,B3,515 BEACH 134TH ST,,11694.0,2.0,0.0,2.0,4000.0,1614.0,1930.0,1,B3,899000,2025-01-28,40.578722,-73.854535,414.0,32.0,4305401.0,4162460028.0,928.0,QN1403,2025,1,True,TWO FAMILY DWELLINGS
Queens,BREEZY POINT,01 ONE FAMILY DWELLINGS,1D,16350,400,A8,"30 SUFFOLK WALK, 1702",,11695.0,,,,,,1938.0,1,A8,500000,2025-01-28,40.557336,-73.924405,414.0,32.0,4467003.0,4163500400.0,91603.0,QN1403,2025,1,True,ONE FAMILY DWELLINGS
Queens,DOUGLASTON,10 COOPS - ELEVATOR APARTMENTS,2,8100,2,D4,"42-30 DOUGLASTON PARKWAY, 7C",,11363.0,,,,,,1964.0,2,D4,595000,2025-01-28,40.768171,-73.747456,411.0,19.0,4168744.0,4081000002.0,1479.0,QN1103,2025,1,True,COOPS - ELEVATOR APARTMENTS
Queens,ELMHURST,03 THREE FAMILY DWELLINGS,1,2490,35,C0,73-56 53RD AVENUE,,11378.0,3.0,0.0,3.0,1514.0,3200.0,1985.0,1,C0,1580000,2025-01-28,40.731195,-73.888541,405.0,30.0,4058021.0,4024900035.0,497.0,QN0501,2025,1,True,THREE FAMILY DWELLINGS
Queens,FLUSHING-NORTH,01 ONE FAMILY DWELLINGS,1,4787,66,A2,145-32 29 ROAD,,11354.0,1.0,0.0,1.0,4520.0,2046.0,1980.0,1,A2,1350000,2025-01-28,40.771627,-73.82266,407.0,20.0,4108277.0,4047870066.0,1047.0,QN0704,2025,1,True,ONE FAMILY DWELLINGS
Queens,FLUSHING-NORTH,02 TWO FAMILY DWELLINGS,1,5768,60,B1,166-39 25 AVENUE,,11357.0,2.0,0.0,2.0,4000.0,1739.0,1945.0,1,B1,980000,2025-01-28,40.774349,-73.796856,407.0,19.0,4129453.0,4057680060.0,1017.0,QN0703,2025,1,True,TWO FAMILY DWELLINGS
Queens,FLUSHING-NORTH,10 COOPS - ELEVATOR APARTMENTS,2,5051,1,D4,"144-11 SANFORD AVENUE, 5J",,11355.0,,,,,,1951.0,2,D4,375000,2025-01-28,40.759019,-73.820128,407.0,20.0,4114755.0,4050510001.0,863.0,QN0704,2025,1,True,COOPS - ELEVATOR APARTMENTS
Queens,FLUSHING-NORTH,10 COOPS - ELEVATOR APARTMENTS,2,5180,1,D4,"4265 KISSENA BOULEVARD, 328",,11355.0,,,,,,1963.0,2,D4,640000,2025-01-28,40.756038,-73.825369,407.0,20.0,4116923.0,4051800001.0,857.0,QN0707,2025,1,True,COOPS - ELEVATOR APARTMENTS
Queens,FLUSHING-NORTH,11 SPECIAL CONDO BILLING LOTS,2,4972,1625,RR,"133-36 37TH AVENUE, 5J",5J,11354.0,1.0,0.0,1.0,85137.0,795.0,2016.0,2,RR,946180,2025-01-28,40.760612,-73.833642,407.0,20.0,4597144.0,4049727505.0,871.0,QN0707,2025,1,True,SPECIAL CONDO BILLING LOTS
Queens,FLUSHING-NORTH,13 CONDOS - ELEVATOR APARTMENTS,2,5066,2778,R4,"131-02B 40TH ROAD, 12M",12M,11354.0,1.0,,1.0,,,2020.0,2,R4,677004,2025-01-28,40.755575,-73.836625,407.0,20.0,4624163.0,4050667508.0,871.0,QN0707,2025,1,True,CONDOS - ELEVATOR APARTMENTS
Queens,FOREST HILLS,01 ONE FAMILY DWELLINGS,1,3190,6,A5,7139 YELLOWSTONE BLVD,,11375.0,1.0,0.0,1.0,2076.0,1664.0,1945.0,1,A5,985000,2025-01-28,40.721531,-73.854739,406.0,29.0,4075867.0,4031900006.0,711.0,QN0602,2025,1,True,ONE FAMILY DWELLINGS
Queens,FOREST HILLS,10 COOPS - ELEVATOR APARTMENTS,2,2237,1,D4,"110-11 QUEENS BLVD, 29L",,11375.0,,,,,,1965.0,2,D4,668755,2025-01-28,40.719923,-73.840507,406.0,29.0,4052585.0,4022370001.0,75702.0,QN0602,2025,1,True,COOPS - ELEVATOR APARTMENTS
Queens,FOREST HILLS,13 CONDOS - ELEVATOR APARTMENTS,2,3257,1017,R4,"107-24 71 ROAD, 16A",16A,11375.0,1.0,,1.0,,,2005.0,2,R4,800000,2025-01-28,40.720097,-73.843447,406.0,29.0,4533735.0,4032577501.0,737.0,QN0602,2025,1,True,CONDOS - ELEVATOR APARTMENTS
Queens,FRESH MEADOWS,01 ONE FAMILY DWELLINGS,1,7180,26,A1,73-44 194 STREET,,11366.0,1.0,0.0,1.0,4000.0,1720.0,1935.0,1,A1,1252500,2025-01-28,40.734184,-73.778468,408.0,23.0,4154298.0,4071800026.0,1333.0,QN0803,2025,1,True,ONE FAMILY DWELLINGS
Queens,GLEN OAKS,10 COOPS - ELEVATOR APARTMENTS,2,8489,1,D4,"269-10 GRAND CENTRAL PKWY., 10G",,11005.0,,,,,,1972.0,2,D4,360000,2025-01-28,40.759283,-73.715237,413.0,23.0,4453535.0,4084890001.0,155101.0,QN1301,2025,1,True,COOPS - ELEVATOR APARTMENTS
Queens,GLEN OAKS,10 COOPS - ELEVATOR APARTMENTS,2,8489,1,D4,"271-10 GRAND CENTRAL PARKWAY, 31L",,11005.0,,,,,,1972.0,2,D4,840000,2025-01-28,40.759289,-73.713493,413.0,23.0,4456886.0,4084890001.0,155101.0,QN1301,2025,1,True,COOPS - ELEVATOR APARTMENTS
Queens,GLENDALE,02 TWO FAMILY DWELLINGS,1,3892,27,B3,8813 69TH ROAD,,11375.0,2.0,0.0,2.0,2367.0,1248.0,1920.0,1,B3,885000,2025-01-28,40.709704,-73.855017,406.0,29.0,4095093.0,4038920027.0,645.0,QN0602,2025,1,True,TWO FAMILY DWELLINGS
Queens,HOLLIS,01 ONE FAMILY DWELLINGS,1,10483,40,A1,9010 202ND STREET,,11423.0,1.0,0.0,1.0,2400.0,1280.0,1920.0,1,A1,370000,2025-01-28,40.716763,-73.759566,412.0,23.0,4223013.0,4104830040.0,484.0,QN1206,2025,1,True,ONE FAMILY DWELLINGS
Queens,HOLLISWOOD,02 TWO FAMILY DWELLINGS,1,10504,28,B3,8632 PALO ALTO STREET,,11423.0,2.0,0.0,2.0,6056.0,2432.0,1950.0,1,B3,1200000,2025-01-28,40.720175,-73.773345,408.0,23.0,4223769.0,4105040028.0,476.0,QN0804,2025,1,True,TWO FAMILY DWELLINGS
Queens,HOLLISWOOD,09 COOPS - WALKUP APARTMENTS,2,10524,1,C6,"196-43 DUNTON AVENUE, 2C",,11423.0,,,,,,1950.0,2,C6,282500,2025-01-28,40.71924,-73.766552,408.0,23.0,4460561.0,4105240001.0,47801.0,QN0804,2025,1,True,COOPS - WALKUP APARTMENTS
Queens,HOWARD BEACH,01 ONE FAMILY DWELLINGS,1,14234,524,A1,39 BROADWAY,,11433.0,1.0,0.0,1.0,2340.0,870.0,1910.0,1,A1,425000,2025-01-28,40.657549,-73.829779,410.0,32.0,4296306.0,4142340524.0,884.0,QN1003,2025,1,True,ONE FAMILY DWELLINGS
Queens,JACKSON HEIGHTS,01 ONE FAMILY DWELLINGS,1,1243,57,A5,33-21 70 STREET,,11372.0,1.0,0.0,1.0,1800.0,2016.0,1935.0,1,A5,999000,2025-01-28,40.753627,-73.896375,403.0,25.0,4028550.0,4012430057.0,291.0,QN0301,2025,1,True,ONE FAMILY DWELLINGS
Queens,JACKSON HEIGHTS,02 TWO FAMILY DWELLINGS,1,1085,20,B3,23-22 92ND STREET,,11369.0,2.0,0.0,2.0,3000.0,984.0,1925.0,1,B3,865000,2025-01-28,40.767264,-73.878029,403.0,22.0,4023555.0,4010850020.0,347.0,QN0302,2025,1,True,TWO FAMILY DWELLINGS
Queens,JACKSON HEIGHTS,10 COOPS - ELEVATOR APARTMENTS,2,1277,58,D4,"3525 77TH STREET, A38",,11372.0,,,,,,1937.0,2,D4,730000,2025-01-28,40.750963,-73.889262,403.0,25.0,4029590.0,4012770058.0,287.0,QN0301,2025,1,True,COOPS - ELEVATOR APARTMENTS
Queens,JACKSON HEIGHTS,10 COOPS - ELEVATOR APARTMENTS,2,1457,18,D4,"35-34 84TH STREET, E1",,11372.0,,,,,,1930.0,2,D4,380250,2025-01-28,40.751632,-73.882772,403.0,25.0,4035822.0,4014570018.0,281.0,QN0301,2025,1,True,COOPS - ELEVATOR APARTMENTS
Queens,JACKSON HEIGHTS,12 CONDOS - WALKUP APARTMENTS,2,1009,1025,R2,"22-31 77 STREET, A-2",A-2,11370.0,1.0,,1.0,,,,2,R2,395000,2025-01-28,40.767928,-73.892342,401.0,22.0,4449264.0,4010097501.0,317.0,QN0101,2025,1,True,CONDOS - WALKUP APARTMENTS
Queens,KEW GARDENS,10 COOPS - ELEVATOR APARTMENTS,2,3338,30,D4,"83-40 AUSTIN STREET, 7J",,11415.0,,,,,,1956.0,2,D4,245000,2025-01-28,40.708741,-73.829021,409.0,29.0,4079739.0,4033380030.0,136.0,QN0901,2025,1,True,COOPS - ELEVATOR APARTMENTS
Queens,LAURELTON,01 ONE FAMILY DWELLINGS,1,13172,24,A1,137-23 FRANCIS LEWIS BLVD,,11413.0,1.0,0.0,1.0,3142.0,1376.0,1940.0,1,A1,711600,2025-01-28,40.671982,-73.741886,413.0,31.0,4283057.0,4131720024.0,646.0,QN1305,2025,1,True,ONE FAMILY DWELLINGS
Queens,LAURELTON,02 TWO FAMILY DWELLINGS,1,13063,55,B2,219-10 EDGEWOOD AVENUE,,11413.0,2.0,0.0,2.0,4138.0,2288.0,1993.0,1,B2,1050000,2025-01-28,40.669507,-73.756041,413.0,31.0,4535885.0,4130630055.0,328.0,QN1305,2025,1,True,TWO FAMILY DWELLINGS
Queens,LONG ISLAND CITY,13 CONDOS - ELEVATOR APARTMENTS,2,47,1116,R4,"10-40 46TH ROAD, 3D",3D,11101.0,1.0,,1.0,,,2007.0,2,R4,1365000,2025-01-28,40.745981,-73.951918,402.0,26.0,4000366.0,4000477502.0,702.0,QN0201,2025,1,True,CONDOS - ELEVATOR APARTMENTS
Queens,OAKLAND GARDENS,01 ONE FAMILY DWELLINGS,1,7761,156,A2,22220 77 AVE,,11364.0,1.0,0.0,1.0,9875.0,1733.0,1945.0,1,A2,1125000,2025-01-28,40.738294,-73.749665,411.0,23.0,4164066.0,4077610156.0,129104.0,QN1104,2025,1,True,ONE FAMILY DWELLINGS
Queens,OAKLAND GARDENS,02 TWO FAMILY DWELLINGS,1,7664,57,B3,64-39 229 STREET,,11364.0,2.0,0.0,2.0,4000.0,2200.0,1960.0,1,B3,1519000,2025-01-28,40.748963,-73.748474,411.0,23.0,4163399.0,4076640057.0,1377.0,QN1104,2025,1,True,TWO FAMILY DWELLINGS
Queens,OAKLAND GARDENS,09 COOPS - WALKUP APARTMENTS,2,7844,2,C6,"78-32 CLOVERDALE BLVD, 2",,11364.0,,,,,,1950.0,2,C6,276750,2025-01-28,40.737488,-73.742722,411.0,23.0,4453350.0,4078440002.0,129104.0,QN1104,2025,1,True,COOPS - WALKUP APARTMENTS
Queens,OAKLAND GARDENS,10 COOPS - ELEVATOR APARTMENTS,2,7738,1,D4,"73-63 BELL BLVD., 5K",,11364.0,,,,,,1952.0,2,D4,220000,2025-01-28,40.739574,-73.757683,411.0,23.0,4453073.0,4077380001.0,129103.0,QN1104,2025,1,True,COOPS - ELEVATOR APARTMENTS
Queens,OZONE PARK,02 TWO FAMILY DWELLINGS,1,11369,16,B3,89-18 DESARC ROAD,,11417.0,2.0,0.0,2.0,2000.0,1792.0,1925.0,1,B3,760000,2025-01-28,40.674459,-73.847275,410.0,32.0,4245620.0,4113690016.0,58.0,QN1002,2025,1,True,TWO FAMILY DWELLINGS
Queens,OZONE PARK,12 CONDOS - WALKUP APARTMENTS,2,9046,1012,R2,"97-52 75TH STREET, A5",A5,11416.0,1.0,,1.0,,,1927.0,2,R2,185000,2025-01-28,40.680424,-73.862699,409.0,32.0,4312469.0,4090467501.0,42.0,QN0904,2025,1,True,CONDOS - WALKUP APARTMENTS
Queens,QUEENS VILLAGE,02 TWO FAMILY DWELLINGS,1,10717,38,B2,9017 218 PLACE,,11428.0,2.0,0.0,2.0,2900.0,1136.0,1925.0,1,B2,105000,2025-01-28,40.725631,-73.742638,413.0,23.0,4229633.0,4107170038.0,556.0,QN1303,2025,1,True,TWO FAMILY DWELLINGS
Queens,REGO PARK,01 ONE FAMILY DWELLINGS,1,3106,33,A5,86-26 62ND AVENUE,,11374.0,1.0,0.0,1.0,2000.0,1520.0,1938.0,1,A5,960000,2025-01-28,40.727396,-73.869948,406.0,30.0,4072950.0,4031060033.0,695.0,QN0601,2025,1,True,ONE FAMILY DWELLINGS
Queens,REGO PARK,10 COOPS - ELEVATOR APARTMENTS,2,3165,62,D4,"67-25 CLYDE STREET, 2F",,11375.0,,,,,,1955.0,2,D4,408000,2025-01-28,40.722167,-73.856044,406.0,29.0,4074967.0,4031650062.0,711.0,QN0602,2025,1,True,COOPS - ELEVATOR APARTMENTS
Queens,REGO PARK,17 CONDO COOPS,2,2118,1003,R9,"99-52 66 ROAD, 1Y",,11374.0,,,,,,,2,R9,165000,2025-01-28,40.727763,-73.854051,406.0,29.0,4432026.0,4021187501.0,71304.0,QN0602,2025,1,True,CONDO COOPS
Queens,RICHMOND HILL,01 ONE FAMILY DWELLINGS,1,9313,136,A5,104-57 ATLANTIC AVENUE,,11418.0,1.0,0.0,1.0,1526.0,1164.0,1910.0,1,A5,632000,2025-01-28,40.690455,-73.840751,409.0,29.0,4195384.0,4093130136.0,12602.0,QN0902,2025,1,True,ONE FAMILY DWELLINGS
Queens,RICHMOND HILL,02 TWO FAMILY DWELLINGS,1,9383,19,B2,95-26 104 STREET,,11416.0,2.0,0.0,2.0,2302.0,1600.0,1920.0,1,B2,1192000,2025-01-28,40.688896,-73.840376,409.0,29.0,4197070.0,4093830019.0,114.0,QN0904,2025,1,True,TWO FAMILY DWELLINGS
Queens,SO. JAMAICA-BAISLEY PARK,05 TAX CLASS 1 VACANT LAND,1B,12038,2,V0,122-21 142 PLACE,,11436.0,0.0,0.0,0.0,1298.0,0.0,,1,V0,10200,2025-01-28,40.675045,-73.798092,412.0,28.0,4000000.0,4120380002.0,182.0,QN1203,2025,1,True,TAX CLASS 1 VACANT LAND
Queens,SOUTH JAMAICA,01 ONE FAMILY DWELLINGS,1,10083,8,A1,107-01 PRINCETON STREET,,11435.0,1.0,0.0,1.0,2500.0,1406.0,1910.0,1,A1,449000,2025-01-28,40.691812,-73.803894,412.0,28.0,4215437.0,4100830008.0,198.0,QN1202,2025,1,True,ONE FAMILY DWELLINGS
Queens,SOUTH JAMAICA,01 ONE FAMILY DWELLINGS,1,10234,271,A1,104-10 177TH STREET,,11433.0,1.0,0.0,1.0,2000.0,938.0,1920.0,1,A1,499000,2025-01-28,40.704041,-73.781623,412.0,27.0,4218067.0,4102340271.0,440.0,QN1202,2025,1,True,ONE FAMILY DWELLINGS
Queens,SOUTH JAMAICA,03 THREE FAMILY DWELLINGS,1,10129,10,C0,162-20 SOUTH ROAD,,11433.0,3.0,0.0,3.0,2020.0,2160.0,1920.0,1,C0,544000,2025-01-28,40.699486,-73.794224,412.0,28.0,4215801.0,4101290010.0,25402.0,QN1202,2025,1,True,THREE FAMILY DWELLINGS
Queens,SOUTH OZONE PARK,01 ONE FAMILY DWELLINGS,1,11775,201,A1,129-33 135 PLACE,,11420.0,1.0,0.0,1.0,2000.0,812.0,1925.0,1,A1,680000,2025-01-28,40.671916,-73.802659,410.0,28.0,4255704.0,4117750201.0,814.0,QN1001,2025,1,True,ONE FAMILY DWELLINGS
Queens,ST. ALBANS,01 ONE FAMILY DWELLINGS,1,10276,36,A2,110-11 177 STREET,,11433.0,1.0,0.0,1.0,4000.0,1050.0,1955.0,1,A2,470000,2025-01-28,40.697909,-73.777175,412.0,27.0,4219180.0,4102760036.0,434.0,QN1205,2025,1,True,ONE FAMILY DWELLINGS
Queens,ST. ALBANS,01 ONE FAMILY DWELLINGS,1,11039,67,A1,115-46 199 STREET,,11412.0,1.0,0.0,1.0,3000.0,1575.0,1925.0,1,A1,525000,2025-01-28,40.696775,-73.754243,412.0,27.0,4237613.0,4110390067.0,530.0,QN1205,2025,1,True,ONE FAMILY DWELLINGS
Queens,ST. ALBANS,02 TWO FAMILY DWELLINGS,1,12607,11,B2,11829 191ST STREET,,11412.0,2.0,0.0,2.0,2900.0,2264.0,1996.0,1,B2,510000,2025-01-28,40.689891,-73.759342,412.0,27.0,4537795.0,4126070011.0,394.0,QN1205,2025,1,True,TWO FAMILY DWELLINGS
Queens,SUNNYSIDE,10 COOPS - ELEVATOR APARTMENTS,2,189,25,D4,"43-08 41ST STREET, 4H",,11104.0,,,,,,1937.0,2,D4,535000,2025-01-28,40.745114,-73.923066,402.0,26.0,4002481.0,4001890025.0,18101.0,QN0202,2025,1,True,COOPS - ELEVATOR APARTMENTS
Queens,WHITESTONE,01 ONE FAMILY DWELLINGS,1,4644,1,A1,147-02 14TH AVENUE,,11357.0,1.0,0.0,1.0,3640.0,1766.0,1930.0,1,A1,1158800,2025-01-28,40.787713,-73.818573,407.0,19.0,4105196.0,4046440001.0,1039.0,QN0702,2025,1,True,ONE FAMILY DWELLINGS
Staten Island,CASTLETON CORNERS,02 TWO FAMILY DWELLINGS,1,721,71,B9,97 QUINLAN AVENUE,,10314.0,2.0,0.0,2.0,3888.0,3375.0,2024.0,1,B9,1313543,2025-01-28,40.60975,-74.128872,501.0,50.0,5000000.0,5007210071.0,18701.0,SI0105,2025,1,True,TWO FAMILY DWELLINGS
Staten Island,ELTINGVILLE,01 ONE FAMILY DWELLINGS,1,5355,71,A5,20 SEIDMAN AVENUE,,10312.0,1.0,0.0,1.0,2542.0,1522.0,2024.0,1,A5,829874,2025-01-28,40.539507,-74.167657,503.0,51.0,,,15602.0,SI0302,2025,1,True,ONE FAMILY DWELLINGS
Staten Island,GREAT KILLS,01 ONE FAMILY DWELLINGS,1,5134,130,A2,37 ADRIENNE PLACE,,10308.0,1.0,0.0,1.0,8100.0,2520.0,1960.0,1,A2,958000,2025-01-28,40.550826,-74.148535,503.0,51.0,5065597.0,5051340130.0,13203.0,SI0302,2025,1,True,ONE FAMILY DWELLINGS
Staten Island,GREAT KILLS,02 TWO FAMILY DWELLINGS,1,5515,51,B2,100 BARTLETT AVENUE,,10312.0,2.0,0.0,2.0,5700.0,1760.0,1960.0,1,B2,905000,2025-01-28,40.550019,-74.166478,503.0,51.0,5073416.0,5055150051.0,14604.0,SI0302,2025,1,True,TWO FAMILY DWELLINGS
Staten Island,GREAT KILLS-BAY TERRACE,09 COOPS - WALKUP APARTMENTS,2,5090,35,C6,"28 BAY TERRACE, 1E",,10306.0,,,,,,1977.0,2,C6,275000,2025-01-28,40.556441,-74.13823,503.0,51.0,5109762.0,5050900035.0,13203.0,SI0302,2025,1,True,COOPS - WALKUP APARTMENTS
Staten Island,MARINERS HARBOR,01 ONE FAMILY DWELLINGS,1,1250,178,A5,466 NETHERLAND AVENUE,,10303.0,1.0,0.0,1.0,2227.0,1320.0,2024.0,1,A5,697501,2025-01-28,40.629016,-74.164903,501.0,49.0,5000000.0,5012500178.0,31901.0,SI0107,2025,1,True,ONE FAMILY DWELLINGS
Staten Island,NEW SPRINGVILLE,01 ONE FAMILY DWELLINGS,1,2110,56,A5,50 SLEEPY HOLLOW ROAD,,10314.0,1.0,0.0,1.0,2652.0,1400.0,2005.0,1,A5,740000,2025-01-28,40.594362,-74.165789,502.0,51.0,5142084.0,5021100056.0,29106.0,SI0204,2025,1,True,ONE FAMILY DWELLINGS
Staten Island,ROSSVILLE-RICHMOND VALLEY,02 TWO FAMILY DWELLINGS,1,7577,51,B2,17 TORRICE LOOP,,10309.0,2.0,0.0,2.0,10773.0,4480.0,2022.0,1,B2,1756481,2025-01-28,40.521353,-74.230984,503.0,51.0,5164348.0,5075770051.0,22602.0,SI0305,2025,1,True,TWO FAMILY DWELLINGS
Staten Island,STAPLETON,01 ONE FAMILY DWELLINGS,1,518,38,A1,166 WRIGHT STREET,,10304.0,1.0,0.0,1.0,5928.0,1905.0,1905.0,1,A1,710000,2025-01-28,40.628725,-74.080846,501.0,49.0,5013607.0,5005180038.0,33.0,SI0104,2025,1,True,ONE FAMILY DWELLINGS
Staten Island,SUNNYSIDE,13 CONDOS - ELEVATOR APARTMENTS,2,610,1001,R4,"830 HOWARD AVENUE, 1D",1D,10301.0,1.0,,1.0,,,1981.0,2,R4,260000,2025-01-28,40.612717,-74.098392,501.0,49.0,5015638.0,5006107501.0,47.0,SI0104,2025,1,True,CONDOS - ELEVATOR APARTMENTS
Staten Island,SUNNYSIDE,13 CONDOS - ELEVATOR APARTMENTS,2,610,1028,R4,"830 HOWARD AVENUE, 4B",4B,10301.0,1.0,,1.0,,,1981.0,2,R4,349000,2025-01-28,40.612717,-74.098392,501.0,49.0,5015638.0,5006107501.0,47.0,SI0104,2025,1,True,CONDOS - ELEVATOR APARTMENTS
Staten Island,WESTERLEIGH,01 ONE FAMILY DWELLINGS,1,452,23,A2,254 DICKIE AVENUE,,10314.0,1.0,0.0,1.0,6720.0,1104.0,1925.0,1,A2,947000,2025-01-28,40.617845,-74.137799,501.0,50.0,5012217.0,5004520023.0,197.0,SI0105,2025,1,True,ONE FAMILY DWELLINGS
Manhattan,UPPER EAST SIDE (59-79),10 COOPS - ELEVATOR APARTMENTS,2,1392,1,D4,"3 EAST 77 ST, SVT-3",,10075.0,,,,,,1927.0,2,D4,150000,2025-03-12,40.77556,-73.964386,108.0,4.0,1041816.0,1013920001.0,142.0,MN0802,2025,3,True,COOPS - ELEVATOR APARTMENTS
Manhattan,UPPER EAST SIDE (59-79),10 COOPS - ELEVATOR APARTMENTS,2,1399,13,D4,"133 EAST 64TH STREET, 2B",,10065.0,,,,,,1927.0,2,D4,5140000,2025-03-12,40.765608,-73.96647,108.0,4.0,1042355.0,1013990013.0,120.0,MN0802,2025,3,True,COOPS - ELEVATOR APARTMENTS
Manhattan,UPPER EAST SIDE (59-79),10 COOPS - ELEVATOR APARTMENTS,2,1421,1,D4,"201 EAST 66TH STREET, 5D",,10065.0,,,,,,1961.0,2,D4,599000,2025-03-12,40.765777,-73.963174,108.0,5.0,1043872.0,1014210001.0,118.0,MN0801,2025,3,True,COOPS - ELEVATOR APARTMENTS
Manhattan,UPPER EAST SIDE (59-79),10 COOPS - ELEVATOR APARTMENTS,2,1447,9,D4,"315 EAST 72ND STREET, 3A",,10021.0,,,,,,1958.0,2,D4,400000,2025-03-12,40.768454,-73.957519,108.0,5.0,1044878.0,1014470009.0,12601.0,MN0801,2025,3,True,COOPS - ELEVATOR APARTMENTS
Manhattan,UPPER EAST SIDE (59-79),13 CONDOS - ELEVATOR APARTMENTS,2,1420,1466,R4,"200 EAST 66TH STREET, E1101",E1101,10065.0,1.0,,1.0,,,1951.0,2,R4,4100000,2025-03-12,40.76562,-73.962846,108.0,5.0,1043871.0,1014207501.0,118.0,MN0801,2025,3,True,CONDOS - ELEVATOR APARTMENTS
Manhattan,UPPER EAST SIDE (59-79),13 CONDOS - ELEVATOR APARTMENTS,2,1436,1272,R4,"350 EAST 62 STREET, 3O",3O,10065.0,1.0,,1.0,,,1916.0,2,R4,505000,2025-03-12,40.761849,-73.961483,108.0,5.0,1072390.0,1014367502.0,110.0,MN0801,2025,3,True,CONDOS - ELEVATOR APARTMENTS
Manhattan,UPPER EAST SIDE (59-79),17 CONDO COOPS,2,1410,1010,R9,"136 EAST 76TH STREET, R10",,10021.0,,,,,,1961.0,2,R9,950000,2025-03-12,40.77316,-73.960701,108.0,4.0,1043163.0,1014107501.0,128.0,MN0802,2025,3,True,CONDO COOPS
Manhattan,UPPER EAST SIDE (79-96),09 COOPS - WALKUP APARTMENTS,2,1527,39,C6,"220 EAST 82 STREET, 2FW",,10028.0,,,,,,1910.0,2,C6,390000,2025-03-12,40.775954,-73.955218,108.0,5.0,1048575.0,1015270039.0,138.0,MN0803,2025,3,True,COOPS - WALKUP APARTMENTS
Manhattan,UPPER EAST SIDE (79-96),10 COOPS - ELEVATOR APARTMENTS,2,1497,41,D4,"1036 PARK AVENUE, 5B",,10028.0,,,,,,1957.0,2,D4,440000,2025-03-12,40.780034,-73.957313,108.0,4.0,1046834.0,1014970041.0,15001.0,MN0802,2025,3,True,COOPS - ELEVATOR APARTMENTS
Manhattan,UPPER EAST SIDE (79-96),10 COOPS - ELEVATOR APARTMENTS,2,1590,8,D4,"75 EAST END AVENUE, 6C",,10028.0,,,,,,1963.0,2,D4,925000,2025-03-12,40.772833,-73.946295,108.0,5.0,1051382.0,1015900008.0,13601.0,MN0803,2025,3,True,COOPS - ELEVATOR APARTMENTS
Manhattan,UPPER EAST SIDE (79-96),13 CONDOS - ELEVATOR APARTMENTS,2,1527,1115,R4,"215 EAST 81 STREET, 4F",4F,10028.0,1.0,,1.0,,,,2,R4,790000,2025-03-12,40.775367,-73.95576,108.0,5.0,1048556.0,1015277502.0,138.0,MN0803,2025,3,True,CONDOS - ELEVATOR APARTMENTS
Manhattan,UPPER WEST SIDE (59-79),13 CONDOS - ELEVATOR APARTMENTS,2,1115,1036,R4,"25 CENTRAL PARK WEST, 2E",2E,10023.0,1.0,,1.0,,,,2,R4,2200000,2025-03-12,40.770148,-73.9804,107.0,6.0,1076225.0,1011157501.0,149.0,MN0701,2025,3,True,CONDOS - ELEVATOR APARTMENTS
Manhattan,UPPER WEST SIDE (59-79),13 CONDOS - ELEVATOR APARTMENTS,2,1158,1658,R4,"200 WEST END AVENUE, 23C",23C,10023.0,1.0,,1.0,,,,2,R4,2625000,2025-03-12,40.778191,-73.985196,107.0,6.0,1030352.0,1011587506.0,15501.0,MN0701,2025,3,True,CONDOS - ELEVATOR APARTMENTS
Manhattan,UPPER WEST SIDE (79-96),10 COOPS - ELEVATOR APARTMENTS,2,1217,54,D4,"160 WEST 87TH STREET, 7B",,10024.0,,,,,,1914.0,2,D4,1100000,2025-03-12,40.787848,-73.973331,107.0,6.0,1032216.0,1012170054.0,173.0,MN0702,2025,3,True,COOPS - ELEVATOR APARTMENTS
Manhattan,UPPER WEST SIDE (79-96),12 CONDOS - WALKUP APARTMENTS,2,1236,1211,R2,"211 WEST 88 STREET, 4A",4A,10024.0,1.0,,1.0,,,1910.0,2,R2,304200,2025-03-12,40.789201,-73.97454,107.0,6.0,1033293.0,1012367503.0,175.0,MN0702,2025,3,True,CONDOS - WALKUP APARTMENTS
Manhattan,UPPER WEST SIDE (79-96),13 CONDOS - ELEVATOR APARTMENTS,2,1210,1096,R4,"101 WEST 79 STREET, 15C/D",15C/D,10024.0,1.0,,1.0,,,1986.0,2,R4,3400000,2025-03-12,40.782139,-73.975904,107.0,6.0,1031798.0,1012107501.0,165.0,MN0702,2025,3,True,CONDOS - ELEVATOR APARTMENTS
Manhattan,UPPER WEST SIDE (96-116),10 COOPS - ELEVATOR APARTMENTS,2,1880,10,D4,"235 WEST 108TH STREET, 23",,10025.0,,,,,,1925.0,2,D4,737500,2025-03-12,40.802393,-73.966282,107.0,7.0,1056675.0,1018800010.0,195.0,MN0703,2025,3,True,COOPS - ELEVATOR APARTMENTS
Manhattan,UPPER WEST SIDE (96-116),13 CONDOS - ELEVATOR APARTMENTS,2,1871,1045,R4,"245 WEST 99TH STREET, 20A",20A,10025.0,1.0,,1.0,,,2006.0,2,R4,3650000,2025-03-12,40.796754,-73.970727,107.0,7.0,1087548.0,1018717501.0,187.0,MN0703,2025,3,True,CONDOS - ELEVATOR APARTMENTS
Manhattan,UPPER WEST SIDE (96-116),13 CONDOS - ELEVATOR APARTMENTS,2,1874,1104,R4,"218 WEST 103RD STREET, 2C",2C,10025.0,1.0,,1.0,,,2023.0,2,R4,1195000,2025-03-12,40.79891,-73.9681,107.0,7.0,1091027.0,1018747502.0,191.0,MN0703,2025,3,True,CONDOS - ELEVATOR APARTMENTS
Manhattan,UPPER WEST SIDE (96-116),13 CONDOS - ELEVATOR APARTMENTS,2,1881,1236,R4,"520 WEST 110TH STREET, 12C",12C,10025.0,1.0,,1.0,,,1911.0,2,R4,1525000,2025-03-12,40.80363,-73.965451,107.0,7.0,1056866.0,1018817502.0,195.0,MN0703,2025,3,True,CONDOS - ELEVATOR APARTMENTS
Manhattan,WASHINGTON HEIGHTS LOWER,10 COOPS - ELEVATOR APARTMENTS,2,2139,530,D4,"359 FORT WASHINGTON AVENUE, 3C",,10033.0,,,,,,1923.0,2,D4,390000,2025-03-12,40.847376,-73.939726,112.0,10.0,1063450.0,1021390530.0,255.0,MN1201,2025,3,True,COOPS - ELEVATOR APARTMENTS
Queens,ASTORIA,02 TWO FAMILY DWELLINGS,1,708,9,B1,32-73 45TH STREET,,11103.0,2.0,0.0,2.0,3000.0,3280.0,1930.0,1,B1,1670000,2025-03-12,40.755526,-73.916275,401.0,22.0,4012409.0,4007080009.0,161.0,QN0104,2025,3,True,TWO FAMILY DWELLINGS
Queens,ASTORIA,02 TWO FAMILY DWELLINGS,1,759,30,B1,47-08 DITMARS BOULEVARD,,11105.0,2.0,0.0,2.0,1805.0,1840.0,1950.0,1,B1,1275000,2025-03-12,40.769644,-73.901531,401.0,22.0,4014282.0,4007590030.0,137.0,QN0101,2025,3,True,TWO FAMILY DWELLINGS
Queens,ASTORIA,13 CONDOS - ELEVATOR APARTMENTS,2,577,1056,R4,"30-44 29 STREET, 2J",2J,11102.0,1.0,,1.0,,,,2,R4,550000,2025-03-12,40.766515,-73.923914,401.0,22.0,4006953.0,4005777501.0,73.0,QN0103,2025,3,True,CONDOS - ELEVATOR APARTMENTS
Queens,COLLEGE POINT,01 ONE FAMILY DWELLINGS,1,3936,49,A2,508 COLLEGE PLACE,,11356.0,1.0,0.0,1.0,1428.0,1568.0,1955.0,1,A2,770000,2025-03-12,40.792546,-73.848333,407.0,19.0,4096027.0,4039360049.0,929.0,QN0701,2025,3,True,ONE FAMILY DWELLINGS
Queens,ELMHURST,10 COOPS - ELEVATOR APARTMENTS,2,1506,62,D4,"41-67 JUDGE STREET, 6F",,11373.0,,,,,,1963.0,2,D4,299000,2025-03-12,40.744967,-73.881953,404.0,25.0,4037224.0,4015060062.0,26902.0,QN0401,2025,3,True,COOPS - ELEVATOR APARTMENTS
Queens,ELMHURST,10 COOPS - ELEVATOR APARTMENTS,2,1560,1,D4,"4421 MACNISH STREET, 1E",,11373.0,,,,,,1951.0,2,D4,100000,2025-03-12,40.742272,-73.879988,404.0,25.0,4039012.0,4015600001.0,46901.0,QN0401,2025,3,True,COOPS - ELEVATOR APARTMENTS
Queens,FLUSHING-NORTH,13 CONDOS - ELEVATOR APARTMENTS,2,4960,1210,R4,"3532 LEAVITT STREET, 10F",10F,11354.0,1.0,,1.0,,,2021.0,2,R4,1120539,2025-03-12,40.76438,-73.828871,407.0,20.0,4618910.0,4049600029.0,869.0,QN0707,2025,3,True,CONDOS - ELEVATOR APARTMENTS
Queens,FLUSHING-NORTH,13 CONDOS - ELEVATOR APARTMENTS,2,5066,2766,R4,"131-02B 40TH ROAD, 11L",11L,11354.0,1.0,,1.0,,,2020.0,2,R4,617541,2025-03-12,40.755575,-73.836625,407.0,20.0,4624163.0,4050667508.0,871.0,QN0707,2025,3,True,CONDOS - ELEVATOR APARTMENTS
Queens,FLUSHING-SOUTH,01 ONE FAMILY DWELLINGS,1,6623,63,A5,72-57 141ST STREET,,11367.0,1.0,0.0,1.0,2000.0,1850.0,1950.0,1,A5,865000,2025-03-12,40.724553,-73.823226,408.0,24.0,4143487.0,4066230063.0,77902.0,QN0801,2025,3,True,ONE FAMILY DWELLINGS
Queens,FLUSHING-SOUTH,09 COOPS - WALKUP APARTMENTS,2,6607,1,C6,"138-15 78TH AVE, 53D",,11367.0,,,,,,1937.0,2,C6,215000,2025-03-12,40.719862,-73.822899,408.0,24.0,4440301.0,4066070001.0,77903.0,QN0801,2025,3,True,COOPS - WALKUP APARTMENTS
Queens,FLUSHING-SOUTH,09 COOPS - WALKUP APARTMENTS,2,6632,1,C6,"141-18 78 ROAD, 3D",,11367.0,,,,,,1940.0,2,C6,308556,2025-03-12,40.718866,-73.819612,408.0,24.0,4451291.0,4066320001.0,77903.0,QN0801,2025,3,True,COOPS - WALKUP APARTMENTS
Queens,FLUSHING-SOUTH,09 COOPS - WALKUP APARTMENTS,2,6670,1,C6,"144-35 78TH ROAD, 3O",,11367.0,,,,,,1949.0,2,C6,250000,2025-03-12,40.719608,-73.817182,408.0,24.0,4440149.0,4066700001.0,77904.0,QN0801,2025,3,True,COOPS - WALKUP APARTMENTS
Queens,FLUSHING-SOUTH,10 COOPS - ELEVATOR APARTMENTS,2,6711,27,D4,"150-15 79TH AVENUE, 3C",,11367.0,,,,,,1965.0,2,D4,454480,2025-03-12,40.720027,-73.813198,408.0,24.0,4145164.0,4067110027.0,77904.0,QN0801,2025,3,True,COOPS - ELEVATOR APARTMENTS
Queens,FLUSHING-SOUTH,15 CONDOS - 2-10 UNIT RESIDENTIAL,2C,6801,1102,R1,"7128 163 STREET, 1A",1A,11365.0,1.0,,1.0,,,2005.0,2,R1,275000,2025-03-12,40.729653,-73.806283,408.0,24.0,4534883.0,4068017502.0,122704.0,QN0802,2025,3,True,CONDOS - 2-10 UNIT RESIDENTIAL
Queens,FOREST HILLS,10 COOPS - ELEVATOR APARTMENTS,2,2139,7,D4,"104-20 68TH DRIVE, A21",,11375.0,,,,,,1956.0,2,D4,480000,2025-03-12,40.724672,-73.848982,406.0,29.0,4432054.0,4021390007.0,71303.0,QN0602,2025,3,True,COOPS - ELEVATOR APARTMENTS
Queens,FOREST HILLS,10 COOPS - ELEVATOR APARTMENTS,2,2157,1,D4,"67-71 YELLOWSTONE BLVD, 2C",,11375.0,,,,,,1948.0,2,D4,270000,2025-03-12,40.726736,-73.848717,406.0,29.0,4051479.0,4021570001.0,741.0,QN0602,2025,3,True,COOPS - ELEVATOR APARTMENTS
Queens,FOREST HILLS,10 COOPS - ELEVATOR APARTMENTS,2,2162,122,D4,"61-20 GRAND CENTRAL PARKWAY, A1404",,11375.0,,,,,,1965.0,2,D4,275000,2025-03-12,40.738412,-73.846767,406.0,24.0,4445338.0,4021620122.0,747.0,QN0602,2025,3,True,COOPS - ELEVATOR APARTMENTS
Queens,FOREST HILLS,13 CONDOS - ELEVATOR APARTMENTS,2,3258,1204,R4,"109-15 72 ROAD, 2C",2C,11375.0,1.0,,1.0,,,2016.0,2,R4,500150,2025-03-12,40.719142,-73.841444,406.0,29.0,4596904.0,4032587503.0,737.0,QN0602,2025,3,True,CONDOS - ELEVATOR APARTMENTS
Queens,GLEN OAKS,09 COOPS - WALKUP APARTMENTS,2,8440,1,C6,"73-17 LITTLE NECK PARKWAY, 67H42",,11004.0,,,,,,1948.0,2,C6,439900,2025-03-12,40.748751,-73.719595,413.0,23.0,4460849.0,4084400001.0,155103.0,QN1301,2025,3,True,COOPS - WALKUP APARTMENTS
Queens,GLEN OAKS,10 COOPS - ELEVATOR APARTMENTS,2,8489,1,D4,"269-10 GRAND CENTRAL PARKWAY, 1G",,11005.0,,,,,,1972.0,2,D4,250000,2025-03-12,40.759283,-73.715237,413.0,23.0,4453535.0,4084890001.0,155101.0,QN1301,2025,3,True,COOPS - ELEVATOR APARTMENTS
Queens,HILLCREST,01 ONE FAMILY DWELLINGS,1,7045,26,A5,82-61 165 STREET,,11432.0,1.0,0.0,1.0,2000.0,1360.0,1930.0,1,A5,755000,2025-03-12,40.717784,-73.801242,408.0,24.0,4152596.0,4070450026.0,1267.0,QN0802,2025,3,True,ONE FAMILY DWELLINGS
Queens,HOLLIS,01 ONE FAMILY DWELLINGS,1,9924,4,A1,184-15 90 AVENUE,,11423.0,1.0,0.0,1.0,2500.0,1248.0,1925.0,1,A1,693000,2025-03-12,40.711355,-73.776603,412.0,23.0,4212552.0,4099240004.0,470.0,QN1201,2025,3,True,ONE FAMILY DWELLINGS
Queens,HOLLIS,01 ONE FAMILY DWELLINGS,1,10496,80,A1,88-50 204 STREET,,11423.0,1.0,0.0,1.0,2300.0,1264.0,1920.0,1,A1,50000,2025-03-12,40.719573,-73.760587,412.0,23.0,4223583.0,4104960080.0,47802.0,QN1206,2025,3,True,ONE FAMILY DWELLINGS
Queens,HOWARD BEACH,01 ONE FAMILY DWELLINGS,1,14251,1669,A2,99-60 164 ROAD,,11414.0,1.0,0.0,1.0,1600.0,656.0,1925.0,1,A2,656531,2025-03-12,40.651461,-73.829575,410.0,32.0,4296535.0,4142511669.0,884.0,QN1003,2025,3,True,ONE FAMILY DWELLINGS
Queens,HOWARD BEACH,02 TWO FAMILY DWELLINGS,1,14186,9,B3,96-20 160TH AVENUE,,11414.0,2.0,0.0,2.0,3500.0,1911.0,1930.0,1,B3,479000,2025-03-12,40.65794,-73.836359,410.0,32.0,4295563.0,4141860009.0,884.0,QN1003,2025,3,True,TWO FAMILY DWELLINGS
Queens,HOWARD BEACH,10 COOPS - ELEVATOR APARTMENTS,2,11446,12,D4,"84-10 153 AVENUE, 2K",,11414.0,,,,,,1964.0,2,D4,299000,2025-03-12,40.666377,-73.849975,410.0,32.0,4434868.0,4114460012.0,6201.0,QN1003,2025,3,True,COOPS - ELEVATOR APARTMENTS
Queens,JACKSON HEIGHTS,10 COOPS - ELEVATOR APARTMENTS,2,1254,12,D4,"33-15 81ST STREET, 1H",,11372.0,,,,,,1951.0,2,D4,354900,2025-03-12,40.755014,-73.886205,403.0,25.0,4431316.0,4012540012.0,283.0,QN0301,2025,3,True,COOPS - ELEVATOR APARTMENTS
Queens,JACKSON HEIGHTS,10 COOPS - ELEVATOR APARTMENTS,2,1266,1,D4,"79-10 34TH AVENUE, 4E",,11372.0,,,,,,1955.0,2,D4,520000,2025-03-12,40.753448,-73.887616,403.0,25.0,4029138.0,4012660001.0,285.0,QN0301,2025,3,True,COOPS - ELEVATOR APARTMENTS
Queens,JAMAICA,01 ONE FAMILY DWELLINGS,1,9841,24,A1,87-03 168 PLACE,,11432.0,1.0,0.0,1.0,4280.0,2452.0,1920.0,1,A1,995000,2025-03-12,40.711775,-73.794598,408.0,24.0,4210532.0,4098410024.0,454.0,QN0805,2025,3,True,ONE FAMILY DWELLINGS
Queens,JAMAICA,02 TWO FAMILY DWELLINGS,1,9820,34,B2,168-35 89 AVENUE,,11432.0,2.0,0.0,2.0,2000.0,2050.0,1910.0,1,B2,999000,2025-03-12,40.708989,-73.792871,412.0,27.0,4210113.0,4098200034.0,460.0,QN1201,2025,3,True,TWO FAMILY DWELLINGS
Queens,KEW GARDENS,17 CONDO COOPS,2,3358,1010,R9,"123-25 82 AVENUE, 5R",,11415.0,,,,,,1951.0,2,R9,180000,2025-03-12,40.712358,-73.828636,409.0,29.0,4312090.0,4033587501.0,21601.0,QN0901,2025,3,True,CONDO COOPS
Queens,LAURELTON,01 ONE FAMILY DWELLINGS,1,12903,31,A5,130-11 225 STREET,,11413.0,1.0,0.0,1.0,2000.0,1542.0,1935.0,1,A5,680000,2025-03-12,40.682613,-73.74196,413.0,31.0,4277689.0,4129030031.0,630.0,QN1305,2025,3,True,ONE FAMILY DWELLINGS
Queens,LITTLE NECK,01 ONE FAMILY DWELLINGS,1,8260,211,A2,253-49 PEMBROKE AVENUE,,11362.0,1.0,0.0,1.0,3528.0,1023.0,1925.0,1,A2,1288000,2025-03-12,40.771727,-73.73342,411.0,19.0,4171553.0,4082600211.0,150702.0,QN1103,2025,3,True,ONE FAMILY DWELLINGS
Queens,LONG ISLAND CITY,03 THREE FAMILY DWELLINGS,1,397,31,C0,39-36 28 STREET,,11101.0,3.0,0.0,3.0,5475.0,3120.0,1901.0,1,C0,2920000,2025-03-12,40.753425,-73.935721,401.0,26.0,4004819.0,4003970031.0,31.0,QN0105,2025,3,True,THREE FAMILY DWELLINGS
Queens,LONG ISLAND CITY,13 CONDOS - ELEVATOR APARTMENTS,2,408,1151,R4,"40-46 24TH STREET, 4C",4C,11101.0,1.0,,1.0,,,2019.0,2,R4,1395003,2025-03-12,40.7533,-73.939276,401.0,26.0,4000000.0,4004087502.0,3302.0,QN0105,2025,3,True,CONDOS - ELEVATOR APARTMENTS
Queens,LONG ISLAND CITY,13 CONDOS - ELEVATOR APARTMENTS,2,437,1902,R4,"23-15 44TH DRIVE, PH408",PH408,11101.0,1.0,,1.0,,,2018.0,2,R4,2649700,2025-03-12,40.747575,-73.94454,402.0,26.0,4005166.0,4004377502.0,1903.0,QN0201,2025,3,True,CONDOS - ELEVATOR APARTMENTS
Queens,LONG ISLAND CITY,21 OFFICE BUILDINGS,4,367,1,O2,37-45 24 STREET,,11101.0,0.0,2.0,2.0,11850.0,24370.0,1997.0,4,O2,9000000,2025-03-12,40.756839,-73.935974,401.0,26.0,4004439.0,4003670001.0,3302.0,QN0105,2025,3,True,OFFICE BUILDINGS
Queens,LONG ISLAND CITY,29 COMMERCIAL GARAGES,4,367,8,G7,37-25 24TH STREET,,11101.0,0.0,0.0,0.0,13015.0,0.0,,4,G7,9000000,2025-03-12,40.757009,-73.935815,401.0,26.0,4000000.0,4003670008.0,3302.0,QN0105,2025,3,True,COMMERCIAL GARAGES
Queens,MASPETH,02 TWO FAMILY DWELLINGS,1,2645,41,B2,61-42 56TH STREET,,11378.0,2.0,0.0,2.0,2000.0,1752.0,1930.0,1,B2,999000,2025-03-12,40.714156,-73.907778,405.0,30.0,4059445.0,4026450041.0,59502.0,QN0501,2025,3,True,TWO FAMILY DWELLINGS
Queens,NEPONSIT,01 ONE FAMILY DWELLINGS,1,16294,33,A1,413 BEACH 143 STREET,,11694.0,1.0,0.0,1.0,6000.0,1542.0,1940.0,1,A1,910000,2025-03-12,40.574454,-73.860927,414.0,32.0,4306555.0,4162940033.0,922.0,QN1403,2025,3,True,ONE FAMILY DWELLINGS
Queens,OAKLAND GARDENS,09 COOPS - WALKUP APARTMENTS,2,7648,2,C6,"61-19 224TH STREET, 592",,11364.0,,,,,,1948.0,2,C6,287000,2025-03-12,40.749042,-73.753278,411.0,23.0,4452789.0,4076480002.0,1377.0,QN1104,2025,3,True,COOPS - WALKUP APARTMENTS
Queens,OZONE PARK,02 TWO FAMILY DWELLINGS,1,11354,27,B3,132-14 CROSS BAY BOULEVARD,,11417.0,2.0,0.0,2.0,2134.0,1290.0,1920.0,1,B3,640000,2025-03-12,40.676359,-73.843622,410.0,32.0,4245352.0,4113540027.0,58.0,QN1002,2025,3,True,TWO FAMILY DWELLINGS
Queens,REGO PARK,13 CONDOS - ELEVATOR APARTMENTS,2,2091,1211,R4,"97-29 64TH ROAD, 5F",5F,11374.0,1.0,,1.0,,,2019.0,2,R4,540000,2025-03-12,40.729381,-73.858958,406.0,29.0,4622920.0,4020917502.0,71701.0,QN0601,2025,3,True,CONDOS - ELEVATOR APARTMENTS
Queens,RICHMOND HILL,03 THREE FAMILY DWELLINGS,1,9348,41,C0,91-49 116TH STREET,,11418.0,3.0,0.0,3.0,3680.0,3374.0,1910.0,1,C0,1275000,2025-03-12,40.694301,-73.830976,409.0,29.0,4196591.0,4093480041.0,122.0,QN0902,2025,3,True,THREE FAMILY DWELLINGS
Queens,ROSEDALE,01 ONE FAMILY DWELLINGS,1,13612,27,A2,247-12 139 AVENUE,,11422.0,1.0,0.0,1.0,5000.0,1114.0,1955.0,1,A2,689000,2025-03-12,40.664516,-73.732255,413.0,31.0,4289338.0,4136120027.0,656.0,QN1307,2025,3,True,ONE FAMILY DWELLINGS
Queens,SO. JAMAICA-BAISLEY PARK,01 ONE FAMILY DWELLINGS,1,12061,30,A2,127-19 143 STREET,,11436.0,1.0,0.0,1.0,4000.0,708.0,1925.0,1,A2,1350000,2025-03-12,40.672889,-73.795716,412.0,28.0,4261913.0,4120610030.0,790.0,QN1203,2025,3,True,ONE FAMILY DWELLINGS
Queens,SO. JAMAICA-BAISLEY PARK,01 ONE FAMILY DWELLINGS,1,12091,7,A1,133-14 146 STREET,,11436.0,1.0,0.0,1.0,1900.0,788.0,1935.0,1,A1,527000,2025-03-12,40.668473,-73.792813,412.0,28.0,4262586.0,4120910007.0,792.0,QN1203,2025,3,True,ONE FAMILY DWELLINGS
Queens,SOUTH JAMAICA,01 ONE FAMILY DWELLINGS,1,10268,42,A5,109-14 177TH STREET,,11433.0,1.0,0.0,1.0,2500.0,1156.0,1950.0,1,A5,705000,2025-03-12,40.699388,-73.778281,412.0,27.0,4218880.0,4102680042.0,414.0,QN1202,2025,3,True,ONE FAMILY DWELLINGS
Queens,SPRINGFIELD GARDENS,01 ONE FAMILY DWELLINGS,1,12475,39,A5,179-40 SELOVER ROAD,,11434.0,1.0,0.0,1.0,2500.0,1600.0,1935.0,1,A5,735000,2025-03-12,40.683878,-73.763748,412.0,27.0,4269561.0,4124750039.0,366.0,QN1205,2025,3,True,ONE FAMILY DWELLINGS
Queens,ST. ALBANS,01 ONE FAMILY DWELLINGS,1,10990,52,A1,194-27 MURDOCK AVENUE,,11412.0,1.0,0.0,1.0,3000.0,1256.0,1930.0,1,A1,481650,2025-03-12,40.698599,-73.760122,412.0,27.0,4235764.0,4109900052.0,526.0,QN1205,2025,3,True,ONE FAMILY DWELLINGS
Queens,WOODSIDE,01 ONE FAMILY DWELLINGS,1,1191,39,A5,34-49 64TH STREET,,11377.0,1.0,0.0,1.0,2000.0,1320.0,1930.0,1,A5,1060000,2025-03-12,40.750966,-73.898765,402.0,25.0,4027240.0,4011910039.0,293.0,QN0203,2025,3,True,ONE FAMILY DWELLINGS
Queens,WOODSIDE,03 THREE FAMILY DWELLINGS,1,1215,29,C0,37-39 60 STREET,,11377.0,3.0,0.0,3.0,2000.0,2740.0,1960.0,1,C0,1600000,2025-03-12,40.748947,-73.90289,402.0,26.0,4027783.0,4012150029.0,259.0,QN0203,2025,3,True,THREE FAMILY DWELLINGS
Queens,WOODSIDE,10 COOPS - ELEVATOR APARTMENTS,2,1111,1,D4,"55-01 31ST AVENUE, 3F",,11377.0,,,,,,1935.0,2,D4,245430,2025-03-12,40.757104,-73.906336,401.0,22.0,4431251.0,4011110001.0,295.0,QN0104,2025,3,True,COOPS - ELEVATOR APARTMENTS
Staten Island,ARDEN HEIGHTS,04 TAX CLASS 1 CONDOS,1A,6017,1210,R3,352 ROLLING HILL GREEN,,10312.0,1.0,,1.0,,,1980.0,1,R3,485000,2025-03-12,40.552167,-74.191874,503.0,51.0,5118810.0,5060177503.0,17014.0,SI0303,2025,3,True,TAX CLASS 1 CONDOS
Staten Island,CONCORD,01 ONE FAMILY DWELLINGS,1,2899,100,A5,195 MOSEL AVENUE,,10304.0,1.0,0.0,1.0,1748.0,840.0,1996.0,1,A5,638000,2025-03-12,40.610369,-74.07943,501.0,49.0,5126236.0,5028990100.0,4002.0,SI0103,2025,3,True,ONE FAMILY DWELLINGS
Staten Island,GRANT CITY,01 ONE FAMILY DWELLINGS,1,3566,45,A2,66 HAMDEN AVENUE,,10306.0,1.0,0.0,1.0,4000.0,1060.0,1925.0,1,A2,580000,2025-03-12,40.582081,-74.106577,502.0,50.0,5051315.0,5035660045.0,11402.0,SI0202,2025,3,True,ONE FAMILY DWELLINGS
Staten Island,GRANT CITY,13 CONDOS - ELEVATOR APARTMENTS,2,3585,1036,R4,"100 COLFAX AVENUE, 3F",3F,10306.0,1.0,,1.0,,,1961.0,2,R4,302000,2025-03-12,40.579906,-74.107779,502.0,50.0,5095450.0,5035857501.0,11402.0,SI0202,2025,3,True,CONDOS - ELEVATOR APARTMENTS
Staten Island,GREAT KILLS,01 ONE FAMILY DWELLINGS,1,5275,44,A2,9 RUSSELL STREET,,10308.0,1.0,0.0,1.0,2260.0,1099.0,1910.0,1,A2,430000,2025-03-12,40.541497,-74.14787,503.0,51.0,5067541.0,5052750044.0,15601.0,SI0302,2025,3,True,ONE FAMILY DWELLINGS
Staten Island,GREAT KILLS,01 ONE FAMILY DWELLINGS,1,5449,15,A2,401 COLON AVENUE,,10308.0,1.0,0.0,1.0,4000.0,960.0,1970.0,1,A2,635000,2025-03-12,40.559489,-74.158062,503.0,51.0,5070845.0,5054490015.0,14608.0,SI0302,2025,3,True,ONE FAMILY DWELLINGS
Staten Island,GREAT KILLS-BAY TERRACE,02 TWO FAMILY DWELLINGS,1,4698,48,B2,112 MONTREAL AVENUE,,10306.0,2.0,0.0,2.0,4000.0,2234.0,1965.0,1,B2,1038000,2025-03-12,40.562899,-74.131718,503.0,51.0,5063202.0,5046980048.0,13204.0,SI0301,2025,3,True,TWO FAMILY DWELLINGS
Staten Island,HUGUENOT,01 ONE FAMILY DWELLINGS,1,6339,1,A2,620 SINCLAIR AVENUE,,10312.0,1.0,0.0,1.0,4000.0,2015.0,1970.0,1,A2,860000,2025-03-12,40.542031,-74.195994,503.0,51.0,5081630.0,5063390001.0,17009.0,SI0304,2025,3,True,ONE FAMILY DWELLINGS
Staten Island,NEW DORP,01 ONE FAMILY DWELLINGS,1,3640,63,A2,237 CLAWSON STREET,,10306.0,1.0,0.0,1.0,4500.0,1007.0,1955.0,1,A2,750000,2025-03-12,40.573541,-74.109771,502.0,50.0,5052695.0,5036400063.0,122.0,SI0202,2025,3,True,ONE FAMILY DWELLINGS
Staten Island,OAKWOOD,22 STORE BUILDINGS,4,4265,15,K1,85 GUYON AVENUE,,10306.0,0.0,1.0,1.0,1972.0,1100.0,2008.0,4,K1,500000,2025-03-12,40.56481,-74.12799,503.0,50.0,5152189.0,5042650015.0,13204.0,SI0301,2025,3,True,STORE BUILDINGS
Staten Island,ROSSVILLE,04 TAX CLASS 1 CONDOS,1A,7038,1038,R3,565 CORRELL AVENUE,,10309.0,1.0,,1.0,,,1983.0,1,R3,216881,2025-03-12,40.54627,-74.21132,503.0,51.0,5123567.0,5070387501.0,20805.0,SI0303,2025,3,True,TAX CLASS 1 CONDOS
Staten Island,SOUTH BEACH,01 ONE FAMILY DWELLINGS,1,3374,6,A5,433 DELAWARE AVENUE,,10305.0,1.0,0.0,1.0,2500.0,1531.0,2022.0,1,A5,830000,2025-03-12,40.587472,-74.086855,502.0,50.0,5172160.0,5033740006.0,7001.0,SI0201,2025,3,True,ONE FAMILY DWELLINGS
Staten Island,TOMPKINSVILLE,01 ONE FAMILY DWELLINGS,1,504,72,A5,73 MARGO LOOP,,10301.0,1.0,0.0,1.0,1335.0,1176.0,2001.0,1,A5,570000,2025-03-12,40.634615,-74.07667,501.0,49.0,5130350.0,5005040072.0,21.0,SI0102,2025,3,True,ONE FAMILY DWELLINGS
Staten Island,TOMPKINSVILLE,01 ONE FAMILY DWELLINGS,1,579,60,A5,88 CEBRA AVENUE,,10304.0,1.0,0.0,1.0,2232.0,1160.0,1988.0,1,A5,460000,2025-03-12,40.632911,-74.084137,501.0,49.0,5093386.0,5005790060.0,33.0,SI0104,2025,3,True,ONE FAMILY DWELLINGS
Staten Island,WILLOWBROOK,01 ONE FAMILY DWELLINGS,1,751,242,A5,449 NORTH GANNON AVENUE,,10314.0,1.0,0.0,1.0,2496.0,1216.0,1975.0,1,A5,649888,2025-03-12,40.608008,-74.144214,501.0,50.0,5019042.0,5007510242.0,18901.0,SI0105,2025,3,True,ONE FAMILY DWELLINGS
Staten Island,WOODROW,01 ONE FAMILY DWELLINGS,1,6967,91,A5,1042 RENSSELAER AVENUE,,10309.0,1.0,0.0,1.0,2500.0,1240.0,1987.0,1,A5,603688,2025-03-12,40.536902,-74.209643,503.0,51.0,5085373.0,5069670091.0,20803.0,SI0304,2025,3,True,ONE FAMILY DWELLINGS
Bronx,BAYCHESTER,01 ONE FAMILY DWELLINGS,1,4745,15,A5,3331 KINGSLAND AVE,,10469.0,1.0,0.0,1.0,1710.0,1863.0,1950.0,1,A5,272000,2025-03-13,40.875864,-73.843742,212.0,12.0,2061148.0,2047450015.0,358.0,BX1202,2025,3,True,ONE FAMILY DWELLINGS
Manhattan,CHELSEA,17 CONDO COOPS,2,792,1302,R9,"161 WEST 16TH STREET, 14F",,10011.0,,,,,,1930.0,2,R9,650000,2025-03-13,40.739384,-73.997514,104.0,3.0,1014572.0,1007927504.0,81.0,MN0401,2025,3,True,CONDO COOPS
Bronx,BAYCHESTER,03 THREE FAMILY DWELLINGS,1,4886,65,C0,3444 GRACE AVENUE,,10469.0,3.0,0.0,3.0,2375.0,2319.0,1925.0,1,C0,600000,2025-03-13,40.879476,-73.839803,212.0,12.0,2065548.0,2048860065.0,46208.0,BX1202,2025,3,True,THREE FAMILY DWELLINGS
Bronx,BAYCHESTER,05 TAX CLASS 1 VACANT LAND,1B,5135,25,V0,2211 HUNTER AVENUE,,10475.0,0.0,0.0,0.0,4750.0,0.0,,1,V0,100000,2025-03-13,40.860764,-73.823847,210.0,12.0,2000000.0,2051350025.0,30201.0,BX1004,2025,3,True,TAX CLASS 1 VACANT LAND
Bronx,BAYCHESTER,06 TAX CLASS 1 - OTHER,1,4886,64,G0,3442 GRACE AVENUE,,10469.0,0.0,0.0,0.0,1235.0,0.0,1931.0,1,G0,600000,2025-03-13,40.879446,-73.839788,212.0,12.0,2065547.0,2048860064.0,46208.0,BX1202,2025,3,True,TAX CLASS 1 - OTHER
Bronx,BAYCHESTER,26 OTHER HOTELS,4,5270,48,H4,2221 NEW ENGLAND THRUWAY,,10475.0,0.0,1.0,1.0,10795.0,7600.0,1977.0,4,H4,4300000,2025-03-13,40.882406,-73.829464,212.0,12.0,2072503.0,2052700048.0,46209.0,BX1202,2025,3,True,OTHER HOTELS
Bronx,BAYCHESTER,29 COMMERCIAL GARAGES,4,5270,53,G7,3440 STEENWICK AVENUE,,10475.0,0.0,0.0,0.0,8941.0,0.0,,4,G7,4300000,2025-03-13,40.882805,-73.830201,212.0,12.0,2000000.0,2052700053.0,46209.0,BX1202,2025,3,True,COMMERCIAL GARAGES
Bronx,CITY ISLAND,01 ONE FAMILY DWELLINGS,1,5632,8,A1,16 TIER STREET,,10464.0,1.0,0.0,1.0,6500.0,2537.0,1940.0,1,A1,1250000,2025-03-13,40.847743,-73.790802,210.0,13.0,2082261.0,2056320008.0,51601.0,BX1003,2025,3,True,ONE FAMILY DWELLINGS
Bronx,COUNTRY CLUB,02 TWO FAMILY DWELLINGS,1,5459,10,B1,1055 VINCENT AVENUE,,10465.0,2.0,0.0,2.0,670.0,1140.0,1925.0,1,B1,650000,2025-03-13,40.83428,-73.820379,210.0,13.0,2077636.0,2054590010.0,160.0,BX1002,2025,3,True,TWO FAMILY DWELLINGS
Bronx,COUNTRY CLUB,02 TWO FAMILY DWELLINGS,1,5459,11,B1,1051 VINCENT AVENUE,,10465.0,2.0,0.0,2.0,682.0,1140.0,1925.0,1,B1,650000,2025-03-13,40.834242,-73.820361,210.0,13.0,2077637.0,2054590011.0,160.0,BX1002,2025,3,True,TWO FAMILY DWELLINGS
Bronx,COUNTRY CLUB,02 TWO FAMILY DWELLINGS,1,5459,63,B3,1057 VINCENT AVENUE,,10465.0,2.0,0.0,2.0,674.0,1140.0,1925.0,1,B3,650000,2025-03-13,40.8343,-73.820387,210.0,13.0,2077671.0,2054590063.0,160.0,BX1002,2025,3,True,TWO FAMILY DWELLINGS
Bronx,COUNTRY CLUB,02 TWO FAMILY DWELLINGS,1,5459,64,B1,1053 VINCENT AVENUE,,10465.0,2.0,0.0,2.0,674.0,1140.0,1925.0,1,B1,650000,2025-03-13,40.834261,-73.820372,210.0,13.0,2077672.0,2054590064.0,160.0,BX1002,2025,3,True,TWO FAMILY DWELLINGS
Bronx,EAST TREMONT,02 TWO FAMILY DWELLINGS,1,3107,123,B1,818 EAST 179 STREET,,10460.0,2.0,0.0,2.0,2908.0,2724.0,2002.0,1,B1,950000,2025-03-13,40.84494,-73.886229,206.0,15.0,2112738.0,2031070123.0,36501.0,BX0602,2025,3,True,TWO FAMILY DWELLINGS
Bronx,HIGHBRIDGE/MORRIS HEIGHTS,09 COOPS - WALKUP APARTMENTS,2,2516,26,C6,"136 WEST 168TH STREET, 2C",,10452.0,,,,,,1926.0,2,C6,40637,2025-03-13,40.838439,-73.925585,204.0,16.0,2003299.0,2025160026.0,199.0,BX0402,2025,3,True,COOPS - WALKUP APARTMENTS
Bronx,MELROSE/CONCOURSE,07 RENTALS - WALKUP APARTMENTS,2A,2428,33,C3,1047 CLAY AVENUE,,10456.0,4.0,0.0,4.0,2500.0,3120.0,1927.0,2,C3,750000,2025-03-13,40.828527,-73.912765,204.0,16.0,2002136.0,2024280033.0,175.0,BX0401,2025,3,True,RENTALS - WALKUP APARTMENTS
Bronx,MORRIS PARK/VAN NEST,02 TWO FAMILY DWELLINGS,1,4265,8,B1,1918 FOWLER AVENUE,,10462.0,2.0,0.0,2.0,2500.0,1632.0,1940.0,1,B1,775000,2025-03-13,40.849503,-73.860644,211.0,13.0,2048154.0,2042650008.0,246.0,BX1102,2025,3,True,TWO FAMILY DWELLINGS
Bronx,MORRISANIA/LONGWOOD,17 CONDO COOPS,2,2359,1001,R9,"704 BROOK AVENUE, 3S",,10455.0,,,,,,2010.0,2,R9,275000,2025-03-13,40.819195,-73.912499,201.0,17.0,2117344.0,2023597501.0,71.0,BX0102,2025,3,True,CONDO COOPS
Bronx,PELHAM PARKWAY NORTH,01 ONE FAMILY DWELLINGS,1,4449,85,A5,2445 LURTING AVE,,10469.0,1.0,0.0,1.0,1571.0,1898.0,1975.0,1,A5,580000,2025-03-13,40.86202,-73.856912,211.0,13.0,2051756.0,2044490085.0,326.0,BX1103,2025,3,True,ONE FAMILY DWELLINGS
Bronx,RIVERDALE,10 COOPS - ELEVATOR APARTMENTS,2,5856,378,D4,"6495 BROADWAY, 2R",,10471.0,,,,,,1961.0,2,D4,285000,2025-03-13,40.905536,-73.896468,208.0,11.0,2091885.0,2058560378.0,345.0,BX0803,2025,3,True,COOPS - ELEVATOR APARTMENTS
Bronx,RIVERDALE,10 COOPS - ELEVATOR APARTMENTS,2,5901,1,D4,"3333 HENRY HUDSON PARKWAY, 2MN",,10463.0,,,,,,1970.0,2,D4,860000,2025-03-13,40.885555,-73.91375,208.0,11.0,2085773.0,2059010001.0,30701.0,BX0803,2025,3,True,COOPS - ELEVATOR APARTMENTS
Bronx,SCHUYLERVILLE/PELHAM BAY,01 ONE FAMILY DWELLINGS,1,5358,26,A1,2920 CODDINGTON AVE,,10461.0,1.0,0.0,1.0,4030.0,1180.0,1920.0,1,A1,280000,2025-03-13,40.839915,-73.831156,210.0,13.0,2073771.0,2053580026.0,184.0,BX1002,2025,3,True,ONE FAMILY DWELLINGS
Bronx,THROGS NECK,01 ONE FAMILY DWELLINGS,1,5521,34,A5,340 PENNYFIELD AVENUE,,10465.0,1.0,0.0,1.0,2420.0,1248.0,1955.0,1,A5,720000,2025-03-13,40.816204,-73.808853,210.0,13.0,2079013.0,2055210034.0,118.0,BX1002,2025,3,True,ONE FAMILY DWELLINGS
Bronx,THROGS NECK,01 ONE FAMILY DWELLINGS,1,5591,48,A5,234 QUINCY AVENUE,,10465.0,1.0,0.0,1.0,1942.0,1900.0,1925.0,1,A5,415000,2025-03-13,40.816251,-73.818737,210.0,13.0,2081019.0,2055910048.0,132.0,BX1002,2025,3,True,ONE FAMILY DWELLINGS
Bronx,THROGS NECK,01 ONE FAMILY DWELLINGS,1,5592,132,A5,2819 SCHURZ AVENUE,,10465.0,1.0,0.0,1.0,2525.0,1633.0,1960.0,1,A5,500000,2025-03-13,40.814185,-73.817612,210.0,13.0,2081139.0,2055920132.0,132.0,BX1002,2025,3,True,ONE FAMILY DWELLINGS
Bronx,WAKEFIELD,02 TWO FAMILY DWELLINGS,1,5043,47,B1,4351 FURMAN AVENUE,,10466.0,2.0,0.0,2.0,2505.0,2112.0,1925.0,1,B1,600768,2025-03-13,40.896639,-73.854545,212.0,11.0,2069791.0,2050430047.0,434.0,BX1203,2025,3,True,TWO FAMILY DWELLINGS
Brooklyn,BAY RIDGE,01 ONE FAMILY DWELLINGS,1,5770,15,A5,824 68TH STREET,,11220.0,1.0,0.0,1.0,1965.0,1344.0,1940.0,1,A5,1270000,2025-03-13,40.630388,-74.013474,310.0,38.0,3142995.0,3057700015.0,12801.0,BK1002,2025,3,True,ONE FAMILY DWELLINGS
Brooklyn,BAY RIDGE,02 TWO FAMILY DWELLINGS,1,5853,32,B1,262 SENATOR STREET,,11220.0,2.0,0.0,2.0,1638.0,2698.0,1950.0,1,B1,1580000,2025-03-13,40.63744,-74.026198,310.0,47.0,3144612.0,3058530032.0,70.0,BK1001,2025,3,True,TWO FAMILY DWELLINGS
Brooklyn,BAY RIDGE,02 TWO FAMILY DWELLINGS,1,5959,55,B2,265 78 STREET,,11209.0,2.0,0.0,2.0,3644.0,2804.0,1910.0,1,B2,1500000,2025-03-13,40.629554,-74.029729,310.0,47.0,3149764.0,3059590055.0,64.0,BK1001,2025,3,True,TWO FAMILY DWELLINGS
Brooklyn,BAY RIDGE,02 TWO FAMILY DWELLINGS,1,6048,18,B2,238 87 STREET,,11209.0,2.0,0.0,2.0,2600.0,2088.0,1925.0,1,B2,1400000,2025-03-13,40.623097,-74.032954,310.0,47.0,3153659.0,3060480018.0,60.0,BK1001,2025,3,True,TWO FAMILY DWELLINGS
Brooklyn,BAY RIDGE,10 COOPS - ELEVATOR APARTMENTS,2,5928,1,D4,"7423 RIDGE BOULEVARD, 3F",,11209.0,,,,,,1957.0,2,D4,325000,2025-03-13,40.632578,-74.030267,310.0,47.0,3148217.0,3059280001.0,66.0,BK1001,2025,3,True,COOPS - ELEVATOR APARTMENTS
Brooklyn,BEDFORD STUYVESANT,03 THREE FAMILY DWELLINGS,1,1771,160,C0,101 PULASKI STREET,,11206.0,3.0,0.0,3.0,2000.0,2151.0,2005.0,1,C0,2600000,2025-03-13,40.692604,-73.947272,303.0,36.0,3391970.0,3017710160.0,261.0,BK0301,2025,3,True,THREE FAMILY DWELLINGS
Brooklyn,BEDFORD STUYVESANT,12 CONDOS - WALKUP APARTMENTS,2,1665,1021,R2,"524 HALSEY STREET, 303",303,11215.0,1.0,,1.0,,,1921.0,2,R2,1320000,2025-03-13,40.683674,-73.933539,303.0,36.0,3329586.0,3016657501.0,295.0,BK0302,2025,3,True,CONDOS - WALKUP APARTMENTS
Brooklyn,BEDFORD STUYVESANT,12 CONDOS - WALKUP APARTMENTS,2,1665,1025,R2,"524 HALSEY STREET, 307",307,11215.0,1.0,,1.0,,,1921.0,2,R2,1266451,2025-03-13,40.683674,-73.933539,303.0,36.0,3329586.0,3016657501.0,295.0,BK0302,2025,3,True,CONDOS - WALKUP APARTMENTS
Brooklyn,BEDFORD STUYVESANT,15 CONDOS - 2-10 UNIT RESIDENTIAL,2C,1953,1302,R1,"347 GREENE AVENUE, 2B",2B,11238.0,1.0,,1.0,,,1905.0,2,R1,779000,2025-03-13,40.687668,-73.957607,303.0,36.0,3055797.0,3019537504.0,233.0,BK0301,2025,3,True,CONDOS - 2-10 UNIT RESIDENTIAL
Brooklyn,BEDFORD STUYVESANT,15 CONDOS - 2-10 UNIT RESIDENTIAL,2C,1974,1401,R1,"134 QUINCY STREET, 1",1,11216.0,1.0,,1.0,,,2017.0,2,R1,1685000,2025-03-13,40.686363,-73.955769,303.0,36.0,3425119.0,3019747504.0,229.0,BK0301,2025,3,True,CONDOS - 2-10 UNIT RESIDENTIAL
Brooklyn,BENSONHURST,03 THREE FAMILY DWELLINGS,1,6216,25,C0,1842 74TH STREET,,11204.0,3.0,0.0,3.0,2517.0,2268.0,1925.0,1,C0,1660000,2025-03-13,40.613437,-73.994464,311.0,43.0,3159689.0,3062160025.0,274.0,BK1101,2025,3,True,THREE FAMILY DWELLINGS
Brooklyn,BENSONHURST,13 CONDOS - ELEVATOR APARTMENTS,2,6241,1207,R4,"7616 BAY PARKWAY, 4A",4A,11214.0,1.0,,1.0,,,,2,R4,709000,2025-03-13,40.607225,-73.988324,311.0,43.0,3161024.0,3062417503.0,272.0,BK1101,2025,3,True,CONDOS - ELEVATOR APARTMENTS
Brooklyn,BERGEN BEACH,02 TWO FAMILY DWELLINGS,1,8458,25,B2,2417 EAST 71ST STREET,,11234.0,2.0,0.0,2.0,2567.0,1517.0,1975.0,1,B2,880000,2025-03-13,40.614628,-73.901637,318.0,46.0,3238379.0,3084580025.0,70601.0,BK1802,2025,3,True,TWO FAMILY DWELLINGS
Brooklyn,BOROUGH PARK,02 TWO FAMILY DWELLINGS,1,5483,3,B1,6 AVE J,,11230.0,2.0,0.0,2.0,2000.0,1400.0,1915.0,1,B1,1715000,2025-03-13,40.623492,-73.976646,312.0,44.0,3130382.0,3054830003.0,46202.0,BK1204,2025,3,True,TWO FAMILY DWELLINGS
Brooklyn,BROOKLYN HEIGHTS,09 COOPS - WALKUP APARTMENTS,2C,262,19,C6,"25 GARDEN PLACE, 3",,11201.0,,,,,,1900.0,2,C6,2450000,2025-03-13,40.692569,-73.996268,302.0,33.0,3002422.0,3002620019.0,7.0,BK0201,2025,3,True,COOPS - WALKUP APARTMENTS
Brooklyn,BROOKLYN HEIGHTS,10 COOPS - ELEVATOR APARTMENTS,2,217,1,D4,"75 HENRY STREET, 11J",,11201.0,,,,,,1967.0,2,D4,610000,2025-03-13,40.698597,-73.992452,302.0,33.0,3326019.0,3002170001.0,1.0,BK0201,2025,3,True,COOPS - ELEVATOR APARTMENTS
Brooklyn,BUSHWICK,02 TWO FAMILY DWELLINGS,1,3437,4,B1,893 KNICKERBOCKER AVE,,11207.0,2.0,0.0,2.0,2000.0,1960.0,1910.0,1,B1,3500000,2025-03-13,40.691006,-73.904622,304.0,37.0,3079805.0,3034370004.0,409.0,BK0402,2025,3,True,TWO FAMILY DWELLINGS
Brooklyn,CANARSIE,01 ONE FAMILY DWELLINGS,1,4747,61,A5,150 EAST 88 STREET,,11236.0,1.0,0.0,1.0,2567.0,1690.0,1940.0,1,A5,669000,2025-03-13,40.649368,-73.918704,317.0,42.0,3104692.0,3047470061.0,934.0,BK1704,2025,3,True,ONE FAMILY DWELLINGS
Brooklyn,CANARSIE,02 TWO FAMILY DWELLINGS,1,8246,43,B1,1110 EAST 101 STREET,,11236.0,2.0,0.0,2.0,1980.0,1760.0,1955.0,1,B1,599900,2025-03-13,40.641978,-73.893565,318.0,46.0,3232046.0,3082460043.0,1012.0,BK1803,2025,3,True,TWO FAMILY DWELLINGS
Brooklyn,CANARSIE,09 COOPS - WALKUP APARTMENTS,2,8235,289,C6,"1001 EAST 108 STREET, 2A",,11236.0,,,,,,1967.0,2,C6,217500,2025-03-13,40.646929,-73.890336,318.0,46.0,3231523.0,3082350289.0,1018.0,BK1803,2025,3,True,COOPS - WALKUP APARTMENTS
Brooklyn,CARROLL GARDENS,03 THREE FAMILY DWELLINGS,1,460,56,C0,17 3RD STREET,,11231.0,3.0,0.0,3.0,1600.0,3104.0,1901.0,1,C0,2275000,2025-03-13,40.678513,-73.995104,306.0,39.0,3007860.0,3004600056.0,77.0,BK0601,2025,3,True,THREE FAMILY DWELLINGS
Brooklyn,CLINTON HILL,13 CONDOS - ELEVATOR APARTMENTS,2,1981,1062,R4,"450 GRAND AVENUE, 7B",7B,11238.0,1.0,,1.0,,,2022.0,2,R4,1629200,2025-03-13,40.683115,-73.961767,302.0,35.0,3000000.0,3019817501.0,201.0,BK0204,2025,3,True,CONDOS - ELEVATOR APARTMENTS
Brooklyn,CONEY ISLAND,01 ONE FAMILY DWELLINGS,1,7049,102,A5,3128 MERMAID AVENUE,,11224.0,1.0,0.0,1.0,990.0,1854.0,1999.0,1,A5,490000,2025-03-13,40.575169,-73.997865,313.0,47.0,3392823.0,3070490102.0,342.0,BK1302,2025,3,True,ONE FAMILY DWELLINGS
Brooklyn,CROWN HEIGHTS,09 COOPS - WALKUP APARTMENTS,2,1292,1,C6,"421 CROWN STREET, 2R",,11225.0,,,,,,1923.0,2,C6,210000,2025-03-13,40.665976,-73.944922,309.0,35.0,3033966.0,3012920001.0,333.0,BK0901,2025,3,True,COOPS - WALKUP APARTMENTS
Brooklyn,DOWNTOWN-FULTON FERRY,13 CONDOS - ELEVATOR APARTMENTS,2,36,1083,R4,"30 MAIN STREET, PHA",PHA,11201.0,1.0,,1.0,,,1910.0,2,R4,2995000,2025-03-13,40.703043,-73.990688,302.0,33.0,3335867.0,3000367501.0,21.0,BK0202,2025,3,True,CONDOS - ELEVATOR APARTMENTS
Brooklyn,DYKER HEIGHTS,04 TAX CLASS 1 CONDOS,1A,6309,1002,R3,"1306 83RD STREET, 102",102,11228.0,1.0,,1.0,,,2024.0,1,R3,813379,2025-03-13,40.61555,-74.011749,310.0,50.0,,,150.0,BK1002,2025,3,True,TAX CLASS 1 CONDOS
Brooklyn,DYKER HEIGHTS,04 TAX CLASS 1 CONDOS,1A,6309,1003,R3,"1306 83RD STREET, 103",103,11228.0,1.0,,1.0,,,2024.0,1,R3,884656,2025-03-13,40.61555,-74.011749,310.0,50.0,,,150.0,BK1002,2025,3,True,TAX CLASS 1 CONDOS
Brooklyn,DYKER HEIGHTS,44 CONDO PARKING,4,6309,1015,RP,"1306 83RD STREET, PS2",PS2,11228.0,,1.0,1.0,,,2024.0,4,RP,59624,2025-03-13,40.61555,-74.011749,310.0,50.0,,,150.0,BK1002,2025,3,True,CONDO PARKING
Brooklyn,EAST NEW YORK,02 TWO FAMILY DWELLINGS,1,4084,8,B2,633 ESSEX STREET,,11208.0,2.0,0.0,2.0,2002.0,2080.0,1986.0,1,B2,450000,2025-03-13,40.668054,-73.880208,305.0,42.0,3090615.0,3040840008.0,1120.0,BK0503,2025,3,True,TWO FAMILY DWELLINGS
Brooklyn,EAST NEW YORK,03 THREE FAMILY DWELLINGS,1,3790,11,C0,497 NEW JERSEY AVENUE,,11207.0,3.0,0.0,3.0,2000.0,3328.0,1910.0,1,C0,1090000,2025-03-13,40.667145,-73.893615,305.0,42.0,3084492.0,3037900011.0,1158.0,BK0502,2025,3,True,THREE FAMILY DWELLINGS
Brooklyn,FLATBUSH-EAST,02 TWO FAMILY DWELLINGS,1,4680,2,B1,848 LINDEN BOULEVARD,,11203.0,2.0,0.0,2.0,2975.0,3954.0,1920.0,1,B1,795000,2025-03-13,40.654053,-73.926472,317.0,41.0,3102277.0,3046800002.0,866.0,BK1703,2025,3,True,TWO FAMILY DWELLINGS
Brooklyn,FLATBUSH-EAST,02 TWO FAMILY DWELLINGS,1,4869,11,S2,1423 NOSTRAND AVENUE,,11226.0,2.0,1.0,3.0,2100.0,3300.0,1930.0,1,S2,2200000,2025-03-13,40.651524,-73.94964,317.0,40.0,3108546.0,3048690011.0,818.0,BK1701,2025,3,True,TWO FAMILY DWELLINGS
Brooklyn,FLATBUSH-EAST,02 TWO FAMILY DWELLINGS,1,4869,12,S2,1421 NOSTRAND AVENUE,,11226.0,2.0,1.0,3.0,2100.0,3300.0,1930.0,1,S2,2200000,2025-03-13,40.651565,-73.949644,317.0,40.0,3108547.0,3048690012.0,818.0,BK1701,2025,3,True,TWO FAMILY DWELLINGS
Brooklyn,FLATBUSH-EAST,02 TWO FAMILY DWELLINGS,1,7601,61,B2,1082 EAST 38 STREET,,11210.0,2.0,0.0,2.0,4000.0,2634.0,1915.0,1,B2,1300000,2025-03-13,40.628732,-73.939502,318.0,45.0,3207462.0,3076010061.0,740.0,BK1801,2025,3,True,TWO FAMILY DWELLINGS
Brooklyn,FLATBUSH-EAST,03 THREE FAMILY DWELLINGS,1,4894,159,C0,195 EAST 40 STREET,,11203.0,3.0,0.0,3.0,2335.0,3840.0,2007.0,1,C0,1643901,2025-03-13,40.650871,-73.939972,317.0,40.0,3392640.0,3048940159.0,858.0,BK1703,2025,3,True,THREE FAMILY DWELLINGS
Brooklyn,FLATBUSH-NORTH,03 THREE FAMILY DWELLINGS,1,4606,16,C0,8 EAST 53 STREET,,11203.0,3.0,0.0,3.0,2000.0,2100.0,1940.0,1,C0,880000,2025-03-13,40.660085,-73.928325,317.0,41.0,3099724.0,3046060016.0,88002.0,BK1703,2025,3,True,THREE FAMILY DWELLINGS
Brooklyn,GOWANUS,03 THREE FAMILY DWELLINGS,1,454,12,C0,297 3 AVENUE,,11215.0,3.0,0.0,3.0,1555.0,1920.0,1899.0,1,C0,1555000,2025-03-13,40.676838,-73.986509,306.0,39.0,3007691.0,3004540012.0,11901.0,BK0601,2025,3,True,THREE FAMILY DWELLINGS
Brooklyn,GRAVESEND,13 CONDOS - ELEVATOR APARTMENTS,2,6623,1127,R4,"168 AVENUE P, 8A",8A,11204.0,1.0,,1.0,,,2016.0,2,R4,722958,2025-03-13,40.607817,-73.981996,311.0,43.0,3175408.0,3066237502.0,426.0,BK1103,2025,3,True,CONDOS - ELEVATOR APARTMENTS
Brooklyn,GREENPOINT,02 TWO FAMILY DWELLINGS,1,2692,145,B9,14 HAUSMAN STREET,,11222.0,2.0,0.0,2.0,750.0,1232.0,1899.0,1,B9,900000,2025-03-13,40.724436,-73.938581,301.0,33.0,3067479.0,3026920145.0,593.0,BK0101,2025,3,True,TWO FAMILY DWELLINGS
Brooklyn,MIDWOOD,13 CONDOS - ELEVATOR APARTMENTS,2,7674,1106,R4,"1901 OCEAN AVE, 3B",3B,11230.0,1.0,,1.0,,,2020.0,2,R4,450000,2025-03-13,40.61535,-73.954422,314.0,48.0,3210671.0,3076747502.0,546.0,BK1403,2025,3,True,CONDOS - ELEVATOR APARTMENTS
Brooklyn,MILL BASIN,29 COMMERCIAL GARAGES,4,8463,76,G1,2123 MILL AVENUE,,11234.0,0.0,2.0,2.0,8000.0,2158.0,1960.0,4,G1,1450000,2025-03-13,40.614936,-73.913307,318.0,46.0,3238492.0,3084630076.0,698.0,BK1802,2025,3,True,COMMERCIAL GARAGES
Brooklyn,OCEAN HILL,15 CONDOS - 2-10 UNIT RESIDENTIAL,2C,1497,1103,R1,"764 MACON STREET, 2B",2B,11233.0,1.0,,1.0,,,2022.0,2,R1,570000,2025-03-13,40.684488,-73.919894,303.0,41.0,3427415.0,3014977502.0,377.0,BK0302,2025,3,True,CONDOS - 2-10 UNIT RESIDENTIAL
Brooklyn,OCEAN PARKWAY-NORTH,13 CONDOS - ELEVATOR APARTMENTS,2,5375,1005,R4,"379 OCEAN PARKWAY, 3A",3A,11218.0,1.0,,1.0,,,2020.0,2,R4,446160,2025-03-13,40.639699,-73.973398,312.0,39.0,3126222.0,3053757501.0,490.0,BK1203,2025,3,True,CONDOS - ELEVATOR APARTMENTS
Brooklyn,PARK SLOPE,09 COOPS - WALKUP APARTMENTS,2C,960,53,C6,"719 CARROLL STREET, 2L",,11215.0,,,,,,1920.0,2,C6,1195000,2025-03-13,40.673579,-73.977278,306.0,39.0,3020375.0,3009600053.0,157.0,BK0602,2025,3,True,COOPS - WALKUP APARTMENTS
Brooklyn,SUNSET PARK,01 ONE FAMILY DWELLINGS,1,914,29,A9,662 39 STREET,,11232.0,1.0,0.0,1.0,2504.0,1296.0,1910.0,1,A9,606654,2025-03-13,40.649147,-74.000418,307.0,38.0,3017853.0,3009140029.0,88.0,BK0703,2025,3,True,ONE FAMILY DWELLINGS
Brooklyn,WILLIAMSBURG-CENTRAL,13 CONDOS - ELEVATOR APARTMENTS,2,2239,1016,R4,"24 MIDDLETON STREET, 7A",7A,11206.0,1.0,,1.0,,,2023.0,2,R4,2168613,2025-03-13,40.700408,-73.95506,301.0,33.0,3428904.0,3022397501.0,53101.0,BK0103,2025,3,True,CONDOS - ELEVATOR APARTMENTS
Brooklyn,CLINTON HILL,10 COOPS - ELEVATOR APARTMENTS,2,1944,4,D4,"361 CLINTON AVENUE, 7D",,11238.0,,,,,,1946.0,2,D4,810000,2025-06-06,40.687185,-73.967617,302.0,35.0,3321876.0,3019440004.0,197.0,BK0204,2025,6,True,COOPS - ELEVATOR APARTMENTS
Brooklyn,CLINTON HILL,13 CONDOS - ELEVATOR APARTMENTS,2,1993,1101,R4,"87 IRVING PLACE, 1A",1A,11238.0,1.0,,1.0,,,1971.0,2,R4,2595000,2025-06-06,40.682385,-73.959669,302.0,35.0,3057263.0,3019937502.0,227.0,BK0301,2025,6,True,CONDOS - ELEVATOR APARTMENTS
Brooklyn,CROWN HEIGHTS,07 RENTALS - WALKUP APARTMENTS,2B,1177,45,C1,"429 LINCOLN PLACE, 9",,11238.0,9.0,0.0,9.0,2800.0,5670.0,1911.0,2,C1,3700000,2025-06-06,40.672455,-73.962007,308.0,35.0,3029566.0,3011770045.0,215.0,BK0801,2025,6,True,RENTALS - WALKUP APARTMENTS
Brooklyn,DOWNTOWN-FULTON MALL,13 CONDOS - ELEVATOR APARTMENTS,2,157,1287,R4,"11 HOYT STREET, 35E",35E,11201.0,1.0,,1.0,,,2018.0,2,R4,1155000,2025-06-06,40.690216,-73.985327,302.0,33.0,3329438.0,3001577501.0,37.0,BK0202,2025,6,True,CONDOS - ELEVATOR APARTMENTS
Brooklyn,EAST NEW YORK,02 TWO FAMILY DWELLINGS,1,4000,7,B2,329 ASHFORD STREET,,11207.0,2.0,0.0,2.0,1800.0,2000.0,1901.0,1,B2,825000,2025-06-06,40.67427,-73.885215,305.0,42.0,3088884.0,3040000007.0,1150.0,BK0502,2025,6,True,TWO FAMILY DWELLINGS
Brooklyn,FLATBUSH-CENTRAL,10 COOPS - ELEVATOR APARTMENTS,2,5213,24,D4,"425 EAST 26 STREET, 4C",,11226.0,,,,,,1962.0,2,D4,609000,2025-06-06,40.640063,-73.952301,317.0,45.0,3120406.0,3052130024.0,79002.0,BK1701,2025,6,True,COOPS - ELEVATOR APARTMENTS
Brooklyn,FLATBUSH-CENTRAL,10 COOPS - ELEVATOR APARTMENTS,2,5218,1,D4,"1818 NEWKIRK AVE, 5E",,11226.0,,,,,,1958.0,2,D4,285000,2025-06-06,40.636912,-73.960428,314.0,45.0,3120562.0,3052180001.0,518.0,BK1402,2025,6,True,COOPS - ELEVATOR APARTMENTS
Brooklyn,FLATBUSH-EAST,01 ONE FAMILY DWELLINGS,1,4963,72,A9,725 EAST 46TH STREET,,11203.0,1.0,0.0,1.0,2000.0,1492.0,1930.0,1,A9,957000,2025-06-06,40.643446,-73.933388,317.0,45.0,3112313.0,3049630072.0,840.0,BK1702,2025,6,True,ONE FAMILY DWELLINGS
Brooklyn,FLATBUSH-EAST,01 ONE FAMILY DWELLINGS,1,7927,34,A9,801 EAST 51 STREET,,11203.0,1.0,0.0,1.0,2000.0,1632.0,1940.0,1,A9,739000,2025-06-06,40.641453,-73.928259,317.0,45.0,3222016.0,3079270034.0,846.0,BK1702,2025,6,True,ONE FAMILY DWELLINGS
Brooklyn,FLATBUSH-LEFFERTS GARDEN,01 ONE FAMILY DWELLINGS,1,1320,20,A4,258 STERLING STREET,,11225.0,1.0,0.0,1.0,2000.0,1648.0,1910.0,1,A4,1950000,2025-06-06,40.66302,-73.952482,309.0,40.0,3035036.0,3013200020.0,329.0,BK0902,2025,6,True,ONE FAMILY DWELLINGS
Brooklyn,GOWANUS,01 ONE FAMILY DWELLINGS,1,451,13,A4,322 CARROLL ST,,11231.0,1.0,0.0,1.0,1445.0,2924.0,1899.0,1,A4,5400000,2025-06-06,40.679249,-73.991917,306.0,39.0,3007631.0,3004510013.0,77.0,BK0601,2025,6,True,ONE FAMILY DWELLINGS
Brooklyn,GREENPOINT,43 CONDO OFFICE BUILDINGS,4,2629,1006,RB,"231 NORMAN AVENUE, 106",106,11222.0,,1.0,1.0,,,,4,RB,490000,2025-06-06,40.727541,-73.944293,301.0,33.0,3391865.0,3026297501.0,58901.0,BK0101,2025,6,True,CONDO OFFICE BUILDINGS
Brooklyn,MARINE PARK,01 ONE FAMILY DWELLINGS,1,8481,62,A9,1826 EAST 38TH STREET,,11234.0,1.0,0.0,1.0,1800.0,924.0,1925.0,1,A9,608000,2025-06-06,40.613338,-73.932856,318.0,46.0,3239248.0,3084810062.0,656.0,BK1802,2025,6,True,ONE FAMILY DWELLINGS
Brooklyn,MARINE PARK,01 ONE FAMILY DWELLINGS,1,8501,17,A9,1961 EAST 34TH STREET,,11234.0,1.0,0.0,1.0,1800.0,980.0,1925.0,1,A9,749000,2025-06-06,40.609501,-73.933558,318.0,46.0,3240040.0,3085010017.0,658.0,BK1802,2025,6,True,ONE FAMILY DWELLINGS
Brooklyn,MARINE PARK,01 ONE FAMILY DWELLINGS,1,8817,72,A5,2117 GERRITSEN AVENUE,,11229.0,1.0,0.0,1.0,1600.0,1540.0,1930.0,1,A5,730000,2025-06-06,40.602814,-73.936226,315.0,46.0,3248205.0,3088170072.0,638.0,BK1502,2025,6,True,ONE FAMILY DWELLINGS
Brooklyn,OCEAN HILL,02 TWO FAMILY DWELLINGS,1,1572,16,B9,1420 HERKIMER STREET,,11233.0,2.0,0.0,2.0,1519.0,2048.0,1910.0,1,B9,705000,2025-06-06,40.677279,-73.906578,316.0,37.0,3042729.0,3015720016.0,367.0,BK1601,2025,6,True,TWO FAMILY DWELLINGS
Brooklyn,OCEAN PARKWAY-NORTH,13 CONDOS - ELEVATOR APARTMENTS,2,5392,1019,R4,"428 EAST 9TH STREET, 307",307,11218.0,1.0,,1.0,,,2023.0,2,R4,820000,2025-06-06,40.63806,-73.969665,312.0,39.0,3427472.0,3053927501.0,492.0,BK1203,2025,6,True,CONDOS - ELEVATOR APARTMENTS
Brooklyn,OCEAN PARKWAY-NORTH,13 CONDOS - ELEVATOR APARTMENTS,2,5392,1056,R4,"428 EAST 9TH STREET, 609",609,11218.0,1.0,,1.0,,,2023.0,2,R4,610950,2025-06-06,40.63806,-73.969665,312.0,39.0,3427472.0,3053927501.0,492.0,BK1203,2025,6,True,CONDOS - ELEVATOR APARTMENTS
Brooklyn,OCEAN PARKWAY-NORTH,13 CONDOS - ELEVATOR APARTMENTS,2,5392,1074,R4,"428 EAST 9TH STREET, PH7",PH7,11218.0,1.0,,1.0,,,2023.0,2,R4,545782,2025-06-06,40.63806,-73.969665,312.0,39.0,3427472.0,3053927501.0,492.0,BK1203,2025,6,True,CONDOS - ELEVATOR APARTMENTS
Brooklyn,PARK SLOPE,07 RENTALS - WALKUP APARTMENTS,2B,938,43,C1,"104 6 AVENUE, 8",,11217.0,8.0,0.0,8.0,2108.0,3760.0,1920.0,2,C1,2460000,2025-06-06,40.679076,-73.975509,306.0,39.0,3018885.0,3009380043.0,12902.0,BK0602,2025,6,True,RENTALS - WALKUP APARTMENTS
Brooklyn,PARK SLOPE,13 CONDOS - ELEVATOR APARTMENTS,2,974,1302,R4,"302 2ND STREET, 2A",2A,11215.0,1.0,,1.0,,,2005.0,2,R4,999999,2025-06-06,40.674316,-73.9847,306.0,39.0,3392416.0,3009747504.0,135.0,BK0602,2025,6,True,CONDOS - ELEVATOR APARTMENTS
Brooklyn,PARK SLOPE SOUTH,07 RENTALS - WALKUP APARTMENTS,2B,1053,7,C7,591 5 AVENUE,,11215.0,8.0,1.0,9.0,3360.0,9938.0,1925.0,2,C7,6300000,2025-06-06,40.66458,-73.990152,307.0,39.0,3024169.0,3010530007.0,14102.0,BK0701,2025,6,True,RENTALS - WALKUP APARTMENTS
Brooklyn,PARK SLOPE SOUTH,09 COOPS - WALKUP APARTMENTS,2C,1011,41,C6,"370 9 STREET, 2C",,11215.0,,,,,,1920.0,2,C6,1450000,2025-06-06,40.668222,-73.984363,306.0,39.0,3022298.0,3010110041.0,139.0,BK0602,2025,6,True,COOPS - WALKUP APARTMENTS
Brooklyn,SEAGATE,01 ONE FAMILY DWELLINGS,1,7003,26,A1,3718 NEPTUNE AVENUE,,11224.0,1.0,0.0,1.0,6000.0,2026.0,1965.0,1,A1,850000,2025-06-06,40.576808,-74.00387,313.0,47.0,3188655.0,3070030026.0,336.0,BK1302,2025,6,True,ONE FAMILY DWELLINGS
Brooklyn,SHEEPSHEAD BAY,01 ONE FAMILY DWELLINGS,1,7365,21,A5,2140 BATCHELDER STREET,,11229.0,1.0,0.0,1.0,2567.0,1116.0,1950.0,1,A5,880000,2025-06-06,40.599843,-73.938883,315.0,46.0,3200354.0,3073650021.0,570.0,BK1503,2025,6,True,ONE FAMILY DWELLINGS
Brooklyn,SHEEPSHEAD BAY,02 TWO FAMILY DWELLINGS,1,7405,534,B9,2368 EAST 26 STREET,,11229.0,2.0,0.0,2.0,2200.0,1890.0,1940.0,1,B9,200000,2025-06-06,40.594098,-73.944556,315.0,48.0,3202408.0,3074050534.0,59402.0,BK1503,2025,6,True,TWO FAMILY DWELLINGS
Brooklyn,SHEEPSHEAD BAY,03 THREE FAMILY DWELLINGS,1,7375,6,C0,1418 AVENUE V,,11229.0,3.0,0.0,3.0,2500.0,2576.0,1920.0,1,C0,1725000,2025-06-06,40.596631,-73.956667,315.0,48.0,3200715.0,3073750006.0,586.0,BK1503,2025,6,True,THREE FAMILY DWELLINGS
Brooklyn,SUNSET PARK,02 TWO FAMILY DWELLINGS,1,818,73,B9,721 54 STREET,,11220.0,2.0,0.0,2.0,2003.0,3702.0,1920.0,1,B9,1900000,2025-06-06,40.639886,-74.007693,307.0,43.0,3014469.0,3008180073.0,10601.0,BK0703,2025,6,True,TWO FAMILY DWELLINGS
Brooklyn,WILLIAMSBURG-EAST,47 CONDO NON-BUSINESS STORAGE,4,2742,1185,RS,"88 WITHERS, ST25",ST25,11211.0,,1.0,1.0,,,2018.0,4,RS,1815000,2025-06-06,40.716992,-73.948682,301.0,34.0,3425960.0,3027427502.0,501.0,BK0104,2025,6,True,CONDO NON-BUSINESS STORAGE
Brooklyn,WILLIAMSBURG-NORTH,13 CONDOS - ELEVATOR APARTMENTS,2,2334,1012,R4,"101 NORTH 5 STREET, 3A",3A,11249.0,1.0,,1.0,,,2009.0,2,R4,1665000,2025-06-06,40.717735,-73.96051,301.0,34.0,3062172.0,3023347501.0,555.0,BK0102,2025,6,True,CONDOS - ELEVATOR APARTMENTS
Brooklyn,WILLIAMSBURG-NORTH,13 CONDOS - ELEVATOR APARTMENTS,2,2340,1212,R4,"1 NORTHSIDE PIERS, 19H",19H,11211.0,1.0,,1.0,,,2007.0,2,R4,1395000,2025-06-06,40.719221,-73.964188,301.0,33.0,3391008.0,3023407501.0,555.0,BK0102,2025,6,True,CONDOS - ELEVATOR APARTMENTS
Brooklyn,WILLIAMSBURG-SOUTH,09 COOPS - WALKUP APARTMENTS,2,2417,34,C6,"111 SOUTH 3RD STREET, 3F",,11249.0,,,,,,1915.0,2,C6,885000,2025-06-06,40.712781,-73.963225,301.0,34.0,3063103.0,3024170034.0,551.0,BK0102,2025,6,True,COOPS - WALKUP APARTMENTS
Brooklyn,WYCKOFF HEIGHTS,15 CONDOS - 2-10 UNIT RESIDENTIAL,2C,3281,1103,R1,"198 ST NICHOLAS AVENUE, 3S",3S,11237.0,1.0,,1.0,,,2023.0,2,R1,1746299,2025-06-06,40.70377,-73.915301,304.0,37.0,3074894.0,3032817502.0,443.0,BK0401,2025,6,True,CONDOS - 2-10 UNIT RESIDENTIAL
Manhattan,CHELSEA,43 CONDO OFFICE BUILDINGS,4,803,1119,RB,"301 7 AVENUE, 11B",11B,10001.0,,1.0,1.0,,,,4,RB,1200000,2025-06-06,40.746707,-73.993735,105.0,3.0,1015060.0,1008037502.0,95.0,MN0501,2025,6,True,CONDO OFFICE BUILDINGS
Manhattan,EAST VILLAGE,09 COOPS - WALKUP APARTMENTS,2,436,57,C6,"87 ST. MARKS PLACE, E",,10009.0,,,,,,1940.0,2,C6,580000,2025-06-06,40.727452,-73.98493,103.0,2.0,1005892.0,1004360057.0,32.0,MN0303,2025,6,True,COOPS - WALKUP APARTMENTS
Manhattan,EAST VILLAGE,13 CONDOS - ELEVATOR APARTMENTS,2,469,1406,R4,"123 THIRD AVENUE, 3C",3C,10003.0,1.0,,1.0,,,2009.0,2,R4,1430000,2025-06-06,40.732977,-73.986841,103.0,2.0,1088500.0,1004697505.0,4002.0,MN0303,2025,6,True,CONDOS - ELEVATOR APARTMENTS
Manhattan,FLATIRON,13 CONDOS - ELEVATOR APARTMENTS,2,817,1206,R4,"35 WEST 15 STREET, 8D",8D,10011.0,1.0,,1.0,,,2012.0,2,R4,2999500,2025-06-06,40.737254,-73.994436,105.0,3.0,1089677.0,1008177503.0,54.0,MN0501,2025,6,True,CONDOS - ELEVATOR APARTMENTS
Manhattan,FLATIRON,13 CONDOS - ELEVATOR APARTMENTS,2,851,1188,R4,"5 EAST 22ND STREET, 8-H",8-H,10010.0,1.0,,1.0,,,1983.0,2,R4,1275000,2025-06-06,40.740426,-73.988976,105.0,2.0,1016304.0,1008517501.0,56.0,MN0501,2025,6,True,CONDOS - ELEVATOR APARTMENTS
Manhattan,FLATIRON,13 CONDOS - ELEVATOR APARTMENTS,2,851,1364,R4,"5 EAST 22 STREET, 15R",15R,10010.0,1.0,,1.0,,,1983.0,2,R4,1245000,2025-06-06,40.740426,-73.988976,105.0,2.0,1016304.0,1008517501.0,56.0,MN0501,2025,6,True,CONDOS - ELEVATOR APARTMENTS
Manhattan,GRAMERCY,13 CONDOS - ELEVATOR APARTMENTS,2,870,1609,R4,"1 IRVING PLACE, V20F",V20F,10003.0,1.0,,1.0,,,1987.0,2,R4,1500000,2025-06-06,40.734072,-73.988713,105.0,2.0,1083247.0,1008707501.0,50.0,MN0602,2025,6,True,CONDOS - ELEVATOR APARTMENTS
Manhattan,GRAMERCY,17 CONDO COOPS,2,903,1127,R9,"235 EAST 22ND STREET, RES1",,10010.0,,,,,,1931.0,2,R9,905000,2025-06-06,40.737804,-73.982748,106.0,2.0,1019731.0,1009037502.0,64.0,MN0602,2025,6,True,CONDO COOPS
Manhattan,GREENWICH VILLAGE-CENTRAL,46 CONDO STORE BUILDINGS,4,570,1401,RK,"34 EAST 13TH STREET, COMME",COMME,10003.0,,1.0,1.0,,,2016.0,4,RK,2200000,2025-06-06,40.734704,-73.992693,102.0,2.0,1090822.0,1005707505.0,61.0,MN0202,2025,6,True,CONDO STORE BUILDINGS
Manhattan,HARLEM-CENTRAL,13 CONDOS - ELEVATOR APARTMENTS,2,1726,1116,R4,"58 WEST 129 STREET, 5C",5C,10027.0,1.0,,1.0,,,2014.0,2,R4,445000,2025-06-06,40.809802,-73.942422,110.0,9.0,1089720.0,1017267502.0,208.0,MN1002,2025,6,True,CONDOS - ELEVATOR APARTMENTS
Manhattan,HARLEM-EAST,07 RENTALS - WALKUP APARTMENTS,2,1675,29,C7,2015 FIRST AVENUE,,10029.0,12.0,1.0,13.0,2525.0,14875.0,1920.0,2,C7,2300000,2025-06-06,40.788176,-73.941133,111.0,8.0,1052687.0,1016750029.0,164.0,MN1101,2025,6,True,RENTALS - WALKUP APARTMENTS
Manhattan,HARLEM-UPPER,08 RENTALS - ELEVATOR APARTMENTS,2,2072,59,D1,572 WEST 141 STREET,,10031.0,24.0,0.0,24.0,4996.0,20616.0,1910.0,2,D1,1050000,2025-06-06,40.823508,-73.951436,109.0,7.0,1061775.0,1020720059.0,225.0,MN0903,2025,6,True,RENTALS - ELEVATOR APARTMENTS
Manhattan,INWOOD,10 COOPS - ELEVATOR APARTMENTS,2,2243,332,D4,"50 PARK TERRACE E, 5D",,10034.0,,,,,,1941.0,2,D4,408000,2025-06-06,40.87036,-73.916669,112.0,10.0,1065028.0,1022430332.0,307.0,MN1203,2025,6,True,COOPS - ELEVATOR APARTMENTS
Manhattan,INWOOD,10 COOPS - ELEVATOR APARTMENTS,2,2243,347,D4,"50 PARK TERRACE WEST, 6G",,10034.0,,,,,,1925.0,2,D4,285000,2025-06-06,40.870783,-73.9181,112.0,10.0,1065031.0,1022430347.0,303.0,MN1203,2025,6,True,COOPS - ELEVATOR APARTMENTS
Manhattan,JAVITS CENTER,13 CONDOS - ELEVATOR APARTMENTS,2,702,1408,R4,"35 HUDSON YARDS, 5304",5304,10001.0,1.0,,1.0,,,2015.0,2,R4,5954250,2025-06-06,40.754557,-74.002866,104.0,3.0,1091590.0,1007027503.0,9903.0,MN0401,2025,6,True,CONDOS - ELEVATOR APARTMENTS
Manhattan,KIPS BAY,13 CONDOS - ELEVATOR APARTMENTS,2,943,1988,R4,"308 EAST 38 STREET, 1920C",1920C,10016.0,1.0,,1.0,,,2001.0,2,R4,1225000,2025-06-06,40.747036,-73.973445,106.0,4.0,1021916.0,1009437502.0,78.0,MN0603,2025,6,True,CONDOS - ELEVATOR APARTMENTS
Manhattan,MIDTOWN CBD,10 COOPS - ELEVATOR APARTMENTS,2,1294,33,D4,"480 PARK AVENUE, 12H",,10022.0,,,,,,1929.0,2,D4,799000,2025-06-06,40.762485,-73.970125,105.0,4.0,1036083.0,1012940033.0,11202.0,MN0502,2025,6,True,COOPS - ELEVATOR APARTMENTS
Manhattan,MIDTOWN CBD,13 CONDOS - ELEVATOR APARTMENTS,2,1304,1100,R4,"303 PARK AVENUE, 2221",2221,10022.0,1.0,,1.0,,,1930.0,2,R4,2446000,2025-06-06,40.756695,-73.974325,105.0,4.0,1084771.0,1013047501.0,100.0,MN0604,2025,6,True,CONDOS - ELEVATOR APARTMENTS
Manhattan,MIDTOWN EAST,10 COOPS - ELEVATOR APARTMENTS,2,1365,20,D4,"60 SUTTON PLACE SOUTH, 9GN",,10022.0,,,,,,1951.0,2,D4,895000,2025-06-06,40.755286,-73.962231,106.0,4.0,1040160.0,1013650020.0,8603.0,MN0604,2025,6,True,COOPS - ELEVATOR APARTMENTS
Manhattan,MIDTOWN WEST,13 CONDOS - ELEVATOR APARTMENTS,2,1009,1372,R4,"123 WEST 56TH STREET, 39K",39K,10019.0,1.0,,1.0,,,1939.0,2,R4,1740000,2025-06-06,40.764074,-73.978669,105.0,6.0,1023455.0,1010090019.0,137.0,MN0502,2025,6,True,CONDOS - ELEVATOR APARTMENTS
Manhattan,MIDTOWN WEST,13 CONDOS - ELEVATOR APARTMENTS,2,1010,1827,R4,"111 WEST 57 STREET, 35",35,10019.0,1.0,,1.0,,,1924.0,2,R4,16150000,2025-06-06,40.764562,-73.977745,105.0,6.0,1023728.0,1010107507.0,137.0,MN0502,2025,6,True,CONDOS - ELEVATOR APARTMENTS
Manhattan,MIDTOWN WEST,13 CONDOS - ELEVATOR APARTMENTS,2,1010,1836,R4,"111 WEST 57 STREET, 46",46,10019.0,1.0,,1.0,,,1924.0,2,R4,20400000,2025-06-06,40.764562,-73.977745,105.0,6.0,1023728.0,1010107507.0,137.0,MN0502,2025,6,True,CONDOS - ELEVATOR APARTMENTS
Manhattan,MIDTOWN WEST,13 CONDOS - ELEVATOR APARTMENTS,2,1032,1199,R4,"350 WEST 42 STREET, 20C",20C,10036.0,1.0,,1.0,,,2004.0,2,R4,900000,2025-06-06,40.757834,-73.99124,104.0,3.0,1087264.0,1010327501.0,115.0,MN0402,2025,6,True,CONDOS - ELEVATOR APARTMENTS
Manhattan,MIDTOWN WEST,13 CONDOS - ELEVATOR APARTMENTS,2,1269,1372,R4,"53 WEST 53RD STREET, 32B",32B,10019.0,1.0,,1.0,,,2015.0,2,R4,4725000,2025-06-06,40.761422,-73.978204,105.0,4.0,1090777.0,1012697502.0,104.0,MN0502,2025,6,True,CONDOS - ELEVATOR APARTMENTS
Manhattan,MIDTOWN WEST,17 CONDO COOPS,2,1048,3003,R9,"333 WEST 57TH STREET, 8B",,10019.0,,,,,,,2,R9,865000,2025-06-06,40.767176,-73.983946,104.0,6.0,1082450.0,1010487504.0,139.0,MN0402,2025,6,True,CONDO COOPS
Manhattan,MURRAY HILL,10 COOPS - ELEVATOR APARTMENTS,2,867,33,D4,"50 PARK AVENUE, 1G",,10016.0,,,,,,1940.0,2,D4,649058,2025-06-06,40.749266,-73.980338,106.0,4.0,1017205.0,1008670033.0,82.0,MN0502,2025,6,True,COOPS - ELEVATOR APARTMENTS
Manhattan,MURRAY HILL,13 CONDOS - ELEVATOR APARTMENTS,2,914,1015,R4,"501 3RD AVENUE, 5G",5G,10016.0,1.0,,1.0,,,2020.0,2,R4,995000,2025-06-06,40.745505,-73.978271,106.0,4.0,1091631.0,1009147501.0,7002.0,MN0603,2025,6,True,CONDOS - ELEVATOR APARTMENTS
Manhattan,TRIBECA,10 COOPS - ELEVATOR APARTMENTS,2,16,180,D4,"20 RIVER TERRACE, 28A",,10282.0,,,,,,2002.0,2,D4,2595000,2025-06-06,40.716942,-74.016298,101.0,1.0,1086174.0,1000160180.0,31703.0,MN0101,2025,6,True,COOPS - ELEVATOR APARTMENTS
Manhattan,TRIBECA,13 CONDOS - ELEVATOR APARTMENTS,2,137,1098,R4,"295 GREENWICH STREET, 8NN",8NN,10007.0,1.0,,1.0,,,1987.0,2,R4,760000,2025-06-06,40.716009,-74.011017,101.0,1.0,1066187.0,1001377502.0,21.0,MN0102,2025,6,True,CONDOS - ELEVATOR APARTMENTS
Manhattan,TRIBECA,13 CONDOS - ELEVATOR APARTMENTS,2,142,1719,R4,"101 WARREN STREET, 3210",3210,10007.0,1.0,,1.0,,,2006.0,2,R4,12000000,2025-06-06,40.716154,-74.01238,101.0,1.0,1087170.0,1001427501.0,21.0,MN0102,2025,6,True,CONDOS - ELEVATOR APARTMENTS
Manhattan,UPPER EAST SIDE (59-79),10 COOPS - ELEVATOR APARTMENTS,2,1428,13,D4,"225 EAST 73RD STREET, 8AG",,10021.0,,,,,,1932.0,2,D4,2950000,2025-06-06,40.770137,-73.959385,108.0,5.0,1043991.0,1014280013.0,12602.0,MN0801,2025,6,True,COOPS - ELEVATOR APARTMENTS
Manhattan,UPPER EAST SIDE (59-79),17 CONDO COOPS,2,1458,1202,R9,"425 EAST 63RD STREET, E7C",,10065.0,,,,,,,2,R9,750000,2025-06-06,40.761579,-73.958834,108.0,5.0,1085200.0,1014587503.0,10602.0,MN0801,2025,6,True,CONDO COOPS
Manhattan,UPPER EAST SIDE (79-96),09 COOPS - WALKUP APARTMENTS,2C,1508,35,C6,"1394 THIRD AVENUE, STORE",,10075.0,,,,,,1920.0,2,C6,4000000,2025-06-06,40.774509,-73.957144,108.0,4.0,1047478.0,1015080035.0,140.0,MN0802,2025,6,True,COOPS - WALKUP APARTMENTS
Manhattan,UPPER EAST SIDE (79-96),09 COOPS - WALKUP APARTMENTS,2,1567,11,C6,"417 EAST 87TH STREET, 3C",,10128.0,,,,,,1920.0,2,C6,289000,2025-06-06,40.77731,-73.948281,108.0,5.0,1050579.0,1015670011.0,14402.0,MN0803,2025,6,True,COOPS - WALKUP APARTMENTS
Manhattan,UPPER EAST SIDE (79-96),10 COOPS - ELEVATOR APARTMENTS,2,1491,48,D4,"40 EAST 80TH STREET, 16A",,10075.0,,,,,,1967.0,2,D4,750000,2025-06-06,40.776868,-73.96133,108.0,4.0,1046451.0,1014910048.0,142.0,MN0802,2025,6,True,COOPS - ELEVATOR APARTMENTS
Manhattan,UPPER EAST SIDE (79-96),10 COOPS - ELEVATOR APARTMENTS,2,1507,40,D4,"1230 PARK AVENUE, 16C",,10128.0,,,,,,1930.0,2,D4,1375000,2025-06-06,40.786274,-73.952766,108.0,5.0,1047432.0,1015070040.0,16001.0,MN0802,2025,6,True,COOPS - ELEVATOR APARTMENTS
Manhattan,UPPER EAST SIDE (79-96),10 COOPS - ELEVATOR APARTMENTS,2,1512,52,D4,"144 EAST 84TH STREET, 4E",,10028.0,,,,,,1962.0,2,D4,650000,2025-06-06,40.778011,-73.956166,108.0,4.0,1047659.0,1015120052.0,140.0,MN0802,2025,6,True,COOPS - ELEVATOR APARTMENTS
Manhattan,UPPER EAST SIDE (79-96),10 COOPS - ELEVATOR APARTMENTS,2,1525,1,D4,"201 EAST 79TH STREET, 2H",,10075.0,,,,,,1963.0,2,D4,1225000,2025-06-06,40.774149,-73.956952,108.0,5.0,1048509.0,1015250001.0,138.0,MN0803,2025,6,True,COOPS - ELEVATOR APARTMENTS
Manhattan,UPPER EAST SIDE (79-96),10 COOPS - ELEVATOR APARTMENTS,2,1589,34,D4,"45 EAST END AVENUE, 6EF",,10028.0,,,,,,1951.0,2,D4,2150000,2025-06-06,40.771938,-73.946942,108.0,5.0,1051379.0,1015890034.0,13601.0,MN0803,2025,6,True,COOPS - ELEVATOR APARTMENTS
Manhattan,UPPER EAST SIDE (79-96),13 CONDOS - ELEVATOR APARTMENTS,2,1497,1088,R4,"1049 5 AVENUE, 10C",10C,10028.0,1.0,,1.0,,,1928.0,2,R4,3500000,2025-06-06,40.781149,-73.959923,108.0,4.0,1046842.0,1014977501.0,15001.0,MN0802,2025,6,True,CONDOS - ELEVATOR APARTMENTS
Manhattan,UPPER WEST SIDE (59-79),13 CONDOS - ELEVATOR APARTMENTS,2,1152,1077,R4,"225 WEST 60TH STREET, PH1C",PH1C,10023.0,1.0,,1.0,,,2005.0,2,R4,1595000,2025-06-06,40.77153,-73.98827,107.0,6.0,1087266.0,1011527501.0,147.0,MN0701,2025,6,True,CONDOS - ELEVATOR APARTMENTS
Manhattan,UPPER WEST SIDE (59-79),13 CONDOS - ELEVATOR APARTMENTS,2,1168,1320,R4,"210 WEST 77 STREET, 12W",12W,10024.0,1.0,,1.0,,,2015.0,2,R4,6200000,2025-06-06,40.782035,-73.979783,107.0,6.0,1090385.0,1011687503.0,163.0,MN0702,2025,6,True,CONDOS - ELEVATOR APARTMENTS
Manhattan,UPPER WEST SIDE (79-96),10 COOPS - ELEVATOR APARTMENTS,2,1197,29,D4,"230 CENTRAL PARK WEST, 10K",,10024.0,,,,,,1929.0,2,D4,1185000,2025-06-06,40.783439,-73.970701,107.0,6.0,1031232.0,1011970029.0,169.0,MN0702,2025,6,True,COOPS - ELEVATOR APARTMENTS
Manhattan,UPPER WEST SIDE (96-116),13 CONDOS - ELEVATOR APARTMENTS,2,1881,1056,R4,"504 CATHEDRAL PARKWAY, 9E",9E,10025.0,1.0,,1.0,,,1909.0,2,R4,665000,2025-06-06,40.803276,-73.964606,107.0,7.0,1084036.0,1018817501.0,195.0,MN0703,2025,6,True,CONDOS - ELEVATOR APARTMENTS
Manhattan,WASHINGTON HEIGHTS LOWER,13 CONDOS - ELEVATOR APARTMENTS,2,2136,1021,R4,"812 RIVERSIDE DRIVE, 41",41,10032.0,1.0,,1.0,,,,2,R4,795000,2025-06-06,40.835489,-73.945583,112.0,7.0,1063305.0,1021367501.0,247.0,MN1201,2025,6,True,CONDOS - ELEVATOR APARTMENTS
Manhattan,WASHINGTON HEIGHTS UPPER,02 TWO FAMILY DWELLINGS,1,2157,18,B3,396 AUDUBON AVENUE,,10033.0,2.0,0.0,2.0,900.0,2160.0,1899.0,1,B3,800000,2025-06-06,40.850978,-73.930711,112.0,10.0,1063768.0,1021570018.0,269.0,MN1202,2025,6,True,TWO FAMILY DWELLINGS
Queens,ASTORIA,12 CONDOS - WALKUP APARTMENTS,2,533,1241,R2,"31-16 21ST STREET, 5J",5J,11106.0,1.0,,1.0,,,2023.0,2,R2,729360,2025-06-06,40.766967,-73.930159,401.0,22.0,4430821.0,4005337503.0,77.0,QN0102,2025,6,True,CONDOS - WALKUP APARTMENTS
Queens,BAYSIDE,13 CONDOS - ELEVATOR APARTMENTS,2,6284,1072,R4,"213-02 42 AVENUE, 4E",4E,11361.0,1.0,,1.0,,,1989.0,2,R4,675000,2025-06-06,40.762578,-73.771287,411.0,19.0,4433427.0,4062847501.0,1467.0,QN1102,2025,6,True,CONDOS - ELEVATOR APARTMENTS
Queens,BEECHHURST,10 COOPS - ELEVATOR APARTMENTS,2,4591,145,D4,"10-34 166TH STREET, 7A",,11357.0,,,,,,1958.0,2,D4,445000,2025-06-06,40.791653,-73.797959,407.0,19.0,4104171.0,4045910145.0,991.0,QN0702,2025,6,True,COOPS - ELEVATOR APARTMENTS
Queens,CAMBRIA HEIGHTS,01 ONE FAMILY DWELLINGS,1,11298,51,A1,115-78 217 STREET,,11411.0,1.0,0.0,1.0,3360.0,1528.0,1925.0,1,A1,750000,2025-06-06,40.698562,-73.74139,413.0,27.0,4243691.0,4112980051.0,598.0,QN1304,2025,6,True,ONE FAMILY DWELLINGS
Queens,CAMBRIA HEIGHTS,01 ONE FAMILY DWELLINGS,1,11330,46,A2,116-22 230 STREET,,11411.0,1.0,0.0,1.0,4000.0,1288.0,1945.0,1,A2,630000,2025-06-06,40.69361,-73.730818,413.0,27.0,4244663.0,4113300046.0,622.0,QN1304,2025,6,True,ONE FAMILY DWELLINGS
Queens,ELMHURST,02 TWO FAMILY DWELLINGS,1,1523,71,B3,42-39 77 STREET,,11373.0,2.0,0.0,2.0,2000.0,1344.0,1925.0,1,B3,998000,2025-06-06,40.743158,-73.8879,404.0,25.0,4037902.0,4015230071.0,481.0,QN0401,2025,6,True,TWO FAMILY DWELLINGS
Queens,ELMHURST,13 CONDOS - ELEVATOR APARTMENTS,2,1353,1017,R4,"73-02 WOODSIDE AVE, 3C",3C,11377.0,1.0,,1.0,,,2018.0,2,R4,486720,2025-06-06,40.742997,-73.89148,404.0,25.0,4605208.0,4013537501.0,48301.0,QN0401,2025,6,True,CONDOS - ELEVATOR APARTMENTS
Queens,ELMHURST,13 CONDOS - ELEVATOR APARTMENTS,2,1600,1034,R4,"91-23 CORONA AVE, 6D",6D,11368.0,1.0,,1.0,,,2022.0,2,R4,667496,2025-06-06,40.742492,-73.873087,404.0,25.0,4621001.0,4016007501.0,463.0,QN0401,2025,6,True,CONDOS - ELEVATOR APARTMENTS
Queens,FAR ROCKAWAY,01 ONE FAMILY DWELLINGS,1,15795,49,A1,314 BEACH 31 STREET,,11691.0,1.0,0.0,1.0,3800.0,1890.0,1930.0,1,A1,326941,2025-06-06,40.596268,-73.763914,414.0,31.0,4301486.0,4157950049.0,992.0,QN1401,2025,6,True,ONE FAMILY DWELLINGS
Queens,FLUSHING-NORTH,13 CONDOS - ELEVATOR APARTMENTS,2,5003,1412,R4,"144-49 NORTHERN BOULEVARD, 512",512,11354.0,1.0,,1.0,,,2021.0,2,R4,992794,2025-06-06,40.764722,-73.822978,407.0,20.0,4618435.0,4050037504.0,116301.0,QN0704,2025,6,True,CONDOS - ELEVATOR APARTMENTS
Queens,FLUSHING-NORTH,13 CONDOS - ELEVATOR APARTMENTS,2,5044,1129,R4,"136-80 41 AVENUE, 5F",5F,11355.0,1.0,,1.0,,,2021.0,2,R4,605054,2025-06-06,40.758668,-73.829044,407.0,20.0,4000000.0,4050440044.0,853.0,QN0707,2025,6,True,CONDOS - ELEVATOR APARTMENTS
Queens,FLUSHING-NORTH,13 CONDOS - ELEVATOR APARTMENTS,2,5193,1026,R4,"43-73 UNION STREET, 7B",7B,11355.0,1.0,,1.0,,,2005.0,2,R4,688000,2025-06-06,40.754298,-73.821288,407.0,20.0,4463151.0,4051937501.0,859.0,QN0707,2025,6,True,CONDOS - ELEVATOR APARTMENTS
Queens,FLUSHING-NORTH,43 CONDO OFFICE BUILDINGS,4,4946,1097,RB,"33-70 PRINCE STREET, 907",907,11354.0,,1.0,1.0,,,,4,RB,347000,2025-06-06,40.764243,-73.833365,407.0,20.0,4308685.0,4049467501.0,869.0,QN0707,2025,6,True,CONDO OFFICE BUILDINGS
Queens,FLUSHING-SOUTH,01 ONE FAMILY DWELLINGS,1,6585,91,A2,73-83 PARK DRIVE EAST,,11367.0,1.0,0.0,1.0,5224.0,1176.0,1965.0,1,A2,1210000,2025-06-06,40.722642,-73.826568,408.0,24.0,4142429.0,4065850091.0,77902.0,QN0801,2025,6,True,ONE FAMILY DWELLINGS
Queens,FLUSHING-SOUTH,02 TWO FAMILY DWELLINGS,1,6900,23,B1,61-23 172 STREET,,11365.0,2.0,0.0,2.0,1900.0,1710.0,1997.0,1,B1,1430000,2025-06-06,40.737663,-73.797336,408.0,24.0,4454871.0,4069000023.0,1223.0,QN0803,2025,6,True,TWO FAMILY DWELLINGS
Queens,FLUSHING-SOUTH,09 COOPS - WALKUP APARTMENTS,2,6656,63,C6,"152-72 JEWEL AVE, 115B",,11367.0,,,,,,1952.0,2,C6,306000,2025-06-06,40.732031,-73.815445,408.0,24.0,4540752.0,4066560063.0,77906.0,QN0801,2025,6,True,COOPS - WALKUP APARTMENTS
Queens,FLUSHING-SOUTH,09 COOPS - WALKUP APARTMENTS,2,6660,40,C6,"144-46 72ND AVENUE, 54B",,11367.0,,,,,,1949.0,2,C6,398000,2025-06-06,40.727175,-73.820026,408.0,24.0,4451373.0,4066600040.0,77907.0,QN0801,2025,6,True,COOPS - WALKUP APARTMENTS
Queens,FOREST HILLS,10 COOPS - ELEVATOR APARTMENTS,2,2157,1,D4,"67-71 YELLOWSTONE BOULEVARD, 4C",,11375.0,,,,,,1948.0,2,D4,265000,2025-06-06,40.726736,-73.848717,406.0,29.0,4051479.0,4021570001.0,741.0,QN0602,2025,6,True,COOPS - ELEVATOR APARTMENTS
Queens,FOREST HILLS,10 COOPS - ELEVATOR APARTMENTS,2,2266,79,D4,"76-36 113TH STREET, 4A",,11375.0,,,,,,1940.0,2,D4,303500,2025-06-06,40.717388,-73.833551,406.0,29.0,4052782.0,4022660079.0,75701.0,QN0602,2025,6,True,COOPS - ELEVATOR APARTMENTS
Queens,HOLLIS,02 TWO FAMILY DWELLINGS,1,10548,38,B3,93-31 207TH STREET,,11428.0,2.0,0.0,2.0,2600.0,1216.0,1925.0,1,B3,650000,2025-06-06,40.716102,-73.754568,413.0,23.0,4224713.0,4105480038.0,496.0,QN1303,2025,6,True,TWO FAMILY DWELLINGS
Queens,HOLLIS,07 RENTALS - WALKUP APARTMENTS,2A,10880,46,C3,99-04 212TH STREET,,11429.0,4.0,0.0,4.0,2097.0,2720.0,1931.0,2,C3,1072822,2025-06-06,40.714016,-73.746723,413.0,27.0,4232788.0,4108800046.0,540.0,QN1303,2025,6,True,RENTALS - WALKUP APARTMENTS
Queens,HOLLIS HILLS,01 ONE FAMILY DWELLINGS,1,7782,63,A3,8038 209 STREET,,11427.0,1.0,0.0,1.0,4000.0,3482.0,2025.0,1,A2,960000,2025-06-06,40.732176,-73.761296,411.0,23.0,4164539.0,4077820063.0,129102.0,QN1104,2025,6,True,ONE FAMILY DWELLINGS
Queens,JACKSON HEIGHTS,01 ONE FAMILY DWELLINGS,1,1380,13,A5,30-16 83 STREET,,11370.0,1.0,0.0,1.0,2000.0,2080.0,1930.0,1,A5,1050000,2025-06-06,40.760791,-73.885383,403.0,25.0,4033065.0,4013800013.0,327.0,QN0301,2025,6,True,ONE FAMILY DWELLINGS
Queens,JACKSON HEIGHTS,03 THREE FAMILY DWELLINGS,1,1453,28,C0,34-42 93 STREET,,11372.0,3.0,0.0,3.0,1900.0,1634.0,1950.0,1,C0,1075000,2025-06-06,40.753522,-73.874586,403.0,25.0,4035776.0,4014530028.0,275.0,QN0301,2025,6,True,THREE FAMILY DWELLINGS
Queens,JACKSON HEIGHTS,09 COOPS - WALKUP APARTMENTS,2,1472,68,C6,"37-11 84TH STREET, UNIT",,11372.0,,,,,,1921.0,2,C6,399000,2025-06-06,40.749619,-73.882382,403.0,21.0,4036239.0,4014720068.0,281.0,QN0301,2025,6,True,COOPS - WALKUP APARTMENTS
Queens,JACKSON HEIGHTS,10 COOPS - ELEVATOR APARTMENTS,2,1474,12,D4,"37-20 87TH STREET, 6F",,11372.0,,,,,,1951.0,2,D4,407000,2025-06-06,40.749509,-73.879542,403.0,21.0,4036258.0,4014740012.0,279.0,QN0301,2025,6,True,COOPS - ELEVATOR APARTMENTS
Queens,JACKSON HEIGHTS,29 COMMERCIAL GARAGES,4,1068,3,G7,22-29 90 STREET,,11369.0,0.0,0.0,0.0,25509.0,0.0,,4,G7,9600000,2025-06-06,40.768847,-73.880174,403.0,22.0,4000000.0,4010680003.0,347.0,QN0302,2025,6,True,COMMERCIAL GARAGES
Queens,LAURELTON,01 ONE FAMILY DWELLINGS,1,12927,103,A2,219-17 132ND ROAD,,11413.0,1.0,0.0,1.0,3800.0,911.0,1950.0,1,A2,294500,2025-06-06,40.681489,-73.748963,413.0,31.0,4278392.0,4129270103.0,626.0,QN1305,2025,6,True,ONE FAMILY DWELLINGS
Queens,LAURELTON,02 TWO FAMILY DWELLINGS,1,13117,17,B1,136-21 222 STREET,,11413.0,2.0,0.0,2.0,2997.0,1700.0,1945.0,1,B1,680000,2025-06-06,40.675193,-73.748857,413.0,31.0,4281681.0,4131170017.0,358.0,QN1305,2025,6,True,TWO FAMILY DWELLINGS
Queens,LONG ISLAND CITY,13 CONDOS - ELEVATOR APARTMENTS,2,42,1011,R4,"10-63 JACKSON AVENUE, 3G",3G,11101.0,1.0,,1.0,,,2008.0,2,R4,935000,2025-06-06,40.742761,-73.952245,402.0,26.0,4000240.0,4000427501.0,701.0,QN0201,2025,6,True,CONDOS - ELEVATOR APARTMENTS
Queens,LONG ISLAND CITY,47 CONDO NON-BUSINESS STORAGE,4,82,1005,RS,"27-28 THOMSON AVENUE, WS3",WS3,11101.0,,1.0,1.0,,,1920.0,4,RS,550000,2025-06-06,40.746196,-73.942029,402.0,26.0,4000697.0,4000827501.0,1901.0,QN0201,2025,6,True,CONDO NON-BUSINESS STORAGE
Queens,MASPETH,02 TWO FAMILY DWELLINGS,1,2757,30,B1,62-48 60TH AVENUE,,11378.0,2.0,0.0,2.0,3300.0,1677.0,1935.0,1,B1,955000,2025-06-06,40.717369,-73.900786,405.0,30.0,4061628.0,4027570030.0,599.0,QN0501,2025,6,True,TWO FAMILY DWELLINGS
Queens,MIDDLE VILLAGE,02 TWO FAMILY DWELLINGS,1,3008,15,B3,82-28 PENELOPE AVENUE,,11379.0,2.0,0.0,2.0,2017.0,1320.0,1935.0,1,B3,910000,2025-06-06,40.72041,-73.872505,405.0,30.0,4069919.0,4030080015.0,677.0,QN0504,2025,6,True,TWO FAMILY DWELLINGS
Queens,MIDDLE VILLAGE,07 RENTALS - WALKUP APARTMENTS,2A,3794,57,C2,6979 75TH STREET,,11379.0,5.0,0.0,5.0,2500.0,3700.0,1920.0,2,C2,999000,2025-06-06,40.707502,-73.875697,405.0,30.0,4092114.0,4037940057.0,619.0,QN0504,2025,6,True,RENTALS - WALKUP APARTMENTS
Queens,QUEENS VILLAGE,01 ONE FAMILY DWELLINGS,1,11219,50,A0,221-27 113 AVENUE,,11429.0,1.0,0.0,1.0,4000.0,1038.0,1945.0,1,A0,600000,2025-06-06,40.704019,-73.735844,413.0,27.0,4241805.0,4112190050.0,582.0,QN1303,2025,6,True,ONE FAMILY DWELLINGS
Queens,QUEENS VILLAGE,01 ONE FAMILY DWELLINGS,1,11241,27,A2,223-43 113TH DRIVE,,11429.0,1.0,0.0,1.0,3400.0,936.0,1940.0,1,A2,400000,2025-06-06,40.702475,-73.733956,413.0,27.0,4242408.0,4112410027.0,592.0,QN1304,2025,6,True,ONE FAMILY DWELLINGS
Queens,QUEENS VILLAGE,01 ONE FAMILY DWELLINGS,1,11244,7,A5,225-14 MURDOCK AVE,,11429.0,1.0,0.0,1.0,1800.0,1683.0,1955.0,1,A5,675000,2025-06-06,40.703143,-73.732006,413.0,27.0,4242479.0,4112440007.0,592.0,QN1304,2025,6,True,ONE FAMILY DWELLINGS
Queens,QUEENS VILLAGE,01 ONE FAMILY DWELLINGS,1,11270,32,A0,114-47 226TH STREET,,11411.0,1.0,0.0,1.0,4200.0,1268.0,1950.0,1,A0,850000,2025-06-06,40.700246,-73.731487,413.0,27.0,4242939.0,4112700032.0,594.0,QN1304,2025,6,True,ONE FAMILY DWELLINGS
Queens,REGO PARK,10 COOPS - ELEVATOR APARTMENTS,2,2086,50,D4,"97-10 62ND DRIVE, 61",,11374.0,,,,,,1955.0,2,D4,220000,2025-06-06,40.732581,-73.861257,406.0,24.0,4431951.0,4020860050.0,71701.0,QN0601,2025,6,True,COOPS - ELEVATOR APARTMENTS
Queens,REGO PARK,10 COOPS - ELEVATOR APARTMENTS,2,3170,1,D4,"100-11 67TH ROAD, 611",,11375.0,,,,,,1950.0,2,D4,340000,2025-06-06,40.725592,-73.853381,406.0,29.0,4075121.0,4031700001.0,71306.0,QN0602,2025,6,True,COOPS - ELEVATOR APARTMENTS
Queens,REGO PARK,44 CONDO PARKING,4,2075,1242,RG,"92-29 QUEENS BOULEVARD, P32",P32,11374.0,,1.0,1.0,,,,4,RG,30000,2025-06-06,40.732399,-73.867651,406.0,24.0,4050128.0,4020757501.0,71702.0,QN0601,2025,6,True,CONDO PARKING
Queens,REGO PARK,46 CONDO STORE BUILDINGS,4,2075,1014,RK,"92-29 QUEENS BOULEVARD, CU14",CU14,11374.0,,1.0,1.0,,,,4,RK,360000,2025-06-06,40.732399,-73.867651,406.0,24.0,4050128.0,4020757501.0,71702.0,QN0601,2025,6,True,CONDO STORE BUILDINGS
Queens,RIDGEWOOD,27 FACTORIES,4,3556,61,F5,16-63 CODY AVENUE,,11385.0,0.0,0.0,0.0,19898.0,12061.0,1934.0,4,F5,6500000,2025-06-06,40.695117,-73.899705,405.0,34.0,4437824.0,4035560061.0,559.0,QN0502,2025,6,True,FACTORIES
Queens,ROSEDALE,01 ONE FAMILY DWELLINGS,1,13510,10,B3,143-61 230 STREET,,11413.0,2.0,0.0,2.0,4000.0,2999.0,1910.0,1,A1,605000,2025-06-06,40.663567,-73.748389,413.0,31.0,4287518.0,4135100010.0,680.0,QN1306,2025,6,True,ONE FAMILY DWELLINGS
Queens,ROSEDALE,02 TWO FAMILY DWELLINGS,1,13688,70,B2,259-10 148 ROAD,,11422.0,2.0,0.0,2.0,4000.0,2016.0,1955.0,1,B2,1499000,2025-06-06,40.654271,-73.728995,413.0,31.0,4291013.0,4136880070.0,656.0,QN1307,2025,6,True,TWO FAMILY DWELLINGS
Queens,SO. JAMAICA-BAISLEY PARK,02 TWO FAMILY DWELLINGS,1,12350,16,B3,116-37 168TH STREET,,11434.0,2.0,0.0,2.0,2200.0,902.0,1935.0,1,B3,675000,2025-06-06,40.686365,-73.779085,412.0,28.0,4267508.0,4123500016.0,280.0,QN1203,2025,6,True,TWO FAMILY DWELLINGS
Queens,SPRINGFIELD GARDENS,09 COOPS - WALKUP APARTMENTS,2,12483,30,C6,"123-27 MERRICK BOULEVARD, 54",,11434.0,,,,,,1972.0,2,C6,95000,2025-06-06,40.682781,-73.767887,412.0,27.0,4269861.0,4124830030.0,368.0,QN1205,2025,6,True,COOPS - WALKUP APARTMENTS
Queens,WOODHAVEN,01 ONE FAMILY DWELLINGS,1,8983,57,A1,91-21 89TH STREET,,11421.0,1.0,0.0,1.0,1942.0,1280.0,1920.0,1,A1,560000,2025-06-06,40.688184,-73.853752,409.0,32.0,4186253.0,4089830057.0,16.0,QN0905,2025,6,True,ONE FAMILY DWELLINGS
Staten Island,BULLS HEAD,01 ONE FAMILY DWELLINGS,1,1680,93,A5,3B LUDWIG LANE,,10303.0,1.0,0.0,1.0,1600.0,1800.0,2000.0,1,A5,450000,2025-06-06,40.622029,-74.15834,501.0,49.0,5129538.0,5016800093.0,30302.0,SI0107,2025,6,True,ONE FAMILY DWELLINGS
Staten Island,CASTLETON CORNERS,01 ONE FAMILY DWELLINGS,1,378,48,A1,130 COALE AVENUE,,10314.0,1.0,0.0,1.0,4000.0,1599.0,1950.0,1,A1,708000,2025-06-06,40.613353,-74.129372,501.0,50.0,5011005.0,5003780048.0,151.0,SI0105,2025,6,True,ONE FAMILY DWELLINGS
Staten Island,ELTINGVILLE,01 ONE FAMILY DWELLINGS,1,5365,1,A2,227 WOODS OF ARDEN ROAD,,10312.0,1.0,0.0,1.0,4800.0,1056.0,1960.0,1,A2,760000,2025-06-06,40.535248,-74.163409,503.0,51.0,5069487.0,5053650001.0,15602.0,SI0302,2025,6,True,ONE FAMILY DWELLINGS
Staten Island,GREAT KILLS,01 ONE FAMILY DWELLINGS,1,4550,16,A5,16 ASHWOOD COURT,,10308.0,1.0,0.0,1.0,2842.0,1564.0,1984.0,1,A5,753000,2025-06-06,40.558637,-74.142247,503.0,51.0,5061472.0,5045500016.0,14606.0,SI0302,2025,6,True,ONE FAMILY DWELLINGS
Staten Island,GREAT KILLS,02 TWO FAMILY DWELLINGS,1,5480,57,B2,582 ARMSTRONG AVENUE,,10308.0,2.0,0.0,2.0,3843.0,1912.0,1978.0,1,B2,980000,2025-06-06,40.548677,-74.160012,503.0,51.0,5072224.0,5054800057.0,14604.0,SI0302,2025,6,True,TWO FAMILY DWELLINGS
Staten Island,GREAT KILLS,13 CONDOS - ELEVATOR APARTMENTS,2,4500,1061,R4,"3461 AMBOY ROAD, 4B",4B,10306.0,1.0,,1.0,,,1979.0,2,R4,525000,2025-06-06,40.557203,-74.138598,503.0,51.0,5121241.0,5045007501.0,14606.0,SI0302,2025,6,True,CONDOS - ELEVATOR APARTMENTS
Staten Island,GRYMES HILL,02 TWO FAMILY DWELLINGS,1,615,177,B9,21 MAXIE COURT,,10304.0,2.0,0.0,2.0,1442.0,2010.0,2002.0,1,B9,648000,2025-06-06,40.621692,-74.085715,501.0,49.0,5134637.0,5006150177.0,33.0,SI0104,2025,6,True,TWO FAMILY DWELLINGS
Staten Island,GRYMES HILL,13 CONDOS - ELEVATOR APARTMENTS,2,631,1007,R4,"755 NARROWS ROAD NORTH, 401",401,10304.0,1.0,,1.0,,,1987.0,2,R4,305000,2025-06-06,40.610665,-74.093567,501.0,49.0,5089818.0,5006317501.0,47.0,SI0104,2025,6,True,CONDOS - ELEVATOR APARTMENTS
Staten Island,MARINERS HARBOR,01 ONE FAMILY DWELLINGS,1,1159,41,A1,29 LAKE AVENUE,,10303.0,1.0,0.0,1.0,2480.0,1188.0,1899.0,1,A1,630000,2025-06-06,40.63609,-74.150519,501.0,49.0,5026689.0,5011590041.0,223.0,SI0107,2025,6,True,ONE FAMILY DWELLINGS
Staten Island,MARINERS HARBOR,01 ONE FAMILY DWELLINGS,1,1192,25,A1,113 VAN PELT AVENUE,,10303.0,1.0,0.0,1.0,3256.0,2064.0,1935.0,1,A1,508820,2025-06-06,40.63329,-74.155099,501.0,49.0,5027188.0,5011920025.0,231.0,SI0107,2025,6,True,ONE FAMILY DWELLINGS
Staten Island,MARINERS HARBOR,02 TWO FAMILY DWELLINGS,1,1127,167,B3,12 TRANTOR PLACE,,10302.0,2.0,0.0,2.0,7482.0,2132.0,1899.0,1,B3,430000,2025-06-06,40.633322,-74.142939,501.0,49.0,5026220.0,5011270167.0,213.0,SI0106,2025,6,True,TWO FAMILY DWELLINGS
Staten Island,NEW DORP-HEIGHTS,01 ONE FAMILY DWELLINGS,1,942,110,A5,6 ALTAMONT STREET,,10306.0,1.0,0.0,1.0,1914.0,1600.0,1993.0,1,A5,655000,2025-06-06,40.577829,-74.117834,502.0,50.0,5111318.0,5009420110.0,181.0,SI0203,2025,6,True,ONE FAMILY DWELLINGS
Staten Island,ROSEBANK,01 ONE FAMILY DWELLINGS,1,2846,102,A5,44 ANDERSON STREET,,10305.0,1.0,0.0,1.0,2950.0,1152.0,1975.0,1,A5,725000,2025-06-06,40.616358,-74.07009,501.0,49.0,5042614.0,5028460102.0,8.0,SI0103,2025,6,True,ONE FAMILY DWELLINGS
Staten Island,ROSEBANK,02 TWO FAMILY DWELLINGS,1,2842,120,B9,35A LANGERE PLACE,,10305.0,2.0,0.0,2.0,850.0,1700.0,1995.0,1,B9,450000,2025-06-06,40.6172,-74.071863,501.0,49.0,5126964.0,5028420120.0,8.0,SI0103,2025,6,True,TWO FAMILY DWELLINGS
Staten Island,ROSEBANK,02 TWO FAMILY DWELLINGS,1,2842,122,B9,35C LANGERE PLACE,,10305.0,2.0,0.0,2.0,850.0,1700.0,1995.0,1,B9,450000,2025-06-06,40.6172,-74.071863,501.0,49.0,5126965.0,5028420122.0,8.0,SI0103,2025,6,True,TWO FAMILY DWELLINGS
Staten Island,ROSEBANK,02 TWO FAMILY DWELLINGS,1,2842,124,B9,35E LANGERE PLACE,,10305.0,2.0,0.0,2.0,850.0,1700.0,1995.0,1,B9,450000,2025-06-06,40.6172,-74.071863,501.0,49.0,5126966.0,5028420124.0,8.0,SI0103,2025,6,True,TWO FAMILY DWELLINGS
Staten Island,ROSEBANK,02 TWO FAMILY DWELLINGS,1,2842,126,B9,35G LANGERE PLACE,,10305.0,2.0,0.0,2.0,870.0,1740.0,1995.0,1,B9,450000,2025-06-06,40.6172,-74.071863,501.0,49.0,5126967.0,5028420126.0,8.0,SI0103,2025,6,True,TWO FAMILY DWELLINGS
Staten Island,STAPLETON,02 TWO FAMILY DWELLINGS,1,559,42,B2,174 PINE PLACE,,10304.0,2.0,0.0,2.0,2082.0,990.0,2005.0,1,B2,550000,2025-06-06,40.619927,-74.078364,501.0,49.0,5148150.0,5005590042.0,29.0,SI0102,2025,6,True,TWO FAMILY DWELLINGS
Staten Island,TOTTENVILLE,01 ONE FAMILY DWELLINGS,1,7851,27,A1,362 BREHAUT AVENUE,,10307.0,1.0,0.0,1.0,6440.0,880.0,1920.0,1,A1,783750,2025-06-06,40.510781,-74.238226,503.0,51.0,5087597.0,5078510027.0,24401.0,SI0305,2025,6,True,ONE FAMILY DWELLINGS
Staten Island,WEST NEW BRIGHTON,01 ONE FAMILY DWELLINGS,1,187,13,A5,35 ALASKA STREET,,10310.0,1.0,0.0,1.0,1358.0,1008.0,2003.0,1,A5,540000,2025-06-06,40.638365,-74.12131,501.0,49.0,5135998.0,5001870013.0,13302.0,SI0106,2025,6,True,ONE FAMILY DWELLINGS
Staten Island,WEST NEW BRIGHTON,02 TWO FAMILY DWELLINGS,1,169,4,B9,131 BROADWAY,,10310.0,2.0,0.0,2.0,2951.0,2040.0,2008.0,1,B9,700000,2025-06-06,40.638368,-74.117656,501.0,49.0,5151806.0,5001690004.0,9701.0,SI0104,2025,6,True,TWO FAMILY DWELLINGS
Bronx,PARKCHESTER,13 CONDOS - ELEVATOR APARTMENTS,2,3944,1961,R4,"1940 EAST TREMONT AVENUE, 4H",4H,10462.0,1.0,,1.0,,,,2,R4,215000,2025-06-07,40.84146,-73.862128,209.0,18.0,2096692.0,2039447501.0,21001.0,BX0904,2025,6,True,CONDOS - ELEVATOR APARTMENTS
Brooklyn,EAST NEW YORK,01 ONE FAMILY DWELLINGS,1,4045,148,A5,875 BLAKE AVENUE,,11207.0,1.0,0.0,1.0,1802.0,1116.0,1989.0,1,A5,277500,2025-06-07,40.669128,-73.886165,305.0,42.0,3258796.0,3040450148.0,1162.0,BK0502,2025,6,True,ONE FAMILY DWELLINGS
Manhattan,FLATIRON,13 CONDOS - ELEVATOR APARTMENTS,2,857,1008,R4,"241 5TH AVENUE, 5A",5A,10016.0,1.0,,1.0,,,2012.0,2,R4,1010000,2025-07-18,40.74437,-73.987513,105.0,3.0,1016884.0,1008577502.0,56.0,MN0501,2025,7,True,CONDOS - ELEVATOR APARTMENTS
Manhattan,GRAMERCY,13 CONDOS - ELEVATOR APARTMENTS,2,870,1108,R4,"1 IRVING PLACE, P9F",P9F,10003.0,1.0,,1.0,,,1987.0,2,R4,1300000,2025-07-18,40.734072,-73.988713,105.0,2.0,1083247.0,1008707501.0,50.0,MN0602,2025,7,True,CONDOS - ELEVATOR APARTMENTS
Manhattan,GRAMERCY,13 CONDOS - ELEVATOR APARTMENTS,2,877,1031,R4,"160 EAST 22ND STREET, 9A",9A,10010.0,1.0,,1.0,,,2012.0,2,R4,2300000,2025-07-18,40.738387,-73.98418,106.0,2.0,1089666.0,1008777501.0,68.0,MN0602,2025,7,True,CONDOS - ELEVATOR APARTMENTS
Manhattan,GRAMERCY,13 CONDOS - ELEVATOR APARTMENTS,2,905,1314,R4,"250 EAST 25TH STREET, 4B",4B,10010.0,1.0,,1.0,,,2023.0,2,R4,1349181,2025-07-18,40.739627,-73.98108,106.0,2.0,1000000.0,1009057504.0,66.0,MN0603,2025,7,True,CONDOS - ELEVATOR APARTMENTS
Manhattan,GRAMERCY,13 CONDOS - ELEVATOR APARTMENTS,2,905,1333,R4,"250 EAST 25TH STREET, 7C",7C,10010.0,1.0,,1.0,,,2023.0,2,R4,1298269,2025-07-18,40.739627,-73.98108,106.0,2.0,1000000.0,1009057504.0,66.0,MN0603,2025,7,True,CONDOS - ELEVATOR APARTMENTS
Manhattan,GREENWICH VILLAGE-CENTRAL,45 CONDO HOTELS,4,553,1202,RH,"103 WAVERLY PLACE, HOTEL",HOTEL,10011.0,,1.0,1.0,,,1910.0,4,RH,21965000,2025-07-18,40.73236,-73.998889,102.0,2.0,1080117.0,1005537501.0,63.0,MN0202,2025,7,True,CONDO HOTELS
Manhattan,GREENWICH VILLAGE-CENTRAL,46 CONDO STORE BUILDINGS,4,553,1201,RK,"103 WAVERLY PLACE, RESTR",RESTR,10011.0,,1.0,1.0,,,1910.0,4,RK,1035000,2025-07-18,40.73236,-73.998889,102.0,2.0,1080117.0,1005537501.0,63.0,MN0202,2025,7,True,CONDO STORE BUILDINGS
Manhattan,GREENWICH VILLAGE-WEST,09 COOPS - WALKUP APARTMENTS,2,622,17,C6,"396 BLEECKER STREET, 1F",,10014.0,,,,,,1910.0,2,C6,660000,2025-07-18,40.735731,-74.00507,102.0,3.0,1011288.0,1006220017.0,73.0,MN0203,2025,7,True,COOPS - WALKUP APARTMENTS
Manhattan,GREENWICH VILLAGE-WEST,10 COOPS - ELEVATOR APARTMENTS,2,585,12,D4,"2 GROVE STREET, 2A",,10014.0,,,,,,1940.0,2,D4,1065000,2025-07-18,40.732409,-74.006397,102.0,3.0,1009852.0,1005850012.0,73.0,MN0203,2025,7,True,COOPS - ELEVATOR APARTMENTS
Manhattan,HARLEM-CENTRAL,09 COOPS - WALKUP APARTMENTS,2,2030,21,C6,"219 WEST 144TH STREET, 34",,10030.0,,,,,,1940.0,2,C6,315000,2025-07-18,40.821315,-73.940371,110.0,9.0,1060452.0,1020300021.0,232.0,MN1002,2025,7,True,COOPS - WALKUP APARTMENTS
Manhattan,HARLEM-WEST,07 RENTALS - WALKUP APARTMENTS,2,1988,10,C1,"525 WEST 134TH STREET, 2A",,10031.0,25.0,0.0,25.0,4796.0,16960.0,1910.0,2,C1,200000,2025-07-18,40.818882,-73.954243,109.0,7.0,1059753.0,1019880010.0,22301.0,MN0902,2025,7,True,RENTALS - WALKUP APARTMENTS
Manhattan,LOWER EAST SIDE,13 CONDOS - ELEVATOR APARTMENTS,2,409,1214,R4,"242 BROOME STREET, 6C",6C,10002.0,1.0,,1.0,,,2016.0,2,R4,2250000,2025-07-18,40.717845,-73.989279,103.0,1.0,1089450.0,1004097502.0,18.0,MN0302,2025,7,True,CONDOS - ELEVATOR APARTMENTS
Manhattan,LOWER EAST SIDE,13 CONDOS - ELEVATOR APARTMENTS,2,425,1154,R4,"199 BOWERY, 11A",11A,10002.0,1.0,,1.0,,,,2,R4,1217350,2025-07-18,40.72115,-73.993701,103.0,1.0,1087253.0,1004257502.0,18.0,MN0302,2025,7,True,CONDOS - ELEVATOR APARTMENTS
Manhattan,MANHATTAN VALLEY,15 CONDOS - 2-10 UNIT RESIDENTIAL,2C,1848,1606,R1,"320 WEST 115 STREET, PH",PH,10026.0,1.0,,1.0,,,1900.0,2,R1,2700000,2025-07-18,40.80408,-73.956687,110.0,9.0,1055846.0,1018487506.0,20102.0,MN1001,2025,7,True,CONDOS - 2-10 UNIT RESIDENTIAL
Manhattan,MIDTOWN EAST,10 COOPS - ELEVATOR APARTMENTS,2,1345,17,D4,"345 EAST 52ND STREET, 9B",,10022.0,,,,,,1959.0,2,D4,410000,2025-07-18,40.755653,-73.966454,106.0,4.0,1039794.0,1013450017.0,98.0,MN0604,2025,7,True,COOPS - ELEVATOR APARTMENTS
Manhattan,MIDTOWN EAST,10 COOPS - ELEVATOR APARTMENTS,2,1367,1,D4,"400 EAST 56TH STREET, 27F",,10022.0,,,,,,1969.0,2,D4,740000,2025-07-18,40.757576,-73.963283,106.0,4.0,1040460.0,1013670001.0,10601.0,MN0604,2025,7,True,COOPS - ELEVATOR APARTMENTS
Manhattan,MIDTOWN EAST,13 CONDOS - ELEVATOR APARTMENTS,2,1326,1044,R4,"250 EAST 53RD STREET, 1001",1001,10022.0,1.0,,1.0,,,2006.0,2,R4,1900000,2025-07-18,40.75722,-73.968265,106.0,4.0,1087747.0,1013267501.0,98.0,MN0604,2025,7,True,CONDOS - ELEVATOR APARTMENTS
Manhattan,MIDTOWN EAST,13 CONDOS - ELEVATOR APARTMENTS,2,1344,1263,R4,"305 EAST 51 STREET, RU14B",RU14B,10022.0,1.0,,1.0,,,2007.0,2,R4,2100000,2025-07-18,40.755409,-73.967815,106.0,4.0,1089775.0,1013447503.0,98.0,MN0604,2025,7,True,CONDOS - ELEVATOR APARTMENTS
Manhattan,MIDTOWN EAST,13 CONDOS - ELEVATOR APARTMENTS,2,1365,1428,R4,"400 EAST 54TH STREET, 18E",18E,10022.0,1.0,,1.0,,,1972.0,2,R4,985000,2025-07-18,40.756308,-73.964165,106.0,4.0,1076281.0,1013657502.0,8603.0,MN0604,2025,7,True,CONDOS - ELEVATOR APARTMENTS
Manhattan,MIDTOWN WEST,17 CONDO COOPS,2,1025,1002,R9,"200 WEST 54TH STREET, 12K",,10019.0,,,,,,1912.0,2,R9,1120000,2025-07-18,40.763652,-73.981597,105.0,3.0,1076200.0,1010257501.0,131.0,MN0502,2025,7,True,CONDO COOPS
Manhattan,MIDTOWN WEST,43 CONDO OFFICE BUILDINGS,4,1010,1008,RB,"140 WEST 58TH STREET, 7",7,10019.0,,1.0,1.0,,,1916.0,4,RB,625000,2025-07-18,40.765512,-73.977947,105.0,6.0,1023743.0,1010107501.0,137.0,MN0502,2025,7,True,CONDO OFFICE BUILDINGS
Manhattan,MURRAY HILL,10 COOPS - ELEVATOR APARTMENTS,2,864,41,D4,"16 PARK AVENUE, 13D",,10016.0,,,,,,1924.0,2,D4,599000,2025-07-18,40.747696,-73.981208,106.0,4.0,1017106.0,1008640041.0,74.0,MN0501,2025,7,True,COOPS - ELEVATOR APARTMENTS
Manhattan,UPPER EAST SIDE (59-79),01 ONE FAMILY DWELLINGS,1,1398,148,A4,166 EAST 64 STREET,,10065.0,1.0,0.0,1.0,2008.0,4420.0,1899.0,1,A4,8750000,2025-07-18,40.765105,-73.965323,108.0,4.0,1042130.0,1013980148.0,120.0,MN0802,2025,7,True,ONE FAMILY DWELLINGS
Manhattan,UPPER EAST SIDE (59-79),01 ONE FAMILY DWELLINGS,1,1443,43,A4,328 EAST 69 STREET,,10021.0,1.0,0.0,1.0,1300.0,2853.0,1899.0,1,A4,5800000,2025-07-18,40.766382,-73.958647,108.0,5.0,1044774.0,1014430043.0,118.0,MN0801,2025,7,True,ONE FAMILY DWELLINGS
Manhattan,UPPER EAST SIDE (59-79),10 COOPS - ELEVATOR APARTMENTS,2,1391,45,D4,"70 EAST 77TH STREET, 6B/7B",,10075.0,,,,,,1917.0,2,D4,7200000,2025-07-18,40.77467,-73.962321,108.0,4.0,1041802.0,1013910045.0,130.0,MN0802,2025,7,True,COOPS - ELEVATOR APARTMENTS
Manhattan,UPPER EAST SIDE (59-79),10 COOPS - ELEVATOR APARTMENTS,2,1395,50,D4,"150 EAST 61ST STREET, 6A",,10065.0,,,,,,1960.0,2,D4,410000,2025-07-18,40.763319,-73.966912,108.0,4.0,1041938.0,1013950050.0,11402.0,MN0802,2025,7,True,COOPS - ELEVATOR APARTMENTS
Manhattan,UPPER EAST SIDE (59-79),16 CONDOS - 2-10 UNIT WITH COMMERCIAL UNIT,2C,1422,1001,R8,"219 EAST 67 STREET, COMM",COMM,10065.0,1.0,,1.0,,,1916.0,2,R8,3088437,2025-07-18,40.766304,-73.9623,108.0,5.0,1087271.0,1014227501.0,118.0,MN0801,2025,7,True,CONDOS - 2-10 UNIT WITH COMMERCIAL UNIT
Manhattan,UPPER EAST SIDE (79-96),10 COOPS - ELEVATOR APARTMENTS,2,1493,72,D4,"1001 FIFTH AVENUE, 17BC",,10028.0,,,,,,1978.0,2,D4,5600000,2025-07-18,40.778493,-73.962622,108.0,4.0,1046686.0,1014930072.0,142.0,MN0802,2025,7,True,COOPS - ELEVATOR APARTMENTS
Manhattan,UPPER EAST SIDE (79-96),10 COOPS - ELEVATOR APARTMENTS,2,1495,4,D4,"1025 FIFTH AVENUE, 8FS",,10028.0,,,,,,1955.0,2,D4,1510000,2025-07-18,40.77995,-73.96156,108.0,4.0,1046778.0,1014950004.0,142.0,MN0802,2025,7,True,COOPS - ELEVATOR APARTMENTS
Manhattan,UPPER EAST SIDE (79-96),10 COOPS - ELEVATOR APARTMENTS,2,1555,23,D4,"340 EAST 93RD STREET, 17HI",,10128.0,,,,,,1980.0,2,D4,1325000,2025-07-18,40.781501,-73.946592,108.0,5.0,1078668.0,1015550023.0,15402.0,MN0803,2025,7,True,COOPS - ELEVATOR APARTMENTS
Manhattan,UPPER EAST SIDE (79-96),13 CONDOS - ELEVATOR APARTMENTS,2,1491,1102,R4,"900 PARK AVENUE, 10B",10B,10075.0,1.0,,1.0,,,,2,R4,1510000,2025-07-18,40.776022,-73.960768,108.0,4.0,1046471.0,1014917501.0,142.0,MN0802,2025,7,True,CONDOS - ELEVATOR APARTMENTS
Manhattan,UPPER EAST SIDE (79-96),13 CONDOS - ELEVATOR APARTMENTS,2,1491,1163,R4,"900 PARK AVENUE, 16C",16C,10075.0,1.0,,1.0,,,,2,R4,1950000,2025-07-18,40.776022,-73.960768,108.0,4.0,1046471.0,1014917501.0,142.0,MN0802,2025,7,True,CONDOS - ELEVATOR APARTMENTS
Manhattan,UPPER EAST SIDE (79-96),13 CONDOS - ELEVATOR APARTMENTS,2,1524,1023,R4,"1235 PARK AVENUE, 6C",6C,10128.0,1.0,,1.0,,,1928.0,2,R4,2175000,2025-07-18,40.786337,-73.952694,108.0,5.0,1073155.0,1015247501.0,15801.0,MN0802,2025,7,True,CONDOS - ELEVATOR APARTMENTS
Manhattan,UPPER WEST SIDE (59-79),10 COOPS - ELEVATOR APARTMENTS,2,1141,37,D4,"114 WEST 70 STREET, 1D",,10023.0,,,,,,1922.0,2,D4,825000,2025-07-18,40.776318,-73.980265,107.0,6.0,1029649.0,1011410037.0,15302.0,MN0701,2025,7,True,COOPS - ELEVATOR APARTMENTS
Manhattan,UPPER WEST SIDE (59-79),10 COOPS - ELEVATOR APARTMENTS,2,1183,42,D4,"322 WEST 72ND STREET, 7C",,10023.0,,,,,,1911.0,2,D4,1295000,2025-07-18,40.780153,-73.985326,107.0,6.0,1030969.0,1011830042.0,159.0,MN0701,2025,7,True,COOPS - ELEVATOR APARTMENTS
Manhattan,UPPER WEST SIDE (59-79),13 CONDOS - ELEVATOR APARTMENTS,2,1171,4132,R4,"80 RIVERSIDE BOULEVARD, 10P",10P,10069.0,1.0,,1.0,,,2006.0,2,R4,303409,2025-07-18,40.775485,-73.99023,107.0,6.0,1087720.0,1011717507.0,15102.0,MN0701,2025,7,True,CONDOS - ELEVATOR APARTMENTS
Manhattan,UPPER WEST SIDE (59-79),17 CONDO COOPS,2,1158,1310,R9,"142 WEST END AVENUE, 29T",,10023.0,,,,,,1964.0,2,R9,699000,2025-07-18,40.776245,-73.987063,107.0,6.0,1070711.0,1011587504.0,15501.0,MN0701,2025,7,True,CONDO COOPS
Manhattan,UPPER WEST SIDE (79-96),13 CONDOS - ELEVATOR APARTMENTS,2,1243,1877,R4,"720 WEST END AVENUE, 9B",9B,10025.0,1.0,,1.0,,,1927.0,2,R4,4000000,2025-07-18,40.794723,-73.973581,107.0,7.0,1033691.0,1012430001.0,183.0,MN0702,2025,7,True,CONDOS - ELEVATOR APARTMENTS
Manhattan,UPPER WEST SIDE (79-96),13 CONDOS - ELEVATOR APARTMENTS,2,1243,1902,R4,"720 WEST END AVENUE, 11G",11G,10025.0,1.0,,1.0,,,1927.0,2,R4,1385000,2025-07-18,40.794723,-73.973581,107.0,7.0,1033691.0,1012430001.0,183.0,MN0702,2025,7,True,CONDOS - ELEVATOR APARTMENTS
Manhattan,UPPER WEST SIDE (96-116),13 CONDOS - ELEVATOR APARTMENTS,2,1874,1105,R4,"218 WEST 103RD STREET, 2D",2D,10025.0,1.0,,1.0,,,2023.0,2,R4,2232000,2025-07-18,40.79891,-73.9681,107.0,7.0,1091027.0,1018747502.0,191.0,MN0703,2025,7,True,CONDOS - ELEVATOR APARTMENTS
Manhattan,UPPER WEST SIDE (96-116),15 CONDOS - 2-10 UNIT RESIDENTIAL,2C,1890,1001,R1,"320 WEST 104 STREET, 1",1,10025.0,1.0,,1.0,,,1890.0,2,R1,1476500,2025-07-18,40.800508,-73.969953,107.0,7.0,1057205.0,1018907501.0,191.0,MN0703,2025,7,True,CONDOS - 2-10 UNIT RESIDENTIAL
Queens,ASTORIA,01 ONE FAMILY DWELLINGS,1,611,104,A9,32-79 31 STREET,,11106.0,1.0,0.0,1.0,2000.0,1881.0,1930.0,1,A9,1175000,2025-07-18,40.761507,-73.925743,401.0,22.0,4008289.0,4006110104.0,59.0,QN0103,2025,7,True,ONE FAMILY DWELLINGS
Queens,BAYSIDE,01 ONE FAMILY DWELLINGS,1,7332,113,S1,214-20 45TH ROAD,,11361.0,1.0,1.0,2.0,2528.0,2223.0,1926.0,1,S1,1360000,2025-07-18,40.759638,-73.768464,411.0,19.0,4157366.0,4073320113.0,1471.0,QN1102,2025,7,True,ONE FAMILY DWELLINGS
Queens,BAYSIDE,01 ONE FAMILY DWELLINGS,1,7404,93,A2,217-38 54 AVENUE,,11364.0,1.0,0.0,1.0,5720.0,1063.0,1950.0,1,A2,1330000,2025-07-18,40.752547,-73.762403,411.0,23.0,4159214.0,4074040093.0,1441.0,QN1102,2025,7,True,ONE FAMILY DWELLINGS
Queens,BAYSIDE,02 TWO FAMILY DWELLINGS,1,6304,21,B1,40-30 217 STREET,,11361.0,2.0,0.0,2.0,2400.0,1912.0,1988.0,1,B1,1300000,2025-07-18,40.764793,-73.765887,411.0,19.0,4314816.0,4063040021.0,1113.0,QN1102,2025,7,True,TWO FAMILY DWELLINGS
Queens,BAYSIDE,04 TAX CLASS 1 CONDOS,1A,5893,2328,R3,"210-19 26TH AVENUE, 2N",2N,11360.0,1.0,,1.0,,,,1,R3,610000,2025-07-18,40.77763,-73.779613,407.0,19.0,4450096.0,4058937502.0,99704.0,QN0703,2025,7,True,TAX CLASS 1 CONDOS
Queens,BRIARWOOD,10 COOPS - ELEVATOR APARTMENTS,2,9666,1,D4,"139-15 83RD AVENUE, 317",,11435.0,,,,,,1958.0,2,D4,220000,2025-07-18,40.712953,-73.819606,408.0,24.0,4453534.0,4096660001.0,22001.0,QN0805,2025,7,True,COOPS - ELEVATOR APARTMENTS
Queens,BRIARWOOD,10 COOPS - ELEVATOR APARTMENTS,2,9718,2,D4,"84-01 MAIN STREET, 422",,11435.0,,,,,,1956.0,2,D4,250000,2025-07-18,40.713309,-73.816828,408.0,24.0,4207908.0,4097180002.0,22002.0,QN0805,2025,7,True,COOPS - ELEVATOR APARTMENTS
Queens,BRIARWOOD,10 COOPS - ELEVATOR APARTMENTS,2,9736,108,D4,"84-55 DANIELS STREET, 5E",,11435.0,,,,,,1952.0,2,D4,199000,2025-07-18,40.712272,-73.814024,408.0,24.0,4457402.0,4097360108.0,232.0,QN0805,2025,7,True,COOPS - ELEVATOR APARTMENTS
Queens,BROAD CHANNEL,01 ONE FAMILY DWELLINGS,1,15318,18,A1,28 WEST 13TH ROAD,,11693.0,1.0,0.0,1.0,2500.0,1862.0,1910.0,1,A1,760000,2025-07-18,40.603837,-73.821305,414.0,32.0,4297038.0,4153180018.0,107201.0,QN1403,2025,7,True,ONE FAMILY DWELLINGS
Queens,ELMHURST,02 TWO FAMILY DWELLINGS,1,2492,146,B3,52-23 74TH STREET,,11373.0,2.0,0.0,2.0,9614.0,1648.0,1950.0,1,B3,949000,2025-07-18,40.733168,-73.888361,405.0,30.0,4058141.0,4024920146.0,499.0,QN0401,2025,7,True,TWO FAMILY DWELLINGS
Queens,ELMHURST,03 THREE FAMILY DWELLINGS,1,1352,11,C0,70-56 45 AVENUE,,11377.0,3.0,0.0,3.0,7420.0,3186.0,2005.0,1,C0,1825000,2025-07-18,40.740331,-73.893812,402.0,26.0,4533811.0,4013520011.0,485.0,QN0401,2025,7,True,THREE FAMILY DWELLINGS
Queens,ELMHURST,13 CONDOS - ELEVATOR APARTMENTS,2,1842,1445,R4,"88-08 JUSTICE AVENUE, 15M",15M,11373.0,1.0,,1.0,,,2017.0,2,R4,628474,2025-07-18,40.736887,-73.875054,404.0,25.0,4596930.0,4018427503.0,473.0,QN0401,2025,7,True,CONDOS - ELEVATOR APARTMENTS
Queens,FLORAL PARK,01 ONE FAMILY DWELLINGS,1,8735,41,A0,81-23 260 STREET,,11004.0,1.0,0.0,1.0,4000.0,1431.0,1950.0,1,A0,905000,2025-07-18,40.742428,-73.710199,413.0,23.0,4178568.0,4087350041.0,157902.0,QN1301,2025,7,True,ONE FAMILY DWELLINGS
Queens,FLUSHING-NORTH,01 ONE FAMILY DWELLINGS,1,4848,29,A2,154-50 25 DRIVE,,11354.0,1.0,0.0,1.0,3800.0,1184.0,1955.0,1,A2,1170000,2025-07-18,40.774595,-73.809171,407.0,19.0,4109677.0,4048480029.0,1059.0,QN0704,2025,7,True,ONE FAMILY DWELLINGS
Queens,FLUSHING-NORTH,01 ONE FAMILY DWELLINGS,1,5654,19,A5,50-09 184 STREET,,11365.0,1.0,0.0,1.0,2650.0,1016.0,1940.0,1,A5,740000,2025-07-18,40.744329,-73.792361,411.0,20.0,4127735.0,4056540019.0,1417.0,QN1101,2025,7,True,ONE FAMILY DWELLINGS
Queens,FLUSHING-NORTH,02 TWO FAMILY DWELLINGS,1,5460,58,A5,46-50 162ND STREET,,11358.0,1.0,0.0,1.0,2500.0,950.0,1930.0,1,B2,2810000,2025-07-18,40.75269,-73.80504,407.0,20.0,4123931.0,4054600058.0,120701.0,QN0705,2025,7,True,TWO FAMILY DWELLINGS
Queens,FLUSHING-NORTH,11 SPECIAL CONDO BILLING LOTS,2,4972,1675,RR,"133-36 37TH AVENUE, 9L",9L,11354.0,1.0,0.0,1.0,85137.0,497.0,2016.0,2,RR,722852,2025-07-18,40.760612,-73.833642,407.0,20.0,4597144.0,4049727505.0,871.0,QN0707,2025,7,True,SPECIAL CONDO BILLING LOTS
Queens,FLUSHING-NORTH,13 CONDOS - ELEVATOR APARTMENTS,2,4952,1257,R4,"136-21 LATIMER PLACE, 6G",6G,11354.0,1.0,,1.0,,,2013.0,2,R4,608000,2025-07-18,40.766664,-73.831067,407.0,20.0,4542641.0,4049527503.0,88902.0,QN0707,2025,7,True,CONDOS - ELEVATOR APARTMENTS
Queens,FLUSHING-NORTH,13 CONDOS - ELEVATOR APARTMENTS,2,5003,1379,R4,"144-49 NORTHERN BOULEVARD, 409",409,11354.0,1.0,,1.0,,,2021.0,2,R4,415263,2025-07-18,40.764722,-73.822978,407.0,20.0,4618435.0,4050037504.0,116301.0,QN0704,2025,7,True,CONDOS - ELEVATOR APARTMENTS
Queens,FLUSHING-NORTH,13 CONDOS - ELEVATOR APARTMENTS,2,5040,1303,R4,"132-35 SANFORD AVENUE, 6R",6R,11355.0,1.0,,1.0,,,1960.0,2,R4,480000,2025-07-18,40.755121,-73.832114,407.0,20.0,4114213.0,4050407502.0,84902.0,QN0707,2025,7,True,CONDOS - ELEVATOR APARTMENTS
Queens,FLUSHING-NORTH,13 CONDOS - ELEVATOR APARTMENTS,2,5066,1523,R4,"40-28 COLLEGE POINT BLVD, 1607",1607,11354.0,1.0,,1.0,,,2008.0,2,R4,910000,2025-07-18,40.757248,-73.833989,407.0,20.0,4539469.0,4050667503.0,871.0,QN0707,2025,7,True,CONDOS - ELEVATOR APARTMENTS
Queens,FLUSHING-SOUTH,01 ONE FAMILY DWELLINGS,1,6620,44,A5,141-35 72 AVENUE,,11367.0,1.0,0.0,1.0,2500.0,1224.0,1940.0,1,A5,999000,2025-07-18,40.726416,-73.822774,408.0,24.0,4143380.0,4066200044.0,77902.0,QN0801,2025,7,True,ONE FAMILY DWELLINGS
Queens,FRESH MEADOWS,02 TWO FAMILY DWELLINGS,1,7213,27,B1,75-66 197 STREET,,11366.0,2.0,0.0,2.0,3000.0,1848.0,1950.0,1,B1,1250000,2025-07-18,40.732107,-73.773492,408.0,23.0,4155324.0,4072130027.0,1333.0,QN0803,2025,7,True,TWO FAMILY DWELLINGS
Queens,GLEN OAKS,10 COOPS - ELEVATOR APARTMENTS,2,8489,1,D4,"270-10 GRAND CENTRAL PARKWAY, 33S",,11005.0,,,,,,1972.0,2,D4,450000,2025-07-18,40.759289,-73.713493,413.0,23.0,4456885.0,4084890001.0,155101.0,QN1301,2025,7,True,COOPS - ELEVATOR APARTMENTS
Queens,GLEN OAKS,10 COOPS - ELEVATOR APARTMENTS,2,8489,1,D4,"271-10 GRAND CENTRAL PKWY., 6L",,11005.0,,,,,,1972.0,2,D4,480000,2025-07-18,40.759289,-73.713493,413.0,23.0,4456886.0,4084890001.0,155101.0,QN1301,2025,7,True,COOPS - ELEVATOR APARTMENTS
Queens,HOLLIS,02 TWO FAMILY DWELLINGS,1,10580,24,B3,89-24 212 STREET,,11427.0,2.0,0.0,2.0,3600.0,1668.0,1935.0,1,B3,860000,2025-07-18,40.72303,-73.752046,413.0,23.0,4225762.0,4105800024.0,548.0,QN1303,2025,7,True,TWO FAMILY DWELLINGS
Queens,HOLLISWOOD,01 ONE FAMILY DWELLINGS,1,10504,105,A2,86-47 SANTIAGO STREET,,11423.0,1.0,0.0,1.0,8823.0,2722.0,1965.0,1,A2,1100000,2025-07-18,40.718953,-73.774471,408.0,23.0,4223792.0,4105040105.0,476.0,QN0804,2025,7,True,ONE FAMILY DWELLINGS
Queens,HOWARD BEACH,13 CONDOS - ELEVATOR APARTMENTS,2,11431,3313,R4,"151-15 84 ST, 3N",3N,11414.0,1.0,,1.0,,,1966.0,2,R4,365000,2025-07-18,40.667618,-73.85065,410.0,32.0,4446930.0,4114317502.0,6201.0,QN1003,2025,7,True,CONDOS - ELEVATOR APARTMENTS
Queens,JACKSON HEIGHTS,10 COOPS - ELEVATOR APARTMENTS,2,1438,1,D4,"33-25 90TH STREET, 4G",,11372.0,,,,,,1957.0,2,D4,265000,2025-07-18,40.755576,-73.87778,403.0,25.0,4431399.0,4014380001.0,27702.0,QN0301,2025,7,True,COOPS - ELEVATOR APARTMENTS
Queens,JACKSON HEIGHTS,12 CONDOS - WALKUP APARTMENTS,2,1010,1049,R2,"22-30 79 STREET, 1C",1C,11370.0,1.0,,1.0,,,,2,R2,404000,2025-07-18,40.768031,-73.89049,401.0,22.0,4449329.0,4010107501.0,317.0,QN0101,2025,7,True,CONDOS - WALKUP APARTMENTS
Queens,JAMAICA HILLS,10 COOPS - ELEVATOR APARTMENTS,2,9859,88,D4,"84-49 168TH ST, 5C",,11432.0,,,,,,1939.0,2,D4,202000,2025-07-18,40.714678,-73.797038,408.0,24.0,4210898.0,4098590088.0,454.0,QN0805,2025,7,True,COOPS - ELEVATOR APARTMENTS
Queens,LONG ISLAND CITY,13 CONDOS - ELEVATOR APARTMENTS,2,52,1228,R4,"11-12 44TH DRIVE, 5A",5A,11101.0,1.0,,1.0,,,2018.0,2,R4,975000,2025-07-18,40.748466,-73.949289,402.0,26.0,4000442.0,4000527503.0,702.0,QN0201,2025,7,True,CONDOS - ELEVATOR APARTMENTS
Queens,LONG ISLAND CITY,13 CONDOS - ELEVATOR APARTMENTS,2,72,1141,R4,"22-18 JACKSON AVE, 817",817,11101.0,1.0,,1.0,,,2017.0,2,R4,2725000,2025-07-18,40.745292,-73.946964,402.0,26.0,4618084.0,4000727501.0,1901.0,QN0201,2025,7,True,CONDOS - ELEVATOR APARTMENTS
Queens,MIDDLE VILLAGE,01 ONE FAMILY DWELLINGS,1,2965,15,A5,62-20 79TH STREET,,11379.0,1.0,0.0,1.0,1800.0,1152.0,1940.0,1,A5,965000,2025-07-18,40.722379,-73.878249,405.0,30.0,4068214.0,4029650015.0,66301.0,QN0504,2025,7,True,ONE FAMILY DWELLINGS
Queens,QUEENS VILLAGE,01 ONE FAMILY DWELLINGS,1,10612,17,A1,93-20 212TH PLACE,,11428.0,1.0,0.0,1.0,3000.0,1296.0,1920.0,1,A1,830000,2025-07-18,40.718529,-73.747034,413.0,23.0,4226416.0,4106120017.0,542.0,QN1303,2025,7,True,ONE FAMILY DWELLINGS
Queens,QUEENS VILLAGE,02 TWO FAMILY DWELLINGS,1,11198,40,B2,219-35 112TH AVE,,11429.0,2.0,0.0,2.0,3960.0,2374.0,2023.0,1,B2,1250000,2025-07-18,40.705533,-73.737702,413.0,27.0,4000000.0,4111980040.0,582.0,QN1303,2025,7,True,TWO FAMILY DWELLINGS
Queens,REGO PARK,01 ONE FAMILY DWELLINGS,1,3075,48,A5,61-25 SAUNDERS STREET,,11374.0,1.0,0.0,1.0,2022.0,1272.0,1915.0,1,A5,950000,2025-07-18,40.731558,-73.868353,406.0,30.0,4071950.0,4030750048.0,687.0,QN0601,2025,7,True,ONE FAMILY DWELLINGS
Queens,REGO PARK,10 COOPS - ELEVATOR APARTMENTS,2,3163,15,D4,"6730 DARTMOUTH ST, 4B",,11375.0,,,,,,1955.0,2,D4,330000,2025-07-18,40.721379,-73.856096,406.0,29.0,4074894.0,4031630015.0,709.0,QN0602,2025,7,True,COOPS - ELEVATOR APARTMENTS
Queens,REGO PARK,10 COOPS - ELEVATOR APARTMENTS,2,3168,56,D4,"99-21 67TH ROAD, 7A",,11375.0,,,,,,1947.0,2,D4,295000,2025-07-18,40.724209,-73.85425,406.0,29.0,4075089.0,4031680056.0,71306.0,QN0602,2025,7,True,COOPS - ELEVATOR APARTMENTS
Queens,RICHMOND HILL,02 TWO FAMILY DWELLINGS,1,9432,48,B3,101-53 114 STREET,,11419.0,2.0,0.0,2.0,1857.0,1556.0,1925.0,1,B3,865000,2025-07-18,40.688409,-73.829974,409.0,29.0,4198976.0,4094320048.0,108.0,QN0903,2025,7,True,TWO FAMILY DWELLINGS
Queens,RIDGEWOOD,02 TWO FAMILY DWELLINGS,1,3406,56,B1,1867 MENAHAN STREET,,11385.0,2.0,0.0,2.0,3200.0,2420.0,1901.0,1,B1,1635000,2025-07-18,40.705906,-73.909297,405.0,34.0,4081413.0,4034060056.0,591.0,QN0502,2025,7,True,TWO FAMILY DWELLINGS
Queens,RIDGEWOOD,15 CONDOS - 2-10 UNIT RESIDENTIAL,2C,3548,1006,R1,"16-24 JEFFERSON AVENUE, 3B",3B,11385.0,1.0,,1.0,,,2024.0,2,R1,1020000,2025-07-18,40.698252,-73.906895,405.0,34.0,4000000.0,4035480023.0,553.0,QN0502,2025,7,True,CONDOS - 2-10 UNIT RESIDENTIAL
Queens,SO. JAMAICA-BAISLEY PARK,01 ONE FAMILY DWELLINGS,1,12082,39,B3,130-31 INWOOD STREET,,11436.0,2.0,0.0,2.0,3673.0,2156.0,1950.0,1,A0,1325000,2025-07-18,40.670192,-73.793381,412.0,28.0,4262450.0,4120820039.0,792.0,QN1203,2025,7,True,ONE FAMILY DWELLINGS
Queens,SO. JAMAICA-BAISLEY PARK,01 ONE FAMILY DWELLINGS,1,12255,27,A2,161-18 122 AVENUE,,11434.0,1.0,0.0,1.0,4000.0,872.0,1925.0,1,A2,565000,2025-07-18,40.678901,-73.781139,412.0,28.0,4265907.0,4122550027.0,28802.0,QN1203,2025,7,True,ONE FAMILY DWELLINGS
Queens,SOUTH OZONE PARK,01 ONE FAMILY DWELLINGS,1,11706,4,A1,114-15 SUTTER AVENUE,,11420.0,1.0,0.0,1.0,2500.0,1392.0,1925.0,1,A1,620000,2025-07-18,40.675061,-73.824619,410.0,28.0,4253262.0,4117060004.0,840.0,QN1001,2025,7,True,ONE FAMILY DWELLINGS
Queens,ST. ALBANS,01 ONE FAMILY DWELLINGS,1,10306,5,A1,175-40 MURDOCK AVENUE,,11433.0,1.0,0.0,1.0,8000.0,2304.0,1965.0,1,A1,942000,2025-07-18,40.693633,-73.774708,412.0,27.0,4219808.0,4103060005.0,424.0,QN1205,2025,7,True,ONE FAMILY DWELLINGS
Queens,WHITESTONE,01 ONE FAMILY DWELLINGS,1,4528,46,A5,151-63 12 AVENUE,,11357.0,1.0,0.0,1.0,1760.0,960.0,1945.0,1,A5,675000,2025-07-18,40.791609,-73.810783,407.0,19.0,4102908.0,4045280046.0,987.0,QN0702,2025,7,True,ONE FAMILY DWELLINGS
Queens,WOODHAVEN,01 ONE FAMILY DWELLINGS,1,8928,25,A1,89-05 89 AVE,,11421.0,1.0,0.0,1.0,2020.0,1156.0,1920.0,1,A1,770000,2025-07-18,40.690268,-73.854486,409.0,32.0,4184118.0,4089280025.0,16.0,QN0905,2025,7,True,ONE FAMILY DWELLINGS
Queens,WOODHAVEN,02 TWO FAMILY DWELLINGS,1,8974,45,B3,89-43 92ND STREET,,11421.0,2.0,0.0,2.0,1320.0,1298.0,1920.0,1,B3,820000,2025-07-18,40.690663,-73.852026,409.0,32.0,4185836.0,4089740045.0,18.0,QN0905,2025,7,True,TWO FAMILY DWELLINGS
Queens,WOODSIDE,10 COOPS - ELEVATOR APARTMENTS,2,128,7,D4,"39-30 52ND STREET, GF",,11377.0,,,,,,1951.0,2,D4,310000,2025-07-18,40.747804,-73.911994,402.0,26.0,4430615.0,4001280007.0,169.0,QN0202,2025,7,True,COOPS - ELEVATOR APARTMENTS
Queens,WOODSIDE,13 CONDOS - ELEVATOR APARTMENTS,2C,1320,1310,R1,"43-30 52ND STREET, 4B",4B,11377.0,1.0,,1.0,,,2024.0,2,R4,615000,2025-07-18,40.743624,-73.912605,402.0,26.0,4620986.0,4013200045.0,25302.0,QN0202,2025,7,True,CONDOS - ELEVATOR APARTMENTS
Queens,WOODSIDE,13 CONDOS - ELEVATOR APARTMENTS,2,1335,1089,R4,"40-22 61ST STREET, 2G",2G,11377.0,1.0,,1.0,,,2022.0,2,R4,743323,2025-07-18,40.744468,-73.903348,402.0,26.0,4620912.0,4013357501.0,249.0,QN0203,2025,7,True,CONDOS - ELEVATOR APARTMENTS
Staten Island,ARDEN HEIGHTS,01 ONE FAMILY DWELLINGS,1,6044,37,A5,74 SPERRY PLACE,,10312.0,1.0,0.0,1.0,1365.0,1319.0,1990.0,1,A5,680000,2025-07-18,40.54595,-74.195224,503.0,51.0,5103163.0,5060440037.0,17014.0,SI0303,2025,7,True,ONE FAMILY DWELLINGS
Staten Island,BULLS HEAD,02 TWO FAMILY DWELLINGS,1,2160,37,B2,441 ARLENE STREET,,10314.0,2.0,0.0,2.0,5406.0,2916.0,1970.0,1,B2,1150000,2025-07-18,40.607238,-74.165598,502.0,50.0,5036654.0,5021600037.0,29105.0,SI0204,2025,7,True,TWO FAMILY DWELLINGS
Staten Island,CONCORD-FOX HILLS,01 ONE FAMILY DWELLINGS,1,2925,534,A5,48 STUDIO LANE,,10304.0,1.0,0.0,1.0,1105.0,910.0,1998.0,1,A5,295074,2025-07-18,40.613885,-74.079294,501.0,49.0,5130023.0,5029250534.0,4002.0,SI0103,2025,7,True,ONE FAMILY DWELLINGS
Staten Island,ELTINGVILLE,02 TWO FAMILY DWELLINGS,1,5668,118,B2,262 SHOTWELL AVENUE,,10312.0,2.0,0.0,2.0,4352.0,2650.0,2000.0,1,B2,1230000,2025-07-18,40.550993,-74.181094,503.0,51.0,5153651.0,5056680118.0,17015.0,SI0303,2025,7,True,TWO FAMILY DWELLINGS
Staten Island,GRYMES HILL,02 TWO FAMILY DWELLINGS,1,622,140,B2,79 WANDEL AVENUE,,10304.0,2.0,0.0,2.0,4504.0,2525.0,2024.0,1,B2,997885,2025-07-18,40.615537,-74.090314,501.0,49.0,5000000.0,5006220140.0,47.0,SI0104,2025,7,True,TWO FAMILY DWELLINGS
Staten Island,MARINERS HARBOR,01 ONE FAMILY DWELLINGS,1,1165,60,A5,134 LAKE AVENUE,,10303.0,1.0,0.0,1.0,2850.0,1000.0,2000.0,1,A5,575000,2025-07-18,40.633309,-74.150999,501.0,49.0,5131776.0,5011650060.0,239.0,SI0107,2025,7,True,ONE FAMILY DWELLINGS
Staten Island,MIDLAND BEACH,01 ONE FAMILY DWELLINGS,1,3709,46,A5,527 NAUGHTON AVENUE,,10305.0,1.0,0.0,1.0,2500.0,1152.0,1980.0,1,A5,700000,2025-07-18,40.580357,-74.087213,502.0,50.0,5053826.0,5037090046.0,11201.0,SI0202,2025,7,True,ONE FAMILY DWELLINGS
Staten Island,NEW BRIGHTON,02 TWO FAMILY DWELLINGS,1,51,205,B3,106 WESTERVELT AVENUE,,10301.0,2.0,0.0,2.0,6150.0,2075.0,1925.0,1,B3,550000,2025-07-18,40.645201,-74.085493,501.0,49.0,5001191.0,5000510205.0,7.0,SI0101,2025,7,True,TWO FAMILY DWELLINGS
Staten Island,NEW SPRINGVILLE,02 TWO FAMILY DWELLINGS,1,2373,212,B9,315 TRAVIS AVENUE,,10314.0,2.0,0.0,2.0,2593.0,1600.0,1980.0,1,B9,777000,2025-07-18,40.587702,-74.152808,502.0,51.0,5037958.0,5023730212.0,27704.0,SI0204,2025,7,True,TWO FAMILY DWELLINGS
Staten Island,ROSSVILLE,01 ONE FAMILY DWELLINGS,1,6106,198,A1,41 COVINGTON CIRCLE,,10312.0,1.0,0.0,1.0,4171.0,2600.0,2000.0,1,A1,1075000,2025-07-18,40.546226,-74.203472,503.0,51.0,5150316.0,5061060198.0,20806.0,SI0303,2025,7,True,ONE FAMILY DWELLINGS
Staten Island,TOTTENVILLE,01 ONE FAMILY DWELLINGS,1,7863,104,A5,36 WINDING WOODS LOOP,,10307.0,1.0,0.0,1.0,1150.0,1100.0,1999.0,1,A5,555000,2025-07-18,40.502756,-74.237946,503.0,51.0,5129961.0,5078630104.0,24402.0,SI0305,2025,7,True,ONE FAMILY DWELLINGS
Staten Island,WOODROW,01 ONE FAMILY DWELLINGS,1,7106,211,A5,157 LORRAINE LOOP,,10309.0,1.0,0.0,1.0,1328.0,1570.0,1990.0,1,A5,630000,2025-07-18,40.54485,-74.220145,503.0,51.0,5115901.0,5071060211.0,22601.0,SI0304,2025,7,True,ONE FAMILY DWELLINGS
Staten Island,WOODROW,02 TWO FAMILY DWELLINGS,1,7011,25,B2,75 MARVIN ROAD,,10309.0,2.0,0.0,2.0,5124.0,2312.0,1980.0,1,B2,1100000,2025-07-18,40.535419,-74.217549,503.0,51.0,5085556.0,5070110025.0,20803.0,SI0304,2025,7,True,TWO FAMILY DWELLINGS
Queens,BAYSIDE,10 COOPS - ELEVATOR APARTMENTS,2,5878,50,D4,"18-55 CORPORAL KENNEDY STREET, 2H",,11360.0,,,,,,1961.0,2,D4,375000,2025-07-19,40.780347,-73.783839,407.0,19.0,4443739.0,4058780050.0,99704.0,QN0703,2025,7,True,COOPS - ELEVATOR APARTMENTS
Manhattan,CHELSEA,17 CONDO COOPS,2,792,1302,R9,"161 WEST 16TH STREET, 18E",,10011.0,,,,,,1930.0,2,R9,779000,2025-07-21,40.739384,-73.997514,104.0,3.0,1014572.0,1007927504.0,81.0,MN0401,2025,7,True,CONDO COOPS
Bronx,BELMONT,02 TWO FAMILY DWELLINGS,1,3105,55,B1,2413 CROTONA AVENUE,,10458.0,2.0,0.0,2.0,2000.0,2310.0,1910.0,1,B1,990000,2025-07-21,40.85448,-73.883353,206.0,15.0,2012925.0,2031050055.0,389.0,BX0603,2025,7,True,TWO FAMILY DWELLINGS
Bronx,CITY ISLAND,01 ONE FAMILY DWELLINGS,1,5636,7,A1,616 CITY ISLAND AVENUE,,10464.0,1.0,0.0,1.0,5100.0,1744.0,1910.0,1,A1,415000,2025-07-21,40.854816,-73.79104,210.0,13.0,2082380.0,2056360007.0,51601.0,BX1003,2025,7,True,ONE FAMILY DWELLINGS
Bronx,MELROSE/CONCOURSE,30 WAREHOUSES,4,2409,90,E1,945 COURTLANDT AVENUE,,10451.0,0.0,1.0,1.0,6800.0,6800.0,1931.0,4,E1,3100000,2025-07-21,40.825775,-73.913878,203.0,16.0,2001815.0,2024090090.0,143.0,BX0401,2025,7,True,WAREHOUSES
Bronx,MORRISANIA/LONGWOOD,02 TWO FAMILY DWELLINGS,1,2684,106,B2,604 PROSPECT AVENUE,,10455.0,2.0,0.0,2.0,2800.0,2340.0,1990.0,1,B2,773000,2025-07-21,40.813973,-73.90385,202.0,17.0,2089908.0,2026840106.0,83.0,BX0202,2025,7,True,TWO FAMILY DWELLINGS
Bronx,MORRISANIA/LONGWOOD,07 RENTALS - WALKUP APARTMENTS,2A,2636,31,C3,763 JACKSON AVENUE,,10456.0,4.0,0.0,4.0,1608.0,4113.0,1910.0,2,C3,930000,2025-07-21,40.818968,-73.906751,201.0,17.0,2004530.0,2026360031.0,75.0,BX0102,2025,7,True,RENTALS - WALKUP APARTMENTS
Bronx,PARKCHESTER,13 CONDOS - ELEVATOR APARTMENTS,2,3938,2854,R4,"1545 UNIONPORT ROAD, 6E",6E,10462.0,1.0,,1.0,,,,2,R4,235000,2025-07-21,40.836849,-73.85731,209.0,18.0,2096652.0,2039387501.0,212.0,BX0904,2025,7,True,CONDOS - ELEVATOR APARTMENTS
Bronx,PELHAM PARKWAY SOUTH,10 COOPS - ELEVATOR APARTMENTS,2,4291,14,D4,"2104 HOLLAND AVENUE, 5D",,10462.0,,,,,,1952.0,2,D4,125000,2025-07-21,40.853418,-73.865776,211.0,13.0,2048822.0,2042910014.0,22404.0,BX1101,2025,7,True,COOPS - ELEVATOR APARTMENTS
Bronx,RIVERDALE,10 COOPS - ELEVATOR APARTMENTS,2,5716,500,D4,"2500 JOHNSON AVENUE, 8L",,10463.0,,,,,,1967.0,2,D4,660000,2025-07-21,40.877162,-73.917861,208.0,11.0,2083245.0,2057160500.0,29302.0,BX0803,2025,7,True,COOPS - ELEVATOR APARTMENTS
Bronx,RIVERDALE,10 COOPS - ELEVATOR APARTMENTS,2,5919,436,D4,"3777 INDEPENDENCE AVENUE, 16C",,10463.0,,,,,,1963.0,2,D4,816500,2025-07-21,40.8889,-73.913036,208.0,11.0,2085871.0,2059190436.0,309.0,BX0803,2025,7,True,COOPS - ELEVATOR APARTMENTS
Bronx,WILLIAMSBRIDGE,01 ONE FAMILY DWELLINGS,1,4877,26,A5,1029 EAST 230TH STREET,,10466.0,1.0,0.0,1.0,2358.0,918.0,1935.0,1,A5,795000,2025-07-21,40.888315,-73.849008,212.0,12.0,2065224.0,2048770026.0,424.0,BX1203,2025,7,True,ONE FAMILY DWELLINGS
Brooklyn,BATH BEACH,01 ONE FAMILY DWELLINGS,1,6460,65,A5,298 BAY 10 STREET,,11228.0,1.0,0.0,1.0,1933.0,1152.0,1920.0,1,A5,1050000,2025-07-21,40.60518,-74.014798,311.0,50.0,3169152.0,3064600065.0,168.0,BK1102,2025,7,True,ONE FAMILY DWELLINGS
Brooklyn,BATH BEACH,04 TAX CLASS 1 CONDOS,1A,6402,1305,R3,"8754 18 AVENUE, 3F",3F,11214.0,1.0,,1.0,,,,1,R3,713000,2025-07-21,40.604308,-74.005748,311.0,38.0,3392217.0,3064027503.0,178.0,BK1102,2025,7,True,TAX CLASS 1 CONDOS
Brooklyn,BAY RIDGE,01 ONE FAMILY DWELLINGS,1,5958,17,A9,126 77 STREET,,11209.0,1.0,0.0,1.0,2296.0,1376.0,1925.0,1,A9,1499000,2025-07-21,40.631076,-74.032846,310.0,47.0,3149696.0,3059580017.0,44.0,BK1001,2025,7,True,ONE FAMILY DWELLINGS
Brooklyn,BAY RIDGE,10 COOPS - ELEVATOR APARTMENTS,2,6122,1,D4,"302 96TH STREET, 2A",,11209.0,,,,,,1951.0,2,D4,350000,2025-07-21,40.616312,-74.033516,310.0,47.0,3155738.0,3061220001.0,5601.0,BK1001,2025,7,True,COOPS - ELEVATOR APARTMENTS
Brooklyn,BEDFORD STUYVESANT,15 CONDOS - 2-10 UNIT RESIDENTIAL,2C,1824,1104,R1,"358 TOMPKINS AVENUE, 4",4,11216.0,1.0,,1.0,,,1915.0,2,R1,1322707,2025-07-21,40.6852,-73.944293,303.0,36.0,3051679.0,3018240040.0,267.0,BK0301,2025,7,True,CONDOS - 2-10 UNIT RESIDENTIAL
Brooklyn,BENSONHURST,02 TWO FAMILY DWELLINGS,1,6226,21,B1,1738 BAY RIDGE PARKWAY,,11204.0,2.0,0.0,2.0,2500.0,2480.0,1920.0,1,B1,1315800,2025-07-21,40.614195,-73.997335,311.0,43.0,3160226.0,3062260021.0,264.0,BK1101,2025,7,True,TWO FAMILY DWELLINGS
Brooklyn,BOROUGH PARK,03 THREE FAMILY DWELLINGS,1,5506,56,C0,1961 59 STREET,,11204.0,3.0,0.0,3.0,2003.0,2008.0,1930.0,1,C0,1800000,2025-07-21,40.620529,-73.983203,312.0,44.0,3131541.0,3055060056.0,468.0,BK1204,2025,7,True,THREE FAMILY DWELLINGS
Brooklyn,BOROUGH PARK,12 CONDOS - WALKUP APARTMENTS,2,5686,1408,R2,"864 56TH STREET, 3C",3C,11220.0,1.0,,1.0,,,2018.0,2,R2,570000,2025-07-21,40.636941,-74.005877,312.0,43.0,3139869.0,3056867505.0,10402.0,BK1201,2025,7,True,CONDOS - WALKUP APARTMENTS
Brooklyn,BOROUGH PARK,13 CONDOS - ELEVATOR APARTMENTS,2,769,1113,R4,"4711 8 AVENUE, 5A",5A,11220.0,1.0,,1.0,,,,2,R4,575000,2025-07-21,40.642669,-74.002083,312.0,38.0,3012467.0,3007697502.0,9402.0,BK1201,2025,7,True,CONDOS - ELEVATOR APARTMENTS
Brooklyn,BOROUGH PARK,13 CONDOS - ELEVATOR APARTMENTS,2,6557,1117,R4,"6214 24 AVENUE, 5A",5A,11204.0,1.0,,1.0,,,,2,R4,680000,2025-07-21,40.612751,-73.975364,311.0,44.0,3392238.0,3065577502.0,436.0,BK1101,2025,7,True,CONDOS - ELEVATOR APARTMENTS
Brooklyn,BROOKLYN HEIGHTS,07 RENTALS - WALKUP APARTMENTS,2,264,13,C1,138 JORALEMON STREET,,11201.0,12.0,0.0,12.0,2500.0,6250.0,1900.0,2,C1,4700000,2025-07-21,40.692931,-73.993722,302.0,33.0,3002536.0,3002640013.0,7.0,BK0201,2025,7,True,RENTALS - WALKUP APARTMENTS
Brooklyn,BROWNSVILLE,07 RENTALS - WALKUP APARTMENTS,2A,3868,23,C4,889 MOTHER GASTON BLVD,,11212.0,4.0,0.0,4.0,2800.0,3280.0,1930.0,2,C4,1165000,2025-07-21,40.656476,-73.903464,316.0,42.0,3086003.0,3038680023.0,922.0,BK1602,2025,7,True,RENTALS - WALKUP APARTMENTS
Brooklyn,BUSHWICK,15 CONDOS - 2-10 UNIT RESIDENTIAL,2C,3155,1105,R1,"1048 FLUSHING AVENUE, 3L",3L,11237.0,1.0,,1.0,,,2022.0,2,R1,905000,2025-07-21,40.70446,-73.929374,304.0,34.0,3251847.0,3031550025.0,427.0,BK0401,2025,7,True,CONDOS - 2-10 UNIT RESIDENTIAL
Brooklyn,BUSHWICK,29 COMMERCIAL GARAGES,4,3183,71,Z9,20 CHARLES PLACE,,11211.0,0.0,1.0,1.0,12590.0,0.0,,4,G7,6000000,2025-07-21,40.697929,-73.931732,304.0,34.0,3000000.0,3031830066.0,391.0,BK0401,2025,7,True,COMMERCIAL GARAGES
Brooklyn,BUSHWICK,41 TAX CLASS 4 - OTHER,4,3183,7,Z9,661 BUSHWICK AVENUE,,11221.0,0.0,1.0,1.0,2590.0,1100.0,,4,Z9,6000000,2025-07-21,40.697603,-73.932771,304.0,34.0,3421993.0,3031830007.0,391.0,BK0401,2025,7,True,TAX CLASS 4 - OTHER
Brooklyn,CANARSIE,02 TWO FAMILY DWELLINGS,1,8071,16,B9,38 PAERDEGAT 12TH STREET,,11236.0,2.0,0.0,2.0,2150.0,2992.0,1965.0,1,B9,496560,2025-07-21,40.628658,-73.903454,318.0,46.0,3227118.0,3080710016.0,998.0,BK1803,2025,7,True,TWO FAMILY DWELLINGS
Brooklyn,CLINTON HILL,07 RENTALS - WALKUP APARTMENTS,2A,1981,53,C3,416 GRAND AVENUE,,11238.0,4.0,0.0,4.0,2000.0,2800.0,1900.0,2,C3,3700000,2025-07-21,40.683933,-73.961929,302.0,35.0,3056786.0,3019810053.0,201.0,BK0204,2025,7,True,RENTALS - WALKUP APARTMENTS
Brooklyn,CYPRESS HILLS,02 TWO FAMILY DWELLINGS,1,4109,58,B2,86 NICHOLS AVENUE,,11208.0,2.0,0.0,2.0,1800.0,1720.0,1901.0,1,B2,610000,2025-07-21,40.688848,-73.869695,305.0,37.0,3091212.0,3041090058.0,118202.0,BK0501,2025,7,True,TWO FAMILY DWELLINGS
Brooklyn,DOWNTOWN-METROTECH,10 COOPS - ELEVATOR APARTMENTS,2,86,11,D4,"225 ADAMS STREET, 7A",,11201.0,,,,,,1950.0,2,D4,300000,2025-07-21,40.697007,-73.988705,302.0,33.0,3325912.0,3000860011.0,13.0,BK0202,2025,7,True,COOPS - ELEVATOR APARTMENTS
Brooklyn,EAST NEW YORK,01 ONE FAMILY DWELLINGS,1,4058,82,A5,481 VAN SICLEN AVE,,11207.0,1.0,0.0,1.0,1800.0,1116.0,1989.0,1,A5,361000,2025-07-21,40.667873,-73.889072,305.0,42.0,3320554.0,3040580082.0,1160.0,BK0502,2025,7,True,ONE FAMILY DWELLINGS
Manhattan,CHELSEA,17 CONDO COOPS,2,721,1008,R9,"465 WEST 23 STREET, RCU1",,10011.0,,,,,,1932.0,2,R9,550000,2025-07-21,40.747226,-74.003046,104.0,3.0,1067979.0,1007217501.0,93.0,MN0401,2025,7,True,CONDO COOPS
Brooklyn,FLATBUSH-CENTRAL,09 COOPS - WALKUP APARTMENTS,2,5072,53,C6,"25 STRATFORD ROAD, A1",,11218.0,,,,,,1931.0,2,C6,675000,2025-07-21,40.648182,-73.969524,314.0,40.0,3116386.0,3050720053.0,506.0,BK1402,2025,7,True,COOPS - WALKUP APARTMENTS
Brooklyn,FLATBUSH-CENTRAL,13 CONDOS - ELEVATOR APARTMENTS,2,5054,1013,R4,"353 OCEAN AVENUE, 6B",6B,11226.0,1.0,,1.0,,,1930.0,2,R4,775000,2025-07-21,40.65429,-73.961783,314.0,40.0,3115923.0,3050547501.0,50803.0,BK1401,2025,7,True,CONDOS - ELEVATOR APARTMENTS
Brooklyn,FLATBUSH-EAST,01 ONE FAMILY DWELLINGS,1,4995,13,A1,571 EAST 31ST STREET,,11210.0,1.0,0.0,1.0,2000.0,1260.0,1915.0,1,A1,510000,2025-07-21,40.636953,-73.947082,317.0,45.0,3113800.0,3049950013.0,78802.0,BK1702,2025,7,True,ONE FAMILY DWELLINGS
Brooklyn,FLATBUSH-EAST,02 TWO FAMILY DWELLINGS,1,4934,38,B2,3411 CLARENDON ROAD,,11203.0,2.0,0.0,2.0,5000.0,2180.0,1930.0,1,B2,23100,2025-07-21,40.643507,-73.944695,317.0,45.0,3110876.0,3049340038.0,854.0,BK1702,2025,7,True,TWO FAMILY DWELLINGS
Brooklyn,FLATLANDS,01 ONE FAMILY DWELLINGS,1,7828,16,A5,1499 E 48 STREET,,11234.0,1.0,0.0,1.0,2000.0,1316.0,1935.0,1,A5,830000,2025-07-21,40.624139,-73.929376,318.0,45.0,3217641.0,3078280016.0,676.0,BK1801,2025,7,True,ONE FAMILY DWELLINGS
Brooklyn,GOWANUS,13 CONDOS - ELEVATOR APARTMENTS,2,992,1063,R4,"251 7 STREET, 5F",5F,11215.0,1.0,,1.0,,,2008.0,2,R4,1400000,2025-07-21,40.671923,-73.98845,306.0,39.0,3021564.0,3009927501.0,11901.0,BK0601,2025,7,True,CONDOS - ELEVATOR APARTMENTS
